------------------------------------
Mon 22 Jun 2026 20:24:38 IDT
SLURM_JOBID:		18327312
SLURM_JOB_NODELIST:	cs-6000-01
SLURM_SCRATCH_DIR:	/scratch/ahmedmas/18327312
Allocated Resouces:	cpu - 8 / mem -  MB / gpu - 1
SLURM_GPU_INDEX:	1
Running as ahmedmas from jelsana account with jelsana QOS
------------------------------------
wandb: Currently logged in as: ahmedmas (ahmedmas-ben-gurion-university-of-the-negev). Use `wandb login --relogin` to force relogin
wandb: Using wandb-core as the SDK backend.  Please refer to https://wandb.me/wandb-core for more information.
wandb: Tracking run with wandb version 0.19.2
wandb: Run data is saved locally in /home/ahmedmas/BGU-Lab/AlignmentProject_clone/wandb/run-20260622_202445-uqvqh8r0
wandb: Run `wandb offline` to turn off syncing.
wandb: Syncing run d3tw_charpool_w16_nooverlap
wandb: ⭐️ View project at https://wandb.ai/ahmedmas-ben-gurion-university-of-the-negev/AlignmentProject
wandb: 🚀 View run at https://wandb.ai/ahmedmas-ben-gurion-university-of-the-negev/AlignmentProject/runs/uqvqh8r0
Using window_size=16, stride=16, window_overlap_mode=no_overlap
Loading dataset from: DataSet/Synthetic_Arabic_100000
[TEXT EMBED] type=orthogonal_char  out_dim=128  (frozen)
[EmbeddingModel] Using BiLSTM encoder (layers=2, hidden_dim=128)
[CHAR POOL] char bank size=37 first 20 chars=[' ', 'ء', 'آ', 'أ', 'ؤ', 'إ', 'ئ', 'ا', 'ب', 'ة', 'ت', 'ث', 'ج', 'ح', 'خ', 'د', 'ذ', 'ر', 'ز', 'س'] embedding dim=128 method=hard_mean saved=/home/ahmedmas/BGU-Lab/AlignmentProject_clone/Weights/d3tw_charpool_w16_nooverlap/char_bank.json

=== Architecture: Image Encoder (ResNet34 + bilstm) ===
[OPT 1] job_id: d3tw_charpool_w16_nooverlap
[OPT 2] Sequence Encoder: bilstm
[OPT 2a] BiLSTM layers=2 hidden_dim=128
[OPT 3] Sliding Window: window_overlap_mode=no_overlap window_size=16 stride=16 stride_ratio=0.5
[OPT 4] In-Batch Negatives: num_negatives=10
[OPT 5] alignment_loss_type=d3tw_char_pool
[OPT 7] D3TW: weight=1.0
[OPT 7a] Cross-Attention: enabled=False type=text_to_image weight=0.0
[OPT 7b] Character Pool: weight=0.5 tau=0.07 warmup=5 ramp=10 method=hard_mean detach_alignment=True skip_spaces=False min_windows=1
[SPEED] AMP=True (dtype=torch.float16)  Profiling=False
[RUN]   lr=0.0001  epochs=50
[FINETUNE] Dataset override: DataSet/Synthetic_Arabic_100000
================================================

Epoch 1 - Soft-DTW gamma: 0.100000
[FlipCheck] Saved debug_flip/patch0_after_flip.png  ← should show the FIRST Arabic character (rightmost in image)
[FlipCheck] Saved debug_flip/patchLast_after_flip.png ← should show the LAST Arabic character (leftmost in image)
[FlipCheck] Saved debug_flip/full_image_ref.png        ← original image for comparison
[FlipCheck] tokens_a shape after flip: torch.Size([32, 64, 3, 128, 16])  (B, num_patches, C, H, W)
[SANITY] sim_pos_list[0].shape = torch.Size([65, 128])  (expected [65, 128])
[DTW] raw: pos=481.4  neg=476.1  |  prob: pos_wins=0.088 (goal→1.0)  |  gap=0.041  loss=10.0412
[CHAR POOL GROUPS] Transcript:  التاريخ يعلمنا دروسا قيمة ومهمة قبل الظهر مباشرة فوق كل شيء آخر 
char[0]=' ' windows=[0]
char[1]='ا' windows=[1, 2, 3, 4]
char[2]='ل' windows=[5, 6]
char[3]='ت' windows=[7]
char[4]='ا' windows=[8, 9, 10]
char[5]='ر' windows=[11]
char[6]='ي' windows=[12]
char[7]='خ' windows=[13, 14, 15, 16, 17, 18, 19]
char[8]=' ' windows=[20, 21]
char[9]='ي' windows=[22]
char[10]='ع' windows=[23, 24]
char[11]='ل' windows=[25, 26, 27, 28, 29, 30, 31]
char[12]='م' windows=[32, 33, 34, 35, 36, 37, 38]
char[13]='ن' windows=[39]
char[14]='ا' windows=[40]
char[15]=' ' windows=[41]
char[16]='د' windows=[42]
char[17]='ر' windows=[43]
char[18]='و' windows=[44, 45, 46, 47, 48, 49]
char[19]='س' windows=[50, 51, 52, 53, 54]
char[20]='ا' windows=[55]
char[21]=' ' windows=[56]
char[22]='ق' windows=[57]
char[23]='ي' windows=[58]
char[24]='م' windows=[59, 60, 61, 62]
char[25]='ة' windows=[63, 64]
char[26]=' ' windows=[65]
char[27]='و' windows=[66, 67]
char[28]='م' windows=[68]
char[29]='ه' windows=[69]
char[30]='م' windows=[70, 71, 72, 73]
char[31]='ة' windows=[74]
char[32]=' ' windows=[75]
char[33]='ق' windows=[76]
char[34]='ب' windows=[77, 78, 79]
char[35]='ل' windows=[80, 81]
char[36]=' ' windows=[82]
char[37]='ا' windows=[83]
char[38]='ل' windows=[84]
char[39]='ظ' windows=[85]
char[40]='ه' windows=[86]
char[41]='ر' windows=[87]
char[42]=' ' windows=[88]
char[43]='م' windows=[89, 90]
char[44]='ب' windows=[91]
char[45]='ا' windows=[92, 93]
char[46]='ش' windows=[94]
char[47]='ر' windows=[95]
char[48]='ة' windows=[96, 97, 98, 99, 100, 101, 102, 103, 104, 105, 106, 107]
char[49]=' ' windows=[108]
char[50]='ف' windows=[109]
char[51]='و' windows=[110]
char[52]='ق' windows=[111]
char[53]=' ' windows=[112]
char[54]='ك' windows=[113]
char[55]='ل' windows=[114, 115]
char[56]=' ' windows=[116]
char[57]='ش' windows=[117, 118]
char[58]='ي' windows=[119]
char[59]='ء' windows=[120]
char[60]=' ' windows=[121]
char[61]='آ' windows=[122]
char[62]='خ' windows=[123, 124, 125]
char[63]='ر' windows=[126]
char[64]=' ' windows=[127]
[LOSS] alignment_loss_type=d3tw_char_pool  d3tw_loss=10.0412  d3tw_cost_pos=481.3785  d3tw_cost_neg=476.1058  total_loss=10.0412  char_pool_loss=3.5642  effective_char_pool_weight=0.0000  char_pool_acc_top1=0.0942  char_pool_acc_top5=0.3202  char_pool_valid_chars=2080  char_pool_num_chars=2080  window_size=16  stride=16  window_overlap_mode=no_overlap  num_windows=64  sequence_length=128
Epoch 1, Batch 1, Loss: 10.0412
Epoch 1, Batch 2, Loss: 9.9862
Epoch 1, Batch 3, Loss: 9.8893
Epoch 1, Batch 4, Loss: 9.7237
Epoch 1, Batch 5, Loss: 9.5292
Epoch 1, Batch 6, Loss: 9.2740
Epoch 1, Batch 7, Loss: 9.0712
Epoch 1, Batch 8, Loss: 8.8346
Epoch 1, Batch 9, Loss: 8.4270
Epoch 1, Batch 10, Loss: 8.2640
[DTW] raw: pos=342.8  neg=598.5  |  prob: pos_wins=0.418 (goal→1.0)  |  gap=-1.997  loss=8.0028
[LOSS] alignment_loss_type=d3tw_char_pool  d3tw_loss=8.0028  d3tw_cost_pos=342.8436  d3tw_cost_neg=598.4853  total_loss=8.0028  char_pool_loss=1.4784  effective_char_pool_weight=0.0000  char_pool_acc_top1=0.6284  char_pool_acc_top5=0.8192  char_pool_valid_chars=2080  char_pool_num_chars=2080  window_size=16  stride=16  window_overlap_mode=no_overlap  num_windows=64  sequence_length=128
Epoch 1, Batch 11, Loss: 8.0028
Epoch 1, Batch 12, Loss: 7.7678
Epoch 1, Batch 13, Loss: 7.5607
Epoch 1, Batch 14, Loss: 7.2468
Epoch 1, Batch 15, Loss: 7.1222
Epoch 1, Batch 16, Loss: 6.9116
Epoch 1, Batch 17, Loss: 6.7309
Epoch 1, Batch 18, Loss: 6.3822
Epoch 1, Batch 19, Loss: 6.3466
Epoch 1, Batch 20, Loss: 6.1719
[DTW] raw: pos=289.4  neg=806.6  |  prob: pos_wins=0.833 (goal→1.0)  |  gap=-4.040  loss=5.9596
[LOSS] alignment_loss_type=d3tw_char_pool  d3tw_loss=5.9596  d3tw_cost_pos=289.4150  d3tw_cost_neg=806.5784  total_loss=5.9596  char_pool_loss=1.0410  effective_char_pool_weight=0.0000  char_pool_acc_top1=0.7803  char_pool_acc_top5=0.9192  char_pool_valid_chars=2080  char_pool_num_chars=2080  window_size=16  stride=16  window_overlap_mode=no_overlap  num_windows=64  sequence_length=128
Epoch 1, Batch 21, Loss: 5.9596
Epoch 1, Batch 22, Loss: 5.8622
Epoch 1, Batch 23, Loss: 5.5681
Epoch 1, Batch 24, Loss: 5.5376
Epoch 1, Batch 25, Loss: 5.4461
Epoch 1, Batch 26, Loss: 5.2004
Epoch 1, Batch 27, Loss: 5.0817
Epoch 1, Batch 28, Loss: 5.0642
Epoch 1, Batch 29, Loss: 4.8471
Epoch 1, Batch 30, Loss: 4.8246
[DTW] raw: pos=260.7  neg=937.0  |  prob: pos_wins=0.942 (goal→1.0)  |  gap=-5.283  loss=4.7167
[LOSS] alignment_loss_type=d3tw_char_pool  d3tw_loss=4.7167  d3tw_cost_pos=260.7440  d3tw_cost_neg=937.0056  total_loss=4.7167  char_pool_loss=0.9067  effective_char_pool_weight=0.0000  char_pool_acc_top1=0.8481  char_pool_acc_top5=0.9577  char_pool_valid_chars=2080  char_pool_num_chars=2080  window_size=16  stride=16  window_overlap_mode=no_overlap  num_windows=64  sequence_length=128
Epoch 1, Batch 31, Loss: 4.7167
Epoch 1, Batch 32, Loss: 4.7130
Epoch 1, Batch 33, Loss: 4.5055
Epoch 1, Batch 34, Loss: 4.4648
Epoch 1, Batch 35, Loss: 4.4674
Epoch 1, Batch 36, Loss: 4.3812
Epoch 1, Batch 37, Loss: 4.2504
Epoch 1, Batch 38, Loss: 4.2198
Epoch 1, Batch 39, Loss: 4.1734
Epoch 1, Batch 40, Loss: 4.1815
[DTW] raw: pos=253.2  neg=1007.7  |  prob: pos_wins=0.965 (goal→1.0)  |  gap=-5.894  loss=4.1055
[LOSS] alignment_loss_type=d3tw_char_pool  d3tw_loss=4.1055  d3tw_cost_pos=253.2317  d3tw_cost_neg=1007.7266  total_loss=4.1055  char_pool_loss=0.8588  effective_char_pool_weight=0.0000  char_pool_acc_top1=0.8837  char_pool_acc_top5=0.9601  char_pool_valid_chars=2080  char_pool_num_chars=2080  window_size=16  stride=16  window_overlap_mode=no_overlap  num_windows=64  sequence_length=128
Epoch 1, Batch 41, Loss: 4.1055
Epoch 1, Batch 42, Loss: 3.9179
Epoch 1, Batch 43, Loss: 3.9708
Epoch 1, Batch 44, Loss: 3.9456
Epoch 1, Batch 45, Loss: 3.7484
Epoch 1, Batch 46, Loss: 3.9394
Epoch 1, Batch 47, Loss: 4.0015
Epoch 1, Batch 48, Loss: 3.8214
Epoch 1, Batch 49, Loss: 3.8187
Epoch 1, Batch 50, Loss: 3.8053
[DTW] raw: pos=236.0  neg=1041.0  |  prob: pos_wins=0.973 (goal→1.0)  |  gap=-6.289  loss=3.7107
[LOSS] alignment_loss_type=d3tw_char_pool  d3tw_loss=3.7107  d3tw_cost_pos=235.9647  d3tw_cost_neg=1040.9900  total_loss=3.7107  char_pool_loss=0.7329  effective_char_pool_weight=0.0000  char_pool_acc_top1=0.9014  char_pool_acc_top5=0.9697  char_pool_valid_chars=2080  char_pool_num_chars=2080  window_size=16  stride=16  window_overlap_mode=no_overlap  num_windows=64  sequence_length=128
Epoch 1, Batch 51, Loss: 3.7107
Epoch 1, Batch 52, Loss: 3.6872
Epoch 1, Batch 53, Loss: 3.8290
Epoch 1, Batch 54, Loss: 3.6375
Epoch 1, Batch 55, Loss: 3.5885
Epoch 1, Batch 56, Loss: 3.5758
Epoch 1, Batch 57, Loss: 3.5947
Epoch 1, Batch 58, Loss: 3.5851
Epoch 1, Batch 59, Loss: 3.5137
Epoch 1, Batch 60, Loss: 3.5054
[DTW] raw: pos=229.7  neg=1055.5  |  prob: pos_wins=0.977 (goal→1.0)  |  gap=-6.452  loss=3.5482
[LOSS] alignment_loss_type=d3tw_char_pool  d3tw_loss=3.5482  d3tw_cost_pos=229.6884  d3tw_cost_neg=1055.5162  total_loss=3.5482  char_pool_loss=0.6594  effective_char_pool_weight=0.0000  char_pool_acc_top1=0.9096  char_pool_acc_top5=0.9784  char_pool_valid_chars=2080  char_pool_num_chars=2080  window_size=16  stride=16  window_overlap_mode=no_overlap  num_windows=64  sequence_length=128
Epoch 1, Batch 61, Loss: 3.5482
Epoch 1, Batch 62, Loss: 3.5355
Epoch 1, Batch 63, Loss: 3.4265
Epoch 1, Batch 64, Loss: 3.4768
Epoch 1, Batch 65, Loss: 3.5102
Epoch 1, Batch 66, Loss: 3.4252
Epoch 1, Batch 67, Loss: 3.4114
Epoch 1, Batch 68, Loss: 3.5028
Epoch 1, Batch 69, Loss: 3.3772
Epoch 1, Batch 70, Loss: 3.4306
[DTW] raw: pos=220.8  neg=1067.6  |  prob: pos_wins=0.982 (goal→1.0)  |  gap=-6.616  loss=3.3842
[LOSS] alignment_loss_type=d3tw_char_pool  d3tw_loss=3.3842  d3tw_cost_pos=220.8127  d3tw_cost_neg=1067.6223  total_loss=3.3842  char_pool_loss=0.5673  effective_char_pool_weight=0.0000  char_pool_acc_top1=0.9260  char_pool_acc_top5=0.9808  char_pool_valid_chars=2080  char_pool_num_chars=2080  window_size=16  stride=16  window_overlap_mode=no_overlap  num_windows=64  sequence_length=128
Epoch 1, Batch 71, Loss: 3.3842
Epoch 1, Batch 72, Loss: 3.3617
Epoch 1, Batch 73, Loss: 3.2510
Epoch 1, Batch 74, Loss: 3.1634
Epoch 1, Batch 75, Loss: 3.3374
Epoch 1, Batch 76, Loss: 3.2757
Epoch 1, Batch 77, Loss: 3.3518
Epoch 1, Batch 78, Loss: 3.2674
Epoch 1, Batch 79, Loss: 3.3148
Epoch 1, Batch 80, Loss: 3.2799
[DTW] raw: pos=216.3  neg=1097.0  |  prob: pos_wins=0.985 (goal→1.0)  |  gap=-6.880  loss=3.1196
[LOSS] alignment_loss_type=d3tw_char_pool  d3tw_loss=3.1196  d3tw_cost_pos=216.3200  d3tw_cost_neg=1096.9979  total_loss=3.1196  char_pool_loss=0.4834  effective_char_pool_weight=0.0000  char_pool_acc_top1=0.9370  char_pool_acc_top5=0.9798  char_pool_valid_chars=2080  char_pool_num_chars=2080  window_size=16  stride=16  window_overlap_mode=no_overlap  num_windows=64  sequence_length=128
Epoch 1, Batch 81, Loss: 3.1196
Epoch 1, Batch 82, Loss: 3.3183
Epoch 1, Batch 83, Loss: 3.1878
Epoch 1, Batch 84, Loss: 3.2894
Epoch 1, Batch 85, Loss: 3.3002
Epoch 1, Batch 86, Loss: 3.2201
Epoch 1, Batch 87, Loss: 3.1984
Epoch 1, Batch 88, Loss: 3.1087
Epoch 1, Batch 89, Loss: 3.2273
Epoch 1, Batch 90, Loss: 3.1677
[DTW] raw: pos=210.4  neg=1088.1  |  prob: pos_wins=0.984 (goal→1.0)  |  gap=-6.857  loss=3.1429
[LOSS] alignment_loss_type=d3tw_char_pool  d3tw_loss=3.1429  d3tw_cost_pos=210.4314  d3tw_cost_neg=1088.1318  total_loss=3.1429  char_pool_loss=0.4554  effective_char_pool_weight=0.0000  char_pool_acc_top1=0.9375  char_pool_acc_top5=0.9841  char_pool_valid_chars=2080  char_pool_num_chars=2080  window_size=16  stride=16  window_overlap_mode=no_overlap  num_windows=64  sequence_length=128
Epoch 1, Batch 91, Loss: 3.1429
Epoch 1, Batch 92, Loss: 3.0302
Epoch 1, Batch 93, Loss: 3.0791
Epoch 1, Batch 94, Loss: 3.0703
Epoch 1, Batch 95, Loss: 3.1628
Epoch 1, Batch 96, Loss: 3.1600
Epoch 1, Batch 97, Loss: 3.0325
Epoch 1, Batch 98, Loss: 3.1381
Epoch 1, Batch 99, Loss: 3.0376
Epoch 1, Batch 100, Loss: 3.0196
[DTW] raw: pos=204.7  neg=1103.2  |  prob: pos_wins=0.986 (goal→1.0)  |  gap=-7.020  loss=2.9802
[LOSS] alignment_loss_type=d3tw_char_pool  d3tw_loss=2.9802  d3tw_cost_pos=204.6719  d3tw_cost_neg=1103.1992  total_loss=2.9802  char_pool_loss=0.3605  effective_char_pool_weight=0.0000  char_pool_acc_top1=0.9442  char_pool_acc_top5=0.9875  char_pool_valid_chars=2080  char_pool_num_chars=2080  window_size=16  stride=16  window_overlap_mode=no_overlap  num_windows=64  sequence_length=128
Epoch 1, Batch 101, Loss: 2.9802
Epoch 1, Batch 102, Loss: 3.1675
Epoch 1, Batch 103, Loss: 3.1046
Epoch 1, Batch 104, Loss: 3.0141
Epoch 1, Batch 105, Loss: 3.1555
Epoch 1, Batch 106, Loss: 3.0158
Epoch 1, Batch 107, Loss: 3.1147
Epoch 1, Batch 108, Loss: 3.1744
Epoch 1, Batch 109, Loss: 3.0316
Epoch 1, Batch 110, Loss: 3.0427
[DTW] raw: pos=206.4  neg=1085.5  |  prob: pos_wins=0.986 (goal→1.0)  |  gap=-6.868  loss=3.1321
[LOSS] alignment_loss_type=d3tw_char_pool  d3tw_loss=3.1321  d3tw_cost_pos=206.4187  d3tw_cost_neg=1085.5063  total_loss=3.1321  char_pool_loss=0.3246  effective_char_pool_weight=0.0000  char_pool_acc_top1=0.9534  char_pool_acc_top5=0.9885  char_pool_valid_chars=2080  char_pool_num_chars=2080  window_size=16  stride=16  window_overlap_mode=no_overlap  num_windows=64  sequence_length=128
Epoch 1, Batch 111, Loss: 3.1321
Epoch 1, Batch 112, Loss: 3.0172
Epoch 1, Batch 113, Loss: 3.1070
Epoch 1, Batch 114, Loss: 2.9955
Epoch 1, Batch 115, Loss: 2.8554
Epoch 1, Batch 116, Loss: 2.9125
Epoch 1, Batch 117, Loss: 2.9939
Epoch 1, Batch 118, Loss: 2.9741
Epoch 1, Batch 119, Loss: 2.9595
Epoch 1, Batch 120, Loss: 3.0775
[DTW] raw: pos=205.8  neg=1095.3  |  prob: pos_wins=0.985 (goal→1.0)  |  gap=-6.949  loss=3.0510
[LOSS] alignment_loss_type=d3tw_char_pool  d3tw_loss=3.0510  d3tw_cost_pos=205.8163  d3tw_cost_neg=1095.2776  total_loss=3.0510  char_pool_loss=0.3653  effective_char_pool_weight=0.0000  char_pool_acc_top1=0.9548  char_pool_acc_top5=0.9865  char_pool_valid_chars=2080  char_pool_num_chars=2080  window_size=16  stride=16  window_overlap_mode=no_overlap  num_windows=64  sequence_length=128
Epoch 1, Batch 121, Loss: 3.0510
Epoch 1, Batch 122, Loss: 2.9493
Epoch 1, Batch 123, Loss: 3.0408
Epoch 1, Batch 124, Loss: 3.1461
Epoch 1, Batch 125, Loss: 2.8871
Epoch 1, Batch 126, Loss: 3.0768
Epoch 1, Batch 127, Loss: 2.8805
Epoch 1, Batch 128, Loss: 3.0233
Epoch 1, Batch 129, Loss: 2.9171
Epoch 1, Batch 130, Loss: 2.8734
[DTW] raw: pos=201.9  neg=1103.9  |  prob: pos_wins=0.987 (goal→1.0)  |  gap=-7.046  loss=2.9536
[LOSS] alignment_loss_type=d3tw_char_pool  d3tw_loss=2.9536  d3tw_cost_pos=201.9493  d3tw_cost_neg=1103.8751  total_loss=2.9536  char_pool_loss=0.2478  effective_char_pool_weight=0.0000  char_pool_acc_top1=0.9683  char_pool_acc_top5=0.9918  char_pool_valid_chars=2080  char_pool_num_chars=2080  window_size=16  stride=16  window_overlap_mode=no_overlap  num_windows=64  sequence_length=128
Epoch 1, Batch 131, Loss: 2.9536
Epoch 1, Batch 132, Loss: 2.9417
Epoch 1, Batch 133, Loss: 2.8329
Epoch 1, Batch 134, Loss: 2.8920
Epoch 1, Batch 135, Loss: 3.0211
Epoch 1, Batch 136, Loss: 2.8985
Epoch 1, Batch 137, Loss: 2.8861
Epoch 1, Batch 138, Loss: 2.9422
Epoch 1, Batch 139, Loss: 3.0084
Epoch 1, Batch 140, Loss: 2.9618
[DTW] raw: pos=199.7  neg=1114.9  |  prob: pos_wins=0.989 (goal→1.0)  |  gap=-7.150  loss=2.8502
[LOSS] alignment_loss_type=d3tw_char_pool  d3tw_loss=2.8502  d3tw_cost_pos=199.6893  d3tw_cost_neg=1114.8596  total_loss=2.8502  char_pool_loss=0.2520  effective_char_pool_weight=0.0000  char_pool_acc_top1=0.9688  char_pool_acc_top5=0.9904  char_pool_valid_chars=2080  char_pool_num_chars=2080  window_size=16  stride=16  window_overlap_mode=no_overlap  num_windows=64  sequence_length=128
Epoch 1, Batch 141, Loss: 2.8502
Epoch 1, Batch 142, Loss: 2.8864
Epoch 1, Batch 143, Loss: 2.8310
Epoch 1, Batch 144, Loss: 2.8726
Epoch 1, Batch 145, Loss: 2.6798
Epoch 1, Batch 146, Loss: 2.9556
Epoch 1, Batch 147, Loss: 2.9243
Epoch 1, Batch 148, Loss: 2.9554
Epoch 1, Batch 149, Loss: 2.8353
Epoch 1, Batch 150, Loss: 2.9349
[DTW] raw: pos=195.4  neg=1115.1  |  prob: pos_wins=0.990 (goal→1.0)  |  gap=-7.185  loss=2.8149
[LOSS] alignment_loss_type=d3tw_char_pool  d3tw_loss=2.8149  d3tw_cost_pos=195.3666  d3tw_cost_neg=1115.0518  total_loss=2.8149  char_pool_loss=0.2821  effective_char_pool_weight=0.0000  char_pool_acc_top1=0.9673  char_pool_acc_top5=0.9894  char_pool_valid_chars=2080  char_pool_num_chars=2080  window_size=16  stride=16  window_overlap_mode=no_overlap  num_windows=64  sequence_length=128
Epoch 1, Batch 151, Loss: 2.8149
Epoch 1, Batch 152, Loss: 2.8714
Epoch 1, Batch 153, Loss: 3.0024
Epoch 1, Batch 154, Loss: 2.8521
Epoch 1, Batch 155, Loss: 2.8877
Epoch 1, Batch 156, Loss: 2.7350
Epoch 1, Batch 157, Loss: 2.7897
Epoch 1, Batch 158, Loss: 2.8800
Epoch 1, Batch 159, Loss: 2.8025
Epoch 1, Batch 160, Loss: 2.8764
[DTW] raw: pos=189.2  neg=1106.5  |  prob: pos_wins=0.987 (goal→1.0)  |  gap=-7.166  loss=2.8334
[LOSS] alignment_loss_type=d3tw_char_pool  d3tw_loss=2.8334  d3tw_cost_pos=189.1748  d3tw_cost_neg=1106.4849  total_loss=2.8334  char_pool_loss=0.1565  effective_char_pool_weight=0.0000  char_pool_acc_top1=0.9779  char_pool_acc_top5=0.9952  char_pool_valid_chars=2080  char_pool_num_chars=2080  window_size=16  stride=16  window_overlap_mode=no_overlap  num_windows=64  sequence_length=128
Epoch 1, Batch 161, Loss: 2.8334
Epoch 1, Batch 162, Loss: 2.9037
Epoch 1, Batch 163, Loss: 2.6901
Epoch 1, Batch 164, Loss: 2.6878
Epoch 1, Batch 165, Loss: 2.7699
Epoch 1, Batch 166, Loss: 2.8162
Epoch 1, Batch 167, Loss: 2.8320
Epoch 1, Batch 168, Loss: 2.8107
Epoch 1, Batch 169, Loss: 2.8304
Epoch 1, Batch 170, Loss: 2.8228
[DTW] raw: pos=190.8  neg=1127.3  |  prob: pos_wins=0.989 (goal→1.0)  |  gap=-7.316  loss=2.6836
[LOSS] alignment_loss_type=d3tw_char_pool  d3tw_loss=2.6836  d3tw_cost_pos=190.8495  d3tw_cost_neg=1127.3423  total_loss=2.6836  char_pool_loss=0.2619  effective_char_pool_weight=0.0000  char_pool_acc_top1=0.9668  char_pool_acc_top5=0.9933  char_pool_valid_chars=2080  char_pool_num_chars=2080  window_size=16  stride=16  window_overlap_mode=no_overlap  num_windows=64  sequence_length=128
Epoch 1, Batch 171, Loss: 2.6836
Epoch 1, Batch 172, Loss: 2.7796
Epoch 1, Batch 173, Loss: 2.7782
Epoch 1, Batch 174, Loss: 2.7350
Epoch 1, Batch 175, Loss: 2.8332
Epoch 1, Batch 176, Loss: 2.7399
Epoch 1, Batch 177, Loss: 2.7561
Epoch 1, Batch 178, Loss: 2.7278
Epoch 1, Batch 179, Loss: 2.7318
Epoch 1, Batch 180, Loss: 2.7327
[DTW] raw: pos=188.4  neg=1123.8  |  prob: pos_wins=0.991 (goal→1.0)  |  gap=-7.308  loss=2.6924
[LOSS] alignment_loss_type=d3tw_char_pool  d3tw_loss=2.6924  d3tw_cost_pos=188.4081  d3tw_cost_neg=1123.7700  total_loss=2.6924  char_pool_loss=0.2921  effective_char_pool_weight=0.0000  char_pool_acc_top1=0.9673  char_pool_acc_top5=0.9909  char_pool_valid_chars=2080  char_pool_num_chars=2080  window_size=16  stride=16  window_overlap_mode=no_overlap  num_windows=64  sequence_length=128
Epoch 1, Batch 181, Loss: 2.6924
Epoch 1, Batch 182, Loss: 2.8652
Epoch 1, Batch 183, Loss: 2.8569
Epoch 1, Batch 184, Loss: 2.8196
Epoch 1, Batch 185, Loss: 2.7047
Epoch 1, Batch 186, Loss: 2.7314
Epoch 1, Batch 187, Loss: 2.7300
Epoch 1, Batch 188, Loss: 2.7579
Epoch 1 - Train Loss: 3.8383
[SANITY] sim_pos_list[0].shape = torch.Size([65, 128])  (expected [65, 128])
[DTW] raw: pos=198.3  neg=1155.0  |  prob: pos_wins=0.991 (goal→1.0)  |  gap=-7.474  loss=2.5259
[CHAR POOL GROUPS] Transcript:  في الواقع تماما في لحظة مناسبة أوراق الشجر الخضراء تتساقط خريفا 
char[0]=' ' windows=[0, 1]
char[1]='ف' windows=[2, 3]
char[2]='ي' windows=[4, 5]
char[3]=' ' windows=[6, 7]
char[4]='ا' windows=[8]
char[5]='ل' windows=[9]
char[6]='و' windows=[10, 11]
char[7]='ا' windows=[12, 13]
char[8]='ق' windows=[14, 15]
char[9]='ع' windows=[16, 17]
char[10]=' ' windows=[18]
char[11]='ت' windows=[19]
char[12]='م' windows=[20, 21]
char[13]='ا' windows=[22, 23]
char[14]='م' windows=[24, 25]
char[15]='ا' windows=[26, 27]
char[16]=' ' windows=[28, 29]
char[17]='ف' windows=[30, 31]
char[18]='ي' windows=[32, 33]
char[19]=' ' windows=[34, 35]
char[20]='ل' windows=[36, 37]
char[21]='ح' windows=[38, 39]
char[22]='ظ' windows=[40, 41, 42, 43]
char[23]='ة' windows=[44, 45]
char[24]=' ' windows=[46, 47]
char[25]='م' windows=[48, 49]
char[26]='ن' windows=[50]
char[27]='ا' windows=[51]
char[28]='س' windows=[52, 53, 54, 55]
char[29]='ب' windows=[56, 57]
char[30]='ة' windows=[58]
char[31]=' ' windows=[59]
char[32]='أ' windows=[60, 61]
char[33]='و' windows=[62, 63]
char[34]='ر' windows=[64, 65]
char[35]='ا' windows=[66, 67]
char[36]='ق' windows=[68, 69]
char[37]=' ' windows=[70, 71, 72]
char[38]='ا' windows=[73]
char[39]='ل' windows=[74, 75]
char[40]='ش' windows=[76, 77]
char[41]='ج' windows=[78, 79, 80, 81]
char[42]='ر' windows=[82, 83]
char[43]=' ' windows=[84, 85]
char[44]='ا' windows=[86]
char[45]='ل' windows=[87]
char[46]='خ' windows=[88, 89, 90, 91]
char[47]='ض' windows=[92, 93, 94, 95]
char[48]='ر' windows=[96, 97]
char[49]='ا' windows=[98]
char[50]='ء' windows=[99]
char[51]=' ' windows=[100, 101]
char[52]='ت' windows=[102, 103, 104]
char[53]='ت' windows=[105]
char[54]='س' windows=[106, 107]
char[55]='ا' windows=[108, 109]
char[56]='ق' windows=[110, 111]
char[57]='ط' windows=[112, 113, 114]
char[58]=' ' windows=[115]
char[59]='خ' windows=[116, 117, 118, 119]
char[60]='ر' windows=[120, 121]
char[61]='ي' windows=[122, 123]
char[62]='ف' windows=[124, 125]
char[63]='ا' windows=[126]
char[64]=' ' windows=[127]
[LOSS] alignment_loss_type=d3tw_char_pool  d3tw_loss=2.5259  d3tw_cost_pos=198.2875  d3tw_cost_neg=1154.9695  total_loss=2.5259  char_pool_loss=0.2156  effective_char_pool_weight=0.0000  char_pool_acc_top1=0.9740  char_pool_acc_top5=0.9918  char_pool_valid_chars=2080  char_pool_num_chars=2080  window_size=16  stride=16  window_overlap_mode=no_overlap  num_windows=64  sequence_length=128
[DTW] raw: pos=197.1  neg=1151.0  |  prob: pos_wins=0.991 (goal→1.0)  |  gap=-7.452  loss=2.5478
[LOSS] alignment_loss_type=d3tw_char_pool  d3tw_loss=2.5478  d3tw_cost_pos=197.1343  d3tw_cost_neg=1151.0035  total_loss=2.5478  char_pool_loss=0.2237  effective_char_pool_weight=0.0000  char_pool_acc_top1=0.9740  char_pool_acc_top5=0.9909  char_pool_valid_chars=2080  char_pool_num_chars=2080  window_size=16  stride=16  window_overlap_mode=no_overlap  num_windows=64  sequence_length=128
[DTW] raw: pos=189.5  neg=1152.0  |  prob: pos_wins=0.992 (goal→1.0)  |  gap=-7.520  loss=2.4803
[LOSS] alignment_loss_type=d3tw_char_pool  d3tw_loss=2.4803  d3tw_cost_pos=189.5215  d3tw_cost_neg=1152.0388  total_loss=2.4803  char_pool_loss=0.1926  effective_char_pool_weight=0.0000  char_pool_acc_top1=0.9745  char_pool_acc_top5=0.9942  char_pool_valid_chars=2080  char_pool_num_chars=2080  window_size=16  stride=16  window_overlap_mode=no_overlap  num_windows=64  sequence_length=128
[DTW] raw: pos=192.5  neg=1133.9  |  prob: pos_wins=0.990 (goal→1.0)  |  gap=-7.354  loss=2.6455
[LOSS] alignment_loss_type=d3tw_char_pool  d3tw_loss=2.6455  d3tw_cost_pos=192.5187  d3tw_cost_neg=1133.8810  total_loss=2.6455  char_pool_loss=0.2768  effective_char_pool_weight=0.0000  char_pool_acc_top1=0.9649  char_pool_acc_top5=0.9923  char_pool_valid_chars=2080  char_pool_num_chars=2080  window_size=16  stride=16  window_overlap_mode=no_overlap  num_windows=64  sequence_length=128
[DTW] raw: pos=200.5  neg=1157.9  |  prob: pos_wins=0.991 (goal→1.0)  |  gap=-7.479  loss=2.5206
[LOSS] alignment_loss_type=d3tw_char_pool  d3tw_loss=2.5206  d3tw_cost_pos=200.5132  d3tw_cost_neg=1157.8658  total_loss=2.5206  char_pool_loss=0.3126  effective_char_pool_weight=0.0000  char_pool_acc_top1=0.9683  char_pool_acc_top5=0.9856  char_pool_valid_chars=2080  char_pool_num_chars=2080  window_size=16  stride=16  window_overlap_mode=no_overlap  num_windows=64  sequence_length=128
[DTW] raw: pos=198.2  neg=1148.6  |  prob: pos_wins=0.990 (goal→1.0)  |  gap=-7.425  loss=2.5746
[LOSS] alignment_loss_type=d3tw_char_pool  d3tw_loss=2.5746  d3tw_cost_pos=198.1959  d3tw_cost_neg=1148.6333  total_loss=2.5746  char_pool_loss=0.2541  effective_char_pool_weight=0.0000  char_pool_acc_top1=0.9697  char_pool_acc_top5=0.9933  char_pool_valid_chars=2080  char_pool_num_chars=2080  window_size=16  stride=16  window_overlap_mode=no_overlap  num_windows=64  sequence_length=128
[DTW] raw: pos=194.1  neg=1143.4  |  prob: pos_wins=0.991 (goal→1.0)  |  gap=-7.416  loss=2.5837
[LOSS] alignment_loss_type=d3tw_char_pool  d3tw_loss=2.5837  d3tw_cost_pos=194.1104  d3tw_cost_neg=1143.3895  total_loss=2.5837  char_pool_loss=0.2379  effective_char_pool_weight=0.0000  char_pool_acc_top1=0.9721  char_pool_acc_top5=0.9933  char_pool_valid_chars=2080  char_pool_num_chars=2080  window_size=16  stride=16  window_overlap_mode=no_overlap  num_windows=64  sequence_length=128
Epoch 1 - Validation Loss: 2.5365
Epoch 1 completed in 13m 34.02s
Epoch 1 - Peak GPU memory: 3108.5 MB
============================================================
Epoch 2 - Soft-DTW gamma: 0.100000
[DTW] raw: pos=192.8  neg=1117.6  |  prob: pos_wins=0.989 (goal→1.0)  |  gap=-7.225  loss=2.7753
[LOSS] alignment_loss_type=d3tw_char_pool  d3tw_loss=2.7753  d3tw_cost_pos=192.8102  d3tw_cost_neg=1117.5627  total_loss=2.7753  char_pool_loss=0.1565  effective_char_pool_weight=0.0000  char_pool_acc_top1=0.9745  char_pool_acc_top5=0.9966  char_pool_valid_chars=2080  char_pool_num_chars=2080  window_size=16  stride=16  window_overlap_mode=no_overlap  num_windows=64  sequence_length=128
Epoch 2, Batch 1, Loss: 2.7753
Epoch 2, Batch 2, Loss: 2.6618
Epoch 2, Batch 3, Loss: 2.7404
Epoch 2, Batch 4, Loss: 2.6956
Epoch 2, Batch 5, Loss: 2.7375
Epoch 2, Batch 6, Loss: 2.6477
Epoch 2, Batch 7, Loss: 2.6714
Epoch 2, Batch 8, Loss: 2.7546
Epoch 2, Batch 9, Loss: 2.8111
Epoch 2, Batch 10, Loss: 2.6613
[DTW] raw: pos=190.4  neg=1127.5  |  prob: pos_wins=0.990 (goal→1.0)  |  gap=-7.321  loss=2.6791
[LOSS] alignment_loss_type=d3tw_char_pool  d3tw_loss=2.6791  d3tw_cost_pos=190.4190  d3tw_cost_neg=1127.4806  total_loss=2.6791  char_pool_loss=0.1947  effective_char_pool_weight=0.0000  char_pool_acc_top1=0.9760  char_pool_acc_top5=0.9923  char_pool_valid_chars=2080  char_pool_num_chars=2080  window_size=16  stride=16  window_overlap_mode=no_overlap  num_windows=64  sequence_length=128
Epoch 2, Batch 11, Loss: 2.6791
Epoch 2, Batch 12, Loss: 2.6276
Epoch 2, Batch 13, Loss: 2.7150
Epoch 2, Batch 14, Loss: 2.7942
Epoch 2, Batch 15, Loss: 2.8276
Epoch 2, Batch 16, Loss: 2.7252
Epoch 2, Batch 17, Loss: 2.6588
Epoch 2, Batch 18, Loss: 2.7637
Epoch 2, Batch 19, Loss: 2.5953
Epoch 2, Batch 20, Loss: 2.5586
[DTW] raw: pos=190.4  neg=1122.6  |  prob: pos_wins=0.989 (goal→1.0)  |  gap=-7.282  loss=2.7178
[LOSS] alignment_loss_type=d3tw_char_pool  d3tw_loss=2.7178  d3tw_cost_pos=190.4486  d3tw_cost_neg=1122.5582  total_loss=2.7178  char_pool_loss=0.2205  effective_char_pool_weight=0.0000  char_pool_acc_top1=0.9712  char_pool_acc_top5=0.9942  char_pool_valid_chars=2080  char_pool_num_chars=2080  window_size=16  stride=16  window_overlap_mode=no_overlap  num_windows=64  sequence_length=128
Epoch 2, Batch 21, Loss: 2.7178
Epoch 2, Batch 22, Loss: 2.6517
Epoch 2, Batch 23, Loss: 2.7523
Epoch 2, Batch 24, Loss: 2.7054
Epoch 2, Batch 25, Loss: 2.6417
Epoch 2, Batch 26, Loss: 2.6680
Epoch 2, Batch 27, Loss: 2.7416
Epoch 2, Batch 28, Loss: 2.6558
Epoch 2, Batch 29, Loss: 2.6859
Epoch 2, Batch 30, Loss: 2.6950
[DTW] raw: pos=190.0  neg=1114.5  |  prob: pos_wins=0.989 (goal→1.0)  |  gap=-7.223  loss=2.7768
[LOSS] alignment_loss_type=d3tw_char_pool  d3tw_loss=2.7768  d3tw_cost_pos=189.9523  d3tw_cost_neg=1114.5082  total_loss=2.7768  char_pool_loss=0.2052  effective_char_pool_weight=0.0000  char_pool_acc_top1=0.9760  char_pool_acc_top5=0.9938  char_pool_valid_chars=2080  char_pool_num_chars=2080  window_size=16  stride=16  window_overlap_mode=no_overlap  num_windows=64  sequence_length=128
Epoch 2, Batch 31, Loss: 2.7768
Epoch 2, Batch 32, Loss: 2.6184
Epoch 2, Batch 33, Loss: 2.7596
Epoch 2, Batch 34, Loss: 2.7544
Epoch 2, Batch 35, Loss: 2.5940
Epoch 2, Batch 36, Loss: 2.7260
Epoch 2, Batch 37, Loss: 2.6590
Epoch 2, Batch 38, Loss: 2.6298
Epoch 2, Batch 39, Loss: 2.6504
Epoch 2, Batch 40, Loss: 2.5308
[DTW] raw: pos=184.8  neg=1133.4  |  prob: pos_wins=0.992 (goal→1.0)  |  gap=-7.411  loss=2.5888
[LOSS] alignment_loss_type=d3tw_char_pool  d3tw_loss=2.5888  d3tw_cost_pos=184.7801  d3tw_cost_neg=1133.4094  total_loss=2.5888  char_pool_loss=0.1659  effective_char_pool_weight=0.0000  char_pool_acc_top1=0.9798  char_pool_acc_top5=0.9933  char_pool_valid_chars=2080  char_pool_num_chars=2080  window_size=16  stride=16  window_overlap_mode=no_overlap  num_windows=64  sequence_length=128
Epoch 2, Batch 41, Loss: 2.5888
Epoch 2, Batch 42, Loss: 2.5629
Epoch 2, Batch 43, Loss: 2.6915
Epoch 2, Batch 44, Loss: 2.5329
Epoch 2, Batch 45, Loss: 2.5269
Epoch 2, Batch 46, Loss: 2.6850
Epoch 2, Batch 47, Loss: 2.5726
Epoch 2, Batch 48, Loss: 2.6400
Epoch 2, Batch 49, Loss: 2.6421
Epoch 2, Batch 50, Loss: 2.6698
[DTW] raw: pos=185.6  neg=1137.1  |  prob: pos_wins=0.992 (goal→1.0)  |  gap=-7.434  loss=2.5662
[LOSS] alignment_loss_type=d3tw_char_pool  d3tw_loss=2.5662  d3tw_cost_pos=185.5953  d3tw_cost_neg=1137.1096  total_loss=2.5662  char_pool_loss=0.1533  effective_char_pool_weight=0.0000  char_pool_acc_top1=0.9788  char_pool_acc_top5=0.9957  char_pool_valid_chars=2080  char_pool_num_chars=2080  window_size=16  stride=16  window_overlap_mode=no_overlap  num_windows=64  sequence_length=128
Epoch 2, Batch 51, Loss: 2.5662
Epoch 2, Batch 52, Loss: 2.6217
Epoch 2, Batch 53, Loss: 2.5230
Epoch 2, Batch 54, Loss: 2.5995
Epoch 2, Batch 55, Loss: 2.6878
Epoch 2, Batch 56, Loss: 2.5902
Epoch 2, Batch 57, Loss: 2.6590
Epoch 2, Batch 58, Loss: 2.4993
Epoch 2, Batch 59, Loss: 2.5267
Epoch 2, Batch 60, Loss: 2.6384
[DTW] raw: pos=186.9  neg=1132.1  |  prob: pos_wins=0.990 (goal→1.0)  |  gap=-7.385  loss=2.6150
[LOSS] alignment_loss_type=d3tw_char_pool  d3tw_loss=2.6150  d3tw_cost_pos=186.8706  d3tw_cost_neg=1132.1353  total_loss=2.6150  char_pool_loss=0.1661  effective_char_pool_weight=0.0000  char_pool_acc_top1=0.9803  char_pool_acc_top5=0.9942  char_pool_valid_chars=2080  char_pool_num_chars=2080  window_size=16  stride=16  window_overlap_mode=no_overlap  num_windows=64  sequence_length=128
Epoch 2, Batch 61, Loss: 2.6150
Epoch 2, Batch 62, Loss: 2.6915
Epoch 2, Batch 63, Loss: 2.6551
Epoch 2, Batch 64, Loss: 2.5003
Epoch 2, Batch 65, Loss: 2.6788
Epoch 2, Batch 66, Loss: 2.5902
Epoch 2, Batch 67, Loss: 2.5631
Epoch 2, Batch 68, Loss: 2.5503
Epoch 2, Batch 69, Loss: 2.7212
Epoch 2, Batch 70, Loss: 2.5762
[DTW] raw: pos=185.0  neg=1127.3  |  prob: pos_wins=0.991 (goal→1.0)  |  gap=-7.362  loss=2.6380
[LOSS] alignment_loss_type=d3tw_char_pool  d3tw_loss=2.6380  d3tw_cost_pos=184.9557  d3tw_cost_neg=1127.2894  total_loss=2.6380  char_pool_loss=0.1158  effective_char_pool_weight=0.0000  char_pool_acc_top1=0.9865  char_pool_acc_top5=0.9966  char_pool_valid_chars=2080  char_pool_num_chars=2080  window_size=16  stride=16  window_overlap_mode=no_overlap  num_windows=64  sequence_length=128
Epoch 2, Batch 71, Loss: 2.6380
Epoch 2, Batch 72, Loss: 2.6403
Epoch 2, Batch 73, Loss: 2.6335
Epoch 2, Batch 74, Loss: 2.6519
Epoch 2, Batch 75, Loss: 2.5970
Epoch 2, Batch 76, Loss: 2.5652
Epoch 2, Batch 77, Loss: 2.5814
Epoch 2, Batch 78, Loss: 2.5675
Epoch 2, Batch 79, Loss: 2.5345
Epoch 2, Batch 80, Loss: 2.4971
[DTW] raw: pos=189.2  neg=1145.3  |  prob: pos_wins=0.991 (goal→1.0)  |  gap=-7.470  loss=2.5299
[LOSS] alignment_loss_type=d3tw_char_pool  d3tw_loss=2.5299  d3tw_cost_pos=189.1710  d3tw_cost_neg=1145.3306  total_loss=2.5299  char_pool_loss=0.2011  effective_char_pool_weight=0.0000  char_pool_acc_top1=0.9760  char_pool_acc_top5=0.9909  char_pool_valid_chars=2080  char_pool_num_chars=2080  window_size=16  stride=16  window_overlap_mode=no_overlap  num_windows=64  sequence_length=128
Epoch 2, Batch 81, Loss: 2.5299
Epoch 2, Batch 82, Loss: 2.4800
Epoch 2, Batch 83, Loss: 2.6636
Epoch 2, Batch 84, Loss: 2.6210
Epoch 2, Batch 85, Loss: 2.5106
Epoch 2, Batch 86, Loss: 2.5991
Epoch 2, Batch 87, Loss: 2.4951
Epoch 2, Batch 88, Loss: 2.6515
Epoch 2, Batch 89, Loss: 2.6494
Epoch 2, Batch 90, Loss: 2.5302
[DTW] raw: pos=187.3  neg=1130.2  |  prob: pos_wins=0.990 (goal→1.0)  |  gap=-7.366  loss=2.6338
[LOSS] alignment_loss_type=d3tw_char_pool  d3tw_loss=2.6338  d3tw_cost_pos=187.2961  d3tw_cost_neg=1130.1665  total_loss=2.6338  char_pool_loss=0.1566  effective_char_pool_weight=0.0000  char_pool_acc_top1=0.9817  char_pool_acc_top5=0.9952  char_pool_valid_chars=2080  char_pool_num_chars=2080  window_size=16  stride=16  window_overlap_mode=no_overlap  num_windows=64  sequence_length=128
Epoch 2, Batch 91, Loss: 2.6338
Epoch 2, Batch 92, Loss: 2.5188
Epoch 2, Batch 93, Loss: 2.6398
Epoch 2, Batch 94, Loss: 2.5634
Epoch 2, Batch 95, Loss: 2.6300
Epoch 2, Batch 96, Loss: 2.5993
Epoch 2, Batch 97, Loss: 2.6396
Epoch 2, Batch 98, Loss: 2.5614
Epoch 2, Batch 99, Loss: 2.5746
Epoch 2, Batch 100, Loss: 2.4755
[DTW] raw: pos=188.4  neg=1136.0  |  prob: pos_wins=0.991 (goal→1.0)  |  gap=-7.403  loss=2.5970
[LOSS] alignment_loss_type=d3tw_char_pool  d3tw_loss=2.5970  d3tw_cost_pos=188.3918  d3tw_cost_neg=1135.9603  total_loss=2.5970  char_pool_loss=0.1807  effective_char_pool_weight=0.0000  char_pool_acc_top1=0.9798  char_pool_acc_top5=0.9933  char_pool_valid_chars=2080  char_pool_num_chars=2080  window_size=16  stride=16  window_overlap_mode=no_overlap  num_windows=64  sequence_length=128
Epoch 2, Batch 101, Loss: 2.5970
Epoch 2, Batch 102, Loss: 2.5365
Epoch 2, Batch 103, Loss: 2.5990
Epoch 2, Batch 104, Loss: 2.5812
Epoch 2, Batch 105, Loss: 2.6538
Epoch 2, Batch 106, Loss: 2.6068
Epoch 2, Batch 107, Loss: 2.7394
Epoch 2, Batch 108, Loss: 2.5069
Epoch 2, Batch 109, Loss: 2.5460
Epoch 2, Batch 110, Loss: 2.4590
[DTW] raw: pos=178.6  neg=1138.4  |  prob: pos_wins=0.991 (goal→1.0)  |  gap=-7.498  loss=2.5016
[LOSS] alignment_loss_type=d3tw_char_pool  d3tw_loss=2.5016  d3tw_cost_pos=178.5943  d3tw_cost_neg=1138.3823  total_loss=2.5016  char_pool_loss=0.1506  effective_char_pool_weight=0.0000  char_pool_acc_top1=0.9827  char_pool_acc_top5=0.9962  char_pool_valid_chars=2080  char_pool_num_chars=2080  window_size=16  stride=16  window_overlap_mode=no_overlap  num_windows=64  sequence_length=128
Epoch 2, Batch 111, Loss: 2.5016
Epoch 2, Batch 112, Loss: 2.5687
Epoch 2, Batch 113, Loss: 2.5521
Epoch 2, Batch 114, Loss: 2.5411
Epoch 2, Batch 115, Loss: 2.5146
Epoch 2, Batch 116, Loss: 2.5641
Epoch 2, Batch 117, Loss: 2.6647
Epoch 2, Batch 118, Loss: 2.6320
Epoch 2, Batch 119, Loss: 2.6386
Epoch 2, Batch 120, Loss: 2.5889
[DTW] raw: pos=187.2  neg=1141.6  |  prob: pos_wins=0.992 (goal→1.0)  |  gap=-7.457  loss=2.5432
[LOSS] alignment_loss_type=d3tw_char_pool  d3tw_loss=2.5432  d3tw_cost_pos=187.1594  d3tw_cost_neg=1141.6173  total_loss=2.5432  char_pool_loss=0.1656  effective_char_pool_weight=0.0000  char_pool_acc_top1=0.9817  char_pool_acc_top5=0.9933  char_pool_valid_chars=2080  char_pool_num_chars=2080  window_size=16  stride=16  window_overlap_mode=no_overlap  num_windows=64  sequence_length=128
Epoch 2, Batch 121, Loss: 2.5432
Epoch 2, Batch 122, Loss: 2.5287
Epoch 2, Batch 123, Loss: 2.4462
Epoch 2, Batch 124, Loss: 2.5002
Epoch 2, Batch 125, Loss: 2.6281
Epoch 2, Batch 126, Loss: 2.4770
Epoch 2, Batch 127, Loss: 2.5242
Epoch 2, Batch 128, Loss: 2.5964
Epoch 2, Batch 129, Loss: 2.5116
Epoch 2, Batch 130, Loss: 2.4840
[DTW] raw: pos=183.8  neg=1148.9  |  prob: pos_wins=0.992 (goal→1.0)  |  gap=-7.540  loss=2.4602
[LOSS] alignment_loss_type=d3tw_char_pool  d3tw_loss=2.4602  d3tw_cost_pos=183.8238  d3tw_cost_neg=1148.9037  total_loss=2.4602  char_pool_loss=0.1427  effective_char_pool_weight=0.0000  char_pool_acc_top1=0.9813  char_pool_acc_top5=0.9952  char_pool_valid_chars=2080  char_pool_num_chars=2080  window_size=16  stride=16  window_overlap_mode=no_overlap  num_windows=64  sequence_length=128
Epoch 2, Batch 131, Loss: 2.4602
Epoch 2, Batch 132, Loss: 2.5822
Epoch 2, Batch 133, Loss: 2.4552
Epoch 2, Batch 134, Loss: 2.5231
Epoch 2, Batch 135, Loss: 2.4688
Epoch 2, Batch 136, Loss: 2.5411
Epoch 2, Batch 137, Loss: 2.5397
Epoch 2, Batch 138, Loss: 2.4963
Epoch 2, Batch 139, Loss: 2.5178
Epoch 2, Batch 140, Loss: 2.5342
[DTW] raw: pos=182.0  neg=1138.2  |  prob: pos_wins=0.991 (goal→1.0)  |  gap=-7.470  loss=2.5295
[LOSS] alignment_loss_type=d3tw_char_pool  d3tw_loss=2.5295  d3tw_cost_pos=182.0019  d3tw_cost_neg=1138.2141  total_loss=2.5295  char_pool_loss=0.1254  effective_char_pool_weight=0.0000  char_pool_acc_top1=0.9832  char_pool_acc_top5=0.9957  char_pool_valid_chars=2080  char_pool_num_chars=2080  window_size=16  stride=16  window_overlap_mode=no_overlap  num_windows=64  sequence_length=128
Epoch 2, Batch 141, Loss: 2.5295
Epoch 2, Batch 142, Loss: 2.3986
Epoch 2, Batch 143, Loss: 2.5061
Epoch 2, Batch 144, Loss: 2.4899
Epoch 2, Batch 145, Loss: 2.6512
Epoch 2, Batch 146, Loss: 2.4319
Epoch 2, Batch 147, Loss: 2.5309
Epoch 2, Batch 148, Loss: 2.6514
Epoch 2, Batch 149, Loss: 2.4684
Epoch 2, Batch 150, Loss: 2.6223
[DTW] raw: pos=180.6  neg=1144.1  |  prob: pos_wins=0.992 (goal→1.0)  |  gap=-7.527  loss=2.4725
[LOSS] alignment_loss_type=d3tw_char_pool  d3tw_loss=2.4725  d3tw_cost_pos=180.5912  d3tw_cost_neg=1144.1052  total_loss=2.4725  char_pool_loss=0.1424  effective_char_pool_weight=0.0000  char_pool_acc_top1=0.9817  char_pool_acc_top5=0.9947  char_pool_valid_chars=2080  char_pool_num_chars=2080  window_size=16  stride=16  window_overlap_mode=no_overlap  num_windows=64  sequence_length=128
Epoch 2, Batch 151, Loss: 2.4725
Epoch 2, Batch 152, Loss: 2.6189
Epoch 2, Batch 153, Loss: 2.4879
Epoch 2, Batch 154, Loss: 2.4455
Epoch 2, Batch 155, Loss: 2.4907
Epoch 2, Batch 156, Loss: 2.5736
Epoch 2, Batch 157, Loss: 2.5208
Epoch 2, Batch 158, Loss: 2.5793
Epoch 2, Batch 159, Loss: 2.4543
Epoch 2, Batch 160, Loss: 2.4873
[DTW] raw: pos=182.0  neg=1140.6  |  prob: pos_wins=0.991 (goal→1.0)  |  gap=-7.489  loss=2.5110
[LOSS] alignment_loss_type=d3tw_char_pool  d3tw_loss=2.5110  d3tw_cost_pos=181.9803  d3tw_cost_neg=1140.6016  total_loss=2.5110  char_pool_loss=0.0988  effective_char_pool_weight=0.0000  char_pool_acc_top1=0.9865  char_pool_acc_top5=0.9971  char_pool_valid_chars=2080  char_pool_num_chars=2080  window_size=16  stride=16  window_overlap_mode=no_overlap  num_windows=64  sequence_length=128
Epoch 2, Batch 161, Loss: 2.5110
Epoch 2, Batch 162, Loss: 2.4497
Epoch 2, Batch 163, Loss: 2.5441
Epoch 2, Batch 164, Loss: 2.5554
Epoch 2, Batch 165, Loss: 2.5588
Epoch 2, Batch 166, Loss: 2.5643
Epoch 2, Batch 167, Loss: 2.5166
Epoch 2, Batch 168, Loss: 2.5601
Epoch 2, Batch 169, Loss: 2.5054
Epoch 2, Batch 170, Loss: 2.5739
[DTW] raw: pos=177.2  neg=1154.7  |  prob: pos_wins=0.993 (goal→1.0)  |  gap=-7.637  loss=2.3632
[LOSS] alignment_loss_type=d3tw_char_pool  d3tw_loss=2.3632  d3tw_cost_pos=177.1719  d3tw_cost_neg=1154.6665  total_loss=2.3632  char_pool_loss=0.1059  effective_char_pool_weight=0.0000  char_pool_acc_top1=0.9861  char_pool_acc_top5=0.9962  char_pool_valid_chars=2080  char_pool_num_chars=2080  window_size=16  stride=16  window_overlap_mode=no_overlap  num_windows=64  sequence_length=128
Epoch 2, Batch 171, Loss: 2.3632
Epoch 2, Batch 172, Loss: 2.5151
Epoch 2, Batch 173, Loss: 2.5242
Epoch 2, Batch 174, Loss: 2.5224
Epoch 2, Batch 175, Loss: 2.5292
Epoch 2, Batch 176, Loss: 2.5175
Epoch 2, Batch 177, Loss: 2.5227
Epoch 2, Batch 178, Loss: 2.4420
Epoch 2, Batch 179, Loss: 2.4689
Epoch 2, Batch 180, Loss: 2.5121
[DTW] raw: pos=177.9  neg=1144.5  |  prob: pos_wins=0.992 (goal→1.0)  |  gap=-7.552  loss=2.4482
[LOSS] alignment_loss_type=d3tw_char_pool  d3tw_loss=2.4482  d3tw_cost_pos=177.8822  d3tw_cost_neg=1144.5359  total_loss=2.4482  char_pool_loss=0.1036  effective_char_pool_weight=0.0000  char_pool_acc_top1=0.9870  char_pool_acc_top5=0.9971  char_pool_valid_chars=2080  char_pool_num_chars=2080  window_size=16  stride=16  window_overlap_mode=no_overlap  num_windows=64  sequence_length=128
Epoch 2, Batch 181, Loss: 2.4482
Epoch 2, Batch 182, Loss: 2.4585
Epoch 2, Batch 183, Loss: 2.4332
Epoch 2, Batch 184, Loss: 2.4383
Epoch 2, Batch 185, Loss: 2.3748
Epoch 2, Batch 186, Loss: 2.4752
Epoch 2, Batch 187, Loss: 2.5459
Epoch 2, Batch 188, Loss: 2.3467
Epoch 2 - Train Loss: 2.5824
[DTW] raw: pos=182.3  neg=1159.3  |  prob: pos_wins=0.993 (goal→1.0)  |  gap=-7.632  loss=2.3678
[LOSS] alignment_loss_type=d3tw_char_pool  d3tw_loss=2.3678  d3tw_cost_pos=182.3393  d3tw_cost_neg=1159.2524  total_loss=2.3678  char_pool_loss=0.1329  effective_char_pool_weight=0.0000  char_pool_acc_top1=0.9846  char_pool_acc_top5=0.9957  char_pool_valid_chars=2080  char_pool_num_chars=2080  window_size=16  stride=16  window_overlap_mode=no_overlap  num_windows=64  sequence_length=128
[DTW] raw: pos=183.0  neg=1160.0  |  prob: pos_wins=0.992 (goal→1.0)  |  gap=-7.633  loss=2.3669
[LOSS] alignment_loss_type=d3tw_char_pool  d3tw_loss=2.3669  d3tw_cost_pos=182.9959  d3tw_cost_neg=1160.0281  total_loss=2.3669  char_pool_loss=0.1142  effective_char_pool_weight=0.0000  char_pool_acc_top1=0.9856  char_pool_acc_top5=0.9957  char_pool_valid_chars=2080  char_pool_num_chars=2080  window_size=16  stride=16  window_overlap_mode=no_overlap  num_windows=64  sequence_length=128
[DTW] raw: pos=181.2  neg=1179.0  |  prob: pos_wins=0.994 (goal→1.0)  |  gap=-7.796  loss=2.2045
[LOSS] alignment_loss_type=d3tw_char_pool  d3tw_loss=2.2045  d3tw_cost_pos=181.1597  d3tw_cost_neg=1179.0209  total_loss=2.2045  char_pool_loss=0.1126  effective_char_pool_weight=0.0000  char_pool_acc_top1=0.9875  char_pool_acc_top5=0.9957  char_pool_valid_chars=2080  char_pool_num_chars=2080  window_size=16  stride=16  window_overlap_mode=no_overlap  num_windows=64  sequence_length=128
[DTW] raw: pos=178.4  neg=1158.3  |  prob: pos_wins=0.992 (goal→1.0)  |  gap=-7.656  loss=2.3444
[LOSS] alignment_loss_type=d3tw_char_pool  d3tw_loss=2.3444  d3tw_cost_pos=178.4383  d3tw_cost_neg=1158.3499  total_loss=2.3444  char_pool_loss=0.1336  effective_char_pool_weight=0.0000  char_pool_acc_top1=0.9832  char_pool_acc_top5=0.9962  char_pool_valid_chars=2080  char_pool_num_chars=2080  window_size=16  stride=16  window_overlap_mode=no_overlap  num_windows=64  sequence_length=128
[DTW] raw: pos=180.2  neg=1163.4  |  prob: pos_wins=0.992 (goal→1.0)  |  gap=-7.681  loss=2.3187
[LOSS] alignment_loss_type=d3tw_char_pool  d3tw_loss=2.3187  d3tw_cost_pos=180.2289  d3tw_cost_neg=1163.4292  total_loss=2.3187  char_pool_loss=0.1244  effective_char_pool_weight=0.0000  char_pool_acc_top1=0.9841  char_pool_acc_top5=0.9971  char_pool_valid_chars=2080  char_pool_num_chars=2080  window_size=16  stride=16  window_overlap_mode=no_overlap  num_windows=64  sequence_length=128
[DTW] raw: pos=181.2  neg=1168.7  |  prob: pos_wins=0.993 (goal→1.0)  |  gap=-7.715  loss=2.2852
[LOSS] alignment_loss_type=d3tw_char_pool  d3tw_loss=2.2852  d3tw_cost_pos=181.1896  d3tw_cost_neg=1168.6768  total_loss=2.2852  char_pool_loss=0.1433  effective_char_pool_weight=0.0000  char_pool_acc_top1=0.9822  char_pool_acc_top5=0.9971  char_pool_valid_chars=2080  char_pool_num_chars=2080  window_size=16  stride=16  window_overlap_mode=no_overlap  num_windows=64  sequence_length=128
[DTW] raw: pos=180.8  neg=1177.3  |  prob: pos_wins=0.993 (goal→1.0)  |  gap=-7.785  loss=2.2150
[LOSS] alignment_loss_type=d3tw_char_pool  d3tw_loss=2.2150  d3tw_cost_pos=180.8206  d3tw_cost_neg=1177.2966  total_loss=2.2150  char_pool_loss=0.1556  effective_char_pool_weight=0.0000  char_pool_acc_top1=0.9822  char_pool_acc_top5=0.9957  char_pool_valid_chars=2080  char_pool_num_chars=2080  window_size=16  stride=16  window_overlap_mode=no_overlap  num_windows=64  sequence_length=128
Epoch 2 - Validation Loss: 2.3147
Epoch 2 completed in 13m 30.89s
Epoch 2 - Peak GPU memory: 2267.0 MB
============================================================
Epoch 3 - Soft-DTW gamma: 0.100000
[DTW] raw: pos=183.1  neg=1144.2  |  prob: pos_wins=0.991 (goal→1.0)  |  gap=-7.508  loss=2.4918
[LOSS] alignment_loss_type=d3tw_char_pool  d3tw_loss=2.4918  d3tw_cost_pos=183.1396  d3tw_cost_neg=1144.1810  total_loss=2.4918  char_pool_loss=0.1148  effective_char_pool_weight=0.0000  char_pool_acc_top1=0.9865  char_pool_acc_top5=0.9966  char_pool_valid_chars=2080  char_pool_num_chars=2080  window_size=16  stride=16  window_overlap_mode=no_overlap  num_windows=64  sequence_length=128
Epoch 3, Batch 1, Loss: 2.4918
Epoch 3, Batch 2, Loss: 2.5013
Epoch 3, Batch 3, Loss: 2.4320
Epoch 3, Batch 4, Loss: 2.4194
Epoch 3, Batch 5, Loss: 2.4576
Epoch 3, Batch 6, Loss: 2.3861
Epoch 3, Batch 7, Loss: 2.4229
Epoch 3, Batch 8, Loss: 2.5000
Epoch 3, Batch 9, Loss: 2.5366
Epoch 3, Batch 10, Loss: 2.4871
[DTW] raw: pos=173.1  neg=1148.4  |  prob: pos_wins=0.992 (goal→1.0)  |  gap=-7.620  loss=2.3802
[LOSS] alignment_loss_type=d3tw_char_pool  d3tw_loss=2.3802  d3tw_cost_pos=173.0555  d3tw_cost_neg=1148.3835  total_loss=2.3802  char_pool_loss=0.1081  effective_char_pool_weight=0.0000  char_pool_acc_top1=0.9875  char_pool_acc_top5=0.9981  char_pool_valid_chars=2080  char_pool_num_chars=2080  window_size=16  stride=16  window_overlap_mode=no_overlap  num_windows=64  sequence_length=128
Epoch 3, Batch 11, Loss: 2.3802
Epoch 3, Batch 12, Loss: 2.5811
Epoch 3, Batch 13, Loss: 2.3047
Epoch 3, Batch 14, Loss: 2.3473
Epoch 3, Batch 15, Loss: 2.5397
Epoch 3, Batch 16, Loss: 2.3874
Epoch 3, Batch 17, Loss: 2.5044
Epoch 3, Batch 18, Loss: 2.4921
Epoch 3, Batch 19, Loss: 2.4131
Epoch 3, Batch 20, Loss: 2.4604
[DTW] raw: pos=180.1  neg=1131.5  |  prob: pos_wins=0.990 (goal→1.0)  |  gap=-7.433  loss=2.5673
[LOSS] alignment_loss_type=d3tw_char_pool  d3tw_loss=2.5673  d3tw_cost_pos=180.1463  d3tw_cost_neg=1131.5200  total_loss=2.5673  char_pool_loss=0.0946  effective_char_pool_weight=0.0000  char_pool_acc_top1=0.9856  char_pool_acc_top5=0.9986  char_pool_valid_chars=2080  char_pool_num_chars=2080  window_size=16  stride=16  window_overlap_mode=no_overlap  num_windows=64  sequence_length=128
Epoch 3, Batch 21, Loss: 2.5673
Epoch 3, Batch 22, Loss: 2.3982
Epoch 3, Batch 23, Loss: 2.4470
Epoch 3, Batch 24, Loss: 2.5628
Epoch 3, Batch 25, Loss: 2.4619
Epoch 3, Batch 26, Loss: 2.4449
Epoch 3, Batch 27, Loss: 2.4338
Epoch 3, Batch 28, Loss: 2.4220
Epoch 3, Batch 29, Loss: 2.4377
Epoch 3, Batch 30, Loss: 2.3919
[DTW] raw: pos=178.7  neg=1160.7  |  prob: pos_wins=0.993 (goal→1.0)  |  gap=-7.672  loss=2.3280
[LOSS] alignment_loss_type=d3tw_char_pool  d3tw_loss=2.3280  d3tw_cost_pos=178.6749  d3tw_cost_neg=1160.7319  total_loss=2.3280  char_pool_loss=0.1337  effective_char_pool_weight=0.0000  char_pool_acc_top1=0.9861  char_pool_acc_top5=0.9947  char_pool_valid_chars=2080  char_pool_num_chars=2080  window_size=16  stride=16  window_overlap_mode=no_overlap  num_windows=64  sequence_length=128
Epoch 3, Batch 31, Loss: 2.3280
Epoch 3, Batch 32, Loss: 2.5014
Epoch 3, Batch 33, Loss: 2.5102
Epoch 3, Batch 34, Loss: 2.4906
Epoch 3, Batch 35, Loss: 2.4426
Epoch 3, Batch 36, Loss: 2.3980
Epoch 3, Batch 37, Loss: 2.4145
Epoch 3, Batch 38, Loss: 2.4289
Epoch 3, Batch 39, Loss: 2.5398
Epoch 3, Batch 40, Loss: 2.4718
[DTW] raw: pos=177.8  neg=1156.6  |  prob: pos_wins=0.993 (goal→1.0)  |  gap=-7.647  loss=2.3532
[LOSS] alignment_loss_type=d3tw_char_pool  d3tw_loss=2.3532  d3tw_cost_pos=177.8086  d3tw_cost_neg=1156.5863  total_loss=2.3532  char_pool_loss=0.1026  effective_char_pool_weight=0.0000  char_pool_acc_top1=0.9870  char_pool_acc_top5=0.9971  char_pool_valid_chars=2080  char_pool_num_chars=2080  window_size=16  stride=16  window_overlap_mode=no_overlap  num_windows=64  sequence_length=128
Epoch 3, Batch 41, Loss: 2.3532
Epoch 3, Batch 42, Loss: 2.4683
Epoch 3, Batch 43, Loss: 2.5413
Epoch 3, Batch 44, Loss: 2.4964
Epoch 3, Batch 45, Loss: 2.5419
Epoch 3, Batch 46, Loss: 2.5099
Epoch 3, Batch 47, Loss: 2.4428
Epoch 3, Batch 48, Loss: 2.3982
Epoch 3, Batch 49, Loss: 2.4287
Epoch 3, Batch 50, Loss: 2.6749
[DTW] raw: pos=178.1  neg=1145.3  |  prob: pos_wins=0.992 (goal→1.0)  |  gap=-7.556  loss=2.4440
[LOSS] alignment_loss_type=d3tw_char_pool  d3tw_loss=2.4440  d3tw_cost_pos=178.1465  d3tw_cost_neg=1145.3008  total_loss=2.4440  char_pool_loss=0.0899  effective_char_pool_weight=0.0000  char_pool_acc_top1=0.9889  char_pool_acc_top5=0.9971  char_pool_valid_chars=2080  char_pool_num_chars=2080  window_size=16  stride=16  window_overlap_mode=no_overlap  num_windows=64  sequence_length=128
Epoch 3, Batch 51, Loss: 2.4440
Epoch 3, Batch 52, Loss: 2.3709
Epoch 3, Batch 53, Loss: 2.4312
Epoch 3, Batch 54, Loss: 2.4759
Epoch 3, Batch 55, Loss: 2.3956
Epoch 3, Batch 56, Loss: 2.3987
Epoch 3, Batch 57, Loss: 2.4106
Epoch 3, Batch 58, Loss: 2.4642
Epoch 3, Batch 59, Loss: 2.5157
Epoch 3, Batch 60, Loss: 2.4481
[DTW] raw: pos=183.3  neg=1134.3  |  prob: pos_wins=0.990 (goal→1.0)  |  gap=-7.430  loss=2.5704
[LOSS] alignment_loss_type=d3tw_char_pool  d3tw_loss=2.5704  d3tw_cost_pos=183.3202  d3tw_cost_neg=1134.3018  total_loss=2.5704  char_pool_loss=0.1252  effective_char_pool_weight=0.0000  char_pool_acc_top1=0.9846  char_pool_acc_top5=0.9947  char_pool_valid_chars=2080  char_pool_num_chars=2080  window_size=16  stride=16  window_overlap_mode=no_overlap  num_windows=64  sequence_length=128
Epoch 3, Batch 61, Loss: 2.5704
Epoch 3, Batch 62, Loss: 2.3293
Epoch 3, Batch 63, Loss: 2.5100
Epoch 3, Batch 64, Loss: 2.4015
Epoch 3, Batch 65, Loss: 2.4741
Epoch 3, Batch 66, Loss: 2.6038
Epoch 3, Batch 67, Loss: 2.3893
Epoch 3, Batch 68, Loss: 2.3770
Epoch 3, Batch 69, Loss: 2.4495
Epoch 3, Batch 70, Loss: 2.3539
[DTW] raw: pos=177.8  neg=1152.0  |  prob: pos_wins=0.992 (goal→1.0)  |  gap=-7.611  loss=2.3892
[LOSS] alignment_loss_type=d3tw_char_pool  d3tw_loss=2.3892  d3tw_cost_pos=177.7823  d3tw_cost_neg=1151.9521  total_loss=2.3892  char_pool_loss=0.1224  effective_char_pool_weight=0.0000  char_pool_acc_top1=0.9856  char_pool_acc_top5=0.9947  char_pool_valid_chars=2080  char_pool_num_chars=2080  window_size=16  stride=16  window_overlap_mode=no_overlap  num_windows=64  sequence_length=128
Epoch 3, Batch 71, Loss: 2.3892
Epoch 3, Batch 72, Loss: 2.5057
Epoch 3, Batch 73, Loss: 2.4436
Epoch 3, Batch 74, Loss: 2.3801
Epoch 3, Batch 75, Loss: 2.5157
Epoch 3, Batch 76, Loss: 2.3252
Epoch 3, Batch 77, Loss: 2.4084
Epoch 3, Batch 78, Loss: 2.2952
Epoch 3, Batch 79, Loss: 2.4880
Epoch 3, Batch 80, Loss: 2.3517
[DTW] raw: pos=182.6  neg=1147.2  |  prob: pos_wins=0.991 (goal→1.0)  |  gap=-7.536  loss=2.4639
[LOSS] alignment_loss_type=d3tw_char_pool  d3tw_loss=2.4639  d3tw_cost_pos=182.5756  d3tw_cost_neg=1147.1904  total_loss=2.4639  char_pool_loss=0.1785  effective_char_pool_weight=0.0000  char_pool_acc_top1=0.9817  char_pool_acc_top5=0.9933  char_pool_valid_chars=2080  char_pool_num_chars=2080  window_size=16  stride=16  window_overlap_mode=no_overlap  num_windows=64  sequence_length=128
Epoch 3, Batch 81, Loss: 2.4639
Epoch 3, Batch 82, Loss: 2.3965
Epoch 3, Batch 83, Loss: 2.4157
Epoch 3, Batch 84, Loss: 2.5104
Epoch 3, Batch 85, Loss: 2.3077
Epoch 3, Batch 86, Loss: 2.4132
Epoch 3, Batch 87, Loss: 2.4026
Epoch 3, Batch 88, Loss: 2.5142
Epoch 3, Batch 89, Loss: 2.5036
Epoch 3, Batch 90, Loss: 2.3367
[DTW] raw: pos=175.4  neg=1146.7  |  prob: pos_wins=0.991 (goal→1.0)  |  gap=-7.588  loss=2.4115
[LOSS] alignment_loss_type=d3tw_char_pool  d3tw_loss=2.4115  d3tw_cost_pos=175.3909  d3tw_cost_neg=1146.7086  total_loss=2.4115  char_pool_loss=0.1097  effective_char_pool_weight=0.0000  char_pool_acc_top1=0.9880  char_pool_acc_top5=0.9962  char_pool_valid_chars=2080  char_pool_num_chars=2080  window_size=16  stride=16  window_overlap_mode=no_overlap  num_windows=64  sequence_length=128
Epoch 3, Batch 91, Loss: 2.4115
Epoch 3, Batch 92, Loss: 2.3382
Epoch 3, Batch 93, Loss: 2.4924
Epoch 3, Batch 94, Loss: 2.3113
Epoch 3, Batch 95, Loss: 2.4419
Epoch 3, Batch 96, Loss: 2.4050
Epoch 3, Batch 97, Loss: 2.4322
Epoch 3, Batch 98, Loss: 2.3526
Epoch 3, Batch 99, Loss: 2.3656
Epoch 3, Batch 100, Loss: 2.5079
[DTW] raw: pos=179.5  neg=1151.8  |  prob: pos_wins=0.992 (goal→1.0)  |  gap=-7.596  loss=2.4041
[LOSS] alignment_loss_type=d3tw_char_pool  d3tw_loss=2.4041  d3tw_cost_pos=179.4897  d3tw_cost_neg=1151.7528  total_loss=2.4041  char_pool_loss=0.0664  effective_char_pool_weight=0.0000  char_pool_acc_top1=0.9923  char_pool_acc_top5=0.9966  char_pool_valid_chars=2080  char_pool_num_chars=2080  window_size=16  stride=16  window_overlap_mode=no_overlap  num_windows=64  sequence_length=128
Epoch 3, Batch 101, Loss: 2.4041
Epoch 3, Batch 102, Loss: 2.4961
Epoch 3, Batch 103, Loss: 2.3657
Epoch 3, Batch 104, Loss: 2.4397
Epoch 3, Batch 105, Loss: 2.3377
Epoch 3, Batch 106, Loss: 2.4425
Epoch 3, Batch 107, Loss: 2.4457
Epoch 3, Batch 108, Loss: 2.5404
Epoch 3, Batch 109, Loss: 2.3815
Epoch 3, Batch 110, Loss: 2.3299
[DTW] raw: pos=176.1  neg=1148.3  |  prob: pos_wins=0.992 (goal→1.0)  |  gap=-7.595  loss=2.4045
[LOSS] alignment_loss_type=d3tw_char_pool  d3tw_loss=2.4045  d3tw_cost_pos=176.0763  d3tw_cost_neg=1148.2965  total_loss=2.4045  char_pool_loss=0.0648  effective_char_pool_weight=0.0000  char_pool_acc_top1=0.9894  char_pool_acc_top5=0.9976  char_pool_valid_chars=2080  char_pool_num_chars=2080  window_size=16  stride=16  window_overlap_mode=no_overlap  num_windows=64  sequence_length=128
Epoch 3, Batch 111, Loss: 2.4045
Epoch 3, Batch 112, Loss: 2.5364
Epoch 3, Batch 113, Loss: 2.3271
Epoch 3, Batch 114, Loss: 2.3296
Epoch 3, Batch 115, Loss: 2.4091
Epoch 3, Batch 116, Loss: 2.4425
Epoch 3, Batch 117, Loss: 2.4728
Epoch 3, Batch 118, Loss: 2.3141
Epoch 3, Batch 119, Loss: 2.2822
Epoch 3, Batch 120, Loss: 2.5343
[DTW] raw: pos=182.7  neg=1146.8  |  prob: pos_wins=0.992 (goal→1.0)  |  gap=-7.532  loss=2.4681
[LOSS] alignment_loss_type=d3tw_char_pool  d3tw_loss=2.4681  d3tw_cost_pos=182.7484  d3tw_cost_neg=1146.8213  total_loss=2.4681  char_pool_loss=0.0683  effective_char_pool_weight=0.0000  char_pool_acc_top1=0.9913  char_pool_acc_top5=0.9976  char_pool_valid_chars=2080  char_pool_num_chars=2080  window_size=16  stride=16  window_overlap_mode=no_overlap  num_windows=64  sequence_length=128
Epoch 3, Batch 121, Loss: 2.4681
Epoch 3, Batch 122, Loss: 2.4253
Epoch 3, Batch 123, Loss: 2.3880
Epoch 3, Batch 124, Loss: 2.3063
Epoch 3, Batch 125, Loss: 2.3606
Epoch 3, Batch 126, Loss: 2.2834
Epoch 3, Batch 127, Loss: 2.4689
Epoch 3, Batch 128, Loss: 2.4036
Epoch 3, Batch 129, Loss: 2.3768
Epoch 3, Batch 130, Loss: 2.4461
[DTW] raw: pos=178.8  neg=1147.3  |  prob: pos_wins=0.992 (goal→1.0)  |  gap=-7.566  loss=2.4339
[LOSS] alignment_loss_type=d3tw_char_pool  d3tw_loss=2.4339  d3tw_cost_pos=178.8063  d3tw_cost_neg=1147.2627  total_loss=2.4339  char_pool_loss=0.0952  effective_char_pool_weight=0.0000  char_pool_acc_top1=0.9875  char_pool_acc_top5=0.9976  char_pool_valid_chars=2080  char_pool_num_chars=2080  window_size=16  stride=16  window_overlap_mode=no_overlap  num_windows=64  sequence_length=128
Epoch 3, Batch 131, Loss: 2.4339
Epoch 3, Batch 132, Loss: 2.3364
Epoch 3, Batch 133, Loss: 2.4821
Epoch 3, Batch 134, Loss: 2.3481
Epoch 3, Batch 135, Loss: 2.3253
Epoch 3, Batch 136, Loss: 2.3672
Epoch 3, Batch 137, Loss: 2.3475
Epoch 3, Batch 138, Loss: 2.3537
Epoch 3, Batch 139, Loss: 2.3462
Epoch 3, Batch 140, Loss: 2.4446
[DTW] raw: pos=173.1  neg=1154.5  |  prob: pos_wins=0.993 (goal→1.0)  |  gap=-7.667  loss=2.3328
[LOSS] alignment_loss_type=d3tw_char_pool  d3tw_loss=2.3328  d3tw_cost_pos=173.1292  d3tw_cost_neg=1154.5251  total_loss=2.3328  char_pool_loss=0.1280  effective_char_pool_weight=0.0000  char_pool_acc_top1=0.9865  char_pool_acc_top5=0.9966  char_pool_valid_chars=2080  char_pool_num_chars=2080  window_size=16  stride=16  window_overlap_mode=no_overlap  num_windows=64  sequence_length=128
Epoch 3, Batch 141, Loss: 2.3328
Epoch 3, Batch 142, Loss: 2.4020
Epoch 3, Batch 143, Loss: 2.3795
Epoch 3, Batch 144, Loss: 2.3934
Epoch 3, Batch 145, Loss: 2.3219
Epoch 3, Batch 146, Loss: 2.3365
Epoch 3, Batch 147, Loss: 2.3024
Epoch 3, Batch 148, Loss: 2.3504
Epoch 3, Batch 149, Loss: 2.5125
Epoch 3, Batch 150, Loss: 2.2684
[DTW] raw: pos=181.3  neg=1157.6  |  prob: pos_wins=0.993 (goal→1.0)  |  gap=-7.627  loss=2.3731
[LOSS] alignment_loss_type=d3tw_char_pool  d3tw_loss=2.3731  d3tw_cost_pos=181.3491  d3tw_cost_neg=1157.5854  total_loss=2.3731  char_pool_loss=0.1139  effective_char_pool_weight=0.0000  char_pool_acc_top1=0.9861  char_pool_acc_top5=0.9957  char_pool_valid_chars=2080  char_pool_num_chars=2080  window_size=16  stride=16  window_overlap_mode=no_overlap  num_windows=64  sequence_length=128
Epoch 3, Batch 151, Loss: 2.3731
Epoch 3, Batch 152, Loss: 2.3523
Epoch 3, Batch 153, Loss: 2.3141
Epoch 3, Batch 154, Loss: 2.4684
Epoch 3, Batch 155, Loss: 2.3660
Epoch 3, Batch 156, Loss: 2.3394
Epoch 3, Batch 157, Loss: 2.3992
Epoch 3, Batch 158, Loss: 2.4141
Epoch 3, Batch 159, Loss: 2.3665
Epoch 3, Batch 160, Loss: 2.3703
[DTW] raw: pos=173.0  neg=1151.6  |  prob: pos_wins=0.992 (goal→1.0)  |  gap=-7.645  loss=2.3545
[LOSS] alignment_loss_type=d3tw_char_pool  d3tw_loss=2.3545  d3tw_cost_pos=173.0382  d3tw_cost_neg=1151.6484  total_loss=2.3545  char_pool_loss=0.0919  effective_char_pool_weight=0.0000  char_pool_acc_top1=0.9880  char_pool_acc_top5=0.9971  char_pool_valid_chars=2080  char_pool_num_chars=2080  window_size=16  stride=16  window_overlap_mode=no_overlap  num_windows=64  sequence_length=128
Epoch 3, Batch 161, Loss: 2.3545
Epoch 3, Batch 162, Loss: 2.5024
Epoch 3, Batch 163, Loss: 2.3964
Epoch 3, Batch 164, Loss: 2.3233
Epoch 3, Batch 165, Loss: 2.3623
Epoch 3, Batch 166, Loss: 2.4365
Epoch 3, Batch 167, Loss: 2.3054
Epoch 3, Batch 168, Loss: 2.4173
Epoch 3, Batch 169, Loss: 2.3014
Epoch 3, Batch 170, Loss: 2.3498
[DTW] raw: pos=173.7  neg=1164.1  |  prob: pos_wins=0.994 (goal→1.0)  |  gap=-7.738  loss=2.2623
[LOSS] alignment_loss_type=d3tw_char_pool  d3tw_loss=2.2623  d3tw_cost_pos=173.7044  d3tw_cost_neg=1164.1189  total_loss=2.2623  char_pool_loss=0.1070  effective_char_pool_weight=0.0000  char_pool_acc_top1=0.9870  char_pool_acc_top5=0.9962  char_pool_valid_chars=2080  char_pool_num_chars=2080  window_size=16  stride=16  window_overlap_mode=no_overlap  num_windows=64  sequence_length=128
Epoch 3, Batch 171, Loss: 2.2623
Epoch 3, Batch 172, Loss: 2.3329
Epoch 3, Batch 173, Loss: 2.3894
Epoch 3, Batch 174, Loss: 2.4042
Epoch 3, Batch 175, Loss: 2.3024
Epoch 3, Batch 176, Loss: 2.3299
Epoch 3, Batch 177, Loss: 2.3627
Epoch 3, Batch 178, Loss: 2.3929
Epoch 3, Batch 179, Loss: 2.3868
Epoch 3, Batch 180, Loss: 2.3201
[DTW] raw: pos=171.3  neg=1156.8  |  prob: pos_wins=0.993 (goal→1.0)  |  gap=-7.699  loss=2.3005
[LOSS] alignment_loss_type=d3tw_char_pool  d3tw_loss=2.3005  d3tw_cost_pos=171.2919  d3tw_cost_neg=1156.8119  total_loss=2.3005  char_pool_loss=0.0299  effective_char_pool_weight=0.0000  char_pool_acc_top1=0.9947  char_pool_acc_top5=0.9990  char_pool_valid_chars=2080  char_pool_num_chars=2080  window_size=16  stride=16  window_overlap_mode=no_overlap  num_windows=64  sequence_length=128
Epoch 3, Batch 181, Loss: 2.3005
Epoch 3, Batch 182, Loss: 2.4101
Epoch 3, Batch 183, Loss: 2.4929
Epoch 3, Batch 184, Loss: 2.3462
Epoch 3, Batch 185, Loss: 2.4120
Epoch 3, Batch 186, Loss: 2.3783
Epoch 3, Batch 187, Loss: 2.3176
Epoch 3, Batch 188, Loss: 2.4596
Epoch 3 - Train Loss: 2.4143
[DTW] raw: pos=179.2  neg=1160.8  |  prob: pos_wins=0.993 (goal→1.0)  |  gap=-7.668  loss=2.3316
[LOSS] alignment_loss_type=d3tw_char_pool  d3tw_loss=2.3316  d3tw_cost_pos=179.2169  d3tw_cost_neg=1160.7610  total_loss=2.3316  char_pool_loss=0.1147  effective_char_pool_weight=0.0000  char_pool_acc_top1=0.9856  char_pool_acc_top5=0.9981  char_pool_valid_chars=2080  char_pool_num_chars=2080  window_size=16  stride=16  window_overlap_mode=no_overlap  num_windows=64  sequence_length=128
[DTW] raw: pos=174.6  neg=1180.1  |  prob: pos_wins=0.994 (goal→1.0)  |  gap=-7.855  loss=2.1450
[LOSS] alignment_loss_type=d3tw_char_pool  d3tw_loss=2.1450  d3tw_cost_pos=174.6450  d3tw_cost_neg=1180.0757  total_loss=2.1450  char_pool_loss=0.0795  effective_char_pool_weight=0.0000  char_pool_acc_top1=0.9899  char_pool_acc_top5=0.9966  char_pool_valid_chars=2080  char_pool_num_chars=2080  window_size=16  stride=16  window_overlap_mode=no_overlap  num_windows=64  sequence_length=128
[DTW] raw: pos=179.7  neg=1178.5  |  prob: pos_wins=0.993 (goal→1.0)  |  gap=-7.804  loss=2.1964
[LOSS] alignment_loss_type=d3tw_char_pool  d3tw_loss=2.1964  d3tw_cost_pos=179.6583  d3tw_cost_neg=1178.5081  total_loss=2.1964  char_pool_loss=0.0960  effective_char_pool_weight=0.0000  char_pool_acc_top1=0.9885  char_pool_acc_top5=0.9962  char_pool_valid_chars=2080  char_pool_num_chars=2080  window_size=16  stride=16  window_overlap_mode=no_overlap  num_windows=64  sequence_length=128
[DTW] raw: pos=174.3  neg=1164.9  |  prob: pos_wins=0.993 (goal→1.0)  |  gap=-7.739  loss=2.2607
[LOSS] alignment_loss_type=d3tw_char_pool  d3tw_loss=2.2607  d3tw_cost_pos=174.2530  d3tw_cost_neg=1164.8766  total_loss=2.2607  char_pool_loss=0.0865  effective_char_pool_weight=0.0000  char_pool_acc_top1=0.9880  char_pool_acc_top5=0.9981  char_pool_valid_chars=2080  char_pool_num_chars=2080  window_size=16  stride=16  window_overlap_mode=no_overlap  num_windows=64  sequence_length=128
[DTW] raw: pos=177.2  neg=1175.0  |  prob: pos_wins=0.993 (goal→1.0)  |  gap=-7.796  loss=2.2040
[LOSS] alignment_loss_type=d3tw_char_pool  d3tw_loss=2.2040  d3tw_cost_pos=177.1720  d3tw_cost_neg=1175.0436  total_loss=2.2040  char_pool_loss=0.1078  effective_char_pool_weight=0.0000  char_pool_acc_top1=0.9851  char_pool_acc_top5=0.9971  char_pool_valid_chars=2080  char_pool_num_chars=2080  window_size=16  stride=16  window_overlap_mode=no_overlap  num_windows=64  sequence_length=128
[DTW] raw: pos=177.6  neg=1166.6  |  prob: pos_wins=0.993 (goal→1.0)  |  gap=-7.727  loss=2.2729
[LOSS] alignment_loss_type=d3tw_char_pool  d3tw_loss=2.2729  d3tw_cost_pos=177.5505  d3tw_cost_neg=1166.6064  total_loss=2.2729  char_pool_loss=0.1297  effective_char_pool_weight=0.0000  char_pool_acc_top1=0.9851  char_pool_acc_top5=0.9962  char_pool_valid_chars=2080  char_pool_num_chars=2080  window_size=16  stride=16  window_overlap_mode=no_overlap  num_windows=64  sequence_length=128
[DTW] raw: pos=174.6  neg=1165.6  |  prob: pos_wins=0.993 (goal→1.0)  |  gap=-7.743  loss=2.2585
[LOSS] alignment_loss_type=d3tw_char_pool  d3tw_loss=2.2585  d3tw_cost_pos=174.5675  d3tw_cost_neg=1165.6440  total_loss=2.2585  char_pool_loss=0.1264  effective_char_pool_weight=0.0000  char_pool_acc_top1=0.9841  char_pool_acc_top5=0.9957  char_pool_valid_chars=2080  char_pool_num_chars=2080  window_size=16  stride=16  window_overlap_mode=no_overlap  num_windows=64  sequence_length=128
Epoch 3 - Validation Loss: 2.2364
Epoch 3 completed in 13m 33.99s
Epoch 3 - Peak GPU memory: 2267.0 MB
============================================================
Epoch 4 - Soft-DTW gamma: 0.100000
[DTW] raw: pos=174.2  neg=1155.7  |  prob: pos_wins=0.993 (goal→1.0)  |  gap=-7.667  loss=2.3326
[LOSS] alignment_loss_type=d3tw_char_pool  d3tw_loss=2.3326  d3tw_cost_pos=174.2413  d3tw_cost_neg=1155.6570  total_loss=2.3326  char_pool_loss=0.0539  effective_char_pool_weight=0.0000  char_pool_acc_top1=0.9923  char_pool_acc_top5=0.9995  char_pool_valid_chars=2080  char_pool_num_chars=2080  window_size=16  stride=16  window_overlap_mode=no_overlap  num_windows=64  sequence_length=128
Epoch 4, Batch 1, Loss: 2.3326
Epoch 4, Batch 2, Loss: 2.2562
Epoch 4, Batch 3, Loss: 2.3268
Epoch 4, Batch 4, Loss: 2.3874
Epoch 4, Batch 5, Loss: 2.3721
Epoch 4, Batch 6, Loss: 2.3446
Epoch 4, Batch 7, Loss: 2.4637
Epoch 4, Batch 8, Loss: 2.2791
Epoch 4, Batch 9, Loss: 2.3134
Epoch 4, Batch 10, Loss: 2.3466
[DTW] raw: pos=177.2  neg=1157.2  |  prob: pos_wins=0.992 (goal→1.0)  |  gap=-7.657  loss=2.3432
[LOSS] alignment_loss_type=d3tw_char_pool  d3tw_loss=2.3432  d3tw_cost_pos=177.1633  d3tw_cost_neg=1157.2181  total_loss=2.3432  char_pool_loss=0.1299  effective_char_pool_weight=0.0000  char_pool_acc_top1=0.9856  char_pool_acc_top5=0.9947  char_pool_valid_chars=2080  char_pool_num_chars=2080  window_size=16  stride=16  window_overlap_mode=no_overlap  num_windows=64  sequence_length=128
Epoch 4, Batch 11, Loss: 2.3432
Epoch 4, Batch 12, Loss: 2.3141
Epoch 4, Batch 13, Loss: 2.3486
Epoch 4, Batch 14, Loss: 2.3685
Epoch 4, Batch 15, Loss: 2.4711
Epoch 4, Batch 16, Loss: 2.4323
Epoch 4, Batch 17, Loss: 2.2532
Epoch 4, Batch 18, Loss: 2.3773
Epoch 4, Batch 19, Loss: 2.3653
Epoch 4, Batch 20, Loss: 2.3752
[DTW] raw: pos=173.1  neg=1152.4  |  prob: pos_wins=0.993 (goal→1.0)  |  gap=-7.651  loss=2.3492
[LOSS] alignment_loss_type=d3tw_char_pool  d3tw_loss=2.3492  d3tw_cost_pos=173.1207  d3tw_cost_neg=1152.4167  total_loss=2.3492  char_pool_loss=0.1558  effective_char_pool_weight=0.0000  char_pool_acc_top1=0.9841  char_pool_acc_top5=0.9942  char_pool_valid_chars=2080  char_pool_num_chars=2080  window_size=16  stride=16  window_overlap_mode=no_overlap  num_windows=64  sequence_length=128
Epoch 4, Batch 21, Loss: 2.3492
Epoch 4, Batch 22, Loss: 2.3993
Epoch 4, Batch 23, Loss: 2.1940
Epoch 4, Batch 24, Loss: 2.3271
Epoch 4, Batch 25, Loss: 2.2718
Epoch 4, Batch 26, Loss: 2.1920
Epoch 4, Batch 27, Loss: 2.3766
Epoch 4, Batch 28, Loss: 2.3850
Epoch 4, Batch 29, Loss: 2.3380
Epoch 4, Batch 30, Loss: 2.4096
[DTW] raw: pos=180.4  neg=1146.8  |  prob: pos_wins=0.992 (goal→1.0)  |  gap=-7.551  loss=2.4494
[LOSS] alignment_loss_type=d3tw_char_pool  d3tw_loss=2.4494  d3tw_cost_pos=180.3773  d3tw_cost_neg=1146.8433  total_loss=2.4494  char_pool_loss=0.1072  effective_char_pool_weight=0.0000  char_pool_acc_top1=0.9865  char_pool_acc_top5=0.9966  char_pool_valid_chars=2080  char_pool_num_chars=2080  window_size=16  stride=16  window_overlap_mode=no_overlap  num_windows=64  sequence_length=128
Epoch 4, Batch 31, Loss: 2.4494
Epoch 4, Batch 32, Loss: 2.2649
Epoch 4, Batch 33, Loss: 2.2407
Epoch 4, Batch 34, Loss: 2.3393
Epoch 4, Batch 35, Loss: 2.4070
Epoch 4, Batch 36, Loss: 2.2868
Epoch 4, Batch 37, Loss: 2.4444
Epoch 4, Batch 38, Loss: 2.2622
Epoch 4, Batch 39, Loss: 2.2224
Epoch 4, Batch 40, Loss: 2.3863
[DTW] raw: pos=177.9  neg=1148.6  |  prob: pos_wins=0.992 (goal→1.0)  |  gap=-7.584  loss=2.4159
[LOSS] alignment_loss_type=d3tw_char_pool  d3tw_loss=2.4159  d3tw_cost_pos=177.8876  d3tw_cost_neg=1148.6421  total_loss=2.4159  char_pool_loss=0.0957  effective_char_pool_weight=0.0000  char_pool_acc_top1=0.9885  char_pool_acc_top5=0.9962  char_pool_valid_chars=2080  char_pool_num_chars=2080  window_size=16  stride=16  window_overlap_mode=no_overlap  num_windows=64  sequence_length=128
Epoch 4, Batch 41, Loss: 2.4159
Epoch 4, Batch 42, Loss: 2.3528
Epoch 4, Batch 43, Loss: 2.3601
Epoch 4, Batch 44, Loss: 2.4284
Epoch 4, Batch 45, Loss: 2.2698
Epoch 4, Batch 46, Loss: 2.3622
Epoch 4, Batch 47, Loss: 2.3354
Epoch 4, Batch 48, Loss: 2.1961
Epoch 4, Batch 49, Loss: 2.2380
Epoch 4, Batch 50, Loss: 2.2670
[DTW] raw: pos=174.2  neg=1151.6  |  prob: pos_wins=0.992 (goal→1.0)  |  gap=-7.635  loss=2.3645
[LOSS] alignment_loss_type=d3tw_char_pool  d3tw_loss=2.3645  d3tw_cost_pos=174.2312  d3tw_cost_neg=1151.5697  total_loss=2.3645  char_pool_loss=0.0527  effective_char_pool_weight=0.0000  char_pool_acc_top1=0.9933  char_pool_acc_top5=0.9986  char_pool_valid_chars=2080  char_pool_num_chars=2080  window_size=16  stride=16  window_overlap_mode=no_overlap  num_windows=64  sequence_length=128
Epoch 4, Batch 51, Loss: 2.3645
Epoch 4, Batch 52, Loss: 2.3013
Epoch 4, Batch 53, Loss: 2.1925
Epoch 4, Batch 54, Loss: 2.3880
Epoch 4, Batch 55, Loss: 2.3639
Epoch 4, Batch 56, Loss: 2.2850
Epoch 4, Batch 57, Loss: 2.2954
Epoch 4, Batch 58, Loss: 2.2646
Epoch 4, Batch 59, Loss: 2.4165
Epoch 4, Batch 60, Loss: 2.3507
[DTW] raw: pos=175.2  neg=1153.1  |  prob: pos_wins=0.992 (goal→1.0)  |  gap=-7.640  loss=2.3601
[LOSS] alignment_loss_type=d3tw_char_pool  d3tw_loss=2.3601  d3tw_cost_pos=175.2031  d3tw_cost_neg=1153.1000  total_loss=2.3601  char_pool_loss=0.0512  effective_char_pool_weight=0.0000  char_pool_acc_top1=0.9923  char_pool_acc_top5=0.9990  char_pool_valid_chars=2080  char_pool_num_chars=2080  window_size=16  stride=16  window_overlap_mode=no_overlap  num_windows=64  sequence_length=128
Epoch 4, Batch 61, Loss: 2.3601
Epoch 4, Batch 62, Loss: 2.2703
Epoch 4, Batch 63, Loss: 2.3319
Epoch 4, Batch 64, Loss: 2.3059
Epoch 4, Batch 65, Loss: 2.2427
Epoch 4, Batch 66, Loss: 2.4161
Epoch 4, Batch 67, Loss: 2.3060
Epoch 4, Batch 68, Loss: 2.2764
Epoch 4, Batch 69, Loss: 2.3251
Epoch 4, Batch 70, Loss: 2.2694
[DTW] raw: pos=174.8  neg=1151.3  |  prob: pos_wins=0.992 (goal→1.0)  |  gap=-7.629  loss=2.3708
[LOSS] alignment_loss_type=d3tw_char_pool  d3tw_loss=2.3708  d3tw_cost_pos=174.7629  d3tw_cost_neg=1151.2904  total_loss=2.3708  char_pool_loss=0.0511  effective_char_pool_weight=0.0000  char_pool_acc_top1=0.9938  char_pool_acc_top5=0.9986  char_pool_valid_chars=2080  char_pool_num_chars=2080  window_size=16  stride=16  window_overlap_mode=no_overlap  num_windows=64  sequence_length=128
Epoch 4, Batch 71, Loss: 2.3708
Epoch 4, Batch 72, Loss: 2.2821
Epoch 4, Batch 73, Loss: 2.3796
Epoch 4, Batch 74, Loss: 2.3319
Epoch 4, Batch 75, Loss: 2.2391
Epoch 4, Batch 76, Loss: 2.3302
Epoch 4, Batch 77, Loss: 2.2080
Epoch 4, Batch 78, Loss: 2.2702
Epoch 4, Batch 79, Loss: 2.2460
Epoch 4, Batch 80, Loss: 2.1665
[DTW] raw: pos=171.3  neg=1157.9  |  prob: pos_wins=0.993 (goal→1.0)  |  gap=-7.708  loss=2.2923
[LOSS] alignment_loss_type=d3tw_char_pool  d3tw_loss=2.2923  d3tw_cost_pos=171.3486  d3tw_cost_neg=1157.9467  total_loss=2.2923  char_pool_loss=0.0699  effective_char_pool_weight=0.0000  char_pool_acc_top1=0.9904  char_pool_acc_top5=0.9976  char_pool_valid_chars=2080  char_pool_num_chars=2080  window_size=16  stride=16  window_overlap_mode=no_overlap  num_windows=64  sequence_length=128
Epoch 4, Batch 81, Loss: 2.2923
Epoch 4, Batch 82, Loss: 2.3477
Epoch 4, Batch 83, Loss: 2.3284
Epoch 4, Batch 84, Loss: 2.2660
Epoch 4, Batch 85, Loss: 2.3439
Epoch 4, Batch 86, Loss: 2.2319
Epoch 4, Batch 87, Loss: 2.3661
Epoch 4, Batch 88, Loss: 2.3770
Epoch 4, Batch 89, Loss: 2.3222
Epoch 4, Batch 90, Loss: 2.3829
[DTW] raw: pos=177.5  neg=1152.1  |  prob: pos_wins=0.992 (goal→1.0)  |  gap=-7.614  loss=2.3857
[LOSS] alignment_loss_type=d3tw_char_pool  d3tw_loss=2.3857  d3tw_cost_pos=177.4826  d3tw_cost_neg=1152.1064  total_loss=2.3857  char_pool_loss=0.0966  effective_char_pool_weight=0.0000  char_pool_acc_top1=0.9880  char_pool_acc_top5=0.9966  char_pool_valid_chars=2080  char_pool_num_chars=2080  window_size=16  stride=16  window_overlap_mode=no_overlap  num_windows=64  sequence_length=128
Epoch 4, Batch 91, Loss: 2.3857
Epoch 4, Batch 92, Loss: 2.3301
Epoch 4, Batch 93, Loss: 2.4010
Epoch 4, Batch 94, Loss: 2.5454
Epoch 4, Batch 95, Loss: 2.3290
Epoch 4, Batch 96, Loss: 2.1933
Epoch 4, Batch 97, Loss: 2.2976
Epoch 4, Batch 98, Loss: 2.2810
Epoch 4, Batch 99, Loss: 2.2593
Epoch 4, Batch 100, Loss: 2.2865
[DTW] raw: pos=175.8  neg=1135.6  |  prob: pos_wins=0.991 (goal→1.0)  |  gap=-7.498  loss=2.5017
[LOSS] alignment_loss_type=d3tw_char_pool  d3tw_loss=2.5017  d3tw_cost_pos=175.7960  d3tw_cost_neg=1135.5702  total_loss=2.5017  char_pool_loss=0.0773  effective_char_pool_weight=0.0000  char_pool_acc_top1=0.9889  char_pool_acc_top5=0.9971  char_pool_valid_chars=2080  char_pool_num_chars=2080  window_size=16  stride=16  window_overlap_mode=no_overlap  num_windows=64  sequence_length=128
Epoch 4, Batch 101, Loss: 2.5017
Epoch 4, Batch 102, Loss: 2.3360
Epoch 4, Batch 103, Loss: 2.2695
Epoch 4, Batch 104, Loss: 2.2777
Epoch 4, Batch 105, Loss: 2.2515
Epoch 4, Batch 106, Loss: 2.3754
Epoch 4, Batch 107, Loss: 2.2549
Epoch 4, Batch 108, Loss: 2.1225
Epoch 4, Batch 109, Loss: 2.2261
Epoch 4, Batch 110, Loss: 2.2995
[DTW] raw: pos=166.9  neg=1171.1  |  prob: pos_wins=0.994 (goal→1.0)  |  gap=-7.845  loss=2.1551
[LOSS] alignment_loss_type=d3tw_char_pool  d3tw_loss=2.1551  d3tw_cost_pos=166.8925  d3tw_cost_neg=1171.0837  total_loss=2.1551  char_pool_loss=0.0393  effective_char_pool_weight=0.0000  char_pool_acc_top1=0.9947  char_pool_acc_top5=0.9990  char_pool_valid_chars=2080  char_pool_num_chars=2080  window_size=16  stride=16  window_overlap_mode=no_overlap  num_windows=64  sequence_length=128
Epoch 4, Batch 111, Loss: 2.1551
Epoch 4, Batch 112, Loss: 2.2786
Epoch 4, Batch 113, Loss: 2.3312
Epoch 4, Batch 114, Loss: 2.3182
Epoch 4, Batch 115, Loss: 2.2967
Epoch 4, Batch 116, Loss: 2.2988
Epoch 4, Batch 117, Loss: 2.3878
Epoch 4, Batch 118, Loss: 2.2861
Epoch 4, Batch 119, Loss: 2.2343
Epoch 4, Batch 120, Loss: 2.3288
[DTW] raw: pos=176.3  neg=1166.8  |  prob: pos_wins=0.993 (goal→1.0)  |  gap=-7.738  loss=2.2617
[LOSS] alignment_loss_type=d3tw_char_pool  d3tw_loss=2.2617  d3tw_cost_pos=176.3069  d3tw_cost_neg=1166.7965  total_loss=2.2617  char_pool_loss=0.0818  effective_char_pool_weight=0.0000  char_pool_acc_top1=0.9889  char_pool_acc_top5=0.9971  char_pool_valid_chars=2080  char_pool_num_chars=2080  window_size=16  stride=16  window_overlap_mode=no_overlap  num_windows=64  sequence_length=128
Epoch 4, Batch 121, Loss: 2.2617
Epoch 4, Batch 122, Loss: 2.2985
Epoch 4, Batch 123, Loss: 2.3188
Epoch 4, Batch 124, Loss: 2.3087
Epoch 4, Batch 125, Loss: 2.2343
Epoch 4, Batch 126, Loss: 2.2745
Epoch 4, Batch 127, Loss: 2.3311
Epoch 4, Batch 128, Loss: 2.3112
Epoch 4, Batch 129, Loss: 2.3192
Epoch 4, Batch 130, Loss: 2.3687
[DTW] raw: pos=174.1  neg=1168.9  |  prob: pos_wins=0.993 (goal→1.0)  |  gap=-7.772  loss=2.2277
[LOSS] alignment_loss_type=d3tw_char_pool  d3tw_loss=2.2277  d3tw_cost_pos=174.1005  d3tw_cost_neg=1168.9456  total_loss=2.2277  char_pool_loss=0.1245  effective_char_pool_weight=0.0000  char_pool_acc_top1=0.9870  char_pool_acc_top5=0.9952  char_pool_valid_chars=2080  char_pool_num_chars=2080  window_size=16  stride=16  window_overlap_mode=no_overlap  num_windows=64  sequence_length=128
Epoch 4, Batch 131, Loss: 2.2277
Epoch 4, Batch 132, Loss: 2.3289
Epoch 4, Batch 133, Loss: 2.3653
Epoch 4, Batch 134, Loss: 2.3628
Epoch 4, Batch 135, Loss: 2.3109
Epoch 4, Batch 136, Loss: 2.3232
Epoch 4, Batch 137, Loss: 2.2627
Epoch 4, Batch 138, Loss: 2.2942
Epoch 4, Batch 139, Loss: 2.2621
Epoch 4, Batch 140, Loss: 2.2643
[DTW] raw: pos=171.4  neg=1155.1  |  prob: pos_wins=0.992 (goal→1.0)  |  gap=-7.685  loss=2.3147
[LOSS] alignment_loss_type=d3tw_char_pool  d3tw_loss=2.3147  d3tw_cost_pos=171.4226  d3tw_cost_neg=1155.1284  total_loss=2.3147  char_pool_loss=0.1092  effective_char_pool_weight=0.0000  char_pool_acc_top1=0.9909  char_pool_acc_top5=0.9923  char_pool_valid_chars=2080  char_pool_num_chars=2080  window_size=16  stride=16  window_overlap_mode=no_overlap  num_windows=64  sequence_length=128
Epoch 4, Batch 141, Loss: 2.3147
Epoch 4, Batch 142, Loss: 2.2752
Epoch 4, Batch 143, Loss: 2.2161
Epoch 4, Batch 144, Loss: 2.2563
Epoch 4, Batch 145, Loss: 2.3999
Epoch 4, Batch 146, Loss: 2.3076
Epoch 4, Batch 147, Loss: 2.2104
Epoch 4, Batch 148, Loss: 2.3968
Epoch 4, Batch 149, Loss: 2.3680
Epoch 4, Batch 150, Loss: 2.3076
[DTW] raw: pos=174.2  neg=1159.0  |  prob: pos_wins=0.993 (goal→1.0)  |  gap=-7.693  loss=2.3070
[LOSS] alignment_loss_type=d3tw_char_pool  d3tw_loss=2.3070  d3tw_cost_pos=174.2452  d3tw_cost_neg=1158.9685  total_loss=2.3070  char_pool_loss=0.1204  effective_char_pool_weight=0.0000  char_pool_acc_top1=0.9880  char_pool_acc_top5=0.9938  char_pool_valid_chars=2080  char_pool_num_chars=2080  window_size=16  stride=16  window_overlap_mode=no_overlap  num_windows=64  sequence_length=128
Epoch 4, Batch 151, Loss: 2.3070
Epoch 4, Batch 152, Loss: 2.2264
Epoch 4, Batch 153, Loss: 2.2037
Epoch 4, Batch 154, Loss: 2.2077
Epoch 4, Batch 155, Loss: 2.2912
Epoch 4, Batch 156, Loss: 2.4271
Epoch 4, Batch 157, Loss: 2.2173
Epoch 4, Batch 158, Loss: 2.2687
Epoch 4, Batch 159, Loss: 2.3331
Epoch 4, Batch 160, Loss: 2.3158
[DTW] raw: pos=173.3  neg=1164.0  |  prob: pos_wins=0.994 (goal→1.0)  |  gap=-7.740  loss=2.2603
[LOSS] alignment_loss_type=d3tw_char_pool  d3tw_loss=2.2603  d3tw_cost_pos=173.2521  d3tw_cost_neg=1163.9526  total_loss=2.2603  char_pool_loss=0.0958  effective_char_pool_weight=0.0000  char_pool_acc_top1=0.9870  char_pool_acc_top5=0.9966  char_pool_valid_chars=2080  char_pool_num_chars=2080  window_size=16  stride=16  window_overlap_mode=no_overlap  num_windows=64  sequence_length=128
Epoch 4, Batch 161, Loss: 2.2603
Epoch 4, Batch 162, Loss: 2.2997
Epoch 4, Batch 163, Loss: 2.2766
Epoch 4, Batch 164, Loss: 2.2924
Epoch 4, Batch 165, Loss: 2.4058
Epoch 4, Batch 166, Loss: 2.1953
Epoch 4, Batch 167, Loss: 2.3072
Epoch 4, Batch 168, Loss: 2.3718
Epoch 4, Batch 169, Loss: 2.2593
Epoch 4, Batch 170, Loss: 2.3517
[DTW] raw: pos=174.9  neg=1166.9  |  prob: pos_wins=0.994 (goal→1.0)  |  gap=-7.750  loss=2.2507
[LOSS] alignment_loss_type=d3tw_char_pool  d3tw_loss=2.2507  d3tw_cost_pos=174.9128  d3tw_cost_neg=1166.8542  total_loss=2.2507  char_pool_loss=0.0373  effective_char_pool_weight=0.0000  char_pool_acc_top1=0.9942  char_pool_acc_top5=0.9986  char_pool_valid_chars=2080  char_pool_num_chars=2080  window_size=16  stride=16  window_overlap_mode=no_overlap  num_windows=64  sequence_length=128
Epoch 4, Batch 171, Loss: 2.2507
Epoch 4, Batch 172, Loss: 2.1946
Epoch 4, Batch 173, Loss: 2.3554
Epoch 4, Batch 174, Loss: 2.3540
Epoch 4, Batch 175, Loss: 2.3542
Epoch 4, Batch 176, Loss: 2.2046
Epoch 4, Batch 177, Loss: 2.3267
Epoch 4, Batch 178, Loss: 2.1873
Epoch 4, Batch 179, Loss: 2.2156
Epoch 4, Batch 180, Loss: 2.1723
[DTW] raw: pos=181.1  neg=1151.1  |  prob: pos_wins=0.992 (goal→1.0)  |  gap=-7.578  loss=2.4219
[LOSS] alignment_loss_type=d3tw_char_pool  d3tw_loss=2.4219  d3tw_cost_pos=181.1334  d3tw_cost_neg=1151.1139  total_loss=2.4219  char_pool_loss=0.0682  effective_char_pool_weight=0.0000  char_pool_acc_top1=0.9913  char_pool_acc_top5=0.9971  char_pool_valid_chars=2080  char_pool_num_chars=2080  window_size=16  stride=16  window_overlap_mode=no_overlap  num_windows=64  sequence_length=128
Epoch 4, Batch 181, Loss: 2.4219
Epoch 4, Batch 182, Loss: 2.3875
Epoch 4, Batch 183, Loss: 2.1919
Epoch 4, Batch 184, Loss: 2.3461
Epoch 4, Batch 185, Loss: 2.2638
Epoch 4, Batch 186, Loss: 2.2438
Epoch 4, Batch 187, Loss: 2.2695
Epoch 4, Batch 188, Loss: 2.1707
Epoch 4 - Train Loss: 2.3096
[DTW] raw: pos=171.9  neg=1166.9  |  prob: pos_wins=0.993 (goal→1.0)  |  gap=-7.773  loss=2.2273
[LOSS] alignment_loss_type=d3tw_char_pool  d3tw_loss=2.2273  d3tw_cost_pos=171.8976  d3tw_cost_neg=1166.9004  total_loss=2.2273  char_pool_loss=0.0638  effective_char_pool_weight=0.0000  char_pool_acc_top1=0.9918  char_pool_acc_top5=0.9981  char_pool_valid_chars=2080  char_pool_num_chars=2080  window_size=16  stride=16  window_overlap_mode=no_overlap  num_windows=64  sequence_length=128
[DTW] raw: pos=176.1  neg=1181.6  |  prob: pos_wins=0.994 (goal→1.0)  |  gap=-7.856  loss=2.1438
[LOSS] alignment_loss_type=d3tw_char_pool  d3tw_loss=2.1438  d3tw_cost_pos=176.0578  d3tw_cost_neg=1181.6417  total_loss=2.1438  char_pool_loss=0.0751  effective_char_pool_weight=0.0000  char_pool_acc_top1=0.9923  char_pool_acc_top5=0.9966  char_pool_valid_chars=2080  char_pool_num_chars=2080  window_size=16  stride=16  window_overlap_mode=no_overlap  num_windows=64  sequence_length=128
[DTW] raw: pos=177.3  neg=1177.6  |  prob: pos_wins=0.994 (goal→1.0)  |  gap=-7.815  loss=2.1859
[LOSS] alignment_loss_type=d3tw_char_pool  d3tw_loss=2.1859  d3tw_cost_pos=177.3325  d3tw_cost_neg=1177.6292  total_loss=2.1859  char_pool_loss=0.0885  effective_char_pool_weight=0.0000  char_pool_acc_top1=0.9899  char_pool_acc_top5=0.9957  char_pool_valid_chars=2080  char_pool_num_chars=2080  window_size=16  stride=16  window_overlap_mode=no_overlap  num_windows=64  sequence_length=128
[DTW] raw: pos=172.2  neg=1170.0  |  prob: pos_wins=0.993 (goal→1.0)  |  gap=-7.795  loss=2.2047
[LOSS] alignment_loss_type=d3tw_char_pool  d3tw_loss=2.2047  d3tw_cost_pos=172.2219  d3tw_cost_neg=1170.0132  total_loss=2.2047  char_pool_loss=0.1058  effective_char_pool_weight=0.0000  char_pool_acc_top1=0.9870  char_pool_acc_top5=0.9962  char_pool_valid_chars=2080  char_pool_num_chars=2080  window_size=16  stride=16  window_overlap_mode=no_overlap  num_windows=64  sequence_length=128
[DTW] raw: pos=173.3  neg=1188.2  |  prob: pos_wins=0.995 (goal→1.0)  |  gap=-7.929  loss=2.0723
[LOSS] alignment_loss_type=d3tw_char_pool  d3tw_loss=2.0723  d3tw_cost_pos=173.3494  d3tw_cost_neg=1188.2085  total_loss=2.0723  char_pool_loss=0.0972  effective_char_pool_weight=0.0000  char_pool_acc_top1=0.9889  char_pool_acc_top5=0.9966  char_pool_valid_chars=2080  char_pool_num_chars=2080  window_size=16  stride=16  window_overlap_mode=no_overlap  num_windows=64  sequence_length=128
[DTW] raw: pos=174.3  neg=1170.5  |  prob: pos_wins=0.994 (goal→1.0)  |  gap=-7.782  loss=2.2178
[LOSS] alignment_loss_type=d3tw_char_pool  d3tw_loss=2.2178  d3tw_cost_pos=174.3174  d3tw_cost_neg=1170.4650  total_loss=2.2178  char_pool_loss=0.0831  effective_char_pool_weight=0.0000  char_pool_acc_top1=0.9909  char_pool_acc_top5=0.9962  char_pool_valid_chars=2080  char_pool_num_chars=2080  window_size=16  stride=16  window_overlap_mode=no_overlap  num_windows=64  sequence_length=128
[DTW] raw: pos=170.7  neg=1183.4  |  prob: pos_wins=0.995 (goal→1.0)  |  gap=-7.912  loss=2.0875
[LOSS] alignment_loss_type=d3tw_char_pool  d3tw_loss=2.0875  d3tw_cost_pos=170.6606  d3tw_cost_neg=1183.4458  total_loss=2.0875  char_pool_loss=0.1260  effective_char_pool_weight=0.0000  char_pool_acc_top1=0.9856  char_pool_acc_top5=0.9947  char_pool_valid_chars=2080  char_pool_num_chars=2080  window_size=16  stride=16  window_overlap_mode=no_overlap  num_windows=64  sequence_length=128
Epoch 4 - Validation Loss: 2.1746
Epoch 4 completed in 13m 32.16s
Epoch 4 - Peak GPU memory: 2267.0 MB
============================================================
Epoch 5 - Soft-DTW gamma: 0.100000
[DTW] raw: pos=164.4  neg=1160.6  |  prob: pos_wins=0.994 (goal→1.0)  |  gap=-7.783  loss=2.2167
[LOSS] alignment_loss_type=d3tw_char_pool  d3tw_loss=2.2167  d3tw_cost_pos=164.3907  d3tw_cost_neg=1160.6411  total_loss=2.2167  char_pool_loss=0.0705  effective_char_pool_weight=0.0000  char_pool_acc_top1=0.9928  char_pool_acc_top5=0.9962  char_pool_valid_chars=2080  char_pool_num_chars=2080  window_size=16  stride=16  window_overlap_mode=no_overlap  num_windows=64  sequence_length=128
Epoch 5, Batch 1, Loss: 2.2167
Epoch 5, Batch 2, Loss: 2.2996
Epoch 5, Batch 3, Loss: 2.3988
Epoch 5, Batch 4, Loss: 2.3199
Epoch 5, Batch 5, Loss: 2.1897
Epoch 5, Batch 6, Loss: 2.2672
Epoch 5, Batch 7, Loss: 2.1926
Epoch 5, Batch 8, Loss: 2.2757
Epoch 5, Batch 9, Loss: 2.2482
Epoch 5, Batch 10, Loss: 2.2235
[DTW] raw: pos=171.1  neg=1161.1  |  prob: pos_wins=0.994 (goal→1.0)  |  gap=-7.735  loss=2.2649
[LOSS] alignment_loss_type=d3tw_char_pool  d3tw_loss=2.2649  d3tw_cost_pos=171.0634  d3tw_cost_neg=1161.1409  total_loss=2.2649  char_pool_loss=0.0978  effective_char_pool_weight=0.0000  char_pool_acc_top1=0.9909  char_pool_acc_top5=0.9957  char_pool_valid_chars=2080  char_pool_num_chars=2080  window_size=16  stride=16  window_overlap_mode=no_overlap  num_windows=64  sequence_length=128
Epoch 5, Batch 11, Loss: 2.2649
Epoch 5, Batch 12, Loss: 2.2097
Epoch 5, Batch 13, Loss: 2.1821
Epoch 5, Batch 14, Loss: 2.3517
Epoch 5, Batch 15, Loss: 2.2899
Epoch 5, Batch 16, Loss: 2.3076
Epoch 5, Batch 17, Loss: 2.3240
Epoch 5, Batch 18, Loss: 2.3933
Epoch 5, Batch 19, Loss: 2.3486
Epoch 5, Batch 20, Loss: 2.1860
[DTW] raw: pos=170.3  neg=1170.0  |  prob: pos_wins=0.994 (goal→1.0)  |  gap=-7.810  loss=2.1900
[LOSS] alignment_loss_type=d3tw_char_pool  d3tw_loss=2.1900  d3tw_cost_pos=170.3412  d3tw_cost_neg=1170.0126  total_loss=2.1900  char_pool_loss=0.0738  effective_char_pool_weight=0.0000  char_pool_acc_top1=0.9909  char_pool_acc_top5=0.9981  char_pool_valid_chars=2080  char_pool_num_chars=2080  window_size=16  stride=16  window_overlap_mode=no_overlap  num_windows=64  sequence_length=128
Epoch 5, Batch 21, Loss: 2.1900
Epoch 5, Batch 22, Loss: 2.3225
Epoch 5, Batch 23, Loss: 2.3102
Epoch 5, Batch 24, Loss: 2.2067
Epoch 5, Batch 25, Loss: 2.3042
Epoch 5, Batch 26, Loss: 2.2632
Epoch 5, Batch 27, Loss: 2.2140
Epoch 5, Batch 28, Loss: 2.3414
Epoch 5, Batch 29, Loss: 2.3177
Epoch 5, Batch 30, Loss: 2.2004
[DTW] raw: pos=173.7  neg=1163.0  |  prob: pos_wins=0.993 (goal→1.0)  |  gap=-7.729  loss=2.2712
[LOSS] alignment_loss_type=d3tw_char_pool  d3tw_loss=2.2712  d3tw_cost_pos=173.7359  d3tw_cost_neg=1163.0063  total_loss=2.2712  char_pool_loss=0.0706  effective_char_pool_weight=0.0000  char_pool_acc_top1=0.9913  char_pool_acc_top5=0.9971  char_pool_valid_chars=2080  char_pool_num_chars=2080  window_size=16  stride=16  window_overlap_mode=no_overlap  num_windows=64  sequence_length=128
Epoch 5, Batch 31, Loss: 2.2712
Epoch 5, Batch 32, Loss: 2.2157
Epoch 5, Batch 33, Loss: 2.2051
Epoch 5, Batch 34, Loss: 2.2880
Epoch 5, Batch 35, Loss: 2.3431
Epoch 5, Batch 36, Loss: 2.2811
Epoch 5, Batch 37, Loss: 2.2016
Epoch 5, Batch 38, Loss: 2.1842
Epoch 5, Batch 39, Loss: 2.3090
Epoch 5, Batch 40, Loss: 2.2710
[DTW] raw: pos=171.5  neg=1172.9  |  prob: pos_wins=0.994 (goal→1.0)  |  gap=-7.823  loss=2.1772
[LOSS] alignment_loss_type=d3tw_char_pool  d3tw_loss=2.1772  d3tw_cost_pos=171.5468  d3tw_cost_neg=1172.9469  total_loss=2.1772  char_pool_loss=0.0433  effective_char_pool_weight=0.0000  char_pool_acc_top1=0.9952  char_pool_acc_top5=0.9981  char_pool_valid_chars=2080  char_pool_num_chars=2080  window_size=16  stride=16  window_overlap_mode=no_overlap  num_windows=64  sequence_length=128
Epoch 5, Batch 41, Loss: 2.1772
Epoch 5, Batch 42, Loss: 2.2939
Epoch 5, Batch 43, Loss: 2.2417
Epoch 5, Batch 44, Loss: 2.2858
Epoch 5, Batch 45, Loss: 2.2847
Epoch 5, Batch 46, Loss: 2.2084
Epoch 5, Batch 47, Loss: 2.1476
Epoch 5, Batch 48, Loss: 2.2865
Epoch 5, Batch 49, Loss: 2.3633
Epoch 5, Batch 50, Loss: 2.2647
[DTW] raw: pos=172.2  neg=1158.7  |  prob: pos_wins=0.993 (goal→1.0)  |  gap=-7.707  loss=2.2927
[LOSS] alignment_loss_type=d3tw_char_pool  d3tw_loss=2.2927  d3tw_cost_pos=172.1983  d3tw_cost_neg=1158.7170  total_loss=2.2927  char_pool_loss=0.0370  effective_char_pool_weight=0.0000  char_pool_acc_top1=0.9947  char_pool_acc_top5=0.9986  char_pool_valid_chars=2080  char_pool_num_chars=2080  window_size=16  stride=16  window_overlap_mode=no_overlap  num_windows=64  sequence_length=128
Epoch 5, Batch 51, Loss: 2.2927
Epoch 5, Batch 52, Loss: 2.3440
Epoch 5, Batch 53, Loss: 2.3309
Epoch 5, Batch 54, Loss: 2.2659
Epoch 5, Batch 55, Loss: 2.2598
Epoch 5, Batch 56, Loss: 2.2066
Epoch 5, Batch 57, Loss: 2.2545
Epoch 5, Batch 58, Loss: 2.2122
Epoch 5, Batch 59, Loss: 2.3066
Epoch 5, Batch 60, Loss: 2.3352
[DTW] raw: pos=171.3  neg=1156.9  |  prob: pos_wins=0.993 (goal→1.0)  |  gap=-7.700  loss=2.2997
[LOSS] alignment_loss_type=d3tw_char_pool  d3tw_loss=2.2997  d3tw_cost_pos=171.3152  d3tw_cost_neg=1156.9460  total_loss=2.2997  char_pool_loss=0.1273  effective_char_pool_weight=0.0000  char_pool_acc_top1=0.9870  char_pool_acc_top5=0.9952  char_pool_valid_chars=2080  char_pool_num_chars=2080  window_size=16  stride=16  window_overlap_mode=no_overlap  num_windows=64  sequence_length=128
Epoch 5, Batch 61, Loss: 2.2997
Epoch 5, Batch 62, Loss: 2.2260
Epoch 5, Batch 63, Loss: 2.2697
Epoch 5, Batch 64, Loss: 2.2691
Epoch 5, Batch 65, Loss: 2.2957
Epoch 5, Batch 66, Loss: 2.2769
Epoch 5, Batch 67, Loss: 2.1899
Epoch 5, Batch 68, Loss: 2.4237
Epoch 5, Batch 69, Loss: 2.2322
Epoch 5, Batch 70, Loss: 2.3173
[DTW] raw: pos=170.6  neg=1163.9  |  prob: pos_wins=0.993 (goal→1.0)  |  gap=-7.760  loss=2.2402
[LOSS] alignment_loss_type=d3tw_char_pool  d3tw_loss=2.2402  d3tw_cost_pos=170.5544  d3tw_cost_neg=1163.8691  total_loss=2.2402  char_pool_loss=0.0809  effective_char_pool_weight=0.0000  char_pool_acc_top1=0.9923  char_pool_acc_top5=0.9971  char_pool_valid_chars=2080  char_pool_num_chars=2080  window_size=16  stride=16  window_overlap_mode=no_overlap  num_windows=64  sequence_length=128
Epoch 5, Batch 71, Loss: 2.2402
Epoch 5, Batch 72, Loss: 2.3040
Epoch 5, Batch 73, Loss: 2.2834
Epoch 5, Batch 74, Loss: 2.3171
Epoch 5, Batch 75, Loss: 2.2936
Epoch 5, Batch 76, Loss: 2.3378
Epoch 5, Batch 77, Loss: 2.2366
Epoch 5, Batch 78, Loss: 2.2316
Epoch 5, Batch 79, Loss: 2.1657
Epoch 5, Batch 80, Loss: 2.2305
[DTW] raw: pos=174.1  neg=1156.0  |  prob: pos_wins=0.993 (goal→1.0)  |  gap=-7.671  loss=2.3297
[LOSS] alignment_loss_type=d3tw_char_pool  d3tw_loss=2.3297  d3tw_cost_pos=174.1248  d3tw_cost_neg=1156.0421  total_loss=2.3297  char_pool_loss=0.0803  effective_char_pool_weight=0.0000  char_pool_acc_top1=0.9913  char_pool_acc_top5=0.9957  char_pool_valid_chars=2080  char_pool_num_chars=2080  window_size=16  stride=16  window_overlap_mode=no_overlap  num_windows=64  sequence_length=128
Epoch 5, Batch 81, Loss: 2.3297
Epoch 5, Batch 82, Loss: 2.1915
Epoch 5, Batch 83, Loss: 2.2639
Epoch 5, Batch 84, Loss: 2.2563
Epoch 5, Batch 85, Loss: 2.2190
Epoch 5, Batch 86, Loss: 2.1869
Epoch 5, Batch 87, Loss: 2.3510
Epoch 5, Batch 88, Loss: 2.2257
Epoch 5, Batch 89, Loss: 2.2023
Epoch 5, Batch 90, Loss: 2.2974
[DTW] raw: pos=167.5  neg=1143.0  |  prob: pos_wins=0.992 (goal→1.0)  |  gap=-7.621  loss=2.3787
[LOSS] alignment_loss_type=d3tw_char_pool  d3tw_loss=2.3787  d3tw_cost_pos=167.5013  d3tw_cost_neg=1143.0212  total_loss=2.3787  char_pool_loss=0.0526  effective_char_pool_weight=0.0000  char_pool_acc_top1=0.9928  char_pool_acc_top5=0.9986  char_pool_valid_chars=2080  char_pool_num_chars=2080  window_size=16  stride=16  window_overlap_mode=no_overlap  num_windows=64  sequence_length=128
Epoch 5, Batch 91, Loss: 2.3787
Epoch 5, Batch 92, Loss: 2.3414
Epoch 5, Batch 93, Loss: 2.2470
Epoch 5, Batch 94, Loss: 2.2546
Epoch 5, Batch 95, Loss: 2.2468
Epoch 5, Batch 96, Loss: 2.2926
Epoch 5, Batch 97, Loss: 2.2815
Epoch 5, Batch 98, Loss: 2.3146
Epoch 5, Batch 99, Loss: 2.3121
Epoch 5, Batch 100, Loss: 2.2115
[DTW] raw: pos=170.1  neg=1163.3  |  prob: pos_wins=0.992 (goal→1.0)  |  gap=-7.759  loss=2.2407
[LOSS] alignment_loss_type=d3tw_char_pool  d3tw_loss=2.2407  d3tw_cost_pos=170.1120  d3tw_cost_neg=1163.3254  total_loss=2.2407  char_pool_loss=0.0693  effective_char_pool_weight=0.0000  char_pool_acc_top1=0.9913  char_pool_acc_top5=0.9962  char_pool_valid_chars=2080  char_pool_num_chars=2080  window_size=16  stride=16  window_overlap_mode=no_overlap  num_windows=64  sequence_length=128
Epoch 5, Batch 101, Loss: 2.2407
Epoch 5, Batch 102, Loss: 2.3125
Epoch 5, Batch 103, Loss: 2.3039
Epoch 5, Batch 104, Loss: 2.3332
Epoch 5, Batch 105, Loss: 2.2924
Epoch 5, Batch 106, Loss: 2.2176
Epoch 5, Batch 107, Loss: 2.0971
Epoch 5, Batch 108, Loss: 2.2122
Epoch 5, Batch 109, Loss: 2.2715
Epoch 5, Batch 110, Loss: 2.2769
[DTW] raw: pos=170.7  neg=1163.4  |  prob: pos_wins=0.993 (goal→1.0)  |  gap=-7.755  loss=2.2451
[LOSS] alignment_loss_type=d3tw_char_pool  d3tw_loss=2.2451  d3tw_cost_pos=170.7438  d3tw_cost_neg=1163.3635  total_loss=2.2451  char_pool_loss=0.0701  effective_char_pool_weight=0.0000  char_pool_acc_top1=0.9918  char_pool_acc_top5=0.9966  char_pool_valid_chars=2080  char_pool_num_chars=2080  window_size=16  stride=16  window_overlap_mode=no_overlap  num_windows=64  sequence_length=128
Epoch 5, Batch 111, Loss: 2.2451
Epoch 5, Batch 112, Loss: 2.3073
Epoch 5, Batch 113, Loss: 2.3007
Epoch 5, Batch 114, Loss: 2.2795
Epoch 5, Batch 115, Loss: 2.2154
Epoch 5, Batch 116, Loss: 2.2550
Epoch 5, Batch 117, Loss: 2.2381
Epoch 5, Batch 118, Loss: 2.2283
Epoch 5, Batch 119, Loss: 2.3090
Epoch 5, Batch 120, Loss: 2.2598
[DTW] raw: pos=169.6  neg=1170.3  |  prob: pos_wins=0.994 (goal→1.0)  |  gap=-7.818  loss=2.1818
[LOSS] alignment_loss_type=d3tw_char_pool  d3tw_loss=2.1818  d3tw_cost_pos=169.6181  d3tw_cost_neg=1170.3354  total_loss=2.1818  char_pool_loss=0.0814  effective_char_pool_weight=0.0000  char_pool_acc_top1=0.9928  char_pool_acc_top5=0.9962  char_pool_valid_chars=2080  char_pool_num_chars=2080  window_size=16  stride=16  window_overlap_mode=no_overlap  num_windows=64  sequence_length=128
Epoch 5, Batch 121, Loss: 2.1818
Epoch 5, Batch 122, Loss: 2.3209
Epoch 5, Batch 123, Loss: 2.2295
Epoch 5, Batch 124, Loss: 2.2902
Epoch 5, Batch 125, Loss: 2.2844
Epoch 5, Batch 126, Loss: 2.2572
Epoch 5, Batch 127, Loss: 2.2740
Epoch 5, Batch 128, Loss: 2.3372
Epoch 5, Batch 129, Loss: 2.3052
Epoch 5, Batch 130, Loss: 2.1372
[DTW] raw: pos=171.2  neg=1155.3  |  prob: pos_wins=0.993 (goal→1.0)  |  gap=-7.688  loss=2.3117
[LOSS] alignment_loss_type=d3tw_char_pool  d3tw_loss=2.3117  d3tw_cost_pos=171.1984  d3tw_cost_neg=1155.2947  total_loss=2.3117  char_pool_loss=0.0451  effective_char_pool_weight=0.0000  char_pool_acc_top1=0.9947  char_pool_acc_top5=0.9986  char_pool_valid_chars=2080  char_pool_num_chars=2080  window_size=16  stride=16  window_overlap_mode=no_overlap  num_windows=64  sequence_length=128
Epoch 5, Batch 131, Loss: 2.3117
Epoch 5, Batch 132, Loss: 2.2543
Epoch 5, Batch 133, Loss: 2.3018
Epoch 5, Batch 134, Loss: 2.1947
Epoch 5, Batch 135, Loss: 2.1145
Epoch 5, Batch 136, Loss: 2.1523
Epoch 5, Batch 137, Loss: 2.1958
Epoch 5, Batch 138, Loss: 2.2035
Epoch 5, Batch 139, Loss: 2.2715
Epoch 5, Batch 140, Loss: 2.1677
[DTW] raw: pos=173.9  neg=1165.6  |  prob: pos_wins=0.993 (goal→1.0)  |  gap=-7.748  loss=2.2524
[LOSS] alignment_loss_type=d3tw_char_pool  d3tw_loss=2.2524  d3tw_cost_pos=173.8532  d3tw_cost_neg=1165.5647  total_loss=2.2524  char_pool_loss=0.1415  effective_char_pool_weight=0.0000  char_pool_acc_top1=0.9856  char_pool_acc_top5=0.9952  char_pool_valid_chars=2080  char_pool_num_chars=2080  window_size=16  stride=16  window_overlap_mode=no_overlap  num_windows=64  sequence_length=128
Epoch 5, Batch 141, Loss: 2.2524
Epoch 5, Batch 142, Loss: 2.1678
Epoch 5, Batch 143, Loss: 2.2484
Epoch 5, Batch 144, Loss: 2.3027
Epoch 5, Batch 145, Loss: 2.2732
Epoch 5, Batch 146, Loss: 2.2031
Epoch 5, Batch 147, Loss: 2.2788
Epoch 5, Batch 148, Loss: 2.2205
Epoch 5, Batch 149, Loss: 2.2853
Epoch 5, Batch 150, Loss: 2.3013
[DTW] raw: pos=170.0  neg=1154.2  |  prob: pos_wins=0.991 (goal→1.0)  |  gap=-7.689  loss=2.3112
[LOSS] alignment_loss_type=d3tw_char_pool  d3tw_loss=2.3112  d3tw_cost_pos=169.9905  d3tw_cost_neg=1154.1837  total_loss=2.3112  char_pool_loss=0.0491  effective_char_pool_weight=0.0000  char_pool_acc_top1=0.9923  char_pool_acc_top5=0.9986  char_pool_valid_chars=2080  char_pool_num_chars=2080  window_size=16  stride=16  window_overlap_mode=no_overlap  num_windows=64  sequence_length=128
Epoch 5, Batch 151, Loss: 2.3112
Epoch 5, Batch 152, Loss: 2.1749
Epoch 5, Batch 153, Loss: 2.2674
Epoch 5, Batch 154, Loss: 2.2366
Epoch 5, Batch 155, Loss: 2.3571
Epoch 5, Batch 156, Loss: 2.1813
Epoch 5, Batch 157, Loss: 2.2638
Epoch 5, Batch 158, Loss: 2.2969
Epoch 5, Batch 159, Loss: 2.3329
Epoch 5, Batch 160, Loss: 2.2170
[DTW] raw: pos=170.9  neg=1167.9  |  prob: pos_wins=0.993 (goal→1.0)  |  gap=-7.789  loss=2.2110
[LOSS] alignment_loss_type=d3tw_char_pool  d3tw_loss=2.2110  d3tw_cost_pos=170.9129  d3tw_cost_neg=1167.8887  total_loss=2.2110  char_pool_loss=0.0725  effective_char_pool_weight=0.0000  char_pool_acc_top1=0.9918  char_pool_acc_top5=0.9976  char_pool_valid_chars=2080  char_pool_num_chars=2080  window_size=16  stride=16  window_overlap_mode=no_overlap  num_windows=64  sequence_length=128
Epoch 5, Batch 161, Loss: 2.2110
Epoch 5, Batch 162, Loss: 2.2607
Epoch 5, Batch 163, Loss: 2.3612
Epoch 5, Batch 164, Loss: 2.2617
Epoch 5, Batch 165, Loss: 2.3341
Epoch 5, Batch 166, Loss: 2.2892
Epoch 5, Batch 167, Loss: 2.2325
Epoch 5, Batch 168, Loss: 2.3224
Epoch 5, Batch 169, Loss: 2.2339
Epoch 5, Batch 170, Loss: 2.2183
[DTW] raw: pos=168.8  neg=1160.4  |  prob: pos_wins=0.993 (goal→1.0)  |  gap=-7.747  loss=2.2528
[LOSS] alignment_loss_type=d3tw_char_pool  d3tw_loss=2.2528  d3tw_cost_pos=168.7860  d3tw_cost_neg=1160.4194  total_loss=2.2528  char_pool_loss=0.0314  effective_char_pool_weight=0.0000  char_pool_acc_top1=0.9962  char_pool_acc_top5=0.9986  char_pool_valid_chars=2080  char_pool_num_chars=2080  window_size=16  stride=16  window_overlap_mode=no_overlap  num_windows=64  sequence_length=128
Epoch 5, Batch 171, Loss: 2.2528
Epoch 5, Batch 172, Loss: 2.2520
Epoch 5, Batch 173, Loss: 2.2050
Epoch 5, Batch 174, Loss: 2.1778
Epoch 5, Batch 175, Loss: 2.2031
Epoch 5, Batch 176, Loss: 2.2750
Epoch 5, Batch 177, Loss: 2.1807
Epoch 5, Batch 178, Loss: 2.1742
Epoch 5, Batch 179, Loss: 2.3112
Epoch 5, Batch 180, Loss: 2.2366
[DTW] raw: pos=165.0  neg=1170.4  |  prob: pos_wins=0.994 (goal→1.0)  |  gap=-7.854  loss=2.1465
[LOSS] alignment_loss_type=d3tw_char_pool  d3tw_loss=2.1465  d3tw_cost_pos=165.0258  d3tw_cost_neg=1170.3752  total_loss=2.1465  char_pool_loss=0.0585  effective_char_pool_weight=0.0000  char_pool_acc_top1=0.9947  char_pool_acc_top5=0.9976  char_pool_valid_chars=2080  char_pool_num_chars=2080  window_size=16  stride=16  window_overlap_mode=no_overlap  num_windows=64  sequence_length=128
Epoch 5, Batch 181, Loss: 2.1465
Epoch 5, Batch 182, Loss: 2.1913
Epoch 5, Batch 183, Loss: 2.2501
Epoch 5, Batch 184, Loss: 2.0780
Epoch 5, Batch 185, Loss: 2.3011
Epoch 5, Batch 186, Loss: 2.2889
Epoch 5, Batch 187, Loss: 2.2887
Epoch 5, Batch 188, Loss: 2.1846
Epoch 5 - Train Loss: 2.2596
[DTW] raw: pos=173.3  neg=1171.1  |  prob: pos_wins=0.993 (goal→1.0)  |  gap=-7.795  loss=2.2059
[LOSS] alignment_loss_type=d3tw_char_pool  d3tw_loss=2.2059  d3tw_cost_pos=173.2702  d3tw_cost_neg=1171.0771  total_loss=2.2059  char_pool_loss=0.1016  effective_char_pool_weight=0.0000  char_pool_acc_top1=0.9885  char_pool_acc_top5=0.9957  char_pool_valid_chars=2080  char_pool_num_chars=2080  window_size=16  stride=16  window_overlap_mode=no_overlap  num_windows=64  sequence_length=128
[DTW] raw: pos=173.9  neg=1183.3  |  prob: pos_wins=0.994 (goal→1.0)  |  gap=-7.886  loss=2.1146
[LOSS] alignment_loss_type=d3tw_char_pool  d3tw_loss=2.1146  d3tw_cost_pos=173.9359  d3tw_cost_neg=1183.3484  total_loss=2.1146  char_pool_loss=0.0938  effective_char_pool_weight=0.0000  char_pool_acc_top1=0.9885  char_pool_acc_top5=0.9962  char_pool_valid_chars=2080  char_pool_num_chars=2080  window_size=16  stride=16  window_overlap_mode=no_overlap  num_windows=64  sequence_length=128
[DTW] raw: pos=174.8  neg=1173.4  |  prob: pos_wins=0.994 (goal→1.0)  |  gap=-7.801  loss=2.1993
[LOSS] alignment_loss_type=d3tw_char_pool  d3tw_loss=2.1993  d3tw_cost_pos=174.8197  d3tw_cost_neg=1173.3965  total_loss=2.1993  char_pool_loss=0.0854  effective_char_pool_weight=0.0000  char_pool_acc_top1=0.9904  char_pool_acc_top5=0.9971  char_pool_valid_chars=2080  char_pool_num_chars=2080  window_size=16  stride=16  window_overlap_mode=no_overlap  num_windows=64  sequence_length=128
[DTW] raw: pos=170.0  neg=1168.7  |  prob: pos_wins=0.994 (goal→1.0)  |  gap=-7.802  loss=2.1974
[LOSS] alignment_loss_type=d3tw_char_pool  d3tw_loss=2.1974  d3tw_cost_pos=170.0095  d3tw_cost_neg=1168.7255  total_loss=2.1974  char_pool_loss=0.1015  effective_char_pool_weight=0.0000  char_pool_acc_top1=0.9885  char_pool_acc_top5=0.9962  char_pool_valid_chars=2080  char_pool_num_chars=2080  window_size=16  stride=16  window_overlap_mode=no_overlap  num_windows=64  sequence_length=128
[DTW] raw: pos=173.0  neg=1181.1  |  prob: pos_wins=0.994 (goal→1.0)  |  gap=-7.876  loss=2.1241
[LOSS] alignment_loss_type=d3tw_char_pool  d3tw_loss=2.1241  d3tw_cost_pos=172.9615  d3tw_cost_neg=1181.0601  total_loss=2.1241  char_pool_loss=0.0921  effective_char_pool_weight=0.0000  char_pool_acc_top1=0.9894  char_pool_acc_top5=0.9966  char_pool_valid_chars=2080  char_pool_num_chars=2080  window_size=16  stride=16  window_overlap_mode=no_overlap  num_windows=64  sequence_length=128
[DTW] raw: pos=171.6  neg=1162.5  |  prob: pos_wins=0.993 (goal→1.0)  |  gap=-7.742  loss=2.2597
[LOSS] alignment_loss_type=d3tw_char_pool  d3tw_loss=2.2597  d3tw_cost_pos=171.5755  d3tw_cost_neg=1162.5083  total_loss=2.2597  char_pool_loss=0.0976  effective_char_pool_weight=0.0000  char_pool_acc_top1=0.9885  char_pool_acc_top5=0.9962  char_pool_valid_chars=2080  char_pool_num_chars=2080  window_size=16  stride=16  window_overlap_mode=no_overlap  num_windows=64  sequence_length=128
[DTW] raw: pos=169.1  neg=1185.4  |  prob: pos_wins=0.994 (goal→1.0)  |  gap=-7.940  loss=2.0597
[LOSS] alignment_loss_type=d3tw_char_pool  d3tw_loss=2.0597  d3tw_cost_pos=169.0549  d3tw_cost_neg=1185.3984  total_loss=2.0597  char_pool_loss=0.1022  effective_char_pool_weight=0.0000  char_pool_acc_top1=0.9909  char_pool_acc_top5=0.9938  char_pool_valid_chars=2080  char_pool_num_chars=2080  window_size=16  stride=16  window_overlap_mode=no_overlap  num_windows=64  sequence_length=128
Epoch 5 - Validation Loss: 2.1575
Epoch 5 completed in 13m 30.26s
Epoch 5 - Peak GPU memory: 2267.0 MB
============================================================
Epoch 6 - Soft-DTW gamma: 0.100000
[DTW] raw: pos=167.2  neg=1171.6  |  prob: pos_wins=0.994 (goal→1.0)  |  gap=-7.848  loss=2.1524
[LOSS] alignment_loss_type=d3tw_char_pool  d3tw_loss=2.1524  d3tw_cost_pos=167.1558  d3tw_cost_neg=1171.6404  total_loss=2.1577  char_pool_loss=0.1053  effective_char_pool_weight=0.0500  char_pool_acc_top1=0.9904  char_pool_acc_top5=0.9947  char_pool_valid_chars=2080  char_pool_num_chars=2080  window_size=16  stride=16  window_overlap_mode=no_overlap  num_windows=64  sequence_length=128
Epoch 6, Batch 1, Loss: 2.1577
Epoch 6, Batch 2, Loss: 2.2220
Epoch 6, Batch 3, Loss: 2.1816
Epoch 6, Batch 4, Loss: 2.2482
Epoch 6, Batch 5, Loss: 2.2881
Epoch 6, Batch 6, Loss: 2.2690
Epoch 6, Batch 7, Loss: 2.1661
Epoch 6, Batch 8, Loss: 2.1247
Epoch 6, Batch 9, Loss: 2.3537
Epoch 6, Batch 10, Loss: 2.1392
[DTW] raw: pos=177.8  neg=1172.0  |  prob: pos_wins=0.993 (goal→1.0)  |  gap=-7.767  loss=2.2326
[LOSS] alignment_loss_type=d3tw_char_pool  d3tw_loss=2.2326  d3tw_cost_pos=177.8275  d3tw_cost_neg=1172.0485  total_loss=2.2376  char_pool_loss=0.1008  effective_char_pool_weight=0.0500  char_pool_acc_top1=0.9870  char_pool_acc_top5=0.9957  char_pool_valid_chars=2080  char_pool_num_chars=2080  window_size=16  stride=16  window_overlap_mode=no_overlap  num_windows=64  sequence_length=128
Epoch 6, Batch 11, Loss: 2.2376
Epoch 6, Batch 12, Loss: 2.2782
Epoch 6, Batch 13, Loss: 2.2728
Epoch 6, Batch 14, Loss: 2.1204
Epoch 6, Batch 15, Loss: 2.2623
Epoch 6, Batch 16, Loss: 2.1921
Epoch 6, Batch 17, Loss: 2.2153
Epoch 6, Batch 18, Loss: 2.2313
Epoch 6, Batch 19, Loss: 2.2456
Epoch 6, Batch 20, Loss: 2.3093
[DTW] raw: pos=167.0  neg=1149.4  |  prob: pos_wins=0.991 (goal→1.0)  |  gap=-7.675  loss=2.3255
[LOSS] alignment_loss_type=d3tw_char_pool  d3tw_loss=2.3255  d3tw_cost_pos=166.9922  d3tw_cost_neg=1149.4081  total_loss=2.3288  char_pool_loss=0.0676  effective_char_pool_weight=0.0500  char_pool_acc_top1=0.9923  char_pool_acc_top5=0.9976  char_pool_valid_chars=2080  char_pool_num_chars=2080  window_size=16  stride=16  window_overlap_mode=no_overlap  num_windows=64  sequence_length=128
Epoch 6, Batch 21, Loss: 2.3288
Epoch 6, Batch 22, Loss: 2.2625
Epoch 6, Batch 23, Loss: 2.2091
Epoch 6, Batch 24, Loss: 2.2518
Epoch 6, Batch 25, Loss: 2.2114
Epoch 6, Batch 26, Loss: 2.2152
Epoch 6, Batch 27, Loss: 2.2022
Epoch 6, Batch 28, Loss: 2.0746
Epoch 6, Batch 29, Loss: 2.3091
Epoch 6, Batch 30, Loss: 2.1504
[DTW] raw: pos=162.3  neg=1174.5  |  prob: pos_wins=0.994 (goal→1.0)  |  gap=-7.908  loss=2.0916
[LOSS] alignment_loss_type=d3tw_char_pool  d3tw_loss=2.0916  d3tw_cost_pos=162.2775  d3tw_cost_neg=1174.5449  total_loss=2.0932  char_pool_loss=0.0327  effective_char_pool_weight=0.0500  char_pool_acc_top1=0.9962  char_pool_acc_top5=0.9990  char_pool_valid_chars=2080  char_pool_num_chars=2080  window_size=16  stride=16  window_overlap_mode=no_overlap  num_windows=64  sequence_length=128
Epoch 6, Batch 31, Loss: 2.0932
Epoch 6, Batch 32, Loss: 2.2077
Epoch 6, Batch 33, Loss: 2.2517
Epoch 6, Batch 34, Loss: 2.2051
Epoch 6, Batch 35, Loss: 2.3416
Epoch 6, Batch 36, Loss: 2.2344
Epoch 6, Batch 37, Loss: 2.1686
Epoch 6, Batch 38, Loss: 2.1725
Epoch 6, Batch 39, Loss: 2.2751
Epoch 6, Batch 40, Loss: 2.2332
[DTW] raw: pos=167.4  neg=1175.4  |  prob: pos_wins=0.994 (goal→1.0)  |  gap=-7.875  loss=2.1254
[LOSS] alignment_loss_type=d3tw_char_pool  d3tw_loss=2.1254  d3tw_cost_pos=167.4085  d3tw_cost_neg=1175.4342  total_loss=2.1297  char_pool_loss=0.0869  effective_char_pool_weight=0.0500  char_pool_acc_top1=0.9894  char_pool_acc_top5=0.9966  char_pool_valid_chars=2080  char_pool_num_chars=2080  window_size=16  stride=16  window_overlap_mode=no_overlap  num_windows=64  sequence_length=128
Epoch 6, Batch 41, Loss: 2.1297
Epoch 6, Batch 42, Loss: 2.1656
Epoch 6, Batch 43, Loss: 2.1858
Epoch 6, Batch 44, Loss: 2.2512
Epoch 6, Batch 45, Loss: 2.2108
Epoch 6, Batch 46, Loss: 2.2081
Epoch 6, Batch 47, Loss: 2.3517
Epoch 6, Batch 48, Loss: 2.3216
Epoch 6, Batch 49, Loss: 2.2942
Epoch 6, Batch 50, Loss: 2.1811
[DTW] raw: pos=170.2  neg=1168.6  |  prob: pos_wins=0.994 (goal→1.0)  |  gap=-7.800  loss=2.2003
[LOSS] alignment_loss_type=d3tw_char_pool  d3tw_loss=2.2003  d3tw_cost_pos=170.2473  d3tw_cost_neg=1168.6204  total_loss=2.2016  char_pool_loss=0.0259  effective_char_pool_weight=0.0500  char_pool_acc_top1=0.9962  char_pool_acc_top5=0.9990  char_pool_valid_chars=2080  char_pool_num_chars=2080  window_size=16  stride=16  window_overlap_mode=no_overlap  num_windows=64  sequence_length=128
Epoch 6, Batch 51, Loss: 2.2016
Epoch 6, Batch 52, Loss: 2.0464
Epoch 6, Batch 53, Loss: 2.3202
Epoch 6, Batch 54, Loss: 2.2172
Epoch 6, Batch 55, Loss: 2.3364
Epoch 6, Batch 56, Loss: 2.2705
Epoch 6, Batch 57, Loss: 2.1247
Epoch 6, Batch 58, Loss: 2.2843
Epoch 6, Batch 59, Loss: 2.2401
Epoch 6, Batch 60, Loss: 2.2553
[DTW] raw: pos=170.2  neg=1169.8  |  prob: pos_wins=0.993 (goal→1.0)  |  gap=-7.810  loss=2.1903
[LOSS] alignment_loss_type=d3tw_char_pool  d3tw_loss=2.1903  d3tw_cost_pos=170.2106  d3tw_cost_neg=1169.8438  total_loss=2.1934  char_pool_loss=0.0629  effective_char_pool_weight=0.0500  char_pool_acc_top1=0.9913  char_pool_acc_top5=0.9981  char_pool_valid_chars=2080  char_pool_num_chars=2080  window_size=16  stride=16  window_overlap_mode=no_overlap  num_windows=64  sequence_length=128
Epoch 6, Batch 61, Loss: 2.1934
Epoch 6, Batch 62, Loss: 2.1137
Epoch 6, Batch 63, Loss: 2.2086
Epoch 6, Batch 64, Loss: 2.3609
Epoch 6, Batch 65, Loss: 2.2913
Epoch 6, Batch 66, Loss: 2.1784
Epoch 6, Batch 67, Loss: 2.2409
Epoch 6, Batch 68, Loss: 2.1684
Epoch 6, Batch 69, Loss: 2.2833
Epoch 6, Batch 70, Loss: 2.3077
[DTW] raw: pos=169.6  neg=1163.8  |  prob: pos_wins=0.993 (goal→1.0)  |  gap=-7.767  loss=2.2327
[LOSS] alignment_loss_type=d3tw_char_pool  d3tw_loss=2.2327  d3tw_cost_pos=169.5964  d3tw_cost_neg=1163.7987  total_loss=2.2362  char_pool_loss=0.0692  effective_char_pool_weight=0.0500  char_pool_acc_top1=0.9938  char_pool_acc_top5=0.9966  char_pool_valid_chars=2080  char_pool_num_chars=2080  window_size=16  stride=16  window_overlap_mode=no_overlap  num_windows=64  sequence_length=128
Epoch 6, Batch 71, Loss: 2.2362
Epoch 6, Batch 72, Loss: 2.1483
Epoch 6, Batch 73, Loss: 2.2211
Epoch 6, Batch 74, Loss: 2.2534
Epoch 6, Batch 75, Loss: 2.2740
Epoch 6, Batch 76, Loss: 2.2518
Epoch 6, Batch 77, Loss: 2.1380
Epoch 6, Batch 78, Loss: 2.1234
Epoch 6, Batch 79, Loss: 2.1669
Epoch 6, Batch 80, Loss: 2.1889
[DTW] raw: pos=169.9  neg=1172.3  |  prob: pos_wins=0.994 (goal→1.0)  |  gap=-7.831  loss=2.1687
[LOSS] alignment_loss_type=d3tw_char_pool  d3tw_loss=2.1687  d3tw_cost_pos=169.9157  d3tw_cost_neg=1172.3087  total_loss=2.1716  char_pool_loss=0.0572  effective_char_pool_weight=0.0500  char_pool_acc_top1=0.9918  char_pool_acc_top5=0.9976  char_pool_valid_chars=2080  char_pool_num_chars=2080  window_size=16  stride=16  window_overlap_mode=no_overlap  num_windows=64  sequence_length=128
Epoch 6, Batch 81, Loss: 2.1716
Epoch 6, Batch 82, Loss: 2.2030
Epoch 6, Batch 83, Loss: 2.2065
Epoch 6, Batch 84, Loss: 2.2485
Epoch 6, Batch 85, Loss: 2.2383
Epoch 6, Batch 86, Loss: 2.1392
Epoch 6, Batch 87, Loss: 2.2314
Epoch 6, Batch 88, Loss: 2.2171
Epoch 6, Batch 89, Loss: 2.2933
Epoch 6, Batch 90, Loss: 2.1155
[DTW] raw: pos=165.7  neg=1175.9  |  prob: pos_wins=0.994 (goal→1.0)  |  gap=-7.892  loss=2.1091
[LOSS] alignment_loss_type=d3tw_char_pool  d3tw_loss=2.1091  d3tw_cost_pos=165.7200  d3tw_cost_neg=1175.8615  total_loss=2.1130  char_pool_loss=0.0781  effective_char_pool_weight=0.0500  char_pool_acc_top1=0.9928  char_pool_acc_top5=0.9966  char_pool_valid_chars=2080  char_pool_num_chars=2080  window_size=16  stride=16  window_overlap_mode=no_overlap  num_windows=64  sequence_length=128
Epoch 6, Batch 91, Loss: 2.1130
Epoch 6, Batch 92, Loss: 2.1491
Epoch 6, Batch 93, Loss: 2.1912
Epoch 6, Batch 94, Loss: 2.3395
Epoch 6, Batch 95, Loss: 2.0848
Epoch 6, Batch 96, Loss: 2.2565
Epoch 6, Batch 97, Loss: 2.2395
Epoch 6, Batch 98, Loss: 2.1529
Epoch 6, Batch 99, Loss: 2.1413
Epoch 6, Batch 100, Loss: 2.2755
[DTW] raw: pos=173.7  neg=1167.1  |  prob: pos_wins=0.994 (goal→1.0)  |  gap=-7.762  loss=2.2387
[LOSS] alignment_loss_type=d3tw_char_pool  d3tw_loss=2.2387  d3tw_cost_pos=173.6517  d3tw_cost_neg=1167.1265  total_loss=2.2407  char_pool_loss=0.0393  effective_char_pool_weight=0.0500  char_pool_acc_top1=0.9947  char_pool_acc_top5=0.9990  char_pool_valid_chars=2080  char_pool_num_chars=2080  window_size=16  stride=16  window_overlap_mode=no_overlap  num_windows=64  sequence_length=128
Epoch 6, Batch 101, Loss: 2.2407
Epoch 6, Batch 102, Loss: 2.2460
Epoch 6, Batch 103, Loss: 2.3512
Epoch 6, Batch 104, Loss: 2.2839
Epoch 6, Batch 105, Loss: 2.2598
Epoch 6, Batch 106, Loss: 2.2227
Epoch 6, Batch 107, Loss: 2.2420
Epoch 6, Batch 108, Loss: 2.2583
Epoch 6, Batch 109, Loss: 2.2455
Epoch 6, Batch 110, Loss: 2.2926
[DTW] raw: pos=174.0  neg=1168.8  |  prob: pos_wins=0.993 (goal→1.0)  |  gap=-7.773  loss=2.2274
[LOSS] alignment_loss_type=d3tw_char_pool  d3tw_loss=2.2274  d3tw_cost_pos=173.9611  d3tw_cost_neg=1168.8413  total_loss=2.2313  char_pool_loss=0.0782  effective_char_pool_weight=0.0500  char_pool_acc_top1=0.9899  char_pool_acc_top5=0.9966  char_pool_valid_chars=2080  char_pool_num_chars=2080  window_size=16  stride=16  window_overlap_mode=no_overlap  num_windows=64  sequence_length=128
Epoch 6, Batch 111, Loss: 2.2313
Epoch 6, Batch 112, Loss: 2.2378
Epoch 6, Batch 113, Loss: 2.1641
Epoch 6, Batch 114, Loss: 2.2093
Epoch 6, Batch 115, Loss: 2.2142
Epoch 6, Batch 116, Loss: 2.2598
Epoch 6, Batch 117, Loss: 2.1456
Epoch 6, Batch 118, Loss: 2.2472
Epoch 6, Batch 119, Loss: 2.2042
Epoch 6, Batch 120, Loss: 2.2169
[DTW] raw: pos=170.6  neg=1168.3  |  prob: pos_wins=0.993 (goal→1.0)  |  gap=-7.794  loss=2.2060
[LOSS] alignment_loss_type=d3tw_char_pool  d3tw_loss=2.2060  d3tw_cost_pos=170.6318  d3tw_cost_neg=1168.2543  total_loss=2.2086  char_pool_loss=0.0521  effective_char_pool_weight=0.0500  char_pool_acc_top1=0.9933  char_pool_acc_top5=0.9976  char_pool_valid_chars=2080  char_pool_num_chars=2080  window_size=16  stride=16  window_overlap_mode=no_overlap  num_windows=64  sequence_length=128
Epoch 6, Batch 121, Loss: 2.2086
Epoch 6, Batch 122, Loss: 2.1870
Epoch 6, Batch 123, Loss: 2.1690
Epoch 6, Batch 124, Loss: 2.1826
Epoch 6, Batch 125, Loss: 2.2450
Epoch 6, Batch 126, Loss: 2.2816
Epoch 6, Batch 127, Loss: 2.2741
Epoch 6, Batch 128, Loss: 2.2572
Epoch 6, Batch 129, Loss: 2.2523
Epoch 6, Batch 130, Loss: 2.2617
[DTW] raw: pos=174.3  neg=1156.9  |  prob: pos_wins=0.993 (goal→1.0)  |  gap=-7.677  loss=2.3231
[LOSS] alignment_loss_type=d3tw_char_pool  d3tw_loss=2.3231  d3tw_cost_pos=174.3154  d3tw_cost_neg=1156.9468  total_loss=2.3270  char_pool_loss=0.0788  effective_char_pool_weight=0.0500  char_pool_acc_top1=0.9918  char_pool_acc_top5=0.9966  char_pool_valid_chars=2080  char_pool_num_chars=2080  window_size=16  stride=16  window_overlap_mode=no_overlap  num_windows=64  sequence_length=128
Epoch 6, Batch 131, Loss: 2.3270
Epoch 6, Batch 132, Loss: 2.1273
Epoch 6, Batch 133, Loss: 2.2305
Epoch 6, Batch 134, Loss: 2.2247
Epoch 6, Batch 135, Loss: 2.1401
Epoch 6, Batch 136, Loss: 2.1625
Epoch 6, Batch 137, Loss: 2.2925
Epoch 6, Batch 138, Loss: 2.1488
Epoch 6, Batch 139, Loss: 2.2518
Epoch 6, Batch 140, Loss: 2.2495
[DTW] raw: pos=169.9  neg=1167.1  |  prob: pos_wins=0.994 (goal→1.0)  |  gap=-7.790  loss=2.2094
[LOSS] alignment_loss_type=d3tw_char_pool  d3tw_loss=2.2094  d3tw_cost_pos=169.9210  d3tw_cost_neg=1167.1047  total_loss=2.2126  char_pool_loss=0.0632  effective_char_pool_weight=0.0500  char_pool_acc_top1=0.9928  char_pool_acc_top5=0.9976  char_pool_valid_chars=2080  char_pool_num_chars=2080  window_size=16  stride=16  window_overlap_mode=no_overlap  num_windows=64  sequence_length=128
Epoch 6, Batch 141, Loss: 2.2126
Epoch 6, Batch 142, Loss: 2.1532
Epoch 6, Batch 143, Loss: 2.2231
Epoch 6, Batch 144, Loss: 2.2621
Epoch 6, Batch 145, Loss: 2.3256
Epoch 6, Batch 146, Loss: 2.2623
Epoch 6, Batch 147, Loss: 2.1678
Epoch 6, Batch 148, Loss: 2.1367
Epoch 6, Batch 149, Loss: 2.2491
Epoch 6, Batch 150, Loss: 2.1351
[DTW] raw: pos=170.0  neg=1171.3  |  prob: pos_wins=0.994 (goal→1.0)  |  gap=-7.823  loss=2.1783
[LOSS] alignment_loss_type=d3tw_char_pool  d3tw_loss=2.1783  d3tw_cost_pos=169.9579  d3tw_cost_neg=1171.2543  total_loss=2.1850  char_pool_loss=0.1338  effective_char_pool_weight=0.0500  char_pool_acc_top1=0.9846  char_pool_acc_top5=0.9957  char_pool_valid_chars=2080  char_pool_num_chars=2080  window_size=16  stride=16  window_overlap_mode=no_overlap  num_windows=64  sequence_length=128
Epoch 6, Batch 151, Loss: 2.1850
Epoch 6, Batch 152, Loss: 2.1835
Epoch 6, Batch 153, Loss: 2.2822
Epoch 6, Batch 154, Loss: 2.2245
Epoch 6, Batch 155, Loss: 2.0837
Epoch 6, Batch 156, Loss: 2.2421
Epoch 6, Batch 157, Loss: 2.1551
Epoch 6, Batch 158, Loss: 2.2031
Epoch 6, Batch 159, Loss: 2.1861
Epoch 6, Batch 160, Loss: 2.2964
[DTW] raw: pos=166.3  neg=1166.6  |  prob: pos_wins=0.993 (goal→1.0)  |  gap=-7.815  loss=2.1852
[LOSS] alignment_loss_type=d3tw_char_pool  d3tw_loss=2.1852  d3tw_cost_pos=166.2660  d3tw_cost_neg=1166.5520  total_loss=2.1882  char_pool_loss=0.0611  effective_char_pool_weight=0.0500  char_pool_acc_top1=0.9918  char_pool_acc_top5=0.9976  char_pool_valid_chars=2080  char_pool_num_chars=2080  window_size=16  stride=16  window_overlap_mode=no_overlap  num_windows=64  sequence_length=128
Epoch 6, Batch 161, Loss: 2.1882
Epoch 6, Batch 162, Loss: 2.2399
Epoch 6, Batch 163, Loss: 2.1744
Epoch 6, Batch 164, Loss: 2.1524
Epoch 6, Batch 165, Loss: 2.1257
Epoch 6, Batch 166, Loss: 2.0973
Epoch 6, Batch 167, Loss: 2.2371
Epoch 6, Batch 168, Loss: 2.2520
Epoch 6, Batch 169, Loss: 2.2461
Epoch 6, Batch 170, Loss: 2.2534
[DTW] raw: pos=171.2  neg=1161.8  |  prob: pos_wins=0.993 (goal→1.0)  |  gap=-7.740  loss=2.2617
[LOSS] alignment_loss_type=d3tw_char_pool  d3tw_loss=2.2617  d3tw_cost_pos=171.1821  d3tw_cost_neg=1161.8420  total_loss=2.2657  char_pool_loss=0.0816  effective_char_pool_weight=0.0500  char_pool_acc_top1=0.9918  char_pool_acc_top5=0.9957  char_pool_valid_chars=2080  char_pool_num_chars=2080  window_size=16  stride=16  window_overlap_mode=no_overlap  num_windows=64  sequence_length=128
Epoch 6, Batch 171, Loss: 2.2657
Epoch 6, Batch 172, Loss: 2.2045
Epoch 6, Batch 173, Loss: 2.2229
Epoch 6, Batch 174, Loss: 2.3281
Epoch 6, Batch 175, Loss: 2.2379
Epoch 6, Batch 176, Loss: 2.1970
Epoch 6, Batch 177, Loss: 2.2136
Epoch 6, Batch 178, Loss: 2.1786
Epoch 6, Batch 179, Loss: 2.2555
Epoch 6, Batch 180, Loss: 2.2370
[DTW] raw: pos=166.7  neg=1153.9  |  prob: pos_wins=0.993 (goal→1.0)  |  gap=-7.713  loss=2.2871
[LOSS] alignment_loss_type=d3tw_char_pool  d3tw_loss=2.2871  d3tw_cost_pos=166.6979  d3tw_cost_neg=1153.9387  total_loss=2.2907  char_pool_loss=0.0707  effective_char_pool_weight=0.0500  char_pool_acc_top1=0.9923  char_pool_acc_top5=0.9962  char_pool_valid_chars=2080  char_pool_num_chars=2080  window_size=16  stride=16  window_overlap_mode=no_overlap  num_windows=64  sequence_length=128
Epoch 6, Batch 181, Loss: 2.2907
Epoch 6, Batch 182, Loss: 2.3189
Epoch 6, Batch 183, Loss: 2.1207
Epoch 6, Batch 184, Loss: 2.2251
Epoch 6, Batch 185, Loss: 2.3827
Epoch 6, Batch 186, Loss: 2.3190
Epoch 6, Batch 187, Loss: 2.2781
Epoch 6, Batch 188, Loss: 2.2324
Epoch 6 - Train Loss: 2.2221
[DTW] raw: pos=170.9  neg=1175.6  |  prob: pos_wins=0.993 (goal→1.0)  |  gap=-7.849  loss=2.1528
[LOSS] alignment_loss_type=d3tw_char_pool  d3tw_loss=2.1528  d3tw_cost_pos=170.8997  d3tw_cost_neg=1175.5674  total_loss=2.1578  char_pool_loss=0.0994  effective_char_pool_weight=0.0500  char_pool_acc_top1=0.9894  char_pool_acc_top5=0.9957  char_pool_valid_chars=2080  char_pool_num_chars=2080  window_size=16  stride=16  window_overlap_mode=no_overlap  num_windows=64  sequence_length=128
[DTW] raw: pos=171.2  neg=1181.4  |  prob: pos_wins=0.993 (goal→1.0)  |  gap=-7.892  loss=2.1079
[LOSS] alignment_loss_type=d3tw_char_pool  d3tw_loss=2.1079  d3tw_cost_pos=171.2101  d3tw_cost_neg=1181.4181  total_loss=2.1119  char_pool_loss=0.0801  effective_char_pool_weight=0.0500  char_pool_acc_top1=0.9923  char_pool_acc_top5=0.9971  char_pool_valid_chars=2080  char_pool_num_chars=2080  window_size=16  stride=16  window_overlap_mode=no_overlap  num_windows=64  sequence_length=128
[DTW] raw: pos=173.7  neg=1177.9  |  prob: pos_wins=0.994 (goal→1.0)  |  gap=-7.845  loss=2.1544
[LOSS] alignment_loss_type=d3tw_char_pool  d3tw_loss=2.1544  d3tw_cost_pos=173.7014  d3tw_cost_neg=1177.9241  total_loss=2.1588  char_pool_loss=0.0881  effective_char_pool_weight=0.0500  char_pool_acc_top1=0.9918  char_pool_acc_top5=0.9947  char_pool_valid_chars=2080  char_pool_num_chars=2080  window_size=16  stride=16  window_overlap_mode=no_overlap  num_windows=64  sequence_length=128
[DTW] raw: pos=168.8  neg=1180.3  |  prob: pos_wins=0.994 (goal→1.0)  |  gap=-7.903  loss=2.0988
[LOSS] alignment_loss_type=d3tw_char_pool  d3tw_loss=2.0988  d3tw_cost_pos=168.8102  d3tw_cost_neg=1180.3494  total_loss=2.1023  char_pool_loss=0.0708  effective_char_pool_weight=0.0500  char_pool_acc_top1=0.9913  char_pool_acc_top5=0.9971  char_pool_valid_chars=2080  char_pool_num_chars=2080  window_size=16  stride=16  window_overlap_mode=no_overlap  num_windows=64  sequence_length=128
[DTW] raw: pos=168.0  neg=1180.2  |  prob: pos_wins=0.994 (goal→1.0)  |  gap=-7.908  loss=2.0927
[LOSS] alignment_loss_type=d3tw_char_pool  d3tw_loss=2.0927  d3tw_cost_pos=167.9538  d3tw_cost_neg=1180.2240  total_loss=2.0958  char_pool_loss=0.0607  effective_char_pool_weight=0.0500  char_pool_acc_top1=0.9918  char_pool_acc_top5=0.9976  char_pool_valid_chars=2080  char_pool_num_chars=2080  window_size=16  stride=16  window_overlap_mode=no_overlap  num_windows=64  sequence_length=128
[DTW] raw: pos=168.1  neg=1168.5  |  prob: pos_wins=0.993 (goal→1.0)  |  gap=-7.816  loss=2.1840
[LOSS] alignment_loss_type=d3tw_char_pool  d3tw_loss=2.1840  d3tw_cost_pos=168.0645  d3tw_cost_neg=1168.5046  total_loss=2.1866  char_pool_loss=0.0519  effective_char_pool_weight=0.0500  char_pool_acc_top1=0.9938  char_pool_acc_top5=0.9976  char_pool_valid_chars=2080  char_pool_num_chars=2080  window_size=16  stride=16  window_overlap_mode=no_overlap  num_windows=64  sequence_length=128
[DTW] raw: pos=166.5  neg=1195.9  |  prob: pos_wins=0.995 (goal→1.0)  |  gap=-8.042  loss=1.9583
[LOSS] alignment_loss_type=d3tw_char_pool  d3tw_loss=1.9583  d3tw_cost_pos=166.5314  d3tw_cost_neg=1195.8929  total_loss=1.9627  char_pool_loss=0.0882  effective_char_pool_weight=0.0500  char_pool_acc_top1=0.9913  char_pool_acc_top5=0.9957  char_pool_valid_chars=2080  char_pool_num_chars=2080  window_size=16  stride=16  window_overlap_mode=no_overlap  num_windows=64  sequence_length=128
Epoch 6 - Validation Loss: 2.1193
Epoch 6 completed in 13m 33.30s
Epoch 6 - Peak GPU memory: 2267.0 MB
============================================================
Epoch 7 - Soft-DTW gamma: 0.100000
[DTW] raw: pos=165.6  neg=1173.9  |  prob: pos_wins=0.993 (goal→1.0)  |  gap=-7.877  loss=2.1228
[LOSS] alignment_loss_type=d3tw_char_pool  d3tw_loss=2.1228  d3tw_cost_pos=165.6125  d3tw_cost_neg=1173.8865  total_loss=2.1309  char_pool_loss=0.0809  effective_char_pool_weight=0.1000  char_pool_acc_top1=0.9923  char_pool_acc_top5=0.9957  char_pool_valid_chars=2080  char_pool_num_chars=2080  window_size=16  stride=16  window_overlap_mode=no_overlap  num_windows=64  sequence_length=128
Epoch 7, Batch 1, Loss: 2.1309
Epoch 7, Batch 2, Loss: 2.2931
Epoch 7, Batch 3, Loss: 2.2622
Epoch 7, Batch 4, Loss: 2.2279
Epoch 7, Batch 5, Loss: 2.1793
Epoch 7, Batch 6, Loss: 2.1629
Epoch 7, Batch 7, Loss: 2.3342
Epoch 7, Batch 8, Loss: 2.1722
Epoch 7, Batch 9, Loss: 2.1345
Epoch 7, Batch 10, Loss: 2.1737
[DTW] raw: pos=167.6  neg=1159.0  |  prob: pos_wins=0.993 (goal→1.0)  |  gap=-7.745  loss=2.2547
[LOSS] alignment_loss_type=d3tw_char_pool  d3tw_loss=2.2547  d3tw_cost_pos=167.5709  d3tw_cost_neg=1158.9568  total_loss=2.2600  char_pool_loss=0.0524  effective_char_pool_weight=0.1000  char_pool_acc_top1=0.9942  char_pool_acc_top5=0.9971  char_pool_valid_chars=2080  char_pool_num_chars=2080  window_size=16  stride=16  window_overlap_mode=no_overlap  num_windows=64  sequence_length=128
Epoch 7, Batch 11, Loss: 2.2600
Epoch 7, Batch 12, Loss: 2.2433
Epoch 7, Batch 13, Loss: 2.2234
Epoch 7, Batch 14, Loss: 2.2561
Epoch 7, Batch 15, Loss: 2.1947
Epoch 7, Batch 16, Loss: 2.3258
Epoch 7, Batch 17, Loss: 2.3003
Epoch 7, Batch 18, Loss: 2.2206
Epoch 7, Batch 19, Loss: 2.1499
Epoch 7, Batch 20, Loss: 2.3375
[DTW] raw: pos=165.4  neg=1165.0  |  prob: pos_wins=0.993 (goal→1.0)  |  gap=-7.809  loss=2.1906
[LOSS] alignment_loss_type=d3tw_char_pool  d3tw_loss=2.1906  d3tw_cost_pos=165.3544  d3tw_cost_neg=1164.9683  total_loss=2.1973  char_pool_loss=0.0662  effective_char_pool_weight=0.1000  char_pool_acc_top1=0.9918  char_pool_acc_top5=0.9971  char_pool_valid_chars=2080  char_pool_num_chars=2080  window_size=16  stride=16  window_overlap_mode=no_overlap  num_windows=64  sequence_length=128
Epoch 7, Batch 21, Loss: 2.1973
Epoch 7, Batch 22, Loss: 2.3150
Epoch 7, Batch 23, Loss: 2.1262
Epoch 7, Batch 24, Loss: 2.1783
Epoch 7, Batch 25, Loss: 2.0917
Epoch 7, Batch 26, Loss: 2.2060
Epoch 7, Batch 27, Loss: 2.2386
Epoch 7, Batch 28, Loss: 2.3002
Epoch 7, Batch 29, Loss: 2.0832
Epoch 7, Batch 30, Loss: 2.0711
[DTW] raw: pos=175.1  neg=1166.6  |  prob: pos_wins=0.993 (goal→1.0)  |  gap=-7.746  loss=2.2536
[LOSS] alignment_loss_type=d3tw_char_pool  d3tw_loss=2.2536  d3tw_cost_pos=175.0591  d3tw_cost_neg=1166.5925  total_loss=2.2570  char_pool_loss=0.0341  effective_char_pool_weight=0.1000  char_pool_acc_top1=0.9947  char_pool_acc_top5=0.9990  char_pool_valid_chars=2080  char_pool_num_chars=2080  window_size=16  stride=16  window_overlap_mode=no_overlap  num_windows=64  sequence_length=128
Epoch 7, Batch 31, Loss: 2.2570
Epoch 7, Batch 32, Loss: 2.3110
Epoch 7, Batch 33, Loss: 2.2306
Epoch 7, Batch 34, Loss: 2.0864
Epoch 7, Batch 35, Loss: 2.3282
Epoch 7, Batch 36, Loss: 2.2116
Epoch 7, Batch 37, Loss: 2.1723
Epoch 7, Batch 38, Loss: 2.2324
Epoch 7, Batch 39, Loss: 2.2429
Epoch 7, Batch 40, Loss: 2.1848
[DTW] raw: pos=167.8  neg=1172.0  |  prob: pos_wins=0.993 (goal→1.0)  |  gap=-7.846  loss=2.1543
[LOSS] alignment_loss_type=d3tw_char_pool  d3tw_loss=2.1543  d3tw_cost_pos=167.7930  d3tw_cost_neg=1172.0331  total_loss=2.1599  char_pool_loss=0.0558  effective_char_pool_weight=0.1000  char_pool_acc_top1=0.9942  char_pool_acc_top5=0.9986  char_pool_valid_chars=2080  char_pool_num_chars=2080  window_size=16  stride=16  window_overlap_mode=no_overlap  num_windows=64  sequence_length=128
Epoch 7, Batch 41, Loss: 2.1599
Epoch 7, Batch 42, Loss: 2.2433
Epoch 7, Batch 43, Loss: 2.1737
Epoch 7, Batch 44, Loss: 2.1206
Epoch 7, Batch 45, Loss: 2.1985
Epoch 7, Batch 46, Loss: 2.2190
Epoch 7, Batch 47, Loss: 2.2118
Epoch 7, Batch 48, Loss: 2.1721
Epoch 7, Batch 49, Loss: 2.1697
Epoch 7, Batch 50, Loss: 2.1384
[DTW] raw: pos=168.4  neg=1175.9  |  prob: pos_wins=0.994 (goal→1.0)  |  gap=-7.871  loss=2.1291
[LOSS] alignment_loss_type=d3tw_char_pool  d3tw_loss=2.1291  d3tw_cost_pos=168.3583  d3tw_cost_neg=1175.8748  total_loss=2.1348  char_pool_loss=0.0562  effective_char_pool_weight=0.1000  char_pool_acc_top1=0.9942  char_pool_acc_top5=0.9971  char_pool_valid_chars=2080  char_pool_num_chars=2080  window_size=16  stride=16  window_overlap_mode=no_overlap  num_windows=64  sequence_length=128
Epoch 7, Batch 51, Loss: 2.1348
Epoch 7, Batch 52, Loss: 2.2112
Epoch 7, Batch 53, Loss: 2.1927
Epoch 7, Batch 54, Loss: 2.2068
Epoch 7, Batch 55, Loss: 2.0734
Epoch 7, Batch 56, Loss: 2.3168
Epoch 7, Batch 57, Loss: 2.2365
Epoch 7, Batch 58, Loss: 2.1776
Epoch 7, Batch 59, Loss: 2.1757
Epoch 7, Batch 60, Loss: 2.1393
[DTW] raw: pos=170.9  neg=1178.2  |  prob: pos_wins=0.994 (goal→1.0)  |  gap=-7.870  loss=2.1301
[LOSS] alignment_loss_type=d3tw_char_pool  d3tw_loss=2.1301  d3tw_cost_pos=170.8715  d3tw_cost_neg=1178.2401  total_loss=2.1385  char_pool_loss=0.0843  effective_char_pool_weight=0.1000  char_pool_acc_top1=0.9909  char_pool_acc_top5=0.9957  char_pool_valid_chars=2080  char_pool_num_chars=2080  window_size=16  stride=16  window_overlap_mode=no_overlap  num_windows=64  sequence_length=128
Epoch 7, Batch 61, Loss: 2.1385
Epoch 7, Batch 62, Loss: 2.1865
Epoch 7, Batch 63, Loss: 2.2523
Epoch 7, Batch 64, Loss: 2.1667
Epoch 7, Batch 65, Loss: 2.2703
Epoch 7, Batch 66, Loss: 2.1913
Epoch 7, Batch 67, Loss: 2.3037
Epoch 7, Batch 68, Loss: 2.2056
Epoch 7, Batch 69, Loss: 2.2866
Epoch 7, Batch 70, Loss: 2.2424
[DTW] raw: pos=167.5  neg=1176.0  |  prob: pos_wins=0.994 (goal→1.0)  |  gap=-7.879  loss=2.1207
[LOSS] alignment_loss_type=d3tw_char_pool  d3tw_loss=2.1207  d3tw_cost_pos=167.4927  d3tw_cost_neg=1176.0314  total_loss=2.1286  char_pool_loss=0.0792  effective_char_pool_weight=0.1000  char_pool_acc_top1=0.9928  char_pool_acc_top5=0.9957  char_pool_valid_chars=2080  char_pool_num_chars=2080  window_size=16  stride=16  window_overlap_mode=no_overlap  num_windows=64  sequence_length=128
Epoch 7, Batch 71, Loss: 2.1286
Epoch 7, Batch 72, Loss: 2.2913
Epoch 7, Batch 73, Loss: 2.2484
Epoch 7, Batch 74, Loss: 2.1812
Epoch 7, Batch 75, Loss: 2.1686
Epoch 7, Batch 76, Loss: 2.2643
Epoch 7, Batch 77, Loss: 2.1001
Epoch 7, Batch 78, Loss: 2.3059
Epoch 7, Batch 79, Loss: 2.2228
Epoch 7, Batch 80, Loss: 2.1500
[DTW] raw: pos=168.6  neg=1168.5  |  prob: pos_wins=0.994 (goal→1.0)  |  gap=-7.812  loss=2.1880
[LOSS] alignment_loss_type=d3tw_char_pool  d3tw_loss=2.1880  d3tw_cost_pos=168.5516  d3tw_cost_neg=1168.5020  total_loss=2.1951  char_pool_loss=0.0709  effective_char_pool_weight=0.1000  char_pool_acc_top1=0.9913  char_pool_acc_top5=0.9976  char_pool_valid_chars=2080  char_pool_num_chars=2080  window_size=16  stride=16  window_overlap_mode=no_overlap  num_windows=64  sequence_length=128
Epoch 7, Batch 81, Loss: 2.1951
Epoch 7, Batch 82, Loss: 2.1530
Epoch 7, Batch 83, Loss: 2.1435
Epoch 7, Batch 84, Loss: 2.2016
Epoch 7, Batch 85, Loss: 2.1396
Epoch 7, Batch 86, Loss: 2.1494
Epoch 7, Batch 87, Loss: 2.2483
Epoch 7, Batch 88, Loss: 2.2476
Epoch 7, Batch 89, Loss: 2.1546
Epoch 7, Batch 90, Loss: 2.2552
[DTW] raw: pos=165.9  neg=1162.6  |  prob: pos_wins=0.993 (goal→1.0)  |  gap=-7.787  loss=2.2138
[LOSS] alignment_loss_type=d3tw_char_pool  d3tw_loss=2.2138  d3tw_cost_pos=165.9415  d3tw_cost_neg=1162.6216  total_loss=2.2212  char_pool_loss=0.0735  effective_char_pool_weight=0.1000  char_pool_acc_top1=0.9918  char_pool_acc_top5=0.9976  char_pool_valid_chars=2080  char_pool_num_chars=2080  window_size=16  stride=16  window_overlap_mode=no_overlap  num_windows=64  sequence_length=128
Epoch 7, Batch 91, Loss: 2.2212
Epoch 7, Batch 92, Loss: 2.2060
Epoch 7, Batch 93, Loss: 2.1739
Epoch 7, Batch 94, Loss: 2.2085
Epoch 7, Batch 95, Loss: 2.1866
Epoch 7, Batch 96, Loss: 2.1101
Epoch 7, Batch 97, Loss: 2.1512
Epoch 7, Batch 98, Loss: 2.2371
Epoch 7, Batch 99, Loss: 2.2876
Epoch 7, Batch 100, Loss: 2.1350
[DTW] raw: pos=164.0  neg=1165.4  |  prob: pos_wins=0.993 (goal→1.0)  |  gap=-7.824  loss=2.1759
[LOSS] alignment_loss_type=d3tw_char_pool  d3tw_loss=2.1759  d3tw_cost_pos=163.9719  d3tw_cost_neg=1165.4465  total_loss=2.1815  char_pool_loss=0.0557  effective_char_pool_weight=0.1000  char_pool_acc_top1=0.9947  char_pool_acc_top5=0.9971  char_pool_valid_chars=2080  char_pool_num_chars=2080  window_size=16  stride=16  window_overlap_mode=no_overlap  num_windows=64  sequence_length=128
Epoch 7, Batch 101, Loss: 2.1815
Epoch 7, Batch 102, Loss: 2.2940
Epoch 7, Batch 103, Loss: 2.1818
Epoch 7, Batch 104, Loss: 2.1674
Epoch 7, Batch 105, Loss: 2.0692
Epoch 7, Batch 106, Loss: 2.1549
Epoch 7, Batch 107, Loss: 2.1170
Epoch 7, Batch 108, Loss: 2.2140
Epoch 7, Batch 109, Loss: 2.2335
Epoch 7, Batch 110, Loss: 2.1921
[DTW] raw: pos=163.0  neg=1152.8  |  prob: pos_wins=0.993 (goal→1.0)  |  gap=-7.733  loss=2.2674
[LOSS] alignment_loss_type=d3tw_char_pool  d3tw_loss=2.2674  d3tw_cost_pos=163.0149  d3tw_cost_neg=1152.7800  total_loss=2.2726  char_pool_loss=0.0527  effective_char_pool_weight=0.1000  char_pool_acc_top1=0.9938  char_pool_acc_top5=0.9971  char_pool_valid_chars=2080  char_pool_num_chars=2080  window_size=16  stride=16  window_overlap_mode=no_overlap  num_windows=64  sequence_length=128
Epoch 7, Batch 111, Loss: 2.2726
Epoch 7, Batch 112, Loss: 2.0865
Epoch 7, Batch 113, Loss: 2.2032
Epoch 7, Batch 114, Loss: 2.1938
Epoch 7, Batch 115, Loss: 2.2882
Epoch 7, Batch 116, Loss: 2.2041
Epoch 7, Batch 117, Loss: 2.1882
Epoch 7, Batch 118, Loss: 2.2125
Epoch 7, Batch 119, Loss: 2.2141
Epoch 7, Batch 120, Loss: 2.2328
[DTW] raw: pos=166.0  neg=1165.2  |  prob: pos_wins=0.994 (goal→1.0)  |  gap=-7.806  loss=2.1936
[LOSS] alignment_loss_type=d3tw_char_pool  d3tw_loss=2.1936  d3tw_cost_pos=166.0338  d3tw_cost_neg=1165.2361  total_loss=2.1970  char_pool_loss=0.0333  effective_char_pool_weight=0.1000  char_pool_acc_top1=0.9957  char_pool_acc_top5=0.9976  char_pool_valid_chars=2080  char_pool_num_chars=2080  window_size=16  stride=16  window_overlap_mode=no_overlap  num_windows=64  sequence_length=128
Epoch 7, Batch 121, Loss: 2.1970
Epoch 7, Batch 122, Loss: 2.1162
Epoch 7, Batch 123, Loss: 2.1747
Epoch 7, Batch 124, Loss: 2.3471
Epoch 7, Batch 125, Loss: 2.1841
Epoch 7, Batch 126, Loss: 2.1484
Epoch 7, Batch 127, Loss: 2.2790
Epoch 7, Batch 128, Loss: 2.1808
Epoch 7, Batch 129, Loss: 2.3084
Epoch 7, Batch 130, Loss: 2.3124
[DTW] raw: pos=170.7  neg=1171.0  |  prob: pos_wins=0.993 (goal→1.0)  |  gap=-7.814  loss=2.1864
[LOSS] alignment_loss_type=d3tw_char_pool  d3tw_loss=2.1864  d3tw_cost_pos=170.7129  d3tw_cost_neg=1170.9619  total_loss=2.1918  char_pool_loss=0.0540  effective_char_pool_weight=0.1000  char_pool_acc_top1=0.9938  char_pool_acc_top5=0.9986  char_pool_valid_chars=2080  char_pool_num_chars=2080  window_size=16  stride=16  window_overlap_mode=no_overlap  num_windows=64  sequence_length=128
Epoch 7, Batch 131, Loss: 2.1918
Epoch 7, Batch 132, Loss: 2.1970
Epoch 7, Batch 133, Loss: 2.2495
Epoch 7, Batch 134, Loss: 2.1198
Epoch 7, Batch 135, Loss: 2.1391
Epoch 7, Batch 136, Loss: 2.0758
Epoch 7, Batch 137, Loss: 2.1234
Epoch 7, Batch 138, Loss: 2.1802
Epoch 7, Batch 139, Loss: 2.2708
Epoch 7, Batch 140, Loss: 2.1832
[DTW] raw: pos=168.8  neg=1169.5  |  prob: pos_wins=0.993 (goal→1.0)  |  gap=-7.818  loss=2.1824
[LOSS] alignment_loss_type=d3tw_char_pool  d3tw_loss=2.1824  d3tw_cost_pos=168.7652  d3tw_cost_neg=1169.4777  total_loss=2.1863  char_pool_loss=0.0388  effective_char_pool_weight=0.1000  char_pool_acc_top1=0.9942  char_pool_acc_top5=0.9990  char_pool_valid_chars=2080  char_pool_num_chars=2080  window_size=16  stride=16  window_overlap_mode=no_overlap  num_windows=64  sequence_length=128
Epoch 7, Batch 141, Loss: 2.1863
Epoch 7, Batch 142, Loss: 2.2659
Epoch 7, Batch 143, Loss: 2.2101
Epoch 7, Batch 144, Loss: 2.1180
Epoch 7, Batch 145, Loss: 2.1472
Epoch 7, Batch 146, Loss: 2.2260
Epoch 7, Batch 147, Loss: 2.0949
Epoch 7, Batch 148, Loss: 2.1080
Epoch 7, Batch 149, Loss: 2.2536
Epoch 7, Batch 150, Loss: 2.1515
[DTW] raw: pos=164.8  neg=1165.9  |  prob: pos_wins=0.993 (goal→1.0)  |  gap=-7.821  loss=2.1791
[LOSS] alignment_loss_type=d3tw_char_pool  d3tw_loss=2.1791  d3tw_cost_pos=164.8415  d3tw_cost_neg=1165.9019  total_loss=2.1821  char_pool_loss=0.0298  effective_char_pool_weight=0.1000  char_pool_acc_top1=0.9962  char_pool_acc_top5=0.9986  char_pool_valid_chars=2080  char_pool_num_chars=2080  window_size=16  stride=16  window_overlap_mode=no_overlap  num_windows=64  sequence_length=128
Epoch 7, Batch 151, Loss: 2.1821
Epoch 7, Batch 152, Loss: 2.2528
Epoch 7, Batch 153, Loss: 2.2017
Epoch 7, Batch 154, Loss: 2.1524
Epoch 7, Batch 155, Loss: 2.0959
Epoch 7, Batch 156, Loss: 2.1580
Epoch 7, Batch 157, Loss: 2.1841
Epoch 7, Batch 158, Loss: 2.1067
Epoch 7, Batch 159, Loss: 2.1449
Epoch 7, Batch 160, Loss: 2.1084
[DTW] raw: pos=173.8  neg=1166.8  |  prob: pos_wins=0.993 (goal→1.0)  |  gap=-7.758  loss=2.2419
[LOSS] alignment_loss_type=d3tw_char_pool  d3tw_loss=2.2419  d3tw_cost_pos=173.7541  d3tw_cost_neg=1166.7808  total_loss=2.2498  char_pool_loss=0.0796  effective_char_pool_weight=0.1000  char_pool_acc_top1=0.9904  char_pool_acc_top5=0.9952  char_pool_valid_chars=2080  char_pool_num_chars=2080  window_size=16  stride=16  window_overlap_mode=no_overlap  num_windows=64  sequence_length=128
Epoch 7, Batch 161, Loss: 2.2498
Epoch 7, Batch 162, Loss: 2.1139
Epoch 7, Batch 163, Loss: 2.2132
Epoch 7, Batch 164, Loss: 2.1127
Epoch 7, Batch 165, Loss: 2.0725
Epoch 7, Batch 166, Loss: 2.1416
Epoch 7, Batch 167, Loss: 2.1199
Epoch 7, Batch 168, Loss: 2.0930
Epoch 7, Batch 169, Loss: 2.0726
Epoch 7, Batch 170, Loss: 2.1430
[DTW] raw: pos=164.8  neg=1177.2  |  prob: pos_wins=0.994 (goal→1.0)  |  gap=-7.909  loss=2.0912
[LOSS] alignment_loss_type=d3tw_char_pool  d3tw_loss=2.0912  d3tw_cost_pos=164.8491  d3tw_cost_neg=1177.2019  total_loss=2.0990  char_pool_loss=0.0780  effective_char_pool_weight=0.1000  char_pool_acc_top1=0.9938  char_pool_acc_top5=0.9966  char_pool_valid_chars=2080  char_pool_num_chars=2080  window_size=16  stride=16  window_overlap_mode=no_overlap  num_windows=64  sequence_length=128
Epoch 7, Batch 171, Loss: 2.0990
Epoch 7, Batch 172, Loss: 2.1280
Epoch 7, Batch 173, Loss: 2.1777
Epoch 7, Batch 174, Loss: 2.1506
Epoch 7, Batch 175, Loss: 2.1427
Epoch 7, Batch 176, Loss: 2.1793
Epoch 7, Batch 177, Loss: 2.0550
Epoch 7, Batch 178, Loss: 2.1987
Epoch 7, Batch 179, Loss: 2.2096
Epoch 7, Batch 180, Loss: 2.2016
[DTW] raw: pos=166.8  neg=1162.8  |  prob: pos_wins=0.993 (goal→1.0)  |  gap=-7.782  loss=2.2182
[LOSS] alignment_loss_type=d3tw_char_pool  d3tw_loss=2.2182  d3tw_cost_pos=166.7956  d3tw_cost_neg=1162.8478  total_loss=2.2223  char_pool_loss=0.0402  effective_char_pool_weight=0.1000  char_pool_acc_top1=0.9957  char_pool_acc_top5=0.9976  char_pool_valid_chars=2080  char_pool_num_chars=2080  window_size=16  stride=16  window_overlap_mode=no_overlap  num_windows=64  sequence_length=128
Epoch 7, Batch 181, Loss: 2.2223
Epoch 7, Batch 182, Loss: 2.2495
Epoch 7, Batch 183, Loss: 2.1572
Epoch 7, Batch 184, Loss: 2.2465
Epoch 7, Batch 185, Loss: 2.1779
Epoch 7, Batch 186, Loss: 2.1989
Epoch 7, Batch 187, Loss: 2.2126
Epoch 7, Batch 188, Loss: 2.1403
Epoch 7 - Train Loss: 2.1922
[DTW] raw: pos=172.7  neg=1180.7  |  prob: pos_wins=0.994 (goal→1.0)  |  gap=-7.875  loss=2.1262
[LOSS] alignment_loss_type=d3tw_char_pool  d3tw_loss=2.1262  d3tw_cost_pos=172.6607  d3tw_cost_neg=1180.6501  total_loss=2.1340  char_pool_loss=0.0781  effective_char_pool_weight=0.1000  char_pool_acc_top1=0.9923  char_pool_acc_top5=0.9962  char_pool_valid_chars=2080  char_pool_num_chars=2080  window_size=16  stride=16  window_overlap_mode=no_overlap  num_windows=64  sequence_length=128
[DTW] raw: pos=174.2  neg=1175.1  |  prob: pos_wins=0.992 (goal→1.0)  |  gap=-7.819  loss=2.1809
[LOSS] alignment_loss_type=d3tw_char_pool  d3tw_loss=2.1809  d3tw_cost_pos=174.2499  d3tw_cost_neg=1175.0889  total_loss=2.1891  char_pool_loss=0.0824  effective_char_pool_weight=0.1000  char_pool_acc_top1=0.9913  char_pool_acc_top5=0.9976  char_pool_valid_chars=2080  char_pool_num_chars=2080  window_size=16  stride=16  window_overlap_mode=no_overlap  num_windows=64  sequence_length=128
[DTW] raw: pos=172.9  neg=1175.2  |  prob: pos_wins=0.993 (goal→1.0)  |  gap=-7.831  loss=2.1708
[LOSS] alignment_loss_type=d3tw_char_pool  d3tw_loss=2.1708  d3tw_cost_pos=172.8544  d3tw_cost_neg=1175.1943  total_loss=2.1753  char_pool_loss=0.0456  effective_char_pool_weight=0.1000  char_pool_acc_top1=0.9942  char_pool_acc_top5=0.9995  char_pool_valid_chars=2080  char_pool_num_chars=2080  window_size=16  stride=16  window_overlap_mode=no_overlap  num_windows=64  sequence_length=128
[DTW] raw: pos=167.2  neg=1184.4  |  prob: pos_wins=0.994 (goal→1.0)  |  gap=-7.947  loss=2.0547
[LOSS] alignment_loss_type=d3tw_char_pool  d3tw_loss=2.0547  d3tw_cost_pos=167.2417  d3tw_cost_neg=1184.4025  total_loss=2.0612  char_pool_loss=0.0645  effective_char_pool_weight=0.1000  char_pool_acc_top1=0.9923  char_pool_acc_top5=0.9981  char_pool_valid_chars=2080  char_pool_num_chars=2080  window_size=16  stride=16  window_overlap_mode=no_overlap  num_windows=64  sequence_length=128
[DTW] raw: pos=166.5  neg=1174.3  |  prob: pos_wins=0.995 (goal→1.0)  |  gap=-7.874  loss=2.1266
[LOSS] alignment_loss_type=d3tw_char_pool  d3tw_loss=2.1266  d3tw_cost_pos=166.5053  d3tw_cost_neg=1174.3396  total_loss=2.1323  char_pool_loss=0.0572  effective_char_pool_weight=0.1000  char_pool_acc_top1=0.9933  char_pool_acc_top5=0.9976  char_pool_valid_chars=2080  char_pool_num_chars=2080  window_size=16  stride=16  window_overlap_mode=no_overlap  num_windows=64  sequence_length=128
[DTW] raw: pos=168.6  neg=1164.9  |  prob: pos_wins=0.994 (goal→1.0)  |  gap=-7.783  loss=2.2183
[LOSS] alignment_loss_type=d3tw_char_pool  d3tw_loss=2.2183  d3tw_cost_pos=168.5934  d3tw_cost_neg=1164.8772  total_loss=2.2236  char_pool_loss=0.0526  effective_char_pool_weight=0.1000  char_pool_acc_top1=0.9923  char_pool_acc_top5=0.9990  char_pool_valid_chars=2080  char_pool_num_chars=2080  window_size=16  stride=16  window_overlap_mode=no_overlap  num_windows=64  sequence_length=128
[DTW] raw: pos=166.3  neg=1192.1  |  prob: pos_wins=0.995 (goal→1.0)  |  gap=-8.014  loss=1.9867
[LOSS] alignment_loss_type=d3tw_char_pool  d3tw_loss=1.9867  d3tw_cost_pos=166.2699  d3tw_cost_neg=1192.0688  total_loss=1.9918  char_pool_loss=0.0511  effective_char_pool_weight=0.1000  char_pool_acc_top1=0.9938  char_pool_acc_top5=0.9986  char_pool_valid_chars=2080  char_pool_num_chars=2080  window_size=16  stride=16  window_overlap_mode=no_overlap  num_windows=64  sequence_length=128
Epoch 7 - Validation Loss: 2.1111
Epoch 7 completed in 13m 34.15s
Epoch 7 - Peak GPU memory: 2267.0 MB
============================================================
Epoch 8 - Soft-DTW gamma: 0.100000
[DTW] raw: pos=167.6  neg=1162.1  |  prob: pos_wins=0.994 (goal→1.0)  |  gap=-7.770  loss=2.2303
[LOSS] alignment_loss_type=d3tw_char_pool  d3tw_loss=2.2303  d3tw_cost_pos=167.6319  d3tw_cost_neg=1162.1489  total_loss=2.2389  char_pool_loss=0.0578  effective_char_pool_weight=0.1500  char_pool_acc_top1=0.9933  char_pool_acc_top5=0.9976  char_pool_valid_chars=2080  char_pool_num_chars=2080  window_size=16  stride=16  window_overlap_mode=no_overlap  num_windows=64  sequence_length=128
Epoch 8, Batch 1, Loss: 2.2389
Epoch 8, Batch 2, Loss: 2.2172
Epoch 8, Batch 3, Loss: 2.1984
Epoch 8, Batch 4, Loss: 2.1210
Epoch 8, Batch 5, Loss: 2.2514
Epoch 8, Batch 6, Loss: 2.2171
Epoch 8, Batch 7, Loss: 2.2033
Epoch 8, Batch 8, Loss: 2.0487
Epoch 8, Batch 9, Loss: 2.1882
Epoch 8, Batch 10, Loss: 2.2412
[DTW] raw: pos=172.8  neg=1165.3  |  prob: pos_wins=0.993 (goal→1.0)  |  gap=-7.754  loss=2.2464
[LOSS] alignment_loss_type=d3tw_char_pool  d3tw_loss=2.2464  d3tw_cost_pos=172.7729  d3tw_cost_neg=1165.2915  total_loss=2.2541  char_pool_loss=0.0509  effective_char_pool_weight=0.1500  char_pool_acc_top1=0.9928  char_pool_acc_top5=0.9981  char_pool_valid_chars=2080  char_pool_num_chars=2080  window_size=16  stride=16  window_overlap_mode=no_overlap  num_windows=64  sequence_length=128
Epoch 8, Batch 11, Loss: 2.2541
Epoch 8, Batch 12, Loss: 2.0781
Epoch 8, Batch 13, Loss: 2.2701
Epoch 8, Batch 14, Loss: 2.2217
Epoch 8, Batch 15, Loss: 2.1927
Epoch 8, Batch 16, Loss: 2.1822
Epoch 8, Batch 17, Loss: 2.2104
Epoch 8, Batch 18, Loss: 2.2849
Epoch 8, Batch 19, Loss: 2.2384
Epoch 8, Batch 20, Loss: 2.1502
[DTW] raw: pos=168.7  neg=1182.2  |  prob: pos_wins=0.995 (goal→1.0)  |  gap=-7.918  loss=2.0828
[LOSS] alignment_loss_type=d3tw_char_pool  d3tw_loss=2.0828  d3tw_cost_pos=168.7119  d3tw_cost_neg=1182.1869  total_loss=2.0927  char_pool_loss=0.0660  effective_char_pool_weight=0.1500  char_pool_acc_top1=0.9938  char_pool_acc_top5=0.9962  char_pool_valid_chars=2080  char_pool_num_chars=2080  window_size=16  stride=16  window_overlap_mode=no_overlap  num_windows=64  sequence_length=128
Epoch 8, Batch 21, Loss: 2.0927
Epoch 8, Batch 22, Loss: 2.1654
Epoch 8, Batch 23, Loss: 2.1243
Epoch 8, Batch 24, Loss: 2.1378
Epoch 8, Batch 25, Loss: 2.1670
Epoch 8, Batch 26, Loss: 2.2015
Epoch 8, Batch 27, Loss: 2.2488
Epoch 8, Batch 28, Loss: 2.2165
Epoch 8, Batch 29, Loss: 2.0219
Epoch 8, Batch 30, Loss: 2.1057
[DTW] raw: pos=170.0  neg=1162.2  |  prob: pos_wins=0.993 (goal→1.0)  |  gap=-7.751  loss=2.2497
[LOSS] alignment_loss_type=d3tw_char_pool  d3tw_loss=2.2497  d3tw_cost_pos=170.0260  d3tw_cost_neg=1162.2009  total_loss=2.2567  char_pool_loss=0.0471  effective_char_pool_weight=0.1500  char_pool_acc_top1=0.9947  char_pool_acc_top5=0.9981  char_pool_valid_chars=2080  char_pool_num_chars=2080  window_size=16  stride=16  window_overlap_mode=no_overlap  num_windows=64  sequence_length=128
Epoch 8, Batch 31, Loss: 2.2567
Epoch 8, Batch 32, Loss: 2.0455
Epoch 8, Batch 33, Loss: 2.3279
Epoch 8, Batch 34, Loss: 2.1855
Epoch 8, Batch 35, Loss: 2.2113
Epoch 8, Batch 36, Loss: 2.1535
Epoch 8, Batch 37, Loss: 2.1950
Epoch 8, Batch 38, Loss: 2.2217
Epoch 8, Batch 39, Loss: 2.2176
Epoch 8, Batch 40, Loss: 2.0948
[DTW] raw: pos=168.8  neg=1162.2  |  prob: pos_wins=0.994 (goal→1.0)  |  gap=-7.761  loss=2.2391
[LOSS] alignment_loss_type=d3tw_char_pool  d3tw_loss=2.2391  d3tw_cost_pos=168.7774  d3tw_cost_neg=1162.1804  total_loss=2.2542  char_pool_loss=0.1006  effective_char_pool_weight=0.1500  char_pool_acc_top1=0.9913  char_pool_acc_top5=0.9952  char_pool_valid_chars=2080  char_pool_num_chars=2080  window_size=16  stride=16  window_overlap_mode=no_overlap  num_windows=64  sequence_length=128
Epoch 8, Batch 41, Loss: 2.2542
Epoch 8, Batch 42, Loss: 2.1459
Epoch 8, Batch 43, Loss: 2.2225
Epoch 8, Batch 44, Loss: 2.1936
Epoch 8, Batch 45, Loss: 2.2019
Epoch 8, Batch 46, Loss: 2.2190
Epoch 8, Batch 47, Loss: 2.1880
Epoch 8, Batch 48, Loss: 2.1597
Epoch 8, Batch 49, Loss: 2.2045
Epoch 8, Batch 50, Loss: 2.2096
[DTW] raw: pos=164.7  neg=1161.5  |  prob: pos_wins=0.993 (goal→1.0)  |  gap=-7.787  loss=2.2134
[LOSS] alignment_loss_type=d3tw_char_pool  d3tw_loss=2.2134  d3tw_cost_pos=164.7148  d3tw_cost_neg=1161.4670  total_loss=2.2198  char_pool_loss=0.0430  effective_char_pool_weight=0.1500  char_pool_acc_top1=0.9947  char_pool_acc_top5=0.9981  char_pool_valid_chars=2080  char_pool_num_chars=2080  window_size=16  stride=16  window_overlap_mode=no_overlap  num_windows=64  sequence_length=128
Epoch 8, Batch 51, Loss: 2.2198
Epoch 8, Batch 52, Loss: 2.2152
Epoch 8, Batch 53, Loss: 2.1934
Epoch 8, Batch 54, Loss: 2.1848
Epoch 8, Batch 55, Loss: 2.1013
Epoch 8, Batch 56, Loss: 2.1523
Epoch 8, Batch 57, Loss: 2.1791
Epoch 8, Batch 58, Loss: 2.1641
Epoch 8, Batch 59, Loss: 2.2711
Epoch 8, Batch 60, Loss: 2.1436
[DTW] raw: pos=174.5  neg=1168.0  |  prob: pos_wins=0.993 (goal→1.0)  |  gap=-7.762  loss=2.2375
[LOSS] alignment_loss_type=d3tw_char_pool  d3tw_loss=2.2375  d3tw_cost_pos=174.4568  d3tw_cost_neg=1168.0405  total_loss=2.2485  char_pool_loss=0.0727  effective_char_pool_weight=0.1500  char_pool_acc_top1=0.9928  char_pool_acc_top5=0.9957  char_pool_valid_chars=2080  char_pool_num_chars=2080  window_size=16  stride=16  window_overlap_mode=no_overlap  num_windows=64  sequence_length=128
Epoch 8, Batch 61, Loss: 2.2485
Epoch 8, Batch 62, Loss: 2.3399
Epoch 8, Batch 63, Loss: 2.0638
Epoch 8, Batch 64, Loss: 2.3248
Epoch 8, Batch 65, Loss: 2.1533
Epoch 8, Batch 66, Loss: 2.1973
Epoch 8, Batch 67, Loss: 2.0794
Epoch 8, Batch 68, Loss: 2.1761
Epoch 8, Batch 69, Loss: 2.1512
Epoch 8, Batch 70, Loss: 2.1744
[DTW] raw: pos=172.9  neg=1169.9  |  prob: pos_wins=0.993 (goal→1.0)  |  gap=-7.789  loss=2.2106
[LOSS] alignment_loss_type=d3tw_char_pool  d3tw_loss=2.2106  d3tw_cost_pos=172.8559  d3tw_cost_neg=1169.9072  total_loss=2.2207  char_pool_loss=0.0673  effective_char_pool_weight=0.1500  char_pool_acc_top1=0.9938  char_pool_acc_top5=0.9962  char_pool_valid_chars=2080  char_pool_num_chars=2080  window_size=16  stride=16  window_overlap_mode=no_overlap  num_windows=64  sequence_length=128
Epoch 8, Batch 71, Loss: 2.2207
Epoch 8, Batch 72, Loss: 2.1448
Epoch 8, Batch 73, Loss: 2.2589
Epoch 8, Batch 74, Loss: 2.1652
Epoch 8, Batch 75, Loss: 2.2426
Epoch 8, Batch 76, Loss: 2.2933
Epoch 8, Batch 77, Loss: 2.2526
Epoch 8, Batch 78, Loss: 2.1964
Epoch 8, Batch 79, Loss: 2.1670
Epoch 8, Batch 80, Loss: 2.2959
[DTW] raw: pos=167.0  neg=1186.9  |  prob: pos_wins=0.995 (goal→1.0)  |  gap=-7.969  loss=2.0331
[LOSS] alignment_loss_type=d3tw_char_pool  d3tw_loss=2.0331  d3tw_cost_pos=166.9777  d3tw_cost_neg=1186.9498  total_loss=2.0370  char_pool_loss=0.0258  effective_char_pool_weight=0.1500  char_pool_acc_top1=0.9966  char_pool_acc_top5=1.0000  char_pool_valid_chars=2080  char_pool_num_chars=2080  window_size=16  stride=16  window_overlap_mode=no_overlap  num_windows=64  sequence_length=128
Epoch 8, Batch 81, Loss: 2.0370
Epoch 8, Batch 82, Loss: 2.4016
Epoch 8, Batch 83, Loss: 2.3402
Epoch 8, Batch 84, Loss: 2.3233
Epoch 8, Batch 85, Loss: 2.1819
Epoch 8, Batch 86, Loss: 2.1080
Epoch 8, Batch 87, Loss: 2.1870
Epoch 8, Batch 88, Loss: 2.1907
Epoch 8, Batch 89, Loss: 2.2150
Epoch 8, Batch 90, Loss: 2.1831
[DTW] raw: pos=166.1  neg=1153.1  |  prob: pos_wins=0.992 (goal→1.0)  |  gap=-7.711  loss=2.2889
[LOSS] alignment_loss_type=d3tw_char_pool  d3tw_loss=2.2889  d3tw_cost_pos=166.0609  d3tw_cost_neg=1153.0646  total_loss=2.2942  char_pool_loss=0.0354  effective_char_pool_weight=0.1500  char_pool_acc_top1=0.9962  char_pool_acc_top5=0.9981  char_pool_valid_chars=2080  char_pool_num_chars=2080  window_size=16  stride=16  window_overlap_mode=no_overlap  num_windows=64  sequence_length=128
Epoch 8, Batch 91, Loss: 2.2942
Epoch 8, Batch 92, Loss: 2.2743
Epoch 8, Batch 93, Loss: 2.1086
Epoch 8, Batch 94, Loss: 2.2345
Epoch 8, Batch 95, Loss: 2.1237
Epoch 8, Batch 96, Loss: 2.1527
Epoch 8, Batch 97, Loss: 2.0467
Epoch 8, Batch 98, Loss: 2.3085
Epoch 8, Batch 99, Loss: 2.2478
Epoch 8, Batch 100, Loss: 2.1231
[DTW] raw: pos=163.8  neg=1172.4  |  prob: pos_wins=0.993 (goal→1.0)  |  gap=-7.880  loss=2.1196
[LOSS] alignment_loss_type=d3tw_char_pool  d3tw_loss=2.1196  d3tw_cost_pos=163.7632  d3tw_cost_neg=1172.4370  total_loss=2.1281  char_pool_loss=0.0561  effective_char_pool_weight=0.1500  char_pool_acc_top1=0.9938  char_pool_acc_top5=0.9976  char_pool_valid_chars=2080  char_pool_num_chars=2080  window_size=16  stride=16  window_overlap_mode=no_overlap  num_windows=64  sequence_length=128
Epoch 8, Batch 101, Loss: 2.1281
Epoch 8, Batch 102, Loss: 2.2489
Epoch 8, Batch 103, Loss: 2.2157
Epoch 8, Batch 104, Loss: 2.2507
Epoch 8, Batch 105, Loss: 2.1987
Epoch 8, Batch 106, Loss: 2.1900
Epoch 8, Batch 107, Loss: 2.2577
Epoch 8, Batch 108, Loss: 2.2020
Epoch 8, Batch 109, Loss: 2.1397
Epoch 8, Batch 110, Loss: 2.1107
[DTW] raw: pos=166.0  neg=1170.5  |  prob: pos_wins=0.994 (goal→1.0)  |  gap=-7.848  loss=2.1521
[LOSS] alignment_loss_type=d3tw_char_pool  d3tw_loss=2.1521  d3tw_cost_pos=166.0226  d3tw_cost_neg=1170.5468  total_loss=2.1577  char_pool_loss=0.0377  effective_char_pool_weight=0.1500  char_pool_acc_top1=0.9957  char_pool_acc_top5=0.9981  char_pool_valid_chars=2080  char_pool_num_chars=2080  window_size=16  stride=16  window_overlap_mode=no_overlap  num_windows=64  sequence_length=128
Epoch 8, Batch 111, Loss: 2.1577
Epoch 8, Batch 112, Loss: 2.1963
Epoch 8, Batch 113, Loss: 2.0306
Epoch 8, Batch 114, Loss: 2.3434
Epoch 8, Batch 115, Loss: 2.2087
Epoch 8, Batch 116, Loss: 2.1188
Epoch 8, Batch 117, Loss: 2.0977
Epoch 8, Batch 118, Loss: 2.1651
Epoch 8, Batch 119, Loss: 2.2107
Epoch 8, Batch 120, Loss: 2.1383
[DTW] raw: pos=169.2  neg=1171.9  |  prob: pos_wins=0.993 (goal→1.0)  |  gap=-7.834  loss=2.1684
[LOSS] alignment_loss_type=d3tw_char_pool  d3tw_loss=2.1684  d3tw_cost_pos=169.1729  d3tw_cost_neg=1171.8646  total_loss=2.1779  char_pool_loss=0.0635  effective_char_pool_weight=0.1500  char_pool_acc_top1=0.9933  char_pool_acc_top5=0.9971  char_pool_valid_chars=2080  char_pool_num_chars=2080  window_size=16  stride=16  window_overlap_mode=no_overlap  num_windows=64  sequence_length=128
Epoch 8, Batch 121, Loss: 2.1779
Epoch 8, Batch 122, Loss: 2.0732
Epoch 8, Batch 123, Loss: 2.1480
Epoch 8, Batch 124, Loss: 2.1964
Epoch 8, Batch 125, Loss: 2.2912
Epoch 8, Batch 126, Loss: 2.1903
Epoch 8, Batch 127, Loss: 2.1451
Epoch 8, Batch 128, Loss: 2.2597
Epoch 8, Batch 129, Loss: 2.1464
Epoch 8, Batch 130, Loss: 2.0860
[DTW] raw: pos=162.1  neg=1167.4  |  prob: pos_wins=0.994 (goal→1.0)  |  gap=-7.853  loss=2.1465
[LOSS] alignment_loss_type=d3tw_char_pool  d3tw_loss=2.1465  d3tw_cost_pos=162.1387  d3tw_cost_neg=1167.3757  total_loss=2.1498  char_pool_loss=0.0223  effective_char_pool_weight=0.1500  char_pool_acc_top1=0.9976  char_pool_acc_top5=0.9995  char_pool_valid_chars=2080  char_pool_num_chars=2080  window_size=16  stride=16  window_overlap_mode=no_overlap  num_windows=64  sequence_length=128
Epoch 8, Batch 131, Loss: 2.1498
Epoch 8, Batch 132, Loss: 2.0912
Epoch 8, Batch 133, Loss: 2.0442
Epoch 8, Batch 134, Loss: 2.1864
Epoch 8, Batch 135, Loss: 2.2326
Epoch 8, Batch 136, Loss: 2.1893
Epoch 8, Batch 137, Loss: 2.1209
Epoch 8, Batch 138, Loss: 2.0991
Epoch 8, Batch 139, Loss: 2.1665
Epoch 8, Batch 140, Loss: 2.1668
[DTW] raw: pos=161.7  neg=1169.2  |  prob: pos_wins=0.994 (goal→1.0)  |  gap=-7.871  loss=2.1301
[LOSS] alignment_loss_type=d3tw_char_pool  d3tw_loss=2.1301  d3tw_cost_pos=161.6856  d3tw_cost_neg=1169.1636  total_loss=2.1336  char_pool_loss=0.0239  effective_char_pool_weight=0.1500  char_pool_acc_top1=0.9971  char_pool_acc_top5=0.9990  char_pool_valid_chars=2080  char_pool_num_chars=2080  window_size=16  stride=16  window_overlap_mode=no_overlap  num_windows=64  sequence_length=128
Epoch 8, Batch 141, Loss: 2.1336
Epoch 8, Batch 142, Loss: 2.1078
Epoch 8, Batch 143, Loss: 2.2891
Epoch 8, Batch 144, Loss: 2.1671
Epoch 8, Batch 145, Loss: 2.1256
Epoch 8, Batch 146, Loss: 2.1617
Epoch 8, Batch 147, Loss: 2.1219
Epoch 8, Batch 148, Loss: 2.0324
Epoch 8, Batch 149, Loss: 2.0829
Epoch 8, Batch 150, Loss: 2.2144
[DTW] raw: pos=164.6  neg=1175.8  |  prob: pos_wins=0.995 (goal→1.0)  |  gap=-7.900  loss=2.1003
[LOSS] alignment_loss_type=d3tw_char_pool  d3tw_loss=2.1003  d3tw_cost_pos=164.6110  d3tw_cost_neg=1175.7590  total_loss=2.1028  char_pool_loss=0.0163  effective_char_pool_weight=0.1500  char_pool_acc_top1=0.9962  char_pool_acc_top5=0.9995  char_pool_valid_chars=2080  char_pool_num_chars=2080  window_size=16  stride=16  window_overlap_mode=no_overlap  num_windows=64  sequence_length=128
Epoch 8, Batch 151, Loss: 2.1028
Epoch 8, Batch 152, Loss: 2.2623
Epoch 8, Batch 153, Loss: 2.2170
Epoch 8, Batch 154, Loss: 2.2327
Epoch 8, Batch 155, Loss: 2.2993
Epoch 8, Batch 156, Loss: 2.1470
Epoch 8, Batch 157, Loss: 2.2059
Epoch 8, Batch 158, Loss: 2.1661
Epoch 8, Batch 159, Loss: 2.1646
Epoch 8, Batch 160, Loss: 2.1915
[DTW] raw: pos=169.3  neg=1166.9  |  prob: pos_wins=0.994 (goal→1.0)  |  gap=-7.794  loss=2.2064
[LOSS] alignment_loss_type=d3tw_char_pool  d3tw_loss=2.2064  d3tw_cost_pos=169.2878  d3tw_cost_neg=1166.8628  total_loss=2.2169  char_pool_loss=0.0704  effective_char_pool_weight=0.1500  char_pool_acc_top1=0.9923  char_pool_acc_top5=0.9976  char_pool_valid_chars=2080  char_pool_num_chars=2080  window_size=16  stride=16  window_overlap_mode=no_overlap  num_windows=64  sequence_length=128
Epoch 8, Batch 161, Loss: 2.2169
Epoch 8, Batch 162, Loss: 2.1405
Epoch 8, Batch 163, Loss: 2.1289
Epoch 8, Batch 164, Loss: 2.1330
Epoch 8, Batch 165, Loss: 2.1116
Epoch 8, Batch 166, Loss: 2.2838
Epoch 8, Batch 167, Loss: 2.1273
Epoch 8, Batch 168, Loss: 2.0290
Epoch 8, Batch 169, Loss: 2.1212
Epoch 8, Batch 170, Loss: 2.3395
[DTW] raw: pos=169.0  neg=1176.9  |  prob: pos_wins=0.994 (goal→1.0)  |  gap=-7.874  loss=2.1276
[LOSS] alignment_loss_type=d3tw_char_pool  d3tw_loss=2.1276  d3tw_cost_pos=169.0441  d3tw_cost_neg=1176.9292  total_loss=2.1351  char_pool_loss=0.0501  effective_char_pool_weight=0.1500  char_pool_acc_top1=0.9947  char_pool_acc_top5=0.9986  char_pool_valid_chars=2080  char_pool_num_chars=2080  window_size=16  stride=16  window_overlap_mode=no_overlap  num_windows=64  sequence_length=128
Epoch 8, Batch 171, Loss: 2.1351
Epoch 8, Batch 172, Loss: 2.2029
Epoch 8, Batch 173, Loss: 2.2063
Epoch 8, Batch 174, Loss: 2.1186
Epoch 8, Batch 175, Loss: 2.0736
Epoch 8, Batch 176, Loss: 2.2265
Epoch 8, Batch 177, Loss: 2.2990
Epoch 8, Batch 178, Loss: 2.1268
Epoch 8, Batch 179, Loss: 2.2008
Epoch 8, Batch 180, Loss: 2.0134
[DTW] raw: pos=162.4  neg=1172.8  |  prob: pos_wins=0.994 (goal→1.0)  |  gap=-7.894  loss=2.1057
[LOSS] alignment_loss_type=d3tw_char_pool  d3tw_loss=2.1057  d3tw_cost_pos=162.3558  d3tw_cost_neg=1172.8170  total_loss=2.1089  char_pool_loss=0.0212  effective_char_pool_weight=0.1500  char_pool_acc_top1=0.9981  char_pool_acc_top5=0.9986  char_pool_valid_chars=2080  char_pool_num_chars=2080  window_size=16  stride=16  window_overlap_mode=no_overlap  num_windows=64  sequence_length=128
Epoch 8, Batch 181, Loss: 2.1089
Epoch 8, Batch 182, Loss: 2.0907
Epoch 8, Batch 183, Loss: 2.1953
Epoch 8, Batch 184, Loss: 2.1309
Epoch 8, Batch 185, Loss: 2.0802
Epoch 8, Batch 186, Loss: 2.2507
Epoch 8, Batch 187, Loss: 2.1393
Epoch 8, Batch 188, Loss: 2.0514
Epoch 8 - Train Loss: 2.1805
[DTW] raw: pos=165.9  neg=1176.4  |  prob: pos_wins=0.994 (goal→1.0)  |  gap=-7.895  loss=2.1074
[LOSS] alignment_loss_type=d3tw_char_pool  d3tw_loss=2.1074  d3tw_cost_pos=165.8758  d3tw_cost_neg=1176.4069  total_loss=2.1171  char_pool_loss=0.0645  effective_char_pool_weight=0.1500  char_pool_acc_top1=0.9938  char_pool_acc_top5=0.9971  char_pool_valid_chars=2080  char_pool_num_chars=2080  window_size=16  stride=16  window_overlap_mode=no_overlap  num_windows=64  sequence_length=128
[DTW] raw: pos=169.3  neg=1165.2  |  prob: pos_wins=0.993 (goal→1.0)  |  gap=-7.781  loss=2.2192
[LOSS] alignment_loss_type=d3tw_char_pool  d3tw_loss=2.2192  d3tw_cost_pos=169.3152  d3tw_cost_neg=1165.2471  total_loss=2.2276  char_pool_loss=0.0563  effective_char_pool_weight=0.1500  char_pool_acc_top1=0.9942  char_pool_acc_top5=0.9981  char_pool_valid_chars=2080  char_pool_num_chars=2080  window_size=16  stride=16  window_overlap_mode=no_overlap  num_windows=64  sequence_length=128
[DTW] raw: pos=171.1  neg=1178.1  |  prob: pos_wins=0.994 (goal→1.0)  |  gap=-7.867  loss=2.1326
[LOSS] alignment_loss_type=d3tw_char_pool  d3tw_loss=2.1326  d3tw_cost_pos=171.0563  d3tw_cost_neg=1178.0762  total_loss=2.1411  char_pool_loss=0.0570  effective_char_pool_weight=0.1500  char_pool_acc_top1=0.9933  char_pool_acc_top5=0.9971  char_pool_valid_chars=2080  char_pool_num_chars=2080  window_size=16  stride=16  window_overlap_mode=no_overlap  num_windows=64  sequence_length=128
[DTW] raw: pos=166.5  neg=1179.4  |  prob: pos_wins=0.994 (goal→1.0)  |  gap=-7.913  loss=2.0870
[LOSS] alignment_loss_type=d3tw_char_pool  d3tw_loss=2.0870  d3tw_cost_pos=166.4901  d3tw_cost_neg=1179.4106  total_loss=2.0985  char_pool_loss=0.0767  effective_char_pool_weight=0.1500  char_pool_acc_top1=0.9918  char_pool_acc_top5=0.9966  char_pool_valid_chars=2080  char_pool_num_chars=2080  window_size=16  stride=16  window_overlap_mode=no_overlap  num_windows=64  sequence_length=128
[DTW] raw: pos=165.7  neg=1184.2  |  prob: pos_wins=0.994 (goal→1.0)  |  gap=-7.957  loss=2.0440
[LOSS] alignment_loss_type=d3tw_char_pool  d3tw_loss=2.0440  d3tw_cost_pos=165.7036  d3tw_cost_neg=1184.1714  total_loss=2.0533  char_pool_loss=0.0621  effective_char_pool_weight=0.1500  char_pool_acc_top1=0.9942  char_pool_acc_top5=0.9966  char_pool_valid_chars=2080  char_pool_num_chars=2080  window_size=16  stride=16  window_overlap_mode=no_overlap  num_windows=64  sequence_length=128
[DTW] raw: pos=166.4  neg=1174.5  |  prob: pos_wins=0.995 (goal→1.0)  |  gap=-7.876  loss=2.1249
[LOSS] alignment_loss_type=d3tw_char_pool  d3tw_loss=2.1249  d3tw_cost_pos=166.3908  d3tw_cost_neg=1174.5022  total_loss=2.1351  char_pool_loss=0.0683  effective_char_pool_weight=0.1500  char_pool_acc_top1=0.9923  char_pool_acc_top5=0.9976  char_pool_valid_chars=2080  char_pool_num_chars=2080  window_size=16  stride=16  window_overlap_mode=no_overlap  num_windows=64  sequence_length=128
[DTW] raw: pos=165.3  neg=1188.6  |  prob: pos_wins=0.994 (goal→1.0)  |  gap=-7.994  loss=2.0075
[LOSS] alignment_loss_type=d3tw_char_pool  d3tw_loss=2.0075  d3tw_cost_pos=165.3430  d3tw_cost_neg=1188.6202  total_loss=2.0228  char_pool_loss=0.1019  effective_char_pool_weight=0.1500  char_pool_acc_top1=0.9913  char_pool_acc_top5=0.9947  char_pool_valid_chars=2080  char_pool_num_chars=2080  window_size=16  stride=16  window_overlap_mode=no_overlap  num_windows=64  sequence_length=128
Epoch 8 - Validation Loss: 2.1053
Epoch 8 completed in 13m 46.05s
Epoch 8 - Peak GPU memory: 2267.0 MB
============================================================
Epoch 9 - Soft-DTW gamma: 0.100000
[DTW] raw: pos=163.7  neg=1167.4  |  prob: pos_wins=0.994 (goal→1.0)  |  gap=-7.841  loss=2.1591
[LOSS] alignment_loss_type=d3tw_char_pool  d3tw_loss=2.1591  d3tw_cost_pos=163.6565  d3tw_cost_neg=1167.3513  total_loss=2.1683  char_pool_loss=0.0455  effective_char_pool_weight=0.2000  char_pool_acc_top1=0.9952  char_pool_acc_top5=0.9971  char_pool_valid_chars=2080  char_pool_num_chars=2080  window_size=16  stride=16  window_overlap_mode=no_overlap  num_windows=64  sequence_length=128
Epoch 9, Batch 1, Loss: 2.1683
Epoch 9, Batch 2, Loss: 2.0962
Epoch 9, Batch 3, Loss: 2.0872
Epoch 9, Batch 4, Loss: 2.2097
Epoch 9, Batch 5, Loss: 2.1654
Epoch 9, Batch 6, Loss: 2.2150
Epoch 9, Batch 7, Loss: 2.2469
Epoch 9, Batch 8, Loss: 2.1570
Epoch 9, Batch 9, Loss: 2.1385
Epoch 9, Batch 10, Loss: 2.3184
[DTW] raw: pos=168.4  neg=1178.4  |  prob: pos_wins=0.994 (goal→1.0)  |  gap=-7.890  loss=2.1097
[LOSS] alignment_loss_type=d3tw_char_pool  d3tw_loss=2.1097  d3tw_cost_pos=168.4372  d3tw_cost_neg=1178.3887  total_loss=2.1149  char_pool_loss=0.0257  effective_char_pool_weight=0.2000  char_pool_acc_top1=0.9966  char_pool_acc_top5=0.9995  char_pool_valid_chars=2080  char_pool_num_chars=2080  window_size=16  stride=16  window_overlap_mode=no_overlap  num_windows=64  sequence_length=128
Epoch 9, Batch 11, Loss: 2.1149
Epoch 9, Batch 12, Loss: 2.0557
Epoch 9, Batch 13, Loss: 2.1092
Epoch 9, Batch 14, Loss: 2.0858
Epoch 9, Batch 15, Loss: 2.2002
Epoch 9, Batch 16, Loss: 2.1658
Epoch 9, Batch 17, Loss: 2.1545
Epoch 9, Batch 18, Loss: 2.2207
Epoch 9, Batch 19, Loss: 2.2763
Epoch 9, Batch 20, Loss: 2.1563
[DTW] raw: pos=168.7  neg=1163.3  |  prob: pos_wins=0.993 (goal→1.0)  |  gap=-7.771  loss=2.2293
[LOSS] alignment_loss_type=d3tw_char_pool  d3tw_loss=2.2293  d3tw_cost_pos=168.6883  d3tw_cost_neg=1163.3230  total_loss=2.2344  char_pool_loss=0.0252  effective_char_pool_weight=0.2000  char_pool_acc_top1=0.9966  char_pool_acc_top5=0.9990  char_pool_valid_chars=2080  char_pool_num_chars=2080  window_size=16  stride=16  window_overlap_mode=no_overlap  num_windows=64  sequence_length=128
Epoch 9, Batch 21, Loss: 2.2344
Epoch 9, Batch 22, Loss: 2.1721
Epoch 9, Batch 23, Loss: 2.1078
Epoch 9, Batch 24, Loss: 2.0874
Epoch 9, Batch 25, Loss: 2.1665
Epoch 9, Batch 26, Loss: 2.2598
Epoch 9, Batch 27, Loss: 2.1384
Epoch 9, Batch 28, Loss: 2.1065
Epoch 9, Batch 29, Loss: 2.0713
Epoch 9, Batch 30, Loss: 2.2754
[DTW] raw: pos=164.6  neg=1168.8  |  prob: pos_wins=0.994 (goal→1.0)  |  gap=-7.845  loss=2.1551
[LOSS] alignment_loss_type=d3tw_char_pool  d3tw_loss=2.1551  d3tw_cost_pos=164.5906  d3tw_cost_neg=1168.7505  total_loss=2.1577  char_pool_loss=0.0129  effective_char_pool_weight=0.2000  char_pool_acc_top1=0.9971  char_pool_acc_top5=1.0000  char_pool_valid_chars=2080  char_pool_num_chars=2080  window_size=16  stride=16  window_overlap_mode=no_overlap  num_windows=64  sequence_length=128
Epoch 9, Batch 31, Loss: 2.1577
Epoch 9, Batch 32, Loss: 2.1709
Epoch 9, Batch 33, Loss: 2.2351
Epoch 9, Batch 34, Loss: 2.1730
Epoch 9, Batch 35, Loss: 2.1394
Epoch 9, Batch 36, Loss: 2.1170
Epoch 9, Batch 37, Loss: 2.1618
Epoch 9, Batch 38, Loss: 2.2069
Epoch 9, Batch 39, Loss: 2.1603
Epoch 9, Batch 40, Loss: 2.1861
[DTW] raw: pos=163.8  neg=1170.6  |  prob: pos_wins=0.994 (goal→1.0)  |  gap=-7.865  loss=2.1346
[LOSS] alignment_loss_type=d3tw_char_pool  d3tw_loss=2.1346  d3tw_cost_pos=163.8020  d3tw_cost_neg=1170.5635  total_loss=2.1417  char_pool_loss=0.0357  effective_char_pool_weight=0.2000  char_pool_acc_top1=0.9952  char_pool_acc_top5=0.9986  char_pool_valid_chars=2080  char_pool_num_chars=2080  window_size=16  stride=16  window_overlap_mode=no_overlap  num_windows=64  sequence_length=128
Epoch 9, Batch 41, Loss: 2.1417
Epoch 9, Batch 42, Loss: 2.0980
Epoch 9, Batch 43, Loss: 2.1201
Epoch 9, Batch 44, Loss: 2.2012
Epoch 9, Batch 45, Loss: 2.1748
Epoch 9, Batch 46, Loss: 2.1703
Epoch 9, Batch 47, Loss: 2.1116
Epoch 9, Batch 48, Loss: 2.1208
Epoch 9, Batch 49, Loss: 2.0135
Epoch 9, Batch 50, Loss: 2.2112
[DTW] raw: pos=165.1  neg=1166.7  |  prob: pos_wins=0.993 (goal→1.0)  |  gap=-7.825  loss=2.1760
[LOSS] alignment_loss_type=d3tw_char_pool  d3tw_loss=2.1760  d3tw_cost_pos=165.0691  d3tw_cost_neg=1166.6541  total_loss=2.1912  char_pool_loss=0.0764  effective_char_pool_weight=0.2000  char_pool_acc_top1=0.9913  char_pool_acc_top5=0.9962  char_pool_valid_chars=2080  char_pool_num_chars=2080  window_size=16  stride=16  window_overlap_mode=no_overlap  num_windows=64  sequence_length=128
Epoch 9, Batch 51, Loss: 2.1912
Epoch 9, Batch 52, Loss: 2.1309
Epoch 9, Batch 53, Loss: 2.1570
Epoch 9, Batch 54, Loss: 2.1001
Epoch 9, Batch 55, Loss: 2.0468
Epoch 9, Batch 56, Loss: 2.1312
Epoch 9, Batch 57, Loss: 2.1382
Epoch 9, Batch 58, Loss: 2.0818
Epoch 9, Batch 59, Loss: 2.1264
Epoch 9, Batch 60, Loss: 2.1117
[DTW] raw: pos=167.2  neg=1165.1  |  prob: pos_wins=0.994 (goal→1.0)  |  gap=-7.796  loss=2.2039
[LOSS] alignment_loss_type=d3tw_char_pool  d3tw_loss=2.2039  d3tw_cost_pos=167.2414  d3tw_cost_neg=1165.1306  total_loss=2.2142  char_pool_loss=0.0514  effective_char_pool_weight=0.2000  char_pool_acc_top1=0.9952  char_pool_acc_top5=0.9976  char_pool_valid_chars=2080  char_pool_num_chars=2080  window_size=16  stride=16  window_overlap_mode=no_overlap  num_windows=64  sequence_length=128
Epoch 9, Batch 61, Loss: 2.2142
Epoch 9, Batch 62, Loss: 2.1893
Epoch 9, Batch 63, Loss: 2.2328
Epoch 9, Batch 64, Loss: 2.1387
Epoch 9, Batch 65, Loss: 2.1817
Epoch 9, Batch 66, Loss: 2.1746
Epoch 9, Batch 67, Loss: 2.0467
Epoch 9, Batch 68, Loss: 2.1467
Epoch 9, Batch 69, Loss: 2.0891
Epoch 9, Batch 70, Loss: 2.0591
[DTW] raw: pos=167.9  neg=1172.9  |  prob: pos_wins=0.994 (goal→1.0)  |  gap=-7.852  loss=2.1483
[LOSS] alignment_loss_type=d3tw_char_pool  d3tw_loss=2.1483  d3tw_cost_pos=167.9118  d3tw_cost_neg=1172.9248  total_loss=2.1644  char_pool_loss=0.0809  effective_char_pool_weight=0.2000  char_pool_acc_top1=0.9913  char_pool_acc_top5=0.9962  char_pool_valid_chars=2080  char_pool_num_chars=2080  window_size=16  stride=16  window_overlap_mode=no_overlap  num_windows=64  sequence_length=128
Epoch 9, Batch 71, Loss: 2.1644
Epoch 9, Batch 72, Loss: 2.1595
Epoch 9, Batch 73, Loss: 2.1143
Epoch 9, Batch 74, Loss: 2.1515
Epoch 9, Batch 75, Loss: 2.0494
Epoch 9, Batch 76, Loss: 2.2718
Epoch 9, Batch 77, Loss: 2.0008
Epoch 9, Batch 78, Loss: 2.2279
Epoch 9, Batch 79, Loss: 2.0788
Epoch 9, Batch 80, Loss: 2.2277
[DTW] raw: pos=170.5  neg=1166.0  |  prob: pos_wins=0.993 (goal→1.0)  |  gap=-7.778  loss=2.2223
[LOSS] alignment_loss_type=d3tw_char_pool  d3tw_loss=2.2223  d3tw_cost_pos=170.4865  d3tw_cost_neg=1166.0212  total_loss=2.2313  char_pool_loss=0.0448  effective_char_pool_weight=0.2000  char_pool_acc_top1=0.9947  char_pool_acc_top5=0.9976  char_pool_valid_chars=2080  char_pool_num_chars=2080  window_size=16  stride=16  window_overlap_mode=no_overlap  num_windows=64  sequence_length=128
Epoch 9, Batch 81, Loss: 2.2313
Epoch 9, Batch 82, Loss: 2.1412
Epoch 9, Batch 83, Loss: 2.1913
Epoch 9, Batch 84, Loss: 2.2148
Epoch 9, Batch 85, Loss: 2.0945
Epoch 9, Batch 86, Loss: 2.0547
Epoch 9, Batch 87, Loss: 2.2280
Epoch 9, Batch 88, Loss: 2.1725
Epoch 9, Batch 89, Loss: 2.2204
Epoch 9, Batch 90, Loss: 2.1219
[DTW] raw: pos=163.8  neg=1169.5  |  prob: pos_wins=0.994 (goal→1.0)  |  gap=-7.857  loss=2.1434
[LOSS] alignment_loss_type=d3tw_char_pool  d3tw_loss=2.1434  d3tw_cost_pos=163.8209  d3tw_cost_neg=1169.4924  total_loss=2.1484  char_pool_loss=0.0248  effective_char_pool_weight=0.2000  char_pool_acc_top1=0.9971  char_pool_acc_top5=0.9990  char_pool_valid_chars=2080  char_pool_num_chars=2080  window_size=16  stride=16  window_overlap_mode=no_overlap  num_windows=64  sequence_length=128
Epoch 9, Batch 91, Loss: 2.1484
Epoch 9, Batch 92, Loss: 2.2507
Epoch 9, Batch 93, Loss: 2.0533
Epoch 9, Batch 94, Loss: 2.1350
Epoch 9, Batch 95, Loss: 2.1598
Epoch 9, Batch 96, Loss: 2.2647
Epoch 9, Batch 97, Loss: 2.1720
Epoch 9, Batch 98, Loss: 2.2427
Epoch 9, Batch 99, Loss: 2.1155
Epoch 9, Batch 100, Loss: 2.2349
[DTW] raw: pos=166.8  neg=1174.7  |  prob: pos_wins=0.994 (goal→1.0)  |  gap=-7.874  loss=2.1259
[LOSS] alignment_loss_type=d3tw_char_pool  d3tw_loss=2.1259  d3tw_cost_pos=166.8167  d3tw_cost_neg=1174.6870  total_loss=2.1325  char_pool_loss=0.0329  effective_char_pool_weight=0.2000  char_pool_acc_top1=0.9957  char_pool_acc_top5=0.9986  char_pool_valid_chars=2080  char_pool_num_chars=2080  window_size=16  stride=16  window_overlap_mode=no_overlap  num_windows=64  sequence_length=128
Epoch 9, Batch 101, Loss: 2.1325
Epoch 9, Batch 102, Loss: 2.2537
Epoch 9, Batch 103, Loss: 2.0167
Epoch 9, Batch 104, Loss: 2.2000
Epoch 9, Batch 105, Loss: 2.1940
Epoch 9, Batch 106, Loss: 2.1911
Epoch 9, Batch 107, Loss: 1.9899
Epoch 9, Batch 108, Loss: 2.1734
Epoch 9, Batch 109, Loss: 2.1137
Epoch 9, Batch 110, Loss: 2.2421
[DTW] raw: pos=160.3  neg=1174.9  |  prob: pos_wins=0.994 (goal→1.0)  |  gap=-7.927  loss=2.0737
[LOSS] alignment_loss_type=d3tw_char_pool  d3tw_loss=2.0737  d3tw_cost_pos=160.3195  d3tw_cost_neg=1174.9470  total_loss=2.0824  char_pool_loss=0.0432  effective_char_pool_weight=0.2000  char_pool_acc_top1=0.9952  char_pool_acc_top5=0.9981  char_pool_valid_chars=2080  char_pool_num_chars=2080  window_size=16  stride=16  window_overlap_mode=no_overlap  num_windows=64  sequence_length=128
Epoch 9, Batch 111, Loss: 2.0824
Epoch 9, Batch 112, Loss: 2.1699
Epoch 9, Batch 113, Loss: 2.1375
Epoch 9, Batch 114, Loss: 2.0989
Epoch 9, Batch 115, Loss: 2.1772
Epoch 9, Batch 116, Loss: 2.0708
Epoch 9, Batch 117, Loss: 2.1207
Epoch 9, Batch 118, Loss: 2.1099
Epoch 9, Batch 119, Loss: 2.0865
Epoch 9, Batch 120, Loss: 2.2556
[DTW] raw: pos=159.3  neg=1168.8  |  prob: pos_wins=0.994 (goal→1.0)  |  gap=-7.887  loss=2.1131
[LOSS] alignment_loss_type=d3tw_char_pool  d3tw_loss=2.1131  d3tw_cost_pos=159.2909  d3tw_cost_neg=1168.7983  total_loss=2.1200  char_pool_loss=0.0343  effective_char_pool_weight=0.2000  char_pool_acc_top1=0.9966  char_pool_acc_top5=0.9986  char_pool_valid_chars=2080  char_pool_num_chars=2080  window_size=16  stride=16  window_overlap_mode=no_overlap  num_windows=64  sequence_length=128
Epoch 9, Batch 121, Loss: 2.1200
Epoch 9, Batch 122, Loss: 2.0247
Epoch 9, Batch 123, Loss: 1.9913
Epoch 9, Batch 124, Loss: 2.0336
Epoch 9, Batch 125, Loss: 2.1366
Epoch 9, Batch 126, Loss: 2.1069
Epoch 9, Batch 127, Loss: 1.9615
Epoch 9, Batch 128, Loss: 2.0342
Epoch 9, Batch 129, Loss: 2.0926
Epoch 9, Batch 130, Loss: 2.1743
[DTW] raw: pos=166.9  neg=1173.4  |  prob: pos_wins=0.994 (goal→1.0)  |  gap=-7.864  loss=2.1365
[LOSS] alignment_loss_type=d3tw_char_pool  d3tw_loss=2.1365  d3tw_cost_pos=166.8748  d3tw_cost_neg=1173.4298  total_loss=2.1430  char_pool_loss=0.0328  effective_char_pool_weight=0.2000  char_pool_acc_top1=0.9947  char_pool_acc_top5=0.9995  char_pool_valid_chars=2080  char_pool_num_chars=2080  window_size=16  stride=16  window_overlap_mode=no_overlap  num_windows=64  sequence_length=128
Epoch 9, Batch 131, Loss: 2.1430
Epoch 9, Batch 132, Loss: 2.1851
Epoch 9, Batch 133, Loss: 2.2200
Epoch 9, Batch 134, Loss: 2.1915
Epoch 9, Batch 135, Loss: 2.1599
Epoch 9, Batch 136, Loss: 2.1975
Epoch 9, Batch 137, Loss: 2.1869
Epoch 9, Batch 138, Loss: 2.1015
Epoch 9, Batch 139, Loss: 2.1666
Epoch 9, Batch 140, Loss: 2.0384
[DTW] raw: pos=163.3  neg=1169.3  |  prob: pos_wins=0.993 (goal→1.0)  |  gap=-7.860  loss=2.1402
[LOSS] alignment_loss_type=d3tw_char_pool  d3tw_loss=2.1402  d3tw_cost_pos=163.2694  d3tw_cost_neg=1169.3086  total_loss=2.1473  char_pool_loss=0.0354  effective_char_pool_weight=0.2000  char_pool_acc_top1=0.9962  char_pool_acc_top5=0.9995  char_pool_valid_chars=2080  char_pool_num_chars=2080  window_size=16  stride=16  window_overlap_mode=no_overlap  num_windows=64  sequence_length=128
Epoch 9, Batch 141, Loss: 2.1473
Epoch 9, Batch 142, Loss: 2.1563
Epoch 9, Batch 143, Loss: 2.1554
Epoch 9, Batch 144, Loss: 2.0805
Epoch 9, Batch 145, Loss: 2.2068
Epoch 9, Batch 146, Loss: 2.1190
Epoch 9, Batch 147, Loss: 2.1981
Epoch 9, Batch 148, Loss: 2.1568
Epoch 9, Batch 149, Loss: 2.0413
Epoch 9, Batch 150, Loss: 2.0336
[DTW] raw: pos=163.7  neg=1175.1  |  prob: pos_wins=0.994 (goal→1.0)  |  gap=-7.901  loss=2.0991
[LOSS] alignment_loss_type=d3tw_char_pool  d3tw_loss=2.0991  d3tw_cost_pos=163.7469  d3tw_cost_neg=1175.0564  total_loss=2.1104  char_pool_loss=0.0565  effective_char_pool_weight=0.2000  char_pool_acc_top1=0.9938  char_pool_acc_top5=0.9986  char_pool_valid_chars=2080  char_pool_num_chars=2080  window_size=16  stride=16  window_overlap_mode=no_overlap  num_windows=64  sequence_length=128
Epoch 9, Batch 151, Loss: 2.1104
Epoch 9, Batch 152, Loss: 2.1606
Epoch 9, Batch 153, Loss: 2.0537
Epoch 9, Batch 154, Loss: 2.1462
Epoch 9, Batch 155, Loss: 2.0896
Epoch 9, Batch 156, Loss: 2.1714
Epoch 9, Batch 157, Loss: 2.1562
Epoch 9, Batch 158, Loss: 2.1556
Epoch 9, Batch 159, Loss: 2.1064
Epoch 9, Batch 160, Loss: 2.1726
[DTW] raw: pos=166.1  neg=1174.9  |  prob: pos_wins=0.994 (goal→1.0)  |  gap=-7.882  loss=2.1183
[LOSS] alignment_loss_type=d3tw_char_pool  d3tw_loss=2.1183  d3tw_cost_pos=166.0578  d3tw_cost_neg=1174.9263  total_loss=2.1296  char_pool_loss=0.0566  effective_char_pool_weight=0.2000  char_pool_acc_top1=0.9942  char_pool_acc_top5=0.9986  char_pool_valid_chars=2080  char_pool_num_chars=2080  window_size=16  stride=16  window_overlap_mode=no_overlap  num_windows=64  sequence_length=128
Epoch 9, Batch 161, Loss: 2.1296
Epoch 9, Batch 162, Loss: 2.0645
Epoch 9, Batch 163, Loss: 2.1229
Epoch 9, Batch 164, Loss: 2.0915
Epoch 9, Batch 165, Loss: 2.0499
Epoch 9, Batch 166, Loss: 2.1368
Epoch 9, Batch 167, Loss: 2.1709
Epoch 9, Batch 168, Loss: 2.0762
Epoch 9, Batch 169, Loss: 2.1608
Epoch 9, Batch 170, Loss: 2.1436
[DTW] raw: pos=163.4  neg=1170.0  |  prob: pos_wins=0.994 (goal→1.0)  |  gap=-7.864  loss=2.1359
[LOSS] alignment_loss_type=d3tw_char_pool  d3tw_loss=2.1359  d3tw_cost_pos=163.4057  d3tw_cost_neg=1170.0034  total_loss=2.1418  char_pool_loss=0.0295  effective_char_pool_weight=0.2000  char_pool_acc_top1=0.9971  char_pool_acc_top5=0.9986  char_pool_valid_chars=2080  char_pool_num_chars=2080  window_size=16  stride=16  window_overlap_mode=no_overlap  num_windows=64  sequence_length=128
Epoch 9, Batch 171, Loss: 2.1418
Epoch 9, Batch 172, Loss: 2.1794
Epoch 9, Batch 173, Loss: 2.1440
Epoch 9, Batch 174, Loss: 2.1024
Epoch 9, Batch 175, Loss: 2.0973
Epoch 9, Batch 176, Loss: 2.0684
Epoch 9, Batch 177, Loss: 2.2366
Epoch 9, Batch 178, Loss: 2.2003
Epoch 9, Batch 179, Loss: 2.2128
Epoch 9, Batch 180, Loss: 2.1550
[DTW] raw: pos=166.1  neg=1175.3  |  prob: pos_wins=0.994 (goal→1.0)  |  gap=-7.884  loss=2.1160
[LOSS] alignment_loss_type=d3tw_char_pool  d3tw_loss=2.1160  d3tw_cost_pos=166.1423  d3tw_cost_neg=1175.2891  total_loss=2.1188  char_pool_loss=0.0141  effective_char_pool_weight=0.2000  char_pool_acc_top1=0.9986  char_pool_acc_top5=0.9995  char_pool_valid_chars=2080  char_pool_num_chars=2080  window_size=16  stride=16  window_overlap_mode=no_overlap  num_windows=64  sequence_length=128
Epoch 9, Batch 181, Loss: 2.1188
Epoch 9, Batch 182, Loss: 1.9895
Epoch 9, Batch 183, Loss: 2.1272
Epoch 9, Batch 184, Loss: 2.0273
Epoch 9, Batch 185, Loss: 2.1914
Epoch 9, Batch 186, Loss: 2.1210
Epoch 9, Batch 187, Loss: 2.1064
Epoch 9, Batch 188, Loss: 2.2345
Epoch 9 - Train Loss: 2.1432
[DTW] raw: pos=165.4  neg=1172.7  |  prob: pos_wins=0.994 (goal→1.0)  |  gap=-7.869  loss=2.1305
[LOSS] alignment_loss_type=d3tw_char_pool  d3tw_loss=2.1305  d3tw_cost_pos=165.3891  d3tw_cost_neg=1172.6707  total_loss=2.1396  char_pool_loss=0.0455  effective_char_pool_weight=0.2000  char_pool_acc_top1=0.9947  char_pool_acc_top5=0.9976  char_pool_valid_chars=2080  char_pool_num_chars=2080  window_size=16  stride=16  window_overlap_mode=no_overlap  num_windows=64  sequence_length=128
[DTW] raw: pos=167.5  neg=1187.4  |  prob: pos_wins=0.994 (goal→1.0)  |  gap=-7.968  loss=2.0319
[LOSS] alignment_loss_type=d3tw_char_pool  d3tw_loss=2.0319  d3tw_cost_pos=167.4715  d3tw_cost_neg=1187.4282  total_loss=2.0403  char_pool_loss=0.0420  effective_char_pool_weight=0.2000  char_pool_acc_top1=0.9966  char_pool_acc_top5=0.9981  char_pool_valid_chars=2080  char_pool_num_chars=2080  window_size=16  stride=16  window_overlap_mode=no_overlap  num_windows=64  sequence_length=128
[DTW] raw: pos=169.5  neg=1185.1  |  prob: pos_wins=0.994 (goal→1.0)  |  gap=-7.934  loss=2.0655
[LOSS] alignment_loss_type=d3tw_char_pool  d3tw_loss=2.0655  d3tw_cost_pos=169.5358  d3tw_cost_neg=1185.1364  total_loss=2.0727  char_pool_loss=0.0356  effective_char_pool_weight=0.2000  char_pool_acc_top1=0.9952  char_pool_acc_top5=0.9990  char_pool_valid_chars=2080  char_pool_num_chars=2080  window_size=16  stride=16  window_overlap_mode=no_overlap  num_windows=64  sequence_length=128
[DTW] raw: pos=165.1  neg=1175.3  |  prob: pos_wins=0.994 (goal→1.0)  |  gap=-7.892  loss=2.1080
[LOSS] alignment_loss_type=d3tw_char_pool  d3tw_loss=2.1080  d3tw_cost_pos=165.1136  d3tw_cost_neg=1175.2817  total_loss=2.1176  char_pool_loss=0.0480  effective_char_pool_weight=0.2000  char_pool_acc_top1=0.9933  char_pool_acc_top5=0.9990  char_pool_valid_chars=2080  char_pool_num_chars=2080  window_size=16  stride=16  window_overlap_mode=no_overlap  num_windows=64  sequence_length=128
[DTW] raw: pos=163.6  neg=1189.2  |  prob: pos_wins=0.995 (goal→1.0)  |  gap=-8.013  loss=1.9870
[LOSS] alignment_loss_type=d3tw_char_pool  d3tw_loss=1.9870  d3tw_cost_pos=163.5548  d3tw_cost_neg=1189.2144  total_loss=1.9971  char_pool_loss=0.0506  effective_char_pool_weight=0.2000  char_pool_acc_top1=0.9938  char_pool_acc_top5=0.9976  char_pool_valid_chars=2080  char_pool_num_chars=2080  window_size=16  stride=16  window_overlap_mode=no_overlap  num_windows=64  sequence_length=128
[DTW] raw: pos=165.7  neg=1182.3  |  prob: pos_wins=0.994 (goal→1.0)  |  gap=-7.942  loss=2.0602
[LOSS] alignment_loss_type=d3tw_char_pool  d3tw_loss=2.0602  d3tw_cost_pos=165.6924  d3tw_cost_neg=1182.3005  total_loss=2.0682  char_pool_loss=0.0400  effective_char_pool_weight=0.2000  char_pool_acc_top1=0.9957  char_pool_acc_top5=0.9986  char_pool_valid_chars=2080  char_pool_num_chars=2080  window_size=16  stride=16  window_overlap_mode=no_overlap  num_windows=64  sequence_length=128
[DTW] raw: pos=164.8  neg=1186.6  |  prob: pos_wins=0.994 (goal→1.0)  |  gap=-7.983  loss=2.0181
[LOSS] alignment_loss_type=d3tw_char_pool  d3tw_loss=2.0181  d3tw_cost_pos=164.7882  d3tw_cost_neg=1186.6082  total_loss=2.0323  char_pool_loss=0.0710  effective_char_pool_weight=0.2000  char_pool_acc_top1=0.9923  char_pool_acc_top5=0.9976  char_pool_valid_chars=2080  char_pool_num_chars=2080  window_size=16  stride=16  window_overlap_mode=no_overlap  num_windows=64  sequence_length=128
Epoch 9 - Validation Loss: 2.0809
Epoch 9 completed in 13m 50.00s
Epoch 9 - Peak GPU memory: 2267.0 MB
============================================================
Epoch 10 - Soft-DTW gamma: 0.100000
[DTW] raw: pos=169.8  neg=1166.7  |  prob: pos_wins=0.993 (goal→1.0)  |  gap=-7.788  loss=2.2117
[LOSS] alignment_loss_type=d3tw_char_pool  d3tw_loss=2.2117  d3tw_cost_pos=169.8179  d3tw_cost_neg=1166.7039  total_loss=2.2208  char_pool_loss=0.0363  effective_char_pool_weight=0.2500  char_pool_acc_top1=0.9952  char_pool_acc_top5=0.9986  char_pool_valid_chars=2080  char_pool_num_chars=2080  window_size=16  stride=16  window_overlap_mode=no_overlap  num_windows=64  sequence_length=128
Epoch 10, Batch 1, Loss: 2.2208
Epoch 10, Batch 2, Loss: 2.1863
Epoch 10, Batch 3, Loss: 2.2108
Epoch 10, Batch 4, Loss: 2.1236
Epoch 10, Batch 5, Loss: 2.0895
Epoch 10, Batch 6, Loss: 2.1290
Epoch 10, Batch 7, Loss: 2.1111
Epoch 10, Batch 8, Loss: 2.2953
Epoch 10, Batch 9, Loss: 2.3036
Epoch 10, Batch 10, Loss: 2.1526
[DTW] raw: pos=164.4  neg=1176.3  |  prob: pos_wins=0.994 (goal→1.0)  |  gap=-7.905  loss=2.0957
[LOSS] alignment_loss_type=d3tw_char_pool  d3tw_loss=2.0957  d3tw_cost_pos=164.4153  d3tw_cost_neg=1176.2676  total_loss=2.1065  char_pool_loss=0.0431  effective_char_pool_weight=0.2500  char_pool_acc_top1=0.9942  char_pool_acc_top5=0.9995  char_pool_valid_chars=2080  char_pool_num_chars=2080  window_size=16  stride=16  window_overlap_mode=no_overlap  num_windows=64  sequence_length=128
Epoch 10, Batch 11, Loss: 2.1065
Epoch 10, Batch 12, Loss: 2.1682
Epoch 10, Batch 13, Loss: 2.1574
Epoch 10, Batch 14, Loss: 2.1757
Epoch 10, Batch 15, Loss: 2.1583
Epoch 10, Batch 16, Loss: 2.0590
Epoch 10, Batch 17, Loss: 2.1238
Epoch 10, Batch 18, Loss: 2.2246
Epoch 10, Batch 19, Loss: 2.2313
Epoch 10, Batch 20, Loss: 2.1102
[DTW] raw: pos=160.0  neg=1167.6  |  prob: pos_wins=0.994 (goal→1.0)  |  gap=-7.872  loss=2.1285
[LOSS] alignment_loss_type=d3tw_char_pool  d3tw_loss=2.1285  d3tw_cost_pos=159.9528  d3tw_cost_neg=1167.5568  total_loss=2.1334  char_pool_loss=0.0195  effective_char_pool_weight=0.2500  char_pool_acc_top1=0.9976  char_pool_acc_top5=0.9990  char_pool_valid_chars=2080  char_pool_num_chars=2080  window_size=16  stride=16  window_overlap_mode=no_overlap  num_windows=64  sequence_length=128
Epoch 10, Batch 21, Loss: 2.1334
Epoch 10, Batch 22, Loss: 2.0342
Epoch 10, Batch 23, Loss: 2.1374
Epoch 10, Batch 24, Loss: 2.1321
Epoch 10, Batch 25, Loss: 2.0769
Epoch 10, Batch 26, Loss: 2.1233
Epoch 10, Batch 27, Loss: 2.1077
Epoch 10, Batch 28, Loss: 2.0769
Epoch 10, Batch 29, Loss: 2.0461
Epoch 10, Batch 30, Loss: 2.1662
[DTW] raw: pos=164.3  neg=1167.0  |  prob: pos_wins=0.993 (goal→1.0)  |  gap=-7.833  loss=2.1697
[LOSS] alignment_loss_type=d3tw_char_pool  d3tw_loss=2.1697  d3tw_cost_pos=164.3441  d3tw_cost_neg=1167.0056  total_loss=2.1812  char_pool_loss=0.0461  effective_char_pool_weight=0.2500  char_pool_acc_top1=0.9957  char_pool_acc_top5=0.9981  char_pool_valid_chars=2080  char_pool_num_chars=2080  window_size=16  stride=16  window_overlap_mode=no_overlap  num_windows=64  sequence_length=128
Epoch 10, Batch 31, Loss: 2.1812
Epoch 10, Batch 32, Loss: 2.1771
Epoch 10, Batch 33, Loss: 2.0954
Epoch 10, Batch 34, Loss: 2.1642
Epoch 10, Batch 35, Loss: 2.1624
Epoch 10, Batch 36, Loss: 2.0805
Epoch 10, Batch 37, Loss: 2.2271
Epoch 10, Batch 38, Loss: 2.1145
Epoch 10, Batch 39, Loss: 2.2115
Epoch 10, Batch 40, Loss: 2.2722
[DTW] raw: pos=164.3  neg=1184.4  |  prob: pos_wins=0.994 (goal→1.0)  |  gap=-7.969  loss=2.0324
[LOSS] alignment_loss_type=d3tw_char_pool  d3tw_loss=2.0324  d3tw_cost_pos=164.3294  d3tw_cost_neg=1184.4005  total_loss=2.0449  char_pool_loss=0.0501  effective_char_pool_weight=0.2500  char_pool_acc_top1=0.9933  char_pool_acc_top5=0.9990  char_pool_valid_chars=2080  char_pool_num_chars=2080  window_size=16  stride=16  window_overlap_mode=no_overlap  num_windows=64  sequence_length=128
Epoch 10, Batch 41, Loss: 2.0449
Epoch 10, Batch 42, Loss: 2.1442
Epoch 10, Batch 43, Loss: 2.1592
Epoch 10, Batch 44, Loss: 2.1680
Epoch 10, Batch 45, Loss: 1.9877
Epoch 10, Batch 46, Loss: 2.2189
Epoch 10, Batch 47, Loss: 2.0243
Epoch 10, Batch 48, Loss: 2.0966
Epoch 10, Batch 49, Loss: 2.1141
Epoch 10, Batch 50, Loss: 2.1757
[DTW] raw: pos=162.0  neg=1183.6  |  prob: pos_wins=0.994 (goal→1.0)  |  gap=-7.981  loss=2.0191
[LOSS] alignment_loss_type=d3tw_char_pool  d3tw_loss=2.0191  d3tw_cost_pos=162.0321  d3tw_cost_neg=1183.6290  total_loss=2.0283  char_pool_loss=0.0369  effective_char_pool_weight=0.2500  char_pool_acc_top1=0.9962  char_pool_acc_top5=0.9986  char_pool_valid_chars=2080  char_pool_num_chars=2080  window_size=16  stride=16  window_overlap_mode=no_overlap  num_windows=64  sequence_length=128
Epoch 10, Batch 51, Loss: 2.0283
Epoch 10, Batch 52, Loss: 2.0120
Epoch 10, Batch 53, Loss: 2.2225
Epoch 10, Batch 54, Loss: 2.0899
Epoch 10, Batch 55, Loss: 2.2046
Epoch 10, Batch 56, Loss: 2.0634
Epoch 10, Batch 57, Loss: 2.1194
Epoch 10, Batch 58, Loss: 2.1932
Epoch 10, Batch 59, Loss: 2.0968
Epoch 10, Batch 60, Loss: 2.1191
[DTW] raw: pos=165.0  neg=1172.2  |  prob: pos_wins=0.994 (goal→1.0)  |  gap=-7.869  loss=2.1310
[LOSS] alignment_loss_type=d3tw_char_pool  d3tw_loss=2.1310  d3tw_cost_pos=164.9817  d3tw_cost_neg=1172.2084  total_loss=2.1404  char_pool_loss=0.0378  effective_char_pool_weight=0.2500  char_pool_acc_top1=0.9957  char_pool_acc_top5=0.9990  char_pool_valid_chars=2080  char_pool_num_chars=2080  window_size=16  stride=16  window_overlap_mode=no_overlap  num_windows=64  sequence_length=128
Epoch 10, Batch 61, Loss: 2.1404
Epoch 10, Batch 62, Loss: 2.1147
Epoch 10, Batch 63, Loss: 2.1623
Epoch 10, Batch 64, Loss: 2.1155
Epoch 10, Batch 65, Loss: 2.2085
Epoch 10, Batch 66, Loss: 2.0811
Epoch 10, Batch 67, Loss: 2.0718
Epoch 10, Batch 68, Loss: 2.1016
Epoch 10, Batch 69, Loss: 2.1968
Epoch 10, Batch 70, Loss: 2.1250
[DTW] raw: pos=164.6  neg=1178.4  |  prob: pos_wins=0.994 (goal→1.0)  |  gap=-7.921  loss=2.0795
[LOSS] alignment_loss_type=d3tw_char_pool  d3tw_loss=2.0795  d3tw_cost_pos=164.5972  d3tw_cost_neg=1178.4386  total_loss=2.0908  char_pool_loss=0.0454  effective_char_pool_weight=0.2500  char_pool_acc_top1=0.9938  char_pool_acc_top5=0.9986  char_pool_valid_chars=2080  char_pool_num_chars=2080  window_size=16  stride=16  window_overlap_mode=no_overlap  num_windows=64  sequence_length=128
Epoch 10, Batch 71, Loss: 2.0908
Epoch 10, Batch 72, Loss: 2.1561
Epoch 10, Batch 73, Loss: 2.1796
Epoch 10, Batch 74, Loss: 2.0779
Epoch 10, Batch 75, Loss: 2.1936
Epoch 10, Batch 76, Loss: 2.1769
Epoch 10, Batch 77, Loss: 2.1380
Epoch 10, Batch 78, Loss: 2.2085
Epoch 10, Batch 79, Loss: 2.1568
Epoch 10, Batch 80, Loss: 2.0748
[DTW] raw: pos=162.8  neg=1174.2  |  prob: pos_wins=0.993 (goal→1.0)  |  gap=-7.901  loss=2.0988
[LOSS] alignment_loss_type=d3tw_char_pool  d3tw_loss=2.0988  d3tw_cost_pos=162.8291  d3tw_cost_neg=1174.1992  total_loss=2.1094  char_pool_loss=0.0422  effective_char_pool_weight=0.2500  char_pool_acc_top1=0.9957  char_pool_acc_top5=0.9986  char_pool_valid_chars=2080  char_pool_num_chars=2080  window_size=16  stride=16  window_overlap_mode=no_overlap  num_windows=64  sequence_length=128
Epoch 10, Batch 81, Loss: 2.1094
Epoch 10, Batch 82, Loss: 2.1756
Epoch 10, Batch 83, Loss: 2.1514
Epoch 10, Batch 84, Loss: 2.0826
Epoch 10, Batch 85, Loss: 2.1787
Epoch 10, Batch 86, Loss: 2.0585
Epoch 10, Batch 87, Loss: 2.0402
Epoch 10, Batch 88, Loss: 2.0495
Epoch 10, Batch 89, Loss: 2.1624
Epoch 10, Batch 90, Loss: 2.1656
[DTW] raw: pos=162.0  neg=1177.4  |  prob: pos_wins=0.994 (goal→1.0)  |  gap=-7.933  loss=2.0679
[LOSS] alignment_loss_type=d3tw_char_pool  d3tw_loss=2.0679  d3tw_cost_pos=162.0457  d3tw_cost_neg=1177.4091  total_loss=2.0746  char_pool_loss=0.0270  effective_char_pool_weight=0.2500  char_pool_acc_top1=0.9976  char_pool_acc_top5=0.9986  char_pool_valid_chars=2080  char_pool_num_chars=2080  window_size=16  stride=16  window_overlap_mode=no_overlap  num_windows=64  sequence_length=128
Epoch 10, Batch 91, Loss: 2.0746
Epoch 10, Batch 92, Loss: 2.0522
Epoch 10, Batch 93, Loss: 2.0816
Epoch 10, Batch 94, Loss: 2.1577
Epoch 10, Batch 95, Loss: 2.2248
Epoch 10, Batch 96, Loss: 2.1002
Epoch 10, Batch 97, Loss: 2.1018
Epoch 10, Batch 98, Loss: 2.2464
Epoch 10, Batch 99, Loss: 2.2116
Epoch 10, Batch 100, Loss: 2.1200
[DTW] raw: pos=158.6  neg=1174.8  |  prob: pos_wins=0.994 (goal→1.0)  |  gap=-7.939  loss=2.0637
[LOSS] alignment_loss_type=d3tw_char_pool  d3tw_loss=2.0637  d3tw_cost_pos=158.6211  d3tw_cost_neg=1174.8313  total_loss=2.0759  char_pool_loss=0.0488  effective_char_pool_weight=0.2500  char_pool_acc_top1=0.9947  char_pool_acc_top5=0.9986  char_pool_valid_chars=2080  char_pool_num_chars=2080  window_size=16  stride=16  window_overlap_mode=no_overlap  num_windows=64  sequence_length=128
Epoch 10, Batch 101, Loss: 2.0759
Epoch 10, Batch 102, Loss: 2.2128
Epoch 10, Batch 103, Loss: 2.1700
Epoch 10, Batch 104, Loss: 2.0433
Epoch 10, Batch 105, Loss: 2.2510
Epoch 10, Batch 106, Loss: 2.1244
Epoch 10, Batch 107, Loss: 2.0708
Epoch 10, Batch 108, Loss: 2.2013
Epoch 10, Batch 109, Loss: 2.1592
Epoch 10, Batch 110, Loss: 2.1483
[DTW] raw: pos=161.6  neg=1173.5  |  prob: pos_wins=0.994 (goal→1.0)  |  gap=-7.905  loss=2.0944
[LOSS] alignment_loss_type=d3tw_char_pool  d3tw_loss=2.0944  d3tw_cost_pos=161.6436  d3tw_cost_neg=1173.5460  total_loss=2.1063  char_pool_loss=0.0476  effective_char_pool_weight=0.2500  char_pool_acc_top1=0.9962  char_pool_acc_top5=0.9971  char_pool_valid_chars=2080  char_pool_num_chars=2080  window_size=16  stride=16  window_overlap_mode=no_overlap  num_windows=64  sequence_length=128
Epoch 10, Batch 111, Loss: 2.1063
Epoch 10, Batch 112, Loss: 2.0978
Epoch 10, Batch 113, Loss: 2.1552
Epoch 10, Batch 114, Loss: 2.1645
Epoch 10, Batch 115, Loss: 2.0942
Epoch 10, Batch 116, Loss: 2.1646
Epoch 10, Batch 117, Loss: 2.1467
Epoch 10, Batch 118, Loss: 2.0910
Epoch 10, Batch 119, Loss: 2.1813
Epoch 10, Batch 120, Loss: 2.0794
[DTW] raw: pos=163.8  neg=1183.9  |  prob: pos_wins=0.995 (goal→1.0)  |  gap=-7.969  loss=2.0305
[LOSS] alignment_loss_type=d3tw_char_pool  d3tw_loss=2.0305  d3tw_cost_pos=163.7764  d3tw_cost_neg=1183.8618  total_loss=2.0334  char_pool_loss=0.0117  effective_char_pool_weight=0.2500  char_pool_acc_top1=0.9981  char_pool_acc_top5=0.9995  char_pool_valid_chars=2080  char_pool_num_chars=2080  window_size=16  stride=16  window_overlap_mode=no_overlap  num_windows=64  sequence_length=128
Epoch 10, Batch 121, Loss: 2.0334
Epoch 10, Batch 122, Loss: 2.0879
Epoch 10, Batch 123, Loss: 1.9472
Epoch 10, Batch 124, Loss: 2.0400
Epoch 10, Batch 125, Loss: 2.1317
Epoch 10, Batch 126, Loss: 2.1135
Epoch 10, Batch 127, Loss: 2.0864
Epoch 10, Batch 128, Loss: 2.2024
Epoch 10, Batch 129, Loss: 2.0829
Epoch 10, Batch 130, Loss: 2.0885
[DTW] raw: pos=163.0  neg=1173.0  |  prob: pos_wins=0.993 (goal→1.0)  |  gap=-7.890  loss=2.1109
[LOSS] alignment_loss_type=d3tw_char_pool  d3tw_loss=2.1109  d3tw_cost_pos=163.0447  d3tw_cost_neg=1172.9927  total_loss=2.1152  char_pool_loss=0.0172  effective_char_pool_weight=0.2500  char_pool_acc_top1=0.9976  char_pool_acc_top5=0.9995  char_pool_valid_chars=2080  char_pool_num_chars=2080  window_size=16  stride=16  window_overlap_mode=no_overlap  num_windows=64  sequence_length=128
Epoch 10, Batch 131, Loss: 2.1152
Epoch 10, Batch 132, Loss: 2.0917
Epoch 10, Batch 133, Loss: 2.0653
Epoch 10, Batch 134, Loss: 2.1863
Epoch 10, Batch 135, Loss: 2.0688
Epoch 10, Batch 136, Loss: 2.1678
Epoch 10, Batch 137, Loss: 2.1279
Epoch 10, Batch 138, Loss: 2.1171
Epoch 10, Batch 139, Loss: 2.2820
Epoch 10, Batch 140, Loss: 2.1391
[DTW] raw: pos=171.2  neg=1167.5  |  prob: pos_wins=0.993 (goal→1.0)  |  gap=-7.784  loss=2.2160
[LOSS] alignment_loss_type=d3tw_char_pool  d3tw_loss=2.2160  d3tw_cost_pos=171.1997  d3tw_cost_neg=1167.5354  total_loss=2.2344  char_pool_loss=0.0736  effective_char_pool_weight=0.2500  char_pool_acc_top1=0.9923  char_pool_acc_top5=0.9962  char_pool_valid_chars=2080  char_pool_num_chars=2080  window_size=16  stride=16  window_overlap_mode=no_overlap  num_windows=64  sequence_length=128
Epoch 10, Batch 141, Loss: 2.2344
Epoch 10, Batch 142, Loss: 2.1365
Epoch 10, Batch 143, Loss: 2.2464
Epoch 10, Batch 144, Loss: 2.0130
Epoch 10, Batch 145, Loss: 2.1477
Epoch 10, Batch 146, Loss: 2.0784
Epoch 10, Batch 147, Loss: 2.1485
Epoch 10, Batch 148, Loss: 2.1238
Epoch 10, Batch 149, Loss: 2.1036
Epoch 10, Batch 150, Loss: 2.1710
[DTW] raw: pos=162.3  neg=1160.8  |  prob: pos_wins=0.993 (goal→1.0)  |  gap=-7.801  loss=2.1999
[LOSS] alignment_loss_type=d3tw_char_pool  d3tw_loss=2.1999  d3tw_cost_pos=162.2851  d3tw_cost_neg=1160.8300  total_loss=2.2091  char_pool_loss=0.0366  effective_char_pool_weight=0.2500  char_pool_acc_top1=0.9947  char_pool_acc_top5=0.9981  char_pool_valid_chars=2080  char_pool_num_chars=2080  window_size=16  stride=16  window_overlap_mode=no_overlap  num_windows=64  sequence_length=128
Epoch 10, Batch 151, Loss: 2.2091
Epoch 10, Batch 152, Loss: 2.1420
Epoch 10, Batch 153, Loss: 2.1287
Epoch 10, Batch 154, Loss: 2.2540
Epoch 10, Batch 155, Loss: 2.1300
Epoch 10, Batch 156, Loss: 2.0824
Epoch 10, Batch 157, Loss: 2.0340
Epoch 10, Batch 158, Loss: 2.0167
Epoch 10, Batch 159, Loss: 2.0723
Epoch 10, Batch 160, Loss: 2.1394
[DTW] raw: pos=166.4  neg=1166.5  |  prob: pos_wins=0.993 (goal→1.0)  |  gap=-7.813  loss=2.1868
[LOSS] alignment_loss_type=d3tw_char_pool  d3tw_loss=2.1868  d3tw_cost_pos=166.3854  d3tw_cost_neg=1166.4592  total_loss=2.1953  char_pool_loss=0.0340  effective_char_pool_weight=0.2500  char_pool_acc_top1=0.9957  char_pool_acc_top5=0.9986  char_pool_valid_chars=2080  char_pool_num_chars=2080  window_size=16  stride=16  window_overlap_mode=no_overlap  num_windows=64  sequence_length=128
Epoch 10, Batch 161, Loss: 2.1953
Epoch 10, Batch 162, Loss: 2.1682
Epoch 10, Batch 163, Loss: 2.2762
Epoch 10, Batch 164, Loss: 2.0580
Epoch 10, Batch 165, Loss: 2.1800
Epoch 10, Batch 166, Loss: 2.0917
Epoch 10, Batch 167, Loss: 2.1272
Epoch 10, Batch 168, Loss: 2.1110
Epoch 10, Batch 169, Loss: 2.1746
Epoch 10, Batch 170, Loss: 2.0397
[DTW] raw: pos=164.6  neg=1176.3  |  prob: pos_wins=0.995 (goal→1.0)  |  gap=-7.904  loss=2.0966
[LOSS] alignment_loss_type=d3tw_char_pool  d3tw_loss=2.0966  d3tw_cost_pos=164.6131  d3tw_cost_neg=1176.3141  total_loss=2.1045  char_pool_loss=0.0313  effective_char_pool_weight=0.2500  char_pool_acc_top1=0.9952  char_pool_acc_top5=0.9981  char_pool_valid_chars=2080  char_pool_num_chars=2080  window_size=16  stride=16  window_overlap_mode=no_overlap  num_windows=64  sequence_length=128
Epoch 10, Batch 171, Loss: 2.1045
Epoch 10, Batch 172, Loss: 2.0267
Epoch 10, Batch 173, Loss: 2.1324
Epoch 10, Batch 174, Loss: 2.0651
Epoch 10, Batch 175, Loss: 2.1259
Epoch 10, Batch 176, Loss: 2.1951
Epoch 10, Batch 177, Loss: 2.2162
Epoch 10, Batch 178, Loss: 2.0404
Epoch 10, Batch 179, Loss: 2.1377
Epoch 10, Batch 180, Loss: 2.0523
[DTW] raw: pos=165.1  neg=1171.6  |  prob: pos_wins=0.993 (goal→1.0)  |  gap=-7.863  loss=2.1401
[LOSS] alignment_loss_type=d3tw_char_pool  d3tw_loss=2.1401  d3tw_cost_pos=165.1064  d3tw_cost_neg=1171.5833  total_loss=2.1453  char_pool_loss=0.0210  effective_char_pool_weight=0.2500  char_pool_acc_top1=0.9981  char_pool_acc_top5=0.9990  char_pool_valid_chars=2080  char_pool_num_chars=2080  window_size=16  stride=16  window_overlap_mode=no_overlap  num_windows=64  sequence_length=128
Epoch 10, Batch 181, Loss: 2.1453
Epoch 10, Batch 182, Loss: 2.1206
Epoch 10, Batch 183, Loss: 2.1348
Epoch 10, Batch 184, Loss: 2.1158
Epoch 10, Batch 185, Loss: 2.2115
Epoch 10, Batch 186, Loss: 2.1287
Epoch 10, Batch 187, Loss: 2.1571
Epoch 10, Batch 188, Loss: 2.1477
Epoch 10 - Train Loss: 2.1322
[DTW] raw: pos=165.0  neg=1173.8  |  prob: pos_wins=0.993 (goal→1.0)  |  gap=-7.881  loss=2.1203
[LOSS] alignment_loss_type=d3tw_char_pool  d3tw_loss=2.1203  d3tw_cost_pos=164.9551  d3tw_cost_neg=1173.7520  total_loss=2.1381  char_pool_loss=0.0710  effective_char_pool_weight=0.2500  char_pool_acc_top1=0.9938  char_pool_acc_top5=0.9971  char_pool_valid_chars=2080  char_pool_num_chars=2080  window_size=16  stride=16  window_overlap_mode=no_overlap  num_windows=64  sequence_length=128
[DTW] raw: pos=169.7  neg=1167.8  |  prob: pos_wins=0.992 (goal→1.0)  |  gap=-7.797  loss=2.2039
[LOSS] alignment_loss_type=d3tw_char_pool  d3tw_loss=2.2039  d3tw_cost_pos=169.7473  d3tw_cost_neg=1167.7635  total_loss=2.2204  char_pool_loss=0.0660  effective_char_pool_weight=0.2500  char_pool_acc_top1=0.9942  char_pool_acc_top5=0.9966  char_pool_valid_chars=2080  char_pool_num_chars=2080  window_size=16  stride=16  window_overlap_mode=no_overlap  num_windows=64  sequence_length=128
[DTW] raw: pos=169.6  neg=1191.6  |  prob: pos_wins=0.995 (goal→1.0)  |  gap=-7.985  loss=2.0158
[LOSS] alignment_loss_type=d3tw_char_pool  d3tw_loss=2.0158  d3tw_cost_pos=169.5705  d3tw_cost_neg=1191.6282  total_loss=2.0291  char_pool_loss=0.0533  effective_char_pool_weight=0.2500  char_pool_acc_top1=0.9942  char_pool_acc_top5=0.9981  char_pool_valid_chars=2080  char_pool_num_chars=2080  window_size=16  stride=16  window_overlap_mode=no_overlap  num_windows=64  sequence_length=128
[DTW] raw: pos=162.6  neg=1181.9  |  prob: pos_wins=0.995 (goal→1.0)  |  gap=-7.963  loss=2.0384
[LOSS] alignment_loss_type=d3tw_char_pool  d3tw_loss=2.0384  d3tw_cost_pos=162.6267  d3tw_cost_neg=1181.9435  total_loss=2.0520  char_pool_loss=0.0544  effective_char_pool_weight=0.2500  char_pool_acc_top1=0.9942  char_pool_acc_top5=0.9976  char_pool_valid_chars=2080  char_pool_num_chars=2080  window_size=16  stride=16  window_overlap_mode=no_overlap  num_windows=64  sequence_length=128
[DTW] raw: pos=160.0  neg=1185.7  |  prob: pos_wins=0.995 (goal→1.0)  |  gap=-8.014  loss=1.9863
[LOSS] alignment_loss_type=d3tw_char_pool  d3tw_loss=1.9863  d3tw_cost_pos=159.9772  d3tw_cost_neg=1185.7236  total_loss=1.9913  char_pool_loss=0.0200  effective_char_pool_weight=0.2500  char_pool_acc_top1=0.9976  char_pool_acc_top5=0.9990  char_pool_valid_chars=2080  char_pool_num_chars=2080  window_size=16  stride=16  window_overlap_mode=no_overlap  num_windows=64  sequence_length=128
[DTW] raw: pos=166.2  neg=1175.9  |  prob: pos_wins=0.993 (goal→1.0)  |  gap=-7.888  loss=2.1124
[LOSS] alignment_loss_type=d3tw_char_pool  d3tw_loss=2.1124  d3tw_cost_pos=166.1811  d3tw_cost_neg=1175.8752  total_loss=2.1283  char_pool_loss=0.0638  effective_char_pool_weight=0.2500  char_pool_acc_top1=0.9928  char_pool_acc_top5=0.9976  char_pool_valid_chars=2080  char_pool_num_chars=2080  window_size=16  stride=16  window_overlap_mode=no_overlap  num_windows=64  sequence_length=128
[DTW] raw: pos=164.4  neg=1173.5  |  prob: pos_wins=0.994 (goal→1.0)  |  gap=-7.884  loss=2.1179
[LOSS] alignment_loss_type=d3tw_char_pool  d3tw_loss=2.1179  d3tw_cost_pos=164.4142  d3tw_cost_neg=1173.5022  total_loss=2.1343  char_pool_loss=0.0656  effective_char_pool_weight=0.2500  char_pool_acc_top1=0.9918  char_pool_acc_top5=0.9976  char_pool_valid_chars=2080  char_pool_num_chars=2080  window_size=16  stride=16  window_overlap_mode=no_overlap  num_windows=64  sequence_length=128
Epoch 10 - Validation Loss: 2.0758
Epoch 10 completed in 13m 51.34s
Epoch 10 - Peak GPU memory: 2267.0 MB
============================================================
Epoch 11 - Soft-DTW gamma: 0.100000
[DTW] raw: pos=167.6  neg=1183.4  |  prob: pos_wins=0.994 (goal→1.0)  |  gap=-7.936  loss=2.0659
[LOSS] alignment_loss_type=d3tw_char_pool  d3tw_loss=2.0659  d3tw_cost_pos=167.6392  d3tw_cost_neg=1183.4080  total_loss=2.0775  char_pool_loss=0.0386  effective_char_pool_weight=0.3000  char_pool_acc_top1=0.9947  char_pool_acc_top5=0.9981  char_pool_valid_chars=2080  char_pool_num_chars=2080  window_size=16  stride=16  window_overlap_mode=no_overlap  num_windows=64  sequence_length=128
Epoch 11, Batch 1, Loss: 2.0775
Epoch 11, Batch 2, Loss: 2.2334
Epoch 11, Batch 3, Loss: 2.1595
Epoch 11, Batch 4, Loss: 2.0841
Epoch 11, Batch 5, Loss: 2.2255
Epoch 11, Batch 6, Loss: 2.0444
Epoch 11, Batch 7, Loss: 2.0919
Epoch 11, Batch 8, Loss: 2.1567
Epoch 11, Batch 9, Loss: 2.0008
Epoch 11, Batch 10, Loss: 2.0239
[DTW] raw: pos=160.5  neg=1180.3  |  prob: pos_wins=0.994 (goal→1.0)  |  gap=-7.967  loss=2.0328
[LOSS] alignment_loss_type=d3tw_char_pool  d3tw_loss=2.0328  d3tw_cost_pos=160.4835  d3tw_cost_neg=1180.2705  total_loss=2.0385  char_pool_loss=0.0189  effective_char_pool_weight=0.3000  char_pool_acc_top1=0.9962  char_pool_acc_top5=0.9995  char_pool_valid_chars=2080  char_pool_num_chars=2080  window_size=16  stride=16  window_overlap_mode=no_overlap  num_windows=64  sequence_length=128
Epoch 11, Batch 11, Loss: 2.0385
Epoch 11, Batch 12, Loss: 2.1388
Epoch 11, Batch 13, Loss: 2.1098
Epoch 11, Batch 14, Loss: 2.1810
Epoch 11, Batch 15, Loss: 2.0514
Epoch 11, Batch 16, Loss: 2.1617
Epoch 11, Batch 17, Loss: 2.0854
Epoch 11, Batch 18, Loss: 2.1485
Epoch 11, Batch 19, Loss: 2.1514
Epoch 11, Batch 20, Loss: 2.0725
[DTW] raw: pos=165.3  neg=1173.5  |  prob: pos_wins=0.993 (goal→1.0)  |  gap=-7.877  loss=2.1243
[LOSS] alignment_loss_type=d3tw_char_pool  d3tw_loss=2.1243  d3tw_cost_pos=165.2866  d3tw_cost_neg=1173.4792  total_loss=2.1375  char_pool_loss=0.0438  effective_char_pool_weight=0.3000  char_pool_acc_top1=0.9942  char_pool_acc_top5=0.9981  char_pool_valid_chars=2080  char_pool_num_chars=2080  window_size=16  stride=16  window_overlap_mode=no_overlap  num_windows=64  sequence_length=128
Epoch 11, Batch 21, Loss: 2.1375
Epoch 11, Batch 22, Loss: 2.1045
Epoch 11, Batch 23, Loss: 2.0040
Epoch 11, Batch 24, Loss: 2.2271
Epoch 11, Batch 25, Loss: 2.1471
Epoch 11, Batch 26, Loss: 2.1382
Epoch 11, Batch 27, Loss: 2.1502
Epoch 11, Batch 28, Loss: 2.1727
Epoch 11, Batch 29, Loss: 2.1721
Epoch 11, Batch 30, Loss: 2.2185
[DTW] raw: pos=164.1  neg=1156.1  |  prob: pos_wins=0.993 (goal→1.0)  |  gap=-7.750  loss=2.2503
[LOSS] alignment_loss_type=d3tw_char_pool  d3tw_loss=2.2503  d3tw_cost_pos=164.1195  d3tw_cost_neg=1156.0737  total_loss=2.2644  char_pool_loss=0.0471  effective_char_pool_weight=0.3000  char_pool_acc_top1=0.9947  char_pool_acc_top5=0.9986  char_pool_valid_chars=2080  char_pool_num_chars=2080  window_size=16  stride=16  window_overlap_mode=no_overlap  num_windows=64  sequence_length=128
Epoch 11, Batch 31, Loss: 2.2644
Epoch 11, Batch 32, Loss: 2.1701
Epoch 11, Batch 33, Loss: 2.1510
Epoch 11, Batch 34, Loss: 2.1179
Epoch 11, Batch 35, Loss: 1.9841
Epoch 11, Batch 36, Loss: 2.1185
Epoch 11, Batch 37, Loss: 2.1195
Epoch 11, Batch 38, Loss: 2.2008
Epoch 11, Batch 39, Loss: 2.1003
Epoch 11, Batch 40, Loss: 2.1363
[DTW] raw: pos=162.5  neg=1179.5  |  prob: pos_wins=0.994 (goal→1.0)  |  gap=-7.946  loss=2.0542
[LOSS] alignment_loss_type=d3tw_char_pool  d3tw_loss=2.0542  d3tw_cost_pos=162.4554  d3tw_cost_neg=1179.5085  total_loss=2.0602  char_pool_loss=0.0199  effective_char_pool_weight=0.3000  char_pool_acc_top1=0.9971  char_pool_acc_top5=0.9995  char_pool_valid_chars=2080  char_pool_num_chars=2080  window_size=16  stride=16  window_overlap_mode=no_overlap  num_windows=64  sequence_length=128
Epoch 11, Batch 41, Loss: 2.0602
Epoch 11, Batch 42, Loss: 2.1790
Epoch 11, Batch 43, Loss: 2.0452
Epoch 11, Batch 44, Loss: 1.9903
Epoch 11, Batch 45, Loss: 2.1479
Epoch 11, Batch 46, Loss: 2.1923
Epoch 11, Batch 47, Loss: 2.1285
Epoch 11, Batch 48, Loss: 2.0513
Epoch 11, Batch 49, Loss: 2.2345
Epoch 11, Batch 50, Loss: 2.1411
[DTW] raw: pos=169.3  neg=1163.2  |  prob: pos_wins=0.993 (goal→1.0)  |  gap=-7.764  loss=2.2355
[LOSS] alignment_loss_type=d3tw_char_pool  d3tw_loss=2.2355  d3tw_cost_pos=169.3394  d3tw_cost_neg=1163.1809  total_loss=2.2475  char_pool_loss=0.0399  effective_char_pool_weight=0.3000  char_pool_acc_top1=0.9962  char_pool_acc_top5=0.9986  char_pool_valid_chars=2080  char_pool_num_chars=2080  window_size=16  stride=16  window_overlap_mode=no_overlap  num_windows=64  sequence_length=128
Epoch 11, Batch 51, Loss: 2.2475
Epoch 11, Batch 52, Loss: 2.0830
Epoch 11, Batch 53, Loss: 2.1647
Epoch 11, Batch 54, Loss: 2.1693
Epoch 11, Batch 55, Loss: 2.1827
Epoch 11, Batch 56, Loss: 2.0441
Epoch 11, Batch 57, Loss: 2.1600
Epoch 11, Batch 58, Loss: 2.0863
Epoch 11, Batch 59, Loss: 2.1763
Epoch 11, Batch 60, Loss: 2.1618
[DTW] raw: pos=163.7  neg=1175.7  |  prob: pos_wins=0.994 (goal→1.0)  |  gap=-7.906  loss=2.0935
[LOSS] alignment_loss_type=d3tw_char_pool  d3tw_loss=2.0935  d3tw_cost_pos=163.7132  d3tw_cost_neg=1175.7375  total_loss=2.1079  char_pool_loss=0.0480  effective_char_pool_weight=0.3000  char_pool_acc_top1=0.9947  char_pool_acc_top5=0.9981  char_pool_valid_chars=2080  char_pool_num_chars=2080  window_size=16  stride=16  window_overlap_mode=no_overlap  num_windows=64  sequence_length=128
Epoch 11, Batch 61, Loss: 2.1079
Epoch 11, Batch 62, Loss: 1.9932
Epoch 11, Batch 63, Loss: 2.1440
Epoch 11, Batch 64, Loss: 2.1133
Epoch 11, Batch 65, Loss: 2.1643
Epoch 11, Batch 66, Loss: 2.0496
Epoch 11, Batch 67, Loss: 2.0384
Epoch 11, Batch 68, Loss: 2.1493
Epoch 11, Batch 69, Loss: 2.0681
Epoch 11, Batch 70, Loss: 2.0474
[DTW] raw: pos=159.0  neg=1174.5  |  prob: pos_wins=0.995 (goal→1.0)  |  gap=-7.934  loss=2.0667
[LOSS] alignment_loss_type=d3tw_char_pool  d3tw_loss=2.0667  d3tw_cost_pos=158.9569  d3tw_cost_neg=1174.5071  total_loss=2.0767  char_pool_loss=0.0334  effective_char_pool_weight=0.3000  char_pool_acc_top1=0.9971  char_pool_acc_top5=0.9976  char_pool_valid_chars=2080  char_pool_num_chars=2080  window_size=16  stride=16  window_overlap_mode=no_overlap  num_windows=64  sequence_length=128
Epoch 11, Batch 71, Loss: 2.0767
Epoch 11, Batch 72, Loss: 2.0466
Epoch 11, Batch 73, Loss: 2.1356
Epoch 11, Batch 74, Loss: 2.0962
Epoch 11, Batch 75, Loss: 2.3020
Epoch 11, Batch 76, Loss: 2.2045
Epoch 11, Batch 77, Loss: 2.1688
Epoch 11, Batch 78, Loss: 2.0979
Epoch 11, Batch 79, Loss: 2.1547
Epoch 11, Batch 80, Loss: 2.0455
[DTW] raw: pos=163.7  neg=1164.8  |  prob: pos_wins=0.994 (goal→1.0)  |  gap=-7.821  loss=2.1791
[LOSS] alignment_loss_type=d3tw_char_pool  d3tw_loss=2.1791  d3tw_cost_pos=163.6673  d3tw_cost_neg=1164.7786  total_loss=2.1901  char_pool_loss=0.0366  effective_char_pool_weight=0.3000  char_pool_acc_top1=0.9947  char_pool_acc_top5=0.9981  char_pool_valid_chars=2080  char_pool_num_chars=2080  window_size=16  stride=16  window_overlap_mode=no_overlap  num_windows=64  sequence_length=128
Epoch 11, Batch 81, Loss: 2.1901
Epoch 11, Batch 82, Loss: 2.2279
Epoch 11, Batch 83, Loss: 2.0927
Epoch 11, Batch 84, Loss: 2.2018
Epoch 11, Batch 85, Loss: 2.1332
Epoch 11, Batch 86, Loss: 2.1955
Epoch 11, Batch 87, Loss: 2.1172
Epoch 11, Batch 88, Loss: 2.2785
Epoch 11, Batch 89, Loss: 2.0273
Epoch 11, Batch 90, Loss: 2.2755
[DTW] raw: pos=161.2  neg=1178.4  |  prob: pos_wins=0.994 (goal→1.0)  |  gap=-7.947  loss=2.0537
[LOSS] alignment_loss_type=d3tw_char_pool  d3tw_loss=2.0537  d3tw_cost_pos=161.1728  d3tw_cost_neg=1178.3688  total_loss=2.0610  char_pool_loss=0.0245  effective_char_pool_weight=0.3000  char_pool_acc_top1=0.9971  char_pool_acc_top5=1.0000  char_pool_valid_chars=2080  char_pool_num_chars=2080  window_size=16  stride=16  window_overlap_mode=no_overlap  num_windows=64  sequence_length=128
Epoch 11, Batch 91, Loss: 2.0610
Epoch 11, Batch 92, Loss: 1.9948
Epoch 11, Batch 93, Loss: 2.1109
Epoch 11, Batch 94, Loss: 2.2124
Epoch 11, Batch 95, Loss: 2.0337
Epoch 11, Batch 96, Loss: 2.0948
Epoch 11, Batch 97, Loss: 2.2725
Epoch 11, Batch 98, Loss: 2.1097
Epoch 11, Batch 99, Loss: 2.1255
Epoch 11, Batch 100, Loss: 2.0829
[DTW] raw: pos=159.6  neg=1182.5  |  prob: pos_wins=0.995 (goal→1.0)  |  gap=-7.992  loss=2.0098
[LOSS] alignment_loss_type=d3tw_char_pool  d3tw_loss=2.0098  d3tw_cost_pos=159.5641  d3tw_cost_neg=1182.5276  total_loss=2.0161  char_pool_loss=0.0209  effective_char_pool_weight=0.3000  char_pool_acc_top1=0.9966  char_pool_acc_top5=0.9995  char_pool_valid_chars=2080  char_pool_num_chars=2080  window_size=16  stride=16  window_overlap_mode=no_overlap  num_windows=64  sequence_length=128
Epoch 11, Batch 101, Loss: 2.0161
Epoch 11, Batch 102, Loss: 2.1174
Epoch 11, Batch 103, Loss: 2.0002
Epoch 11, Batch 104, Loss: 2.0820
Epoch 11, Batch 105, Loss: 2.0808
Epoch 11, Batch 106, Loss: 2.2400
Epoch 11, Batch 107, Loss: 2.0508
Epoch 11, Batch 108, Loss: 2.0290
Epoch 11, Batch 109, Loss: 2.0644
Epoch 11, Batch 110, Loss: 1.9959
[DTW] raw: pos=163.7  neg=1168.9  |  prob: pos_wins=0.994 (goal→1.0)  |  gap=-7.853  loss=2.1484
[LOSS] alignment_loss_type=d3tw_char_pool  d3tw_loss=2.1484  d3tw_cost_pos=163.6857  d3tw_cost_neg=1168.8645  total_loss=2.1557  char_pool_loss=0.0242  effective_char_pool_weight=0.3000  char_pool_acc_top1=0.9976  char_pool_acc_top5=0.9986  char_pool_valid_chars=2080  char_pool_num_chars=2080  window_size=16  stride=16  window_overlap_mode=no_overlap  num_windows=64  sequence_length=128
Epoch 11, Batch 111, Loss: 2.1557
Epoch 11, Batch 112, Loss: 2.0614
Epoch 11, Batch 113, Loss: 2.0947
Epoch 11, Batch 114, Loss: 2.0406
Epoch 11, Batch 115, Loss: 2.1293
Epoch 11, Batch 116, Loss: 2.1078
Epoch 11, Batch 117, Loss: 2.2003
Epoch 11, Batch 118, Loss: 2.1470
Epoch 11, Batch 119, Loss: 2.1711
Epoch 11, Batch 120, Loss: 2.1243
[DTW] raw: pos=166.0  neg=1174.0  |  prob: pos_wins=0.993 (goal→1.0)  |  gap=-7.874  loss=2.1255
[LOSS] alignment_loss_type=d3tw_char_pool  d3tw_loss=2.1255  d3tw_cost_pos=166.0338  d3tw_cost_neg=1173.9529  total_loss=2.1360  char_pool_loss=0.0348  effective_char_pool_weight=0.3000  char_pool_acc_top1=0.9952  char_pool_acc_top5=0.9981  char_pool_valid_chars=2080  char_pool_num_chars=2080  window_size=16  stride=16  window_overlap_mode=no_overlap  num_windows=64  sequence_length=128
Epoch 11, Batch 121, Loss: 2.1360
Epoch 11, Batch 122, Loss: 2.0639
Epoch 11, Batch 123, Loss: 2.0471
Epoch 11, Batch 124, Loss: 2.1162
Epoch 11, Batch 125, Loss: 2.1425
Epoch 11, Batch 126, Loss: 2.1758
Epoch 11, Batch 127, Loss: 2.0511
Epoch 11, Batch 128, Loss: 2.1412
Epoch 11, Batch 129, Loss: 2.1332
Epoch 11, Batch 130, Loss: 2.0591
[DTW] raw: pos=162.5  neg=1172.2  |  prob: pos_wins=0.993 (goal→1.0)  |  gap=-7.888  loss=2.1119
[LOSS] alignment_loss_type=d3tw_char_pool  d3tw_loss=2.1119  d3tw_cost_pos=162.4771  d3tw_cost_neg=1172.1848  total_loss=2.1202  char_pool_loss=0.0278  effective_char_pool_weight=0.3000  char_pool_acc_top1=0.9962  char_pool_acc_top5=0.9990  char_pool_valid_chars=2080  char_pool_num_chars=2080  window_size=16  stride=16  window_overlap_mode=no_overlap  num_windows=64  sequence_length=128
Epoch 11, Batch 131, Loss: 2.1202
Epoch 11, Batch 132, Loss: 2.1596
Epoch 11, Batch 133, Loss: 2.0758
Epoch 11, Batch 134, Loss: 2.1407
Epoch 11, Batch 135, Loss: 2.0961
Epoch 11, Batch 136, Loss: 2.0942
Epoch 11, Batch 137, Loss: 2.0370
Epoch 11, Batch 138, Loss: 2.0161
Epoch 11, Batch 139, Loss: 2.1456
Epoch 11, Batch 140, Loss: 2.1479
[DTW] raw: pos=160.4  neg=1182.8  |  prob: pos_wins=0.994 (goal→1.0)  |  gap=-7.988  loss=2.0125
[LOSS] alignment_loss_type=d3tw_char_pool  d3tw_loss=2.0125  d3tw_cost_pos=160.3845  d3tw_cost_neg=1182.7979  total_loss=2.0142  char_pool_loss=0.0056  effective_char_pool_weight=0.3000  char_pool_acc_top1=0.9995  char_pool_acc_top5=1.0000  char_pool_valid_chars=2080  char_pool_num_chars=2080  window_size=16  stride=16  window_overlap_mode=no_overlap  num_windows=64  sequence_length=128
Epoch 11, Batch 141, Loss: 2.0142
Epoch 11, Batch 142, Loss: 2.0592
Epoch 11, Batch 143, Loss: 2.1795
Epoch 11, Batch 144, Loss: 2.0964
Epoch 11, Batch 145, Loss: 2.0849
Epoch 11, Batch 146, Loss: 2.1281
Epoch 11, Batch 147, Loss: 2.2560
Epoch 11, Batch 148, Loss: 2.1093
Epoch 11, Batch 149, Loss: 2.1256
Epoch 11, Batch 150, Loss: 2.1110
[DTW] raw: pos=165.1  neg=1170.4  |  prob: pos_wins=0.994 (goal→1.0)  |  gap=-7.854  loss=2.1455
[LOSS] alignment_loss_type=d3tw_char_pool  d3tw_loss=2.1455  d3tw_cost_pos=165.0789  d3tw_cost_neg=1170.4495  total_loss=2.1508  char_pool_loss=0.0177  effective_char_pool_weight=0.3000  char_pool_acc_top1=0.9971  char_pool_acc_top5=0.9990  char_pool_valid_chars=2080  char_pool_num_chars=2080  window_size=16  stride=16  window_overlap_mode=no_overlap  num_windows=64  sequence_length=128
Epoch 11, Batch 151, Loss: 2.1508
Epoch 11, Batch 152, Loss: 2.0479
Epoch 11, Batch 153, Loss: 2.0817
Epoch 11, Batch 154, Loss: 2.0821
Epoch 11, Batch 155, Loss: 2.1438
Epoch 11, Batch 156, Loss: 2.0608
Epoch 11, Batch 157, Loss: 2.2247
Epoch 11, Batch 158, Loss: 2.0741
Epoch 11, Batch 159, Loss: 2.0864
Epoch 11, Batch 160, Loss: 2.1884
[DTW] raw: pos=166.7  neg=1162.6  |  prob: pos_wins=0.993 (goal→1.0)  |  gap=-7.781  loss=2.2193
[LOSS] alignment_loss_type=d3tw_char_pool  d3tw_loss=2.2193  d3tw_cost_pos=166.6865  d3tw_cost_neg=1162.6012  total_loss=2.2401  char_pool_loss=0.0693  effective_char_pool_weight=0.3000  char_pool_acc_top1=0.9928  char_pool_acc_top5=0.9971  char_pool_valid_chars=2080  char_pool_num_chars=2080  window_size=16  stride=16  window_overlap_mode=no_overlap  num_windows=64  sequence_length=128
Epoch 11, Batch 161, Loss: 2.2401
Epoch 11, Batch 162, Loss: 2.1523
Epoch 11, Batch 163, Loss: 2.1812
Epoch 11, Batch 164, Loss: 2.0711
Epoch 11, Batch 165, Loss: 2.0858
Epoch 11, Batch 166, Loss: 2.2200
Epoch 11, Batch 167, Loss: 2.0428
Epoch 11, Batch 168, Loss: 1.9756
Epoch 11, Batch 169, Loss: 2.0978
Epoch 11, Batch 170, Loss: 2.1325
[DTW] raw: pos=163.3  neg=1175.9  |  prob: pos_wins=0.994 (goal→1.0)  |  gap=-7.911  loss=2.0885
[LOSS] alignment_loss_type=d3tw_char_pool  d3tw_loss=2.0885  d3tw_cost_pos=163.2819  d3tw_cost_neg=1175.9375  total_loss=2.1023  char_pool_loss=0.0459  effective_char_pool_weight=0.3000  char_pool_acc_top1=0.9952  char_pool_acc_top5=0.9976  char_pool_valid_chars=2080  char_pool_num_chars=2080  window_size=16  stride=16  window_overlap_mode=no_overlap  num_windows=64  sequence_length=128
Epoch 11, Batch 171, Loss: 2.1023
Epoch 11, Batch 172, Loss: 2.0823
Epoch 11, Batch 173, Loss: 2.0566
Epoch 11, Batch 174, Loss: 2.2579
Epoch 11, Batch 175, Loss: 2.1365
Epoch 11, Batch 176, Loss: 2.1444
Epoch 11, Batch 177, Loss: 2.0419
Epoch 11, Batch 178, Loss: 2.2233
Epoch 11, Batch 179, Loss: 2.1487
Epoch 11, Batch 180, Loss: 2.0927
[DTW] raw: pos=167.1  neg=1184.7  |  prob: pos_wins=0.995 (goal→1.0)  |  gap=-7.950  loss=2.0507
[LOSS] alignment_loss_type=d3tw_char_pool  d3tw_loss=2.0507  d3tw_cost_pos=167.0791  d3tw_cost_neg=1184.6888  total_loss=2.0649  char_pool_loss=0.0474  effective_char_pool_weight=0.3000  char_pool_acc_top1=0.9938  char_pool_acc_top5=0.9986  char_pool_valid_chars=2080  char_pool_num_chars=2080  window_size=16  stride=16  window_overlap_mode=no_overlap  num_windows=64  sequence_length=128
Epoch 11, Batch 181, Loss: 2.0649
Epoch 11, Batch 182, Loss: 2.1021
Epoch 11, Batch 183, Loss: 2.0936
Epoch 11, Batch 184, Loss: 2.1619
Epoch 11, Batch 185, Loss: 2.0916
Epoch 11, Batch 186, Loss: 2.1663
Epoch 11, Batch 187, Loss: 2.1387
Epoch 11, Batch 188, Loss: 2.0694
Epoch 11 - Train Loss: 2.1194
[DTW] raw: pos=167.8  neg=1178.0  |  prob: pos_wins=0.994 (goal→1.0)  |  gap=-7.893  loss=2.1082
[LOSS] alignment_loss_type=d3tw_char_pool  d3tw_loss=2.1082  d3tw_cost_pos=167.7642  d3tw_cost_neg=1178.0271  total_loss=2.1269  char_pool_loss=0.0624  effective_char_pool_weight=0.3000  char_pool_acc_top1=0.9952  char_pool_acc_top5=0.9976  char_pool_valid_chars=2080  char_pool_num_chars=2080  window_size=16  stride=16  window_overlap_mode=no_overlap  num_windows=64  sequence_length=128
[DTW] raw: pos=166.4  neg=1171.1  |  prob: pos_wins=0.993 (goal→1.0)  |  gap=-7.849  loss=2.1510
[LOSS] alignment_loss_type=d3tw_char_pool  d3tw_loss=2.1510  d3tw_cost_pos=166.4415  d3tw_cost_neg=1171.1044  total_loss=2.1649  char_pool_loss=0.0465  effective_char_pool_weight=0.3000  char_pool_acc_top1=0.9952  char_pool_acc_top5=0.9981  char_pool_valid_chars=2080  char_pool_num_chars=2080  window_size=16  stride=16  window_overlap_mode=no_overlap  num_windows=64  sequence_length=128
[DTW] raw: pos=169.0  neg=1189.5  |  prob: pos_wins=0.995 (goal→1.0)  |  gap=-7.973  loss=2.0277
[LOSS] alignment_loss_type=d3tw_char_pool  d3tw_loss=2.0277  d3tw_cost_pos=169.0403  d3tw_cost_neg=1189.5427  total_loss=2.0423  char_pool_loss=0.0489  effective_char_pool_weight=0.3000  char_pool_acc_top1=0.9947  char_pool_acc_top5=0.9976  char_pool_valid_chars=2080  char_pool_num_chars=2080  window_size=16  stride=16  window_overlap_mode=no_overlap  num_windows=64  sequence_length=128
[DTW] raw: pos=164.1  neg=1189.8  |  prob: pos_wins=0.995 (goal→1.0)  |  gap=-8.014  loss=1.9900
[LOSS] alignment_loss_type=d3tw_char_pool  d3tw_loss=1.9900  d3tw_cost_pos=164.0819  d3tw_cost_neg=1189.8494  total_loss=2.0076  char_pool_loss=0.0588  effective_char_pool_weight=0.3000  char_pool_acc_top1=0.9938  char_pool_acc_top5=0.9976  char_pool_valid_chars=2080  char_pool_num_chars=2080  window_size=16  stride=16  window_overlap_mode=no_overlap  num_windows=64  sequence_length=128
[DTW] raw: pos=163.8  neg=1179.3  |  prob: pos_wins=0.994 (goal→1.0)  |  gap=-7.934  loss=2.0675
[LOSS] alignment_loss_type=d3tw_char_pool  d3tw_loss=2.0675  d3tw_cost_pos=163.8123  d3tw_cost_neg=1179.3329  total_loss=2.0850  char_pool_loss=0.0585  effective_char_pool_weight=0.3000  char_pool_acc_top1=0.9942  char_pool_acc_top5=0.9966  char_pool_valid_chars=2080  char_pool_num_chars=2080  window_size=16  stride=16  window_overlap_mode=no_overlap  num_windows=64  sequence_length=128
[DTW] raw: pos=166.8  neg=1172.1  |  prob: pos_wins=0.994 (goal→1.0)  |  gap=-7.854  loss=2.1464
[LOSS] alignment_loss_type=d3tw_char_pool  d3tw_loss=2.1464  d3tw_cost_pos=166.8182  d3tw_cost_neg=1172.0979  total_loss=2.1621  char_pool_loss=0.0521  effective_char_pool_weight=0.3000  char_pool_acc_top1=0.9947  char_pool_acc_top5=0.9971  char_pool_valid_chars=2080  char_pool_num_chars=2080  window_size=16  stride=16  window_overlap_mode=no_overlap  num_windows=64  sequence_length=128
[DTW] raw: pos=163.8  neg=1188.0  |  prob: pos_wins=0.995 (goal→1.0)  |  gap=-8.001  loss=2.0025
[LOSS] alignment_loss_type=d3tw_char_pool  d3tw_loss=2.0025  d3tw_cost_pos=163.7985  d3tw_cost_neg=1187.9734  total_loss=2.0134  char_pool_loss=0.0365  effective_char_pool_weight=0.3000  char_pool_acc_top1=0.9947  char_pool_acc_top5=0.9990  char_pool_valid_chars=2080  char_pool_num_chars=2080  window_size=16  stride=16  window_overlap_mode=no_overlap  num_windows=64  sequence_length=128
Epoch 11 - Validation Loss: 2.0663
Epoch 11 completed in 13m 53.67s
Epoch 11 - Peak GPU memory: 2267.0 MB
============================================================
Epoch 12 - Soft-DTW gamma: 0.100000
[DTW] raw: pos=164.7  neg=1170.0  |  prob: pos_wins=0.994 (goal→1.0)  |  gap=-7.854  loss=2.1480
[LOSS] alignment_loss_type=d3tw_char_pool  d3tw_loss=2.1480  d3tw_cost_pos=164.6638  d3tw_cost_neg=1170.0197  total_loss=2.1590  char_pool_loss=0.0314  effective_char_pool_weight=0.3500  char_pool_acc_top1=0.9966  char_pool_acc_top5=0.9986  char_pool_valid_chars=2080  char_pool_num_chars=2080  window_size=16  stride=16  window_overlap_mode=no_overlap  num_windows=64  sequence_length=128
Epoch 12, Batch 1, Loss: 2.1590
Epoch 12, Batch 2, Loss: 2.0926
Epoch 12, Batch 3, Loss: 2.2307
Epoch 12, Batch 4, Loss: 2.1190
Epoch 12, Batch 5, Loss: 2.2112
Epoch 12, Batch 6, Loss: 2.0849
Epoch 12, Batch 7, Loss: 2.0577
Epoch 12, Batch 8, Loss: 2.1640
Epoch 12, Batch 9, Loss: 2.1906
Epoch 12, Batch 10, Loss: 2.1416
[DTW] raw: pos=162.7  neg=1179.0  |  prob: pos_wins=0.995 (goal→1.0)  |  gap=-7.940  loss=2.0606
[LOSS] alignment_loss_type=d3tw_char_pool  d3tw_loss=2.0606  d3tw_cost_pos=162.7296  d3tw_cost_neg=1179.0200  total_loss=2.0632  char_pool_loss=0.0076  effective_char_pool_weight=0.3500  char_pool_acc_top1=0.9995  char_pool_acc_top5=0.9995  char_pool_valid_chars=2080  char_pool_num_chars=2080  window_size=16  stride=16  window_overlap_mode=no_overlap  num_windows=64  sequence_length=128
Epoch 12, Batch 11, Loss: 2.0632
Epoch 12, Batch 12, Loss: 2.1029
Epoch 12, Batch 13, Loss: 2.0864
Epoch 12, Batch 14, Loss: 2.1494
Epoch 12, Batch 15, Loss: 2.0310
Epoch 12, Batch 16, Loss: 2.1530
Epoch 12, Batch 17, Loss: 2.0711
Epoch 12, Batch 18, Loss: 2.0288
Epoch 12, Batch 19, Loss: 2.1214
Epoch 12, Batch 20, Loss: 2.1386
[DTW] raw: pos=163.5  neg=1180.2  |  prob: pos_wins=0.995 (goal→1.0)  |  gap=-7.943  loss=2.0583
[LOSS] alignment_loss_type=d3tw_char_pool  d3tw_loss=2.0583  d3tw_cost_pos=163.4648  d3tw_cost_neg=1180.2115  total_loss=2.0720  char_pool_loss=0.0392  effective_char_pool_weight=0.3500  char_pool_acc_top1=0.9957  char_pool_acc_top5=0.9981  char_pool_valid_chars=2080  char_pool_num_chars=2080  window_size=16  stride=16  window_overlap_mode=no_overlap  num_windows=64  sequence_length=128
Epoch 12, Batch 21, Loss: 2.0720
Epoch 12, Batch 22, Loss: 2.0452
Epoch 12, Batch 23, Loss: 2.0479
Epoch 12, Batch 24, Loss: 2.2225
Epoch 12, Batch 25, Loss: 2.1245
Epoch 12, Batch 26, Loss: 2.0714
Epoch 12, Batch 27, Loss: 2.0562
Epoch 12, Batch 28, Loss: 1.9896
Epoch 12, Batch 29, Loss: 2.0711
Epoch 12, Batch 30, Loss: 2.1387
[DTW] raw: pos=165.1  neg=1162.6  |  prob: pos_wins=0.993 (goal→1.0)  |  gap=-7.793  loss=2.2072
[LOSS] alignment_loss_type=d3tw_char_pool  d3tw_loss=2.2072  d3tw_cost_pos=165.0731  d3tw_cost_neg=1162.5555  total_loss=2.2105  char_pool_loss=0.0094  effective_char_pool_weight=0.3500  char_pool_acc_top1=0.9990  char_pool_acc_top5=0.9995  char_pool_valid_chars=2080  char_pool_num_chars=2080  window_size=16  stride=16  window_overlap_mode=no_overlap  num_windows=64  sequence_length=128
Epoch 12, Batch 31, Loss: 2.2105
Epoch 12, Batch 32, Loss: 2.0757
Epoch 12, Batch 33, Loss: 2.1061
Epoch 12, Batch 34, Loss: 2.0805
Epoch 12, Batch 35, Loss: 2.1157
Epoch 12, Batch 36, Loss: 2.1623
Epoch 12, Batch 37, Loss: 2.2281
Epoch 12, Batch 38, Loss: 2.0961
Epoch 12, Batch 39, Loss: 2.1381
Epoch 12, Batch 40, Loss: 2.0674
[DTW] raw: pos=162.8  neg=1173.3  |  prob: pos_wins=0.993 (goal→1.0)  |  gap=-7.895  loss=2.1053
[LOSS] alignment_loss_type=d3tw_char_pool  d3tw_loss=2.1053  d3tw_cost_pos=162.8185  d3tw_cost_neg=1173.3269  total_loss=2.1216  char_pool_loss=0.0465  effective_char_pool_weight=0.3500  char_pool_acc_top1=0.9962  char_pool_acc_top5=0.9971  char_pool_valid_chars=2080  char_pool_num_chars=2080  window_size=16  stride=16  window_overlap_mode=no_overlap  num_windows=64  sequence_length=128
Epoch 12, Batch 41, Loss: 2.1216
Epoch 12, Batch 42, Loss: 2.0600
Epoch 12, Batch 43, Loss: 2.1418
Epoch 12, Batch 44, Loss: 2.0909
Epoch 12, Batch 45, Loss: 1.9942
Epoch 12, Batch 46, Loss: 2.0959
Epoch 12, Batch 47, Loss: 2.1096
Epoch 12, Batch 48, Loss: 2.1526
Epoch 12, Batch 49, Loss: 2.2162
Epoch 12, Batch 50, Loss: 2.0195
[DTW] raw: pos=161.7  neg=1167.0  |  prob: pos_wins=0.994 (goal→1.0)  |  gap=-7.854  loss=2.1459
[LOSS] alignment_loss_type=d3tw_char_pool  d3tw_loss=2.1459  d3tw_cost_pos=161.6830  d3tw_cost_neg=1167.0432  total_loss=2.1511  char_pool_loss=0.0149  effective_char_pool_weight=0.3500  char_pool_acc_top1=0.9986  char_pool_acc_top5=0.9995  char_pool_valid_chars=2080  char_pool_num_chars=2080  window_size=16  stride=16  window_overlap_mode=no_overlap  num_windows=64  sequence_length=128
Epoch 12, Batch 51, Loss: 2.1511
Epoch 12, Batch 52, Loss: 2.1019
Epoch 12, Batch 53, Loss: 2.1353
Epoch 12, Batch 54, Loss: 2.0831
Epoch 12, Batch 55, Loss: 2.1328
Epoch 12, Batch 56, Loss: 2.1171
Epoch 12, Batch 57, Loss: 1.9859
Epoch 12, Batch 58, Loss: 2.0687
Epoch 12, Batch 59, Loss: 2.1131
Epoch 12, Batch 60, Loss: 2.1799
[DTW] raw: pos=156.4  neg=1184.7  |  prob: pos_wins=0.995 (goal→1.0)  |  gap=-8.033  loss=1.9683
[LOSS] alignment_loss_type=d3tw_char_pool  d3tw_loss=1.9683  d3tw_cost_pos=156.3844  d3tw_cost_neg=1184.6575  total_loss=1.9786  char_pool_loss=0.0293  effective_char_pool_weight=0.3500  char_pool_acc_top1=0.9971  char_pool_acc_top5=0.9986  char_pool_valid_chars=2080  char_pool_num_chars=2080  window_size=16  stride=16  window_overlap_mode=no_overlap  num_windows=64  sequence_length=128
Epoch 12, Batch 61, Loss: 1.9786
Epoch 12, Batch 62, Loss: 2.2044
Epoch 12, Batch 63, Loss: 2.0735
Epoch 12, Batch 64, Loss: 2.0353
Epoch 12, Batch 65, Loss: 2.1144
Epoch 12, Batch 66, Loss: 2.1602
Epoch 12, Batch 67, Loss: 2.2091
Epoch 12, Batch 68, Loss: 2.1641
Epoch 12, Batch 69, Loss: 2.1321
Epoch 12, Batch 70, Loss: 2.0028
[DTW] raw: pos=162.5  neg=1186.9  |  prob: pos_wins=0.995 (goal→1.0)  |  gap=-8.003  loss=1.9987
[LOSS] alignment_loss_type=d3tw_char_pool  d3tw_loss=1.9987  d3tw_cost_pos=162.5298  d3tw_cost_neg=1186.9117  total_loss=2.0069  char_pool_loss=0.0234  effective_char_pool_weight=0.3500  char_pool_acc_top1=0.9976  char_pool_acc_top5=0.9995  char_pool_valid_chars=2080  char_pool_num_chars=2080  window_size=16  stride=16  window_overlap_mode=no_overlap  num_windows=64  sequence_length=128
Epoch 12, Batch 71, Loss: 2.0069
Epoch 12, Batch 72, Loss: 2.1509
Epoch 12, Batch 73, Loss: 2.0898
Epoch 12, Batch 74, Loss: 2.0689
Epoch 12, Batch 75, Loss: 1.9952
Epoch 12, Batch 76, Loss: 2.1451
Epoch 12, Batch 77, Loss: 2.0855
Epoch 12, Batch 78, Loss: 2.0892
Epoch 12, Batch 79, Loss: 2.1542
Epoch 12, Batch 80, Loss: 2.1211
[DTW] raw: pos=162.8  neg=1177.0  |  prob: pos_wins=0.994 (goal→1.0)  |  gap=-7.923  loss=2.0770
[LOSS] alignment_loss_type=d3tw_char_pool  d3tw_loss=2.0770  d3tw_cost_pos=162.8322  d3tw_cost_neg=1176.9661  total_loss=2.0889  char_pool_loss=0.0341  effective_char_pool_weight=0.3500  char_pool_acc_top1=0.9957  char_pool_acc_top5=0.9995  char_pool_valid_chars=2080  char_pool_num_chars=2080  window_size=16  stride=16  window_overlap_mode=no_overlap  num_windows=64  sequence_length=128
Epoch 12, Batch 81, Loss: 2.0889
Epoch 12, Batch 82, Loss: 2.1918
Epoch 12, Batch 83, Loss: 2.0755
Epoch 12, Batch 84, Loss: 2.0798
Epoch 12, Batch 85, Loss: 2.3511
Epoch 12, Batch 86, Loss: 2.0541
Epoch 12, Batch 87, Loss: 2.0886
Epoch 12, Batch 88, Loss: 2.1303
Epoch 12, Batch 89, Loss: 2.0895
Epoch 12, Batch 90, Loss: 2.1723
[DTW] raw: pos=164.1  neg=1169.8  |  prob: pos_wins=0.994 (goal→1.0)  |  gap=-7.857  loss=2.1431
[LOSS] alignment_loss_type=d3tw_char_pool  d3tw_loss=2.1431  d3tw_cost_pos=164.0952  d3tw_cost_neg=1169.7637  total_loss=2.1475  char_pool_loss=0.0126  effective_char_pool_weight=0.3500  char_pool_acc_top1=0.9976  char_pool_acc_top5=1.0000  char_pool_valid_chars=2080  char_pool_num_chars=2080  window_size=16  stride=16  window_overlap_mode=no_overlap  num_windows=64  sequence_length=128
Epoch 12, Batch 91, Loss: 2.1475
Epoch 12, Batch 92, Loss: 2.1100
Epoch 12, Batch 93, Loss: 2.1025
Epoch 12, Batch 94, Loss: 2.0058
Epoch 12, Batch 95, Loss: 2.1020
Epoch 12, Batch 96, Loss: 2.1572
Epoch 12, Batch 97, Loss: 2.1351
Epoch 12, Batch 98, Loss: 2.1606
Epoch 12, Batch 99, Loss: 2.2351
Epoch 12, Batch 100, Loss: 2.0997
[DTW] raw: pos=170.5  neg=1169.0  |  prob: pos_wins=0.992 (goal→1.0)  |  gap=-7.801  loss=2.1989
[LOSS] alignment_loss_type=d3tw_char_pool  d3tw_loss=2.1989  d3tw_cost_pos=170.4654  d3tw_cost_neg=1168.9954  total_loss=2.2152  char_pool_loss=0.0464  effective_char_pool_weight=0.3500  char_pool_acc_top1=0.9942  char_pool_acc_top5=0.9976  char_pool_valid_chars=2080  char_pool_num_chars=2080  window_size=16  stride=16  window_overlap_mode=no_overlap  num_windows=64  sequence_length=128
Epoch 12, Batch 101, Loss: 2.2152
Epoch 12, Batch 102, Loss: 2.1834
Epoch 12, Batch 103, Loss: 2.0334
Epoch 12, Batch 104, Loss: 2.1466
Epoch 12, Batch 105, Loss: 2.0261
Epoch 12, Batch 106, Loss: 2.0387
Epoch 12, Batch 107, Loss: 2.1035
Epoch 12, Batch 108, Loss: 2.0773
Epoch 12, Batch 109, Loss: 2.1597
Epoch 12, Batch 110, Loss: 2.0598
[DTW] raw: pos=165.2  neg=1187.3  |  prob: pos_wins=0.995 (goal→1.0)  |  gap=-7.985  loss=2.0156
[LOSS] alignment_loss_type=d3tw_char_pool  d3tw_loss=2.0156  d3tw_cost_pos=165.2458  d3tw_cost_neg=1187.2991  total_loss=2.0257  char_pool_loss=0.0286  effective_char_pool_weight=0.3500  char_pool_acc_top1=0.9966  char_pool_acc_top5=0.9990  char_pool_valid_chars=2080  char_pool_num_chars=2080  window_size=16  stride=16  window_overlap_mode=no_overlap  num_windows=64  sequence_length=128
Epoch 12, Batch 111, Loss: 2.0257
Epoch 12, Batch 112, Loss: 2.1155
Epoch 12, Batch 113, Loss: 2.1671
Epoch 12, Batch 114, Loss: 2.1082
Epoch 12, Batch 115, Loss: 2.1134
Epoch 12, Batch 116, Loss: 2.0697
Epoch 12, Batch 117, Loss: 2.0886
Epoch 12, Batch 118, Loss: 2.1855
Epoch 12, Batch 119, Loss: 2.1890
Epoch 12, Batch 120, Loss: 2.0457
[DTW] raw: pos=163.7  neg=1184.9  |  prob: pos_wins=0.995 (goal→1.0)  |  gap=-7.978  loss=2.0241
[LOSS] alignment_loss_type=d3tw_char_pool  d3tw_loss=2.0241  d3tw_cost_pos=163.7409  d3tw_cost_neg=1184.9086  total_loss=2.0366  char_pool_loss=0.0357  effective_char_pool_weight=0.3500  char_pool_acc_top1=0.9966  char_pool_acc_top5=0.9986  char_pool_valid_chars=2080  char_pool_num_chars=2080  window_size=16  stride=16  window_overlap_mode=no_overlap  num_windows=64  sequence_length=128
Epoch 12, Batch 121, Loss: 2.0366
Epoch 12, Batch 122, Loss: 1.9436
Epoch 12, Batch 123, Loss: 2.0637
Epoch 12, Batch 124, Loss: 2.1140
Epoch 12, Batch 125, Loss: 2.0887
Epoch 12, Batch 126, Loss: 2.1301
Epoch 12, Batch 127, Loss: 2.1327
Epoch 12, Batch 128, Loss: 2.1877
Epoch 12, Batch 129, Loss: 2.1350
Epoch 12, Batch 130, Loss: 2.0980
[DTW] raw: pos=159.8  neg=1173.1  |  prob: pos_wins=0.994 (goal→1.0)  |  gap=-7.916  loss=2.0848
[LOSS] alignment_loss_type=d3tw_char_pool  d3tw_loss=2.0848  d3tw_cost_pos=159.8499  d3tw_cost_neg=1173.0724  total_loss=2.0954  char_pool_loss=0.0304  effective_char_pool_weight=0.3500  char_pool_acc_top1=0.9966  char_pool_acc_top5=0.9990  char_pool_valid_chars=2080  char_pool_num_chars=2080  window_size=16  stride=16  window_overlap_mode=no_overlap  num_windows=64  sequence_length=128
Epoch 12, Batch 131, Loss: 2.0954
Epoch 12, Batch 132, Loss: 2.1833
Epoch 12, Batch 133, Loss: 2.1288
Epoch 12, Batch 134, Loss: 2.0381
Epoch 12, Batch 135, Loss: 2.2372
Epoch 12, Batch 136, Loss: 2.1246
Epoch 12, Batch 137, Loss: 2.1581
Epoch 12, Batch 138, Loss: 2.1184
Epoch 12, Batch 139, Loss: 2.0360
Epoch 12, Batch 140, Loss: 1.9923
[DTW] raw: pos=160.2  neg=1171.8  |  prob: pos_wins=0.994 (goal→1.0)  |  gap=-7.903  loss=2.0986
[LOSS] alignment_loss_type=d3tw_char_pool  d3tw_loss=2.0986  d3tw_cost_pos=160.1709  d3tw_cost_neg=1171.8079  total_loss=2.1059  char_pool_loss=0.0207  effective_char_pool_weight=0.3500  char_pool_acc_top1=0.9976  char_pool_acc_top5=0.9995  char_pool_valid_chars=2080  char_pool_num_chars=2080  window_size=16  stride=16  window_overlap_mode=no_overlap  num_windows=64  sequence_length=128
Epoch 12, Batch 141, Loss: 2.1059
Epoch 12, Batch 142, Loss: 2.1284
Epoch 12, Batch 143, Loss: 2.0454
Epoch 12, Batch 144, Loss: 2.0656
Epoch 12, Batch 145, Loss: 2.1160
Epoch 12, Batch 146, Loss: 2.0939
Epoch 12, Batch 147, Loss: 2.1622
Epoch 12, Batch 148, Loss: 2.1210
Epoch 12, Batch 149, Loss: 2.1319
Epoch 12, Batch 150, Loss: 2.1752
[DTW] raw: pos=166.1  neg=1180.6  |  prob: pos_wins=0.994 (goal→1.0)  |  gap=-7.926  loss=2.0759
[LOSS] alignment_loss_type=d3tw_char_pool  d3tw_loss=2.0759  d3tw_cost_pos=166.1273  d3tw_cost_neg=1180.6228  total_loss=2.0986  char_pool_loss=0.0649  effective_char_pool_weight=0.3500  char_pool_acc_top1=0.9923  char_pool_acc_top5=0.9976  char_pool_valid_chars=2080  char_pool_num_chars=2080  window_size=16  stride=16  window_overlap_mode=no_overlap  num_windows=64  sequence_length=128
Epoch 12, Batch 151, Loss: 2.0986
Epoch 12, Batch 152, Loss: 2.0858
Epoch 12, Batch 153, Loss: 2.0658
Epoch 12, Batch 154, Loss: 2.2976
Epoch 12, Batch 155, Loss: 2.0095
Epoch 12, Batch 156, Loss: 2.0500
Epoch 12, Batch 157, Loss: 2.0341
Epoch 12, Batch 158, Loss: 2.1130
Epoch 12, Batch 159, Loss: 1.9842
Epoch 12, Batch 160, Loss: 2.0909
[DTW] raw: pos=161.4  neg=1180.5  |  prob: pos_wins=0.994 (goal→1.0)  |  gap=-7.962  loss=2.0383
[LOSS] alignment_loss_type=d3tw_char_pool  d3tw_loss=2.0383  d3tw_cost_pos=161.4062  d3tw_cost_neg=1180.4911  total_loss=2.0507  char_pool_loss=0.0355  effective_char_pool_weight=0.3500  char_pool_acc_top1=0.9962  char_pool_acc_top5=0.9986  char_pool_valid_chars=2080  char_pool_num_chars=2080  window_size=16  stride=16  window_overlap_mode=no_overlap  num_windows=64  sequence_length=128
Epoch 12, Batch 161, Loss: 2.0507
Epoch 12, Batch 162, Loss: 2.1322
Epoch 12, Batch 163, Loss: 2.0636
Epoch 12, Batch 164, Loss: 2.1925
Epoch 12, Batch 165, Loss: 1.9571
Epoch 12, Batch 166, Loss: 2.0887
Epoch 12, Batch 167, Loss: 2.1529
Epoch 12, Batch 168, Loss: 2.1711
Epoch 12, Batch 169, Loss: 2.0646
Epoch 12, Batch 170, Loss: 2.0911
[DTW] raw: pos=165.7  neg=1165.1  |  prob: pos_wins=0.993 (goal→1.0)  |  gap=-7.808  loss=2.1917
[LOSS] alignment_loss_type=d3tw_char_pool  d3tw_loss=2.1917  d3tw_cost_pos=165.6902  d3tw_cost_neg=1165.1370  total_loss=2.2061  char_pool_loss=0.0411  effective_char_pool_weight=0.3500  char_pool_acc_top1=0.9966  char_pool_acc_top5=0.9976  char_pool_valid_chars=2080  char_pool_num_chars=2080  window_size=16  stride=16  window_overlap_mode=no_overlap  num_windows=64  sequence_length=128
Epoch 12, Batch 171, Loss: 2.2061
Epoch 12, Batch 172, Loss: 1.9722
Epoch 12, Batch 173, Loss: 2.1954
Epoch 12, Batch 174, Loss: 2.1392
Epoch 12, Batch 175, Loss: 2.1614
Epoch 12, Batch 176, Loss: 2.1110
Epoch 12, Batch 177, Loss: 2.1771
Epoch 12, Batch 178, Loss: 2.1587
Epoch 12, Batch 179, Loss: 2.1018
Epoch 12, Batch 180, Loss: 2.1251
[DTW] raw: pos=160.9  neg=1173.8  |  prob: pos_wins=0.994 (goal→1.0)  |  gap=-7.913  loss=2.0879
[LOSS] alignment_loss_type=d3tw_char_pool  d3tw_loss=2.0879  d3tw_cost_pos=160.9299  d3tw_cost_neg=1173.8302  total_loss=2.0970  char_pool_loss=0.0260  effective_char_pool_weight=0.3500  char_pool_acc_top1=0.9966  char_pool_acc_top5=0.9986  char_pool_valid_chars=2080  char_pool_num_chars=2080  window_size=16  stride=16  window_overlap_mode=no_overlap  num_windows=64  sequence_length=128
Epoch 12, Batch 181, Loss: 2.0970
Epoch 12, Batch 182, Loss: 2.1191
Epoch 12, Batch 183, Loss: 1.9748
Epoch 12, Batch 184, Loss: 2.0951
Epoch 12, Batch 185, Loss: 2.1882
Epoch 12, Batch 186, Loss: 2.0504
Epoch 12, Batch 187, Loss: 2.0791
Epoch 12, Batch 188, Loss: 2.1293
Epoch 12 - Train Loss: 2.1083
[DTW] raw: pos=162.7  neg=1180.4  |  prob: pos_wins=0.994 (goal→1.0)  |  gap=-7.951  loss=2.0506
[LOSS] alignment_loss_type=d3tw_char_pool  d3tw_loss=2.0506  d3tw_cost_pos=162.6989  d3tw_cost_neg=1180.3735  total_loss=2.0669  char_pool_loss=0.0467  effective_char_pool_weight=0.3500  char_pool_acc_top1=0.9962  char_pool_acc_top5=0.9981  char_pool_valid_chars=2080  char_pool_num_chars=2080  window_size=16  stride=16  window_overlap_mode=no_overlap  num_windows=64  sequence_length=128
[DTW] raw: pos=167.5  neg=1188.9  |  prob: pos_wins=0.995 (goal→1.0)  |  gap=-7.979  loss=2.0204
[LOSS] alignment_loss_type=d3tw_char_pool  d3tw_loss=2.0204  d3tw_cost_pos=167.5194  d3tw_cost_neg=1188.8933  total_loss=2.0324  char_pool_loss=0.0341  effective_char_pool_weight=0.3500  char_pool_acc_top1=0.9962  char_pool_acc_top5=0.9990  char_pool_valid_chars=2080  char_pool_num_chars=2080  window_size=16  stride=16  window_overlap_mode=no_overlap  num_windows=64  sequence_length=128
[DTW] raw: pos=169.2  neg=1180.8  |  prob: pos_wins=0.994 (goal→1.0)  |  gap=-7.903  loss=2.0967
[LOSS] alignment_loss_type=d3tw_char_pool  d3tw_loss=2.0967  d3tw_cost_pos=169.1711  d3tw_cost_neg=1180.7771  total_loss=2.1051  char_pool_loss=0.0239  effective_char_pool_weight=0.3500  char_pool_acc_top1=0.9976  char_pool_acc_top5=0.9995  char_pool_valid_chars=2080  char_pool_num_chars=2080  window_size=16  stride=16  window_overlap_mode=no_overlap  num_windows=64  sequence_length=128
[DTW] raw: pos=163.1  neg=1174.7  |  prob: pos_wins=0.995 (goal→1.0)  |  gap=-7.903  loss=2.0992
[LOSS] alignment_loss_type=d3tw_char_pool  d3tw_loss=2.0992  d3tw_cost_pos=163.1184  d3tw_cost_neg=1174.6975  total_loss=2.1087  char_pool_loss=0.0273  effective_char_pool_weight=0.3500  char_pool_acc_top1=0.9952  char_pool_acc_top5=0.9990  char_pool_valid_chars=2080  char_pool_num_chars=2080  window_size=16  stride=16  window_overlap_mode=no_overlap  num_windows=64  sequence_length=128
[DTW] raw: pos=162.0  neg=1183.2  |  prob: pos_wins=0.994 (goal→1.0)  |  gap=-7.978  loss=2.0244
[LOSS] alignment_loss_type=d3tw_char_pool  d3tw_loss=2.0244  d3tw_cost_pos=161.9716  d3tw_cost_neg=1183.1641  total_loss=2.0471  char_pool_loss=0.0650  effective_char_pool_weight=0.3500  char_pool_acc_top1=0.9947  char_pool_acc_top5=0.9957  char_pool_valid_chars=2080  char_pool_num_chars=2080  window_size=16  stride=16  window_overlap_mode=no_overlap  num_windows=64  sequence_length=128
[DTW] raw: pos=167.0  neg=1163.5  |  prob: pos_wins=0.993 (goal→1.0)  |  gap=-7.785  loss=2.2145
[LOSS] alignment_loss_type=d3tw_char_pool  d3tw_loss=2.2145  d3tw_cost_pos=166.9556  d3tw_cost_neg=1163.4915  total_loss=2.2365  char_pool_loss=0.0630  effective_char_pool_weight=0.3500  char_pool_acc_top1=0.9947  char_pool_acc_top5=0.9962  char_pool_valid_chars=2080  char_pool_num_chars=2080  window_size=16  stride=16  window_overlap_mode=no_overlap  num_windows=64  sequence_length=128
[DTW] raw: pos=162.5  neg=1189.4  |  prob: pos_wins=0.995 (goal→1.0)  |  gap=-8.022  loss=1.9805
[LOSS] alignment_loss_type=d3tw_char_pool  d3tw_loss=1.9805  d3tw_cost_pos=162.4891  d3tw_cost_neg=1189.3514  total_loss=1.9965  char_pool_loss=0.0457  effective_char_pool_weight=0.3500  char_pool_acc_top1=0.9928  char_pool_acc_top5=0.9990  char_pool_valid_chars=2080  char_pool_num_chars=2080  window_size=16  stride=16  window_overlap_mode=no_overlap  num_windows=64  sequence_length=128
Epoch 12 - Validation Loss: 2.0603
Epoch 12 completed in 13m 53.83s
Epoch 12 - Peak GPU memory: 2267.0 MB
============================================================
Epoch 13 - Soft-DTW gamma: 0.100000
[DTW] raw: pos=161.1  neg=1177.0  |  prob: pos_wins=0.995 (goal→1.0)  |  gap=-7.937  loss=2.0643
[LOSS] alignment_loss_type=d3tw_char_pool  d3tw_loss=2.0643  d3tw_cost_pos=161.0662  d3tw_cost_neg=1176.9993  total_loss=2.0745  char_pool_loss=0.0256  effective_char_pool_weight=0.4000  char_pool_acc_top1=0.9966  char_pool_acc_top5=0.9990  char_pool_valid_chars=2080  char_pool_num_chars=2080  window_size=16  stride=16  window_overlap_mode=no_overlap  num_windows=64  sequence_length=128
Epoch 13, Batch 1, Loss: 2.0745
Epoch 13, Batch 2, Loss: 1.9988
Epoch 13, Batch 3, Loss: 2.2477
Epoch 13, Batch 4, Loss: 2.1271
Epoch 13, Batch 5, Loss: 2.0922
Epoch 13, Batch 6, Loss: 2.1191
Epoch 13, Batch 7, Loss: 2.1254
Epoch 13, Batch 8, Loss: 2.1469
Epoch 13, Batch 9, Loss: 2.1400
Epoch 13, Batch 10, Loss: 2.0802
[DTW] raw: pos=162.1  neg=1182.0  |  prob: pos_wins=0.994 (goal→1.0)  |  gap=-7.968  loss=2.0320
[LOSS] alignment_loss_type=d3tw_char_pool  d3tw_loss=2.0320  d3tw_cost_pos=162.1000  d3tw_cost_neg=1181.9961  total_loss=2.0446  char_pool_loss=0.0315  effective_char_pool_weight=0.4000  char_pool_acc_top1=0.9966  char_pool_acc_top5=0.9990  char_pool_valid_chars=2080  char_pool_num_chars=2080  window_size=16  stride=16  window_overlap_mode=no_overlap  num_windows=64  sequence_length=128
Epoch 13, Batch 11, Loss: 2.0446
Epoch 13, Batch 12, Loss: 2.1092
Epoch 13, Batch 13, Loss: 2.1215
Epoch 13, Batch 14, Loss: 2.2073
Epoch 13, Batch 15, Loss: 2.1385
Epoch 13, Batch 16, Loss: 2.1331
Epoch 13, Batch 17, Loss: 2.3027
Epoch 13, Batch 18, Loss: 2.1161
Epoch 13, Batch 19, Loss: 2.1220
Epoch 13, Batch 20, Loss: 1.9755
[DTW] raw: pos=160.9  neg=1171.3  |  prob: pos_wins=0.994 (goal→1.0)  |  gap=-7.893  loss=2.1075
[LOSS] alignment_loss_type=d3tw_char_pool  d3tw_loss=2.1075  d3tw_cost_pos=160.9486  d3tw_cost_neg=1171.2889  total_loss=2.1147  char_pool_loss=0.0180  effective_char_pool_weight=0.4000  char_pool_acc_top1=0.9976  char_pool_acc_top5=0.9990  char_pool_valid_chars=2080  char_pool_num_chars=2080  window_size=16  stride=16  window_overlap_mode=no_overlap  num_windows=64  sequence_length=128
Epoch 13, Batch 21, Loss: 2.1147
Epoch 13, Batch 22, Loss: 2.0116
Epoch 13, Batch 23, Loss: 2.0077
Epoch 13, Batch 24, Loss: 2.0632
Epoch 13, Batch 25, Loss: 1.9254
Epoch 13, Batch 26, Loss: 2.1503
Epoch 13, Batch 27, Loss: 2.1114
Epoch 13, Batch 28, Loss: 2.1074
Epoch 13, Batch 29, Loss: 2.0701
Epoch 13, Batch 30, Loss: 2.1115
[DTW] raw: pos=163.4  neg=1179.1  |  prob: pos_wins=0.994 (goal→1.0)  |  gap=-7.935  loss=2.0663
[LOSS] alignment_loss_type=d3tw_char_pool  d3tw_loss=2.0663  d3tw_cost_pos=163.4025  d3tw_cost_neg=1179.0562  total_loss=2.0786  char_pool_loss=0.0308  effective_char_pool_weight=0.4000  char_pool_acc_top1=0.9957  char_pool_acc_top5=0.9990  char_pool_valid_chars=2080  char_pool_num_chars=2080  window_size=16  stride=16  window_overlap_mode=no_overlap  num_windows=64  sequence_length=128
Epoch 13, Batch 31, Loss: 2.0786
Epoch 13, Batch 32, Loss: 2.1112
Epoch 13, Batch 33, Loss: 2.0619
Epoch 13, Batch 34, Loss: 2.0911
Epoch 13, Batch 35, Loss: 2.1203
Epoch 13, Batch 36, Loss: 2.1200
Epoch 13, Batch 37, Loss: 2.1006
Epoch 13, Batch 38, Loss: 2.0877
Epoch 13, Batch 39, Loss: 2.0367
Epoch 13, Batch 40, Loss: 2.1043
[DTW] raw: pos=160.5  neg=1180.8  |  prob: pos_wins=0.994 (goal→1.0)  |  gap=-7.972  loss=2.0290
[LOSS] alignment_loss_type=d3tw_char_pool  d3tw_loss=2.0290  d3tw_cost_pos=160.4575  d3tw_cost_neg=1180.8457  total_loss=2.0431  char_pool_loss=0.0352  effective_char_pool_weight=0.4000  char_pool_acc_top1=0.9971  char_pool_acc_top5=0.9976  char_pool_valid_chars=2080  char_pool_num_chars=2080  window_size=16  stride=16  window_overlap_mode=no_overlap  num_windows=64  sequence_length=128
Epoch 13, Batch 41, Loss: 2.0431
Epoch 13, Batch 42, Loss: 1.9444
Epoch 13, Batch 43, Loss: 1.9765
Epoch 13, Batch 44, Loss: 2.1162
Epoch 13, Batch 45, Loss: 2.1527
Epoch 13, Batch 46, Loss: 2.0257
Epoch 13, Batch 47, Loss: 2.2911
Epoch 13, Batch 48, Loss: 2.1229
Epoch 13, Batch 49, Loss: 2.0928
Epoch 13, Batch 50, Loss: 2.2289
[DTW] raw: pos=157.8  neg=1175.5  |  prob: pos_wins=0.995 (goal→1.0)  |  gap=-7.950  loss=2.0519
[LOSS] alignment_loss_type=d3tw_char_pool  d3tw_loss=2.0519  d3tw_cost_pos=157.8466  d3tw_cost_neg=1175.4783  total_loss=2.0638  char_pool_loss=0.0297  effective_char_pool_weight=0.4000  char_pool_acc_top1=0.9976  char_pool_acc_top5=0.9990  char_pool_valid_chars=2080  char_pool_num_chars=2080  window_size=16  stride=16  window_overlap_mode=no_overlap  num_windows=64  sequence_length=128
Epoch 13, Batch 51, Loss: 2.0638
Epoch 13, Batch 52, Loss: 2.0608
Epoch 13, Batch 53, Loss: 2.1238
Epoch 13, Batch 54, Loss: 2.1710
Epoch 13, Batch 55, Loss: 2.2141
Epoch 13, Batch 56, Loss: 2.0636
Epoch 13, Batch 57, Loss: 2.1088
Epoch 13, Batch 58, Loss: 2.0741
Epoch 13, Batch 59, Loss: 2.1418
Epoch 13, Batch 60, Loss: 2.0563
[DTW] raw: pos=166.3  neg=1168.2  |  prob: pos_wins=0.994 (goal→1.0)  |  gap=-7.827  loss=2.1730
[LOSS] alignment_loss_type=d3tw_char_pool  d3tw_loss=2.1730  d3tw_cost_pos=166.3077  d3tw_cost_neg=1168.1798  total_loss=2.1979  char_pool_loss=0.0621  effective_char_pool_weight=0.4000  char_pool_acc_top1=0.9933  char_pool_acc_top5=0.9976  char_pool_valid_chars=2080  char_pool_num_chars=2080  window_size=16  stride=16  window_overlap_mode=no_overlap  num_windows=64  sequence_length=128
Epoch 13, Batch 61, Loss: 2.1979
Epoch 13, Batch 62, Loss: 2.0463
Epoch 13, Batch 63, Loss: 2.0926
Epoch 13, Batch 64, Loss: 2.1512
Epoch 13, Batch 65, Loss: 2.1124
Epoch 13, Batch 66, Loss: 2.0377
Epoch 13, Batch 67, Loss: 2.1672
Epoch 13, Batch 68, Loss: 2.1416
Epoch 13, Batch 69, Loss: 2.1280
Epoch 13, Batch 70, Loss: 2.1282
[DTW] raw: pos=164.0  neg=1177.9  |  prob: pos_wins=0.994 (goal→1.0)  |  gap=-7.921  loss=2.0795
[LOSS] alignment_loss_type=d3tw_char_pool  d3tw_loss=2.0795  d3tw_cost_pos=163.9897  d3tw_cost_neg=1177.8901  total_loss=2.0926  char_pool_loss=0.0328  effective_char_pool_weight=0.4000  char_pool_acc_top1=0.9947  char_pool_acc_top5=0.9986  char_pool_valid_chars=2080  char_pool_num_chars=2080  window_size=16  stride=16  window_overlap_mode=no_overlap  num_windows=64  sequence_length=128
Epoch 13, Batch 71, Loss: 2.0926
Epoch 13, Batch 72, Loss: 2.0364
Epoch 13, Batch 73, Loss: 2.2041
Epoch 13, Batch 74, Loss: 2.0715
Epoch 13, Batch 75, Loss: 2.0050
Epoch 13, Batch 76, Loss: 2.1209
Epoch 13, Batch 77, Loss: 2.1372
Epoch 13, Batch 78, Loss: 2.1149
Epoch 13, Batch 79, Loss: 2.2150
Epoch 13, Batch 80, Loss: 2.1188
[DTW] raw: pos=165.9  neg=1173.2  |  prob: pos_wins=0.994 (goal→1.0)  |  gap=-7.869  loss=2.1328
[LOSS] alignment_loss_type=d3tw_char_pool  d3tw_loss=2.1328  d3tw_cost_pos=165.8657  d3tw_cost_neg=1173.1505  total_loss=2.1393  char_pool_loss=0.0162  effective_char_pool_weight=0.4000  char_pool_acc_top1=0.9976  char_pool_acc_top5=0.9995  char_pool_valid_chars=2080  char_pool_num_chars=2080  window_size=16  stride=16  window_overlap_mode=no_overlap  num_windows=64  sequence_length=128
Epoch 13, Batch 81, Loss: 2.1393
Epoch 13, Batch 82, Loss: 2.1611
Epoch 13, Batch 83, Loss: 2.1067
Epoch 13, Batch 84, Loss: 2.0496
Epoch 13, Batch 85, Loss: 2.1373
Epoch 13, Batch 86, Loss: 2.0964
Epoch 13, Batch 87, Loss: 2.1343
Epoch 13, Batch 88, Loss: 1.9454
Epoch 13, Batch 89, Loss: 2.1155
Epoch 13, Batch 90, Loss: 2.1583
[DTW] raw: pos=159.7  neg=1173.4  |  prob: pos_wins=0.994 (goal→1.0)  |  gap=-7.920  loss=2.0814
[LOSS] alignment_loss_type=d3tw_char_pool  d3tw_loss=2.0814  d3tw_cost_pos=159.6961  d3tw_cost_neg=1173.4310  total_loss=2.0895  char_pool_loss=0.0202  effective_char_pool_weight=0.4000  char_pool_acc_top1=0.9966  char_pool_acc_top5=0.9990  char_pool_valid_chars=2080  char_pool_num_chars=2080  window_size=16  stride=16  window_overlap_mode=no_overlap  num_windows=64  sequence_length=128
Epoch 13, Batch 91, Loss: 2.0895
Epoch 13, Batch 92, Loss: 2.2713
Epoch 13, Batch 93, Loss: 2.1327
Epoch 13, Batch 94, Loss: 2.1896
Epoch 13, Batch 95, Loss: 2.0453
Epoch 13, Batch 96, Loss: 2.1116
Epoch 13, Batch 97, Loss: 2.0889
Epoch 13, Batch 98, Loss: 2.1480
Epoch 13, Batch 99, Loss: 2.0634
Epoch 13, Batch 100, Loss: 2.0500
[DTW] raw: pos=161.4  neg=1171.4  |  prob: pos_wins=0.994 (goal→1.0)  |  gap=-7.891  loss=2.1091
[LOSS] alignment_loss_type=d3tw_char_pool  d3tw_loss=2.1091  d3tw_cost_pos=161.3504  d3tw_cost_neg=1171.3694  total_loss=2.1202  char_pool_loss=0.0276  effective_char_pool_weight=0.4000  char_pool_acc_top1=0.9952  char_pool_acc_top5=0.9986  char_pool_valid_chars=2080  char_pool_num_chars=2080  window_size=16  stride=16  window_overlap_mode=no_overlap  num_windows=64  sequence_length=128
Epoch 13, Batch 101, Loss: 2.1202
Epoch 13, Batch 102, Loss: 2.0055
Epoch 13, Batch 103, Loss: 2.1779
Epoch 13, Batch 104, Loss: 2.1637
Epoch 13, Batch 105, Loss: 2.0708
Epoch 13, Batch 106, Loss: 2.0668
Epoch 13, Batch 107, Loss: 2.1366
Epoch 13, Batch 108, Loss: 2.0822
Epoch 13, Batch 109, Loss: 2.0983
Epoch 13, Batch 110, Loss: 2.1321
[DTW] raw: pos=163.0  neg=1184.2  |  prob: pos_wins=0.995 (goal→1.0)  |  gap=-7.978  loss=2.0217
[LOSS] alignment_loss_type=d3tw_char_pool  d3tw_loss=2.0217  d3tw_cost_pos=162.9566  d3tw_cost_neg=1184.1648  total_loss=2.0340  char_pool_loss=0.0307  effective_char_pool_weight=0.4000  char_pool_acc_top1=0.9966  char_pool_acc_top5=0.9990  char_pool_valid_chars=2080  char_pool_num_chars=2080  window_size=16  stride=16  window_overlap_mode=no_overlap  num_windows=64  sequence_length=128
Epoch 13, Batch 111, Loss: 2.0340
Epoch 13, Batch 112, Loss: 2.1584
Epoch 13, Batch 113, Loss: 2.1253
Epoch 13, Batch 114, Loss: 2.1527
Epoch 13, Batch 115, Loss: 2.0053
Epoch 13, Batch 116, Loss: 2.0388
Epoch 13, Batch 117, Loss: 2.1245
Epoch 13, Batch 118, Loss: 2.0514
Epoch 13, Batch 119, Loss: 2.0826
Epoch 13, Batch 120, Loss: 2.0605
[DTW] raw: pos=170.3  neg=1167.6  |  prob: pos_wins=0.994 (goal→1.0)  |  gap=-7.792  loss=2.2086
[LOSS] alignment_loss_type=d3tw_char_pool  d3tw_loss=2.2086  d3tw_cost_pos=170.2961  d3tw_cost_neg=1167.6123  total_loss=2.2233  char_pool_loss=0.0367  effective_char_pool_weight=0.4000  char_pool_acc_top1=0.9947  char_pool_acc_top5=0.9990  char_pool_valid_chars=2080  char_pool_num_chars=2080  window_size=16  stride=16  window_overlap_mode=no_overlap  num_windows=64  sequence_length=128
Epoch 13, Batch 121, Loss: 2.2233
Epoch 13, Batch 122, Loss: 2.1212
Epoch 13, Batch 123, Loss: 2.1431
Epoch 13, Batch 124, Loss: 2.0475
Epoch 13, Batch 125, Loss: 2.1934
Epoch 13, Batch 126, Loss: 2.0798
Epoch 13, Batch 127, Loss: 2.0850
Epoch 13, Batch 128, Loss: 2.1095
Epoch 13, Batch 129, Loss: 2.2247
Epoch 13, Batch 130, Loss: 2.0693
[DTW] raw: pos=160.8  neg=1180.2  |  prob: pos_wins=0.995 (goal→1.0)  |  gap=-7.964  loss=2.0362
[LOSS] alignment_loss_type=d3tw_char_pool  d3tw_loss=2.0362  d3tw_cost_pos=160.8237  d3tw_cost_neg=1180.1777  total_loss=2.0464  char_pool_loss=0.0256  effective_char_pool_weight=0.4000  char_pool_acc_top1=0.9957  char_pool_acc_top5=0.9995  char_pool_valid_chars=2080  char_pool_num_chars=2080  window_size=16  stride=16  window_overlap_mode=no_overlap  num_windows=64  sequence_length=128
Epoch 13, Batch 131, Loss: 2.0464
Epoch 13, Batch 132, Loss: 2.0750
Epoch 13, Batch 133, Loss: 2.1792
Epoch 13, Batch 134, Loss: 2.1060
Epoch 13, Batch 135, Loss: 2.1008
Epoch 13, Batch 136, Loss: 2.0093
Epoch 13, Batch 137, Loss: 2.0931
Epoch 13, Batch 138, Loss: 2.0959
Epoch 13, Batch 139, Loss: 2.2033
Epoch 13, Batch 140, Loss: 2.2134
[DTW] raw: pos=165.5  neg=1174.5  |  prob: pos_wins=0.994 (goal→1.0)  |  gap=-7.883  loss=2.1179
[LOSS] alignment_loss_type=d3tw_char_pool  d3tw_loss=2.1179  d3tw_cost_pos=165.4594  d3tw_cost_neg=1174.4521  total_loss=2.1317  char_pool_loss=0.0345  effective_char_pool_weight=0.4000  char_pool_acc_top1=0.9966  char_pool_acc_top5=0.9990  char_pool_valid_chars=2080  char_pool_num_chars=2080  window_size=16  stride=16  window_overlap_mode=no_overlap  num_windows=64  sequence_length=128
Epoch 13, Batch 141, Loss: 2.1317
Epoch 13, Batch 142, Loss: 2.1306
Epoch 13, Batch 143, Loss: 1.9738
Epoch 13, Batch 144, Loss: 2.0638
Epoch 13, Batch 145, Loss: 2.0407
Epoch 13, Batch 146, Loss: 2.0795
Epoch 13, Batch 147, Loss: 1.9968
Epoch 13, Batch 148, Loss: 2.0781
Epoch 13, Batch 149, Loss: 1.9892
Epoch 13, Batch 150, Loss: 2.0030
[DTW] raw: pos=160.5  neg=1162.9  |  prob: pos_wins=0.991 (goal→1.0)  |  gap=-7.831  loss=2.1697
[LOSS] alignment_loss_type=d3tw_char_pool  d3tw_loss=2.1697  d3tw_cost_pos=160.5030  d3tw_cost_neg=1162.8704  total_loss=2.1821  char_pool_loss=0.0308  effective_char_pool_weight=0.4000  char_pool_acc_top1=0.9962  char_pool_acc_top5=0.9981  char_pool_valid_chars=2080  char_pool_num_chars=2080  window_size=16  stride=16  window_overlap_mode=no_overlap  num_windows=64  sequence_length=128
Epoch 13, Batch 151, Loss: 2.1821
Epoch 13, Batch 152, Loss: 2.1390
Epoch 13, Batch 153, Loss: 2.0639
Epoch 13, Batch 154, Loss: 2.1792
Epoch 13, Batch 155, Loss: 2.0427
Epoch 13, Batch 156, Loss: 2.1430
Epoch 13, Batch 157, Loss: 2.1146
Epoch 13, Batch 158, Loss: 2.1405
Epoch 13, Batch 159, Loss: 2.1217
Epoch 13, Batch 160, Loss: 2.0910
[DTW] raw: pos=162.2  neg=1184.4  |  prob: pos_wins=0.994 (goal→1.0)  |  gap=-7.986  loss=2.0158
[LOSS] alignment_loss_type=d3tw_char_pool  d3tw_loss=2.0158  d3tw_cost_pos=162.1756  d3tw_cost_neg=1184.3933  total_loss=2.0271  char_pool_loss=0.0282  effective_char_pool_weight=0.4000  char_pool_acc_top1=0.9966  char_pool_acc_top5=0.9990  char_pool_valid_chars=2080  char_pool_num_chars=2080  window_size=16  stride=16  window_overlap_mode=no_overlap  num_windows=64  sequence_length=128
Epoch 13, Batch 161, Loss: 2.0271
Epoch 13, Batch 162, Loss: 2.1136
Epoch 13, Batch 163, Loss: 2.1675
Epoch 13, Batch 164, Loss: 2.1287
Epoch 13, Batch 165, Loss: 2.1038
Epoch 13, Batch 166, Loss: 1.9859
Epoch 13, Batch 167, Loss: 2.1087
Epoch 13, Batch 168, Loss: 2.0647
Epoch 13, Batch 169, Loss: 2.2327
Epoch 13, Batch 170, Loss: 1.9551
[DTW] raw: pos=163.5  neg=1165.0  |  prob: pos_wins=0.993 (goal→1.0)  |  gap=-7.824  loss=2.1760
[LOSS] alignment_loss_type=d3tw_char_pool  d3tw_loss=2.1760  d3tw_cost_pos=163.4719  d3tw_cost_neg=1164.9736  total_loss=2.1844  char_pool_loss=0.0212  effective_char_pool_weight=0.4000  char_pool_acc_top1=0.9957  char_pool_acc_top5=0.9995  char_pool_valid_chars=2080  char_pool_num_chars=2080  window_size=16  stride=16  window_overlap_mode=no_overlap  num_windows=64  sequence_length=128
Epoch 13, Batch 171, Loss: 2.1844
Epoch 13, Batch 172, Loss: 1.9691
Epoch 13, Batch 173, Loss: 2.0796
Epoch 13, Batch 174, Loss: 1.9709
Epoch 13, Batch 175, Loss: 2.1694
Epoch 13, Batch 176, Loss: 2.0271
Epoch 13, Batch 177, Loss: 2.1804
Epoch 13, Batch 178, Loss: 2.0634
Epoch 13, Batch 179, Loss: 2.1167
Epoch 13, Batch 180, Loss: 2.1354
[DTW] raw: pos=162.2  neg=1182.8  |  prob: pos_wins=0.994 (goal→1.0)  |  gap=-7.973  loss=2.0283
[LOSS] alignment_loss_type=d3tw_char_pool  d3tw_loss=2.0283  d3tw_cost_pos=162.2292  d3tw_cost_neg=1182.7615  total_loss=2.0355  char_pool_loss=0.0179  effective_char_pool_weight=0.4000  char_pool_acc_top1=0.9976  char_pool_acc_top5=0.9995  char_pool_valid_chars=2080  char_pool_num_chars=2080  window_size=16  stride=16  window_overlap_mode=no_overlap  num_windows=64  sequence_length=128
Epoch 13, Batch 181, Loss: 2.0355
Epoch 13, Batch 182, Loss: 2.1953
Epoch 13, Batch 183, Loss: 2.1869
Epoch 13, Batch 184, Loss: 2.0599
Epoch 13, Batch 185, Loss: 2.0849
Epoch 13, Batch 186, Loss: 2.1660
Epoch 13, Batch 187, Loss: 2.1470
Epoch 13, Batch 188, Loss: 2.1799
Epoch 13 - Train Loss: 2.1036
[DTW] raw: pos=162.2  neg=1182.7  |  prob: pos_wins=0.995 (goal→1.0)  |  gap=-7.973  loss=2.0293
[LOSS] alignment_loss_type=d3tw_char_pool  d3tw_loss=2.0293  d3tw_cost_pos=162.1749  d3tw_cost_neg=1182.6748  total_loss=2.0411  char_pool_loss=0.0296  effective_char_pool_weight=0.4000  char_pool_acc_top1=0.9962  char_pool_acc_top5=0.9986  char_pool_valid_chars=2080  char_pool_num_chars=2080  window_size=16  stride=16  window_overlap_mode=no_overlap  num_windows=64  sequence_length=128
[DTW] raw: pos=166.8  neg=1184.4  |  prob: pos_wins=0.994 (goal→1.0)  |  gap=-7.949  loss=2.0504
[LOSS] alignment_loss_type=d3tw_char_pool  d3tw_loss=2.0504  d3tw_cost_pos=166.8265  d3tw_cost_neg=1184.3584  total_loss=2.0645  char_pool_loss=0.0352  effective_char_pool_weight=0.4000  char_pool_acc_top1=0.9971  char_pool_acc_top5=0.9981  char_pool_valid_chars=2080  char_pool_num_chars=2080  window_size=16  stride=16  window_overlap_mode=no_overlap  num_windows=64  sequence_length=128
[DTW] raw: pos=165.6  neg=1178.8  |  prob: pos_wins=0.994 (goal→1.0)  |  gap=-7.916  loss=2.0873
[LOSS] alignment_loss_type=d3tw_char_pool  d3tw_loss=2.0873  d3tw_cost_pos=165.5797  d3tw_cost_neg=1178.8065  total_loss=2.0977  char_pool_loss=0.0259  effective_char_pool_weight=0.4000  char_pool_acc_top1=0.9966  char_pool_acc_top5=0.9990  char_pool_valid_chars=2080  char_pool_num_chars=2080  window_size=16  stride=16  window_overlap_mode=no_overlap  num_windows=64  sequence_length=128
[DTW] raw: pos=162.1  neg=1184.9  |  prob: pos_wins=0.994 (goal→1.0)  |  gap=-7.991  loss=2.0096
[LOSS] alignment_loss_type=d3tw_char_pool  d3tw_loss=2.0096  d3tw_cost_pos=162.0538  d3tw_cost_neg=1184.8640  total_loss=2.0219  char_pool_loss=0.0306  effective_char_pool_weight=0.4000  char_pool_acc_top1=0.9966  char_pool_acc_top5=0.9990  char_pool_valid_chars=2080  char_pool_num_chars=2080  window_size=16  stride=16  window_overlap_mode=no_overlap  num_windows=64  sequence_length=128
[DTW] raw: pos=162.2  neg=1193.0  |  prob: pos_wins=0.994 (goal→1.0)  |  gap=-8.053  loss=1.9487
[LOSS] alignment_loss_type=d3tw_char_pool  d3tw_loss=1.9487  d3tw_cost_pos=162.2094  d3tw_cost_neg=1192.9508  total_loss=1.9598  char_pool_loss=0.0276  effective_char_pool_weight=0.4000  char_pool_acc_top1=0.9971  char_pool_acc_top5=0.9990  char_pool_valid_chars=2080  char_pool_num_chars=2080  window_size=16  stride=16  window_overlap_mode=no_overlap  num_windows=64  sequence_length=128
[DTW] raw: pos=163.2  neg=1184.6  |  prob: pos_wins=0.994 (goal→1.0)  |  gap=-7.980  loss=2.0227
[LOSS] alignment_loss_type=d3tw_char_pool  d3tw_loss=2.0227  d3tw_cost_pos=163.1906  d3tw_cost_neg=1184.5754  total_loss=2.0374  char_pool_loss=0.0367  effective_char_pool_weight=0.4000  char_pool_acc_top1=0.9957  char_pool_acc_top5=0.9986  char_pool_valid_chars=2080  char_pool_num_chars=2080  window_size=16  stride=16  window_overlap_mode=no_overlap  num_windows=64  sequence_length=128
[DTW] raw: pos=161.9  neg=1199.9  |  prob: pos_wins=0.995 (goal→1.0)  |  gap=-8.109  loss=1.8944
[LOSS] alignment_loss_type=d3tw_char_pool  d3tw_loss=1.8944  d3tw_cost_pos=161.9096  d3tw_cost_neg=1199.8835  total_loss=1.9061  char_pool_loss=0.0291  effective_char_pool_weight=0.4000  char_pool_acc_top1=0.9962  char_pool_acc_top5=0.9990  char_pool_valid_chars=2080  char_pool_num_chars=2080  window_size=16  stride=16  window_overlap_mode=no_overlap  num_windows=64  sequence_length=128
Epoch 13 - Validation Loss: 2.0420
Epoch 13 completed in 13m 54.85s
Epoch 13 - Peak GPU memory: 2267.0 MB
============================================================
Epoch 14 - Soft-DTW gamma: 0.100000
[DTW] raw: pos=163.2  neg=1178.0  |  prob: pos_wins=0.994 (goal→1.0)  |  gap=-7.928  loss=2.0718
[LOSS] alignment_loss_type=d3tw_char_pool  d3tw_loss=2.0718  d3tw_cost_pos=163.2416  d3tw_cost_neg=1178.0334  total_loss=2.0779  char_pool_loss=0.0135  effective_char_pool_weight=0.4500  char_pool_acc_top1=0.9981  char_pool_acc_top5=1.0000  char_pool_valid_chars=2080  char_pool_num_chars=2080  window_size=16  stride=16  window_overlap_mode=no_overlap  num_windows=64  sequence_length=128
Epoch 14, Batch 1, Loss: 2.0779
Epoch 14, Batch 2, Loss: 2.2381
Epoch 14, Batch 3, Loss: 2.2053
Epoch 14, Batch 4, Loss: 2.1439
Epoch 14, Batch 5, Loss: 2.2155
Epoch 14, Batch 6, Loss: 2.0245
Epoch 14, Batch 7, Loss: 2.0363
Epoch 14, Batch 8, Loss: 2.0678
Epoch 14, Batch 9, Loss: 1.9710
Epoch 14, Batch 10, Loss: 2.1934
[DTW] raw: pos=161.5  neg=1175.0  |  prob: pos_wins=0.994 (goal→1.0)  |  gap=-7.918  loss=2.0824
[LOSS] alignment_loss_type=d3tw_char_pool  d3tw_loss=2.0824  d3tw_cost_pos=161.5101  d3tw_cost_neg=1175.0348  total_loss=2.0955  char_pool_loss=0.0292  effective_char_pool_weight=0.4500  char_pool_acc_top1=0.9971  char_pool_acc_top5=0.9995  char_pool_valid_chars=2080  char_pool_num_chars=2080  window_size=16  stride=16  window_overlap_mode=no_overlap  num_windows=64  sequence_length=128
Epoch 14, Batch 11, Loss: 2.0955
Epoch 14, Batch 12, Loss: 2.0529
Epoch 14, Batch 13, Loss: 2.0345
Epoch 14, Batch 14, Loss: 2.0447
Epoch 14, Batch 15, Loss: 2.1426
Epoch 14, Batch 16, Loss: 2.1715
Epoch 14, Batch 17, Loss: 2.0878
Epoch 14, Batch 18, Loss: 2.2079
Epoch 14, Batch 19, Loss: 2.0769
Epoch 14, Batch 20, Loss: 1.9583
[DTW] raw: pos=161.9  neg=1187.5  |  prob: pos_wins=0.995 (goal→1.0)  |  gap=-8.013  loss=1.9871
[LOSS] alignment_loss_type=d3tw_char_pool  d3tw_loss=1.9871  d3tw_cost_pos=161.8573  d3tw_cost_neg=1187.4998  total_loss=2.0006  char_pool_loss=0.0302  effective_char_pool_weight=0.4500  char_pool_acc_top1=0.9971  char_pool_acc_top5=0.9990  char_pool_valid_chars=2080  char_pool_num_chars=2080  window_size=16  stride=16  window_overlap_mode=no_overlap  num_windows=64  sequence_length=128
Epoch 14, Batch 21, Loss: 2.0006
Epoch 14, Batch 22, Loss: 2.0840
Epoch 14, Batch 23, Loss: 2.1391
Epoch 14, Batch 24, Loss: 2.1468
Epoch 14, Batch 25, Loss: 2.0514
Epoch 14, Batch 26, Loss: 2.0917
Epoch 14, Batch 27, Loss: 2.1653
Epoch 14, Batch 28, Loss: 2.2397
Epoch 14, Batch 29, Loss: 2.0962
Epoch 14, Batch 30, Loss: 2.1338
[DTW] raw: pos=161.5  neg=1171.1  |  prob: pos_wins=0.993 (goal→1.0)  |  gap=-7.887  loss=2.1140
[LOSS] alignment_loss_type=d3tw_char_pool  d3tw_loss=2.1140  d3tw_cost_pos=161.4972  d3tw_cost_neg=1171.0546  total_loss=2.1297  char_pool_loss=0.0350  effective_char_pool_weight=0.4500  char_pool_acc_top1=0.9966  char_pool_acc_top5=0.9981  char_pool_valid_chars=2080  char_pool_num_chars=2080  window_size=16  stride=16  window_overlap_mode=no_overlap  num_windows=64  sequence_length=128
Epoch 14, Batch 31, Loss: 2.1297
Epoch 14, Batch 32, Loss: 2.0907
Epoch 14, Batch 33, Loss: 2.0865
Epoch 14, Batch 34, Loss: 2.1663
Epoch 14, Batch 35, Loss: 2.1302
Epoch 14, Batch 36, Loss: 2.1393
Epoch 14, Batch 37, Loss: 2.0329
Epoch 14, Batch 38, Loss: 2.1678
Epoch 14, Batch 39, Loss: 2.1261
Epoch 14, Batch 40, Loss: 2.0819
[DTW] raw: pos=160.9  neg=1171.9  |  prob: pos_wins=0.994 (goal→1.0)  |  gap=-7.899  loss=2.1027
[LOSS] alignment_loss_type=d3tw_char_pool  d3tw_loss=2.1027  d3tw_cost_pos=160.8544  d3tw_cost_neg=1171.8857  total_loss=2.1314  char_pool_loss=0.0637  effective_char_pool_weight=0.4500  char_pool_acc_top1=0.9928  char_pool_acc_top5=0.9966  char_pool_valid_chars=2080  char_pool_num_chars=2080  window_size=16  stride=16  window_overlap_mode=no_overlap  num_windows=64  sequence_length=128
Epoch 14, Batch 41, Loss: 2.1314
Epoch 14, Batch 42, Loss: 2.0685
Epoch 14, Batch 43, Loss: 2.1014
Epoch 14, Batch 44, Loss: 2.0622
Epoch 14, Batch 45, Loss: 2.2870
Epoch 14, Batch 46, Loss: 2.0538
Epoch 14, Batch 47, Loss: 2.1655
Epoch 14, Batch 48, Loss: 2.0633
Epoch 14, Batch 49, Loss: 2.1846
Epoch 14, Batch 50, Loss: 2.0507
[DTW] raw: pos=160.9  neg=1161.2  |  prob: pos_wins=0.993 (goal→1.0)  |  gap=-7.814  loss=2.1862
[LOSS] alignment_loss_type=d3tw_char_pool  d3tw_loss=2.1862  d3tw_cost_pos=160.9430  d3tw_cost_neg=1161.1556  total_loss=2.2133  char_pool_loss=0.0604  effective_char_pool_weight=0.4500  char_pool_acc_top1=0.9942  char_pool_acc_top5=0.9971  char_pool_valid_chars=2080  char_pool_num_chars=2080  window_size=16  stride=16  window_overlap_mode=no_overlap  num_windows=64  sequence_length=128
Epoch 14, Batch 51, Loss: 2.2133
Epoch 14, Batch 52, Loss: 2.0546
Epoch 14, Batch 53, Loss: 2.0891
Epoch 14, Batch 54, Loss: 2.1896
Epoch 14, Batch 55, Loss: 2.2594
Epoch 14, Batch 56, Loss: 2.0426
Epoch 14, Batch 57, Loss: 1.9475
Epoch 14, Batch 58, Loss: 2.1058
Epoch 14, Batch 59, Loss: 2.0636
Epoch 14, Batch 60, Loss: 2.0731
[DTW] raw: pos=161.1  neg=1180.5  |  prob: pos_wins=0.995 (goal→1.0)  |  gap=-7.964  loss=2.0366
[LOSS] alignment_loss_type=d3tw_char_pool  d3tw_loss=2.0366  d3tw_cost_pos=161.1477  d3tw_cost_neg=1180.4923  total_loss=2.0570  char_pool_loss=0.0453  effective_char_pool_weight=0.4500  char_pool_acc_top1=0.9952  char_pool_acc_top5=0.9976  char_pool_valid_chars=2080  char_pool_num_chars=2080  window_size=16  stride=16  window_overlap_mode=no_overlap  num_windows=64  sequence_length=128
Epoch 14, Batch 61, Loss: 2.0570
Epoch 14, Batch 62, Loss: 1.9474
Epoch 14, Batch 63, Loss: 2.1041
Epoch 14, Batch 64, Loss: 2.0527
Epoch 14, Batch 65, Loss: 2.0202
Epoch 14, Batch 66, Loss: 2.1305
Epoch 14, Batch 67, Loss: 2.1252
Epoch 14, Batch 68, Loss: 2.0752
Epoch 14, Batch 69, Loss: 2.0541
Epoch 14, Batch 70, Loss: 2.1022
[DTW] raw: pos=165.0  neg=1163.4  |  prob: pos_wins=0.994 (goal→1.0)  |  gap=-7.800  loss=2.2000
[LOSS] alignment_loss_type=d3tw_char_pool  d3tw_loss=2.2000  d3tw_cost_pos=165.0284  d3tw_cost_neg=1163.4373  total_loss=2.2037  char_pool_loss=0.0082  effective_char_pool_weight=0.4500  char_pool_acc_top1=0.9986  char_pool_acc_top5=1.0000  char_pool_valid_chars=2080  char_pool_num_chars=2080  window_size=16  stride=16  window_overlap_mode=no_overlap  num_windows=64  sequence_length=128
Epoch 14, Batch 71, Loss: 2.2037
Epoch 14, Batch 72, Loss: 2.1489
Epoch 14, Batch 73, Loss: 2.1718
Epoch 14, Batch 74, Loss: 2.0110
Epoch 14, Batch 75, Loss: 2.0802
Epoch 14, Batch 76, Loss: 2.0986
Epoch 14, Batch 77, Loss: 2.0716
Epoch 14, Batch 78, Loss: 1.9630
Epoch 14, Batch 79, Loss: 2.1625
Epoch 14, Batch 80, Loss: 2.1408
[DTW] raw: pos=166.4  neg=1179.0  |  prob: pos_wins=0.994 (goal→1.0)  |  gap=-7.911  loss=2.0888
[LOSS] alignment_loss_type=d3tw_char_pool  d3tw_loss=2.0888  d3tw_cost_pos=166.3697  d3tw_cost_neg=1178.9946  total_loss=2.1004  char_pool_loss=0.0258  effective_char_pool_weight=0.4500  char_pool_acc_top1=0.9976  char_pool_acc_top5=0.9986  char_pool_valid_chars=2080  char_pool_num_chars=2080  window_size=16  stride=16  window_overlap_mode=no_overlap  num_windows=64  sequence_length=128
Epoch 14, Batch 81, Loss: 2.1004
Epoch 14, Batch 82, Loss: 2.0340
Epoch 14, Batch 83, Loss: 2.1999
Epoch 14, Batch 84, Loss: 1.9914
Epoch 14, Batch 85, Loss: 1.9985
Epoch 14, Batch 86, Loss: 2.0849
Epoch 14, Batch 87, Loss: 2.0687
Epoch 14, Batch 88, Loss: 2.1604
Epoch 14, Batch 89, Loss: 2.1646
Epoch 14, Batch 90, Loss: 2.0581
[DTW] raw: pos=158.8  neg=1172.4  |  prob: pos_wins=0.994 (goal→1.0)  |  gap=-7.918  loss=2.0818
[LOSS] alignment_loss_type=d3tw_char_pool  d3tw_loss=2.0818  d3tw_cost_pos=158.8439  d3tw_cost_neg=1172.3643  total_loss=2.0945  char_pool_loss=0.0282  effective_char_pool_weight=0.4500  char_pool_acc_top1=0.9971  char_pool_acc_top5=0.9990  char_pool_valid_chars=2080  char_pool_num_chars=2080  window_size=16  stride=16  window_overlap_mode=no_overlap  num_windows=64  sequence_length=128
Epoch 14, Batch 91, Loss: 2.0945
Epoch 14, Batch 92, Loss: 2.1135
Epoch 14, Batch 93, Loss: 2.0745
Epoch 14, Batch 94, Loss: 1.9744
Epoch 14, Batch 95, Loss: 2.0662
Epoch 14, Batch 96, Loss: 2.0725
Epoch 14, Batch 97, Loss: 2.0414
Epoch 14, Batch 98, Loss: 2.1067
Epoch 14, Batch 99, Loss: 2.0453
Epoch 14, Batch 100, Loss: 2.0379
[DTW] raw: pos=160.9  neg=1173.8  |  prob: pos_wins=0.995 (goal→1.0)  |  gap=-7.913  loss=2.0867
[LOSS] alignment_loss_type=d3tw_char_pool  d3tw_loss=2.0867  d3tw_cost_pos=160.9080  d3tw_cost_neg=1173.7988  total_loss=2.0952  char_pool_loss=0.0189  effective_char_pool_weight=0.4500  char_pool_acc_top1=0.9971  char_pool_acc_top5=0.9995  char_pool_valid_chars=2080  char_pool_num_chars=2080  window_size=16  stride=16  window_overlap_mode=no_overlap  num_windows=64  sequence_length=128
Epoch 14, Batch 101, Loss: 2.0952
Epoch 14, Batch 102, Loss: 2.2026
Epoch 14, Batch 103, Loss: 2.0111
Epoch 14, Batch 104, Loss: 2.1140
Epoch 14, Batch 105, Loss: 2.0544
Epoch 14, Batch 106, Loss: 2.1852
Epoch 14, Batch 107, Loss: 2.1318
Epoch 14, Batch 108, Loss: 2.1166
Epoch 14, Batch 109, Loss: 2.1705
Epoch 14, Batch 110, Loss: 2.1272
[DTW] raw: pos=162.4  neg=1173.9  |  prob: pos_wins=0.994 (goal→1.0)  |  gap=-7.903  loss=2.1006
[LOSS] alignment_loss_type=d3tw_char_pool  d3tw_loss=2.1006  d3tw_cost_pos=162.3835  d3tw_cost_neg=1173.9380  total_loss=2.1298  char_pool_loss=0.0649  effective_char_pool_weight=0.4500  char_pool_acc_top1=0.9933  char_pool_acc_top5=0.9962  char_pool_valid_chars=2080  char_pool_num_chars=2080  window_size=16  stride=16  window_overlap_mode=no_overlap  num_windows=64  sequence_length=128
Epoch 14, Batch 111, Loss: 2.1298
Epoch 14, Batch 112, Loss: 2.0788
Epoch 14, Batch 113, Loss: 2.1641
Epoch 14, Batch 114, Loss: 2.0812
Epoch 14, Batch 115, Loss: 2.1180
Epoch 14, Batch 116, Loss: 2.1368
Epoch 14, Batch 117, Loss: 2.0195
Epoch 14, Batch 118, Loss: 2.1220
Epoch 14, Batch 119, Loss: 2.0837
Epoch 14, Batch 120, Loss: 2.0719
[DTW] raw: pos=162.5  neg=1171.5  |  prob: pos_wins=0.994 (goal→1.0)  |  gap=-7.882  loss=2.1176
[LOSS] alignment_loss_type=d3tw_char_pool  d3tw_loss=2.1176  d3tw_cost_pos=162.5440  d3tw_cost_neg=1171.4778  total_loss=2.1292  char_pool_loss=0.0258  effective_char_pool_weight=0.4500  char_pool_acc_top1=0.9976  char_pool_acc_top5=0.9990  char_pool_valid_chars=2080  char_pool_num_chars=2080  window_size=16  stride=16  window_overlap_mode=no_overlap  num_windows=64  sequence_length=128
Epoch 14, Batch 121, Loss: 2.1292
Epoch 14, Batch 122, Loss: 2.1192
Epoch 14, Batch 123, Loss: 2.0938
Epoch 14, Batch 124, Loss: 2.0598
Epoch 14, Batch 125, Loss: 2.1575
Epoch 14, Batch 126, Loss: 1.9961
Epoch 14, Batch 127, Loss: 2.1094
Epoch 14, Batch 128, Loss: 2.1861
Epoch 14, Batch 129, Loss: 2.1277
Epoch 14, Batch 130, Loss: 1.9616
[DTW] raw: pos=165.8  neg=1173.1  |  prob: pos_wins=0.994 (goal→1.0)  |  gap=-7.870  loss=2.1302
[LOSS] alignment_loss_type=d3tw_char_pool  d3tw_loss=2.1302  d3tw_cost_pos=165.7922  d3tw_cost_neg=1173.1213  total_loss=2.1379  char_pool_loss=0.0172  effective_char_pool_weight=0.4500  char_pool_acc_top1=0.9976  char_pool_acc_top5=0.9990  char_pool_valid_chars=2080  char_pool_num_chars=2080  window_size=16  stride=16  window_overlap_mode=no_overlap  num_windows=64  sequence_length=128
Epoch 14, Batch 131, Loss: 2.1379
Epoch 14, Batch 132, Loss: 2.0513
Epoch 14, Batch 133, Loss: 2.0788
Epoch 14, Batch 134, Loss: 2.1453
Epoch 14, Batch 135, Loss: 2.1108
Epoch 14, Batch 136, Loss: 2.1551
Epoch 14, Batch 137, Loss: 2.0650
Epoch 14, Batch 138, Loss: 2.1420
Epoch 14, Batch 139, Loss: 2.0518
Epoch 14, Batch 140, Loss: 2.1535
[DTW] raw: pos=165.5  neg=1182.2  |  prob: pos_wins=0.995 (goal→1.0)  |  gap=-7.943  loss=2.0570
[LOSS] alignment_loss_type=d3tw_char_pool  d3tw_loss=2.0570  d3tw_cost_pos=165.4824  d3tw_cost_neg=1182.2205  total_loss=2.0696  char_pool_loss=0.0280  effective_char_pool_weight=0.4500  char_pool_acc_top1=0.9962  char_pool_acc_top5=0.9990  char_pool_valid_chars=2080  char_pool_num_chars=2080  window_size=16  stride=16  window_overlap_mode=no_overlap  num_windows=64  sequence_length=128
Epoch 14, Batch 141, Loss: 2.0696
Epoch 14, Batch 142, Loss: 2.0363
Epoch 14, Batch 143, Loss: 2.1530
Epoch 14, Batch 144, Loss: 2.0116
Epoch 14, Batch 145, Loss: 2.0898
Epoch 14, Batch 146, Loss: 2.1439
Epoch 14, Batch 147, Loss: 2.0659
Epoch 14, Batch 148, Loss: 2.0393
Epoch 14, Batch 149, Loss: 2.0285
Epoch 14, Batch 150, Loss: 2.2229
[DTW] raw: pos=167.2  neg=1174.2  |  prob: pos_wins=0.994 (goal→1.0)  |  gap=-7.868  loss=2.1330
[LOSS] alignment_loss_type=d3tw_char_pool  d3tw_loss=2.1330  d3tw_cost_pos=167.1689  d3tw_cost_neg=1174.2097  total_loss=2.1516  char_pool_loss=0.0413  effective_char_pool_weight=0.4500  char_pool_acc_top1=0.9962  char_pool_acc_top5=0.9981  char_pool_valid_chars=2080  char_pool_num_chars=2080  window_size=16  stride=16  window_overlap_mode=no_overlap  num_windows=64  sequence_length=128
Epoch 14, Batch 151, Loss: 2.1516
Epoch 14, Batch 152, Loss: 2.1683
Epoch 14, Batch 153, Loss: 2.1456
Epoch 14, Batch 154, Loss: 2.2366
Epoch 14, Batch 155, Loss: 2.1244
Epoch 14, Batch 156, Loss: 2.1137
Epoch 14, Batch 157, Loss: 2.1095
Epoch 14, Batch 158, Loss: 2.0079
Epoch 14, Batch 159, Loss: 2.1377
Epoch 14, Batch 160, Loss: 2.0902
[DTW] raw: pos=164.1  neg=1175.7  |  prob: pos_wins=0.994 (goal→1.0)  |  gap=-7.903  loss=2.0994
[LOSS] alignment_loss_type=d3tw_char_pool  d3tw_loss=2.0994  d3tw_cost_pos=164.1363  d3tw_cost_neg=1175.7330  total_loss=2.1056  char_pool_loss=0.0137  effective_char_pool_weight=0.4500  char_pool_acc_top1=0.9986  char_pool_acc_top5=0.9990  char_pool_valid_chars=2080  char_pool_num_chars=2080  window_size=16  stride=16  window_overlap_mode=no_overlap  num_windows=64  sequence_length=128
Epoch 14, Batch 161, Loss: 2.1056
Epoch 14, Batch 162, Loss: 2.1212
Epoch 14, Batch 163, Loss: 2.1732
Epoch 14, Batch 164, Loss: 1.9657
Epoch 14, Batch 165, Loss: 2.1290
Epoch 14, Batch 166, Loss: 2.0473
Epoch 14, Batch 167, Loss: 2.1391
Epoch 14, Batch 168, Loss: 2.0467
Epoch 14, Batch 169, Loss: 2.1144
Epoch 14, Batch 170, Loss: 2.1760
[DTW] raw: pos=163.1  neg=1186.4  |  prob: pos_wins=0.995 (goal→1.0)  |  gap=-7.995  loss=2.0052
[LOSS] alignment_loss_type=d3tw_char_pool  d3tw_loss=2.0052  d3tw_cost_pos=163.1172  d3tw_cost_neg=1186.4419  total_loss=2.0131  char_pool_loss=0.0176  effective_char_pool_weight=0.4500  char_pool_acc_top1=0.9971  char_pool_acc_top5=0.9990  char_pool_valid_chars=2080  char_pool_num_chars=2080  window_size=16  stride=16  window_overlap_mode=no_overlap  num_windows=64  sequence_length=128
Epoch 14, Batch 171, Loss: 2.0131
Epoch 14, Batch 172, Loss: 2.1287
Epoch 14, Batch 173, Loss: 2.0075
Epoch 14, Batch 174, Loss: 2.0184
Epoch 14, Batch 175, Loss: 2.0336
Epoch 14, Batch 176, Loss: 2.0328
Epoch 14, Batch 177, Loss: 2.0546
Epoch 14, Batch 178, Loss: 2.1931
Epoch 14, Batch 179, Loss: 2.0663
Epoch 14, Batch 180, Loss: 2.0312
[DTW] raw: pos=162.9  neg=1177.7  |  prob: pos_wins=0.995 (goal→1.0)  |  gap=-7.928  loss=2.0720
[LOSS] alignment_loss_type=d3tw_char_pool  d3tw_loss=2.0720  d3tw_cost_pos=162.8885  d3tw_cost_neg=1177.6760  total_loss=2.0829  char_pool_loss=0.0243  effective_char_pool_weight=0.4500  char_pool_acc_top1=0.9971  char_pool_acc_top5=0.9995  char_pool_valid_chars=2080  char_pool_num_chars=2080  window_size=16  stride=16  window_overlap_mode=no_overlap  num_windows=64  sequence_length=128
Epoch 14, Batch 181, Loss: 2.0829
Epoch 14, Batch 182, Loss: 2.1194
Epoch 14, Batch 183, Loss: 2.1949
Epoch 14, Batch 184, Loss: 2.0956
Epoch 14, Batch 185, Loss: 1.9736
Epoch 14, Batch 186, Loss: 2.0775
Epoch 14, Batch 187, Loss: 2.1258
Epoch 14, Batch 188, Loss: 2.1148
Epoch 14 - Train Loss: 2.0986
[DTW] raw: pos=164.6  neg=1173.9  |  prob: pos_wins=0.994 (goal→1.0)  |  gap=-7.885  loss=2.1156
[LOSS] alignment_loss_type=d3tw_char_pool  d3tw_loss=2.1156  d3tw_cost_pos=164.6353  d3tw_cost_neg=1173.8914  total_loss=2.1380  char_pool_loss=0.0499  effective_char_pool_weight=0.4500  char_pool_acc_top1=0.9952  char_pool_acc_top5=0.9971  char_pool_valid_chars=2080  char_pool_num_chars=2080  window_size=16  stride=16  window_overlap_mode=no_overlap  num_windows=64  sequence_length=128
[DTW] raw: pos=165.0  neg=1180.2  |  prob: pos_wins=0.993 (goal→1.0)  |  gap=-7.931  loss=2.0692
[LOSS] alignment_loss_type=d3tw_char_pool  d3tw_loss=2.0692  d3tw_cost_pos=165.0465  d3tw_cost_neg=1180.2061  total_loss=2.0902  char_pool_loss=0.0465  effective_char_pool_weight=0.4500  char_pool_acc_top1=0.9957  char_pool_acc_top5=0.9976  char_pool_valid_chars=2080  char_pool_num_chars=2080  window_size=16  stride=16  window_overlap_mode=no_overlap  num_windows=64  sequence_length=128
[DTW] raw: pos=165.5  neg=1184.1  |  prob: pos_wins=0.994 (goal→1.0)  |  gap=-7.958  loss=2.0426
[LOSS] alignment_loss_type=d3tw_char_pool  d3tw_loss=2.0426  d3tw_cost_pos=165.4720  d3tw_cost_neg=1184.1169  total_loss=2.0580  char_pool_loss=0.0342  effective_char_pool_weight=0.4500  char_pool_acc_top1=0.9957  char_pool_acc_top5=0.9986  char_pool_valid_chars=2080  char_pool_num_chars=2080  window_size=16  stride=16  window_overlap_mode=no_overlap  num_windows=64  sequence_length=128
[DTW] raw: pos=162.0  neg=1181.7  |  prob: pos_wins=0.994 (goal→1.0)  |  gap=-7.967  loss=2.0331
[LOSS] alignment_loss_type=d3tw_char_pool  d3tw_loss=2.0331  d3tw_cost_pos=161.9681  d3tw_cost_neg=1181.7233  total_loss=2.0523  char_pool_loss=0.0428  effective_char_pool_weight=0.4500  char_pool_acc_top1=0.9952  char_pool_acc_top5=0.9990  char_pool_valid_chars=2080  char_pool_num_chars=2080  window_size=16  stride=16  window_overlap_mode=no_overlap  num_windows=64  sequence_length=128
[DTW] raw: pos=159.8  neg=1196.0  |  prob: pos_wins=0.995 (goal→1.0)  |  gap=-8.095  loss=1.9058
[LOSS] alignment_loss_type=d3tw_char_pool  d3tw_loss=1.9058  d3tw_cost_pos=159.8276  d3tw_cost_neg=1195.9790  total_loss=1.9132  char_pool_loss=0.0163  effective_char_pool_weight=0.4500  char_pool_acc_top1=0.9981  char_pool_acc_top5=0.9995  char_pool_valid_chars=2080  char_pool_num_chars=2080  window_size=16  stride=16  window_overlap_mode=no_overlap  num_windows=64  sequence_length=128
[DTW] raw: pos=161.8  neg=1180.9  |  prob: pos_wins=0.993 (goal→1.0)  |  gap=-7.962  loss=2.0400
[LOSS] alignment_loss_type=d3tw_char_pool  d3tw_loss=2.0400  d3tw_cost_pos=161.7655  d3tw_cost_neg=1180.9178  total_loss=2.0522  char_pool_loss=0.0270  effective_char_pool_weight=0.4500  char_pool_acc_top1=0.9966  char_pool_acc_top5=0.9995  char_pool_valid_chars=2080  char_pool_num_chars=2080  window_size=16  stride=16  window_overlap_mode=no_overlap  num_windows=64  sequence_length=128
[DTW] raw: pos=159.3  neg=1184.8  |  prob: pos_wins=0.994 (goal→1.0)  |  gap=-8.012  loss=1.9901
[LOSS] alignment_loss_type=d3tw_char_pool  d3tw_loss=1.9901  d3tw_cost_pos=159.2736  d3tw_cost_neg=1184.7958  total_loss=2.0058  char_pool_loss=0.0349  effective_char_pool_weight=0.4500  char_pool_acc_top1=0.9957  char_pool_acc_top5=0.9986  char_pool_valid_chars=2080  char_pool_num_chars=2080  window_size=16  stride=16  window_overlap_mode=no_overlap  num_windows=64  sequence_length=128
Epoch 14 - Validation Loss: 2.0346
Epoch 14 completed in 13m 58.40s
Epoch 14 - Peak GPU memory: 2267.0 MB
============================================================
Epoch 15 - Soft-DTW gamma: 0.100000
[DTW] raw: pos=164.1  neg=1175.9  |  prob: pos_wins=0.994 (goal→1.0)  |  gap=-7.905  loss=2.0964
[LOSS] alignment_loss_type=d3tw_char_pool  d3tw_loss=2.0964  d3tw_cost_pos=164.1329  d3tw_cost_neg=1175.9329  total_loss=2.1070  char_pool_loss=0.0212  effective_char_pool_weight=0.5000  char_pool_acc_top1=0.9981  char_pool_acc_top5=0.9986  char_pool_valid_chars=2080  char_pool_num_chars=2080  window_size=16  stride=16  window_overlap_mode=no_overlap  num_windows=64  sequence_length=128
Epoch 15, Batch 1, Loss: 2.1070
Epoch 15, Batch 2, Loss: 2.0786
Epoch 15, Batch 3, Loss: 2.0796
Epoch 15, Batch 4, Loss: 2.1340
Epoch 15, Batch 5, Loss: 2.0273
Epoch 15, Batch 6, Loss: 2.1842
Epoch 15, Batch 7, Loss: 2.1401
Epoch 15, Batch 8, Loss: 2.0942
Epoch 15, Batch 9, Loss: 2.0514
Epoch 15, Batch 10, Loss: 2.1470
[DTW] raw: pos=159.2  neg=1191.4  |  prob: pos_wins=0.995 (goal→1.0)  |  gap=-8.064  loss=1.9359
[LOSS] alignment_loss_type=d3tw_char_pool  d3tw_loss=1.9359  d3tw_cost_pos=159.2047  d3tw_cost_neg=1191.3979  total_loss=1.9471  char_pool_loss=0.0224  effective_char_pool_weight=0.5000  char_pool_acc_top1=0.9981  char_pool_acc_top5=0.9986  char_pool_valid_chars=2080  char_pool_num_chars=2080  window_size=16  stride=16  window_overlap_mode=no_overlap  num_windows=64  sequence_length=128
Epoch 15, Batch 11, Loss: 1.9471
Epoch 15, Batch 12, Loss: 2.1409
Epoch 15, Batch 13, Loss: 2.0989
Epoch 15, Batch 14, Loss: 2.1001
Epoch 15, Batch 15, Loss: 2.1633
Epoch 15, Batch 16, Loss: 2.0764
Epoch 15, Batch 17, Loss: 2.0850
Epoch 15, Batch 18, Loss: 2.0819
Epoch 15, Batch 19, Loss: 2.1361
Epoch 15, Batch 20, Loss: 2.1371
[DTW] raw: pos=167.8  neg=1173.7  |  prob: pos_wins=0.994 (goal→1.0)  |  gap=-7.858  loss=2.1417
[LOSS] alignment_loss_type=d3tw_char_pool  d3tw_loss=2.1417  d3tw_cost_pos=167.8269  d3tw_cost_neg=1173.6910  total_loss=2.1457  char_pool_loss=0.0079  effective_char_pool_weight=0.5000  char_pool_acc_top1=0.9995  char_pool_acc_top5=0.9995  char_pool_valid_chars=2080  char_pool_num_chars=2080  window_size=16  stride=16  window_overlap_mode=no_overlap  num_windows=64  sequence_length=128
Epoch 15, Batch 21, Loss: 2.1457
Epoch 15, Batch 22, Loss: 2.1098
Epoch 15, Batch 23, Loss: 1.9409
Epoch 15, Batch 24, Loss: 2.0170
Epoch 15, Batch 25, Loss: 2.0430
Epoch 15, Batch 26, Loss: 2.2026
Epoch 15, Batch 27, Loss: 2.1282
Epoch 15, Batch 28, Loss: 2.1125
Epoch 15, Batch 29, Loss: 2.1203
Epoch 15, Batch 30, Loss: 2.0236
[DTW] raw: pos=165.1  neg=1182.4  |  prob: pos_wins=0.994 (goal→1.0)  |  gap=-7.948  loss=2.0520
[LOSS] alignment_loss_type=d3tw_char_pool  d3tw_loss=2.0520  d3tw_cost_pos=165.0908  d3tw_cost_neg=1182.4380  total_loss=2.0670  char_pool_loss=0.0300  effective_char_pool_weight=0.5000  char_pool_acc_top1=0.9966  char_pool_acc_top5=0.9986  char_pool_valid_chars=2080  char_pool_num_chars=2080  window_size=16  stride=16  window_overlap_mode=no_overlap  num_windows=64  sequence_length=128
Epoch 15, Batch 31, Loss: 2.0670
Epoch 15, Batch 32, Loss: 2.1365
Epoch 15, Batch 33, Loss: 2.1847
Epoch 15, Batch 34, Loss: 2.1147
Epoch 15, Batch 35, Loss: 2.0626
Epoch 15, Batch 36, Loss: 2.0452
Epoch 15, Batch 37, Loss: 2.0696
Epoch 15, Batch 38, Loss: 2.1901
Epoch 15, Batch 39, Loss: 2.1149
Epoch 15, Batch 40, Loss: 2.0022
[DTW] raw: pos=159.1  neg=1169.8  |  prob: pos_wins=0.993 (goal→1.0)  |  gap=-7.896  loss=2.1046
[LOSS] alignment_loss_type=d3tw_char_pool  d3tw_loss=2.1046  d3tw_cost_pos=159.0891  d3tw_cost_neg=1169.7539  total_loss=2.1202  char_pool_loss=0.0310  effective_char_pool_weight=0.5000  char_pool_acc_top1=0.9966  char_pool_acc_top5=0.9986  char_pool_valid_chars=2080  char_pool_num_chars=2080  window_size=16  stride=16  window_overlap_mode=no_overlap  num_windows=64  sequence_length=128
Epoch 15, Batch 41, Loss: 2.1202
Epoch 15, Batch 42, Loss: 2.0127
Epoch 15, Batch 43, Loss: 2.0678
Epoch 15, Batch 44, Loss: 2.1248
Epoch 15, Batch 45, Loss: 2.0007
Epoch 15, Batch 46, Loss: 2.1511
Epoch 15, Batch 47, Loss: 2.0693
Epoch 15, Batch 48, Loss: 1.9556
Epoch 15, Batch 49, Loss: 2.1073
Epoch 15, Batch 50, Loss: 2.1732
[DTW] raw: pos=159.2  neg=1177.5  |  prob: pos_wins=0.994 (goal→1.0)  |  gap=-7.956  loss=2.0453
[LOSS] alignment_loss_type=d3tw_char_pool  d3tw_loss=2.0453  d3tw_cost_pos=159.1988  d3tw_cost_neg=1177.5469  total_loss=2.0543  char_pool_loss=0.0182  effective_char_pool_weight=0.5000  char_pool_acc_top1=0.9981  char_pool_acc_top5=1.0000  char_pool_valid_chars=2080  char_pool_num_chars=2080  window_size=16  stride=16  window_overlap_mode=no_overlap  num_windows=64  sequence_length=128
Epoch 15, Batch 51, Loss: 2.0543
Epoch 15, Batch 52, Loss: 2.0873
Epoch 15, Batch 53, Loss: 2.1360
Epoch 15, Batch 54, Loss: 2.0107
Epoch 15, Batch 55, Loss: 2.0438
Epoch 15, Batch 56, Loss: 2.0701
Epoch 15, Batch 57, Loss: 2.0983
Epoch 15, Batch 58, Loss: 2.0470
Epoch 15, Batch 59, Loss: 2.0993
Epoch 15, Batch 60, Loss: 2.1198
[DTW] raw: pos=157.0  neg=1177.3  |  prob: pos_wins=0.994 (goal→1.0)  |  gap=-7.970  loss=2.0296
[LOSS] alignment_loss_type=d3tw_char_pool  d3tw_loss=2.0296  d3tw_cost_pos=157.0346  d3tw_cost_neg=1177.2505  total_loss=2.0397  char_pool_loss=0.0203  effective_char_pool_weight=0.5000  char_pool_acc_top1=0.9981  char_pool_acc_top5=0.9990  char_pool_valid_chars=2080  char_pool_num_chars=2080  window_size=16  stride=16  window_overlap_mode=no_overlap  num_windows=64  sequence_length=128
Epoch 15, Batch 61, Loss: 2.0397
Epoch 15, Batch 62, Loss: 2.1076
Epoch 15, Batch 63, Loss: 1.9392
Epoch 15, Batch 64, Loss: 2.0475
Epoch 15, Batch 65, Loss: 2.0501
Epoch 15, Batch 66, Loss: 2.0454
Epoch 15, Batch 67, Loss: 2.0710
Epoch 15, Batch 68, Loss: 2.1156
Epoch 15, Batch 69, Loss: 1.9523
Epoch 15, Batch 70, Loss: 2.1657
[DTW] raw: pos=163.7  neg=1176.3  |  prob: pos_wins=0.993 (goal→1.0)  |  gap=-7.911  loss=2.0887
[LOSS] alignment_loss_type=d3tw_char_pool  d3tw_loss=2.0887  d3tw_cost_pos=163.7153  d3tw_cost_neg=1176.3466  total_loss=2.1083  char_pool_loss=0.0392  effective_char_pool_weight=0.5000  char_pool_acc_top1=0.9952  char_pool_acc_top5=0.9995  char_pool_valid_chars=2080  char_pool_num_chars=2080  window_size=16  stride=16  window_overlap_mode=no_overlap  num_windows=64  sequence_length=128
Epoch 15, Batch 71, Loss: 2.1083
Epoch 15, Batch 72, Loss: 2.0718
Epoch 15, Batch 73, Loss: 1.9761
Epoch 15, Batch 74, Loss: 2.0892
Epoch 15, Batch 75, Loss: 2.0742
Epoch 15, Batch 76, Loss: 2.0955
Epoch 15, Batch 77, Loss: 2.1375
Epoch 15, Batch 78, Loss: 2.1104
Epoch 15, Batch 79, Loss: 2.1290
Epoch 15, Batch 80, Loss: 2.0013
[DTW] raw: pos=166.0  neg=1174.2  |  prob: pos_wins=0.994 (goal→1.0)  |  gap=-7.876  loss=2.1240
[LOSS] alignment_loss_type=d3tw_char_pool  d3tw_loss=2.1240  d3tw_cost_pos=166.0159  d3tw_cost_neg=1174.1533  total_loss=2.1416  char_pool_loss=0.0351  effective_char_pool_weight=0.5000  char_pool_acc_top1=0.9962  char_pool_acc_top5=0.9986  char_pool_valid_chars=2080  char_pool_num_chars=2080  window_size=16  stride=16  window_overlap_mode=no_overlap  num_windows=64  sequence_length=128
Epoch 15, Batch 81, Loss: 2.1416
Epoch 15, Batch 82, Loss: 2.0359
Epoch 15, Batch 83, Loss: 2.0987
Epoch 15, Batch 84, Loss: 2.1559
Epoch 15, Batch 85, Loss: 2.1100
Epoch 15, Batch 86, Loss: 2.1514
Epoch 15, Batch 87, Loss: 2.1350
Epoch 15, Batch 88, Loss: 2.1405
Epoch 15, Batch 89, Loss: 2.0911
Epoch 15, Batch 90, Loss: 1.9753
[DTW] raw: pos=160.3  neg=1185.5  |  prob: pos_wins=0.995 (goal→1.0)  |  gap=-8.010  loss=1.9908
[LOSS] alignment_loss_type=d3tw_char_pool  d3tw_loss=1.9908  d3tw_cost_pos=160.2866  d3tw_cost_neg=1185.5056  total_loss=2.0038  char_pool_loss=0.0260  effective_char_pool_weight=0.5000  char_pool_acc_top1=0.9966  char_pool_acc_top5=0.9990  char_pool_valid_chars=2080  char_pool_num_chars=2080  window_size=16  stride=16  window_overlap_mode=no_overlap  num_windows=64  sequence_length=128
Epoch 15, Batch 91, Loss: 2.0038
Epoch 15, Batch 92, Loss: 2.1509
Epoch 15, Batch 93, Loss: 2.0529
Epoch 15, Batch 94, Loss: 2.0902
Epoch 15, Batch 95, Loss: 2.2166
Epoch 15, Batch 96, Loss: 2.0829
Epoch 15, Batch 97, Loss: 2.0922
Epoch 15, Batch 98, Loss: 2.0784
Epoch 15, Batch 99, Loss: 2.1020
Epoch 15, Batch 100, Loss: 2.1038
[DTW] raw: pos=163.6  neg=1184.6  |  prob: pos_wins=0.994 (goal→1.0)  |  gap=-7.977  loss=2.0240
[LOSS] alignment_loss_type=d3tw_char_pool  d3tw_loss=2.0240  d3tw_cost_pos=163.5870  d3tw_cost_neg=1184.6045  total_loss=2.0450  char_pool_loss=0.0420  effective_char_pool_weight=0.5000  char_pool_acc_top1=0.9947  char_pool_acc_top5=0.9986  char_pool_valid_chars=2080  char_pool_num_chars=2080  window_size=16  stride=16  window_overlap_mode=no_overlap  num_windows=64  sequence_length=128
Epoch 15, Batch 101, Loss: 2.0450
Epoch 15, Batch 102, Loss: 2.0123
Epoch 15, Batch 103, Loss: 2.1971
Epoch 15, Batch 104, Loss: 2.0619
Epoch 15, Batch 105, Loss: 2.2244
Epoch 15, Batch 106, Loss: 2.0672
Epoch 15, Batch 107, Loss: 2.1440
Epoch 15, Batch 108, Loss: 2.0864
Epoch 15, Batch 109, Loss: 1.9539
Epoch 15, Batch 110, Loss: 1.9329
[DTW] raw: pos=165.6  neg=1177.9  |  prob: pos_wins=0.994 (goal→1.0)  |  gap=-7.908  loss=2.0917
[LOSS] alignment_loss_type=d3tw_char_pool  d3tw_loss=2.0917  d3tw_cost_pos=165.5857  d3tw_cost_neg=1177.8645  total_loss=2.1120  char_pool_loss=0.0407  effective_char_pool_weight=0.5000  char_pool_acc_top1=0.9957  char_pool_acc_top5=0.9981  char_pool_valid_chars=2080  char_pool_num_chars=2080  window_size=16  stride=16  window_overlap_mode=no_overlap  num_windows=64  sequence_length=128
Epoch 15, Batch 111, Loss: 2.1120
Epoch 15, Batch 112, Loss: 2.0835
Epoch 15, Batch 113, Loss: 2.1069
Epoch 15, Batch 114, Loss: 2.0571
Epoch 15, Batch 115, Loss: 2.1273
Epoch 15, Batch 116, Loss: 2.1011
Epoch 15, Batch 117, Loss: 2.1778
Epoch 15, Batch 118, Loss: 2.1183
Epoch 15, Batch 119, Loss: 2.0377
Epoch 15, Batch 120, Loss: 2.0005
[DTW] raw: pos=158.0  neg=1182.5  |  prob: pos_wins=0.995 (goal→1.0)  |  gap=-8.004  loss=1.9988
[LOSS] alignment_loss_type=d3tw_char_pool  d3tw_loss=1.9988  d3tw_cost_pos=157.9700  d3tw_cost_neg=1182.4730  total_loss=2.0185  char_pool_loss=0.0393  effective_char_pool_weight=0.5000  char_pool_acc_top1=0.9966  char_pool_acc_top5=0.9981  char_pool_valid_chars=2080  char_pool_num_chars=2080  window_size=16  stride=16  window_overlap_mode=no_overlap  num_windows=64  sequence_length=128
Epoch 15, Batch 121, Loss: 2.0185
Epoch 15, Batch 122, Loss: 1.9855
Epoch 15, Batch 123, Loss: 2.1160
Epoch 15, Batch 124, Loss: 2.1991
Epoch 15, Batch 125, Loss: 2.1581
Epoch 15, Batch 126, Loss: 1.9928
Epoch 15, Batch 127, Loss: 2.0458
Epoch 15, Batch 128, Loss: 2.0814
Epoch 15, Batch 129, Loss: 2.0618
Epoch 15, Batch 130, Loss: 2.0841
[DTW] raw: pos=162.0  neg=1196.4  |  prob: pos_wins=0.995 (goal→1.0)  |  gap=-8.081  loss=1.9191
[LOSS] alignment_loss_type=d3tw_char_pool  d3tw_loss=1.9191  d3tw_cost_pos=162.0281  d3tw_cost_neg=1196.4385  total_loss=1.9362  char_pool_loss=0.0341  effective_char_pool_weight=0.5000  char_pool_acc_top1=0.9976  char_pool_acc_top5=0.9981  char_pool_valid_chars=2080  char_pool_num_chars=2080  window_size=16  stride=16  window_overlap_mode=no_overlap  num_windows=64  sequence_length=128
Epoch 15, Batch 131, Loss: 1.9362
Epoch 15, Batch 132, Loss: 2.0539
Epoch 15, Batch 133, Loss: 2.1680
Epoch 15, Batch 134, Loss: 2.1465
Epoch 15, Batch 135, Loss: 2.1629
Epoch 15, Batch 136, Loss: 2.0723
Epoch 15, Batch 137, Loss: 2.0074
Epoch 15, Batch 138, Loss: 2.1199
Epoch 15, Batch 139, Loss: 2.1779
Epoch 15, Batch 140, Loss: 2.0577
[DTW] raw: pos=158.4  neg=1185.2  |  prob: pos_wins=0.995 (goal→1.0)  |  gap=-8.022  loss=1.9786
[LOSS] alignment_loss_type=d3tw_char_pool  d3tw_loss=1.9786  d3tw_cost_pos=158.3720  d3tw_cost_neg=1185.1636  total_loss=1.9843  char_pool_loss=0.0115  effective_char_pool_weight=0.5000  char_pool_acc_top1=0.9981  char_pool_acc_top5=0.9995  char_pool_valid_chars=2080  char_pool_num_chars=2080  window_size=16  stride=16  window_overlap_mode=no_overlap  num_windows=64  sequence_length=128
Epoch 15, Batch 141, Loss: 1.9843
Epoch 15, Batch 142, Loss: 1.9506
Epoch 15, Batch 143, Loss: 2.1157
Epoch 15, Batch 144, Loss: 2.0612
Epoch 15, Batch 145, Loss: 2.0189
Epoch 15, Batch 146, Loss: 2.1432
Epoch 15, Batch 147, Loss: 2.1499
Epoch 15, Batch 148, Loss: 1.9770
Epoch 15, Batch 149, Loss: 2.0274
Epoch 15, Batch 150, Loss: 2.0144
[DTW] raw: pos=164.6  neg=1171.0  |  prob: pos_wins=0.994 (goal→1.0)  |  gap=-7.863  loss=2.1368
[LOSS] alignment_loss_type=d3tw_char_pool  d3tw_loss=2.1368  d3tw_cost_pos=164.5761  d3tw_cost_neg=1171.0486  total_loss=2.1650  char_pool_loss=0.0564  effective_char_pool_weight=0.5000  char_pool_acc_top1=0.9947  char_pool_acc_top5=0.9976  char_pool_valid_chars=2080  char_pool_num_chars=2080  window_size=16  stride=16  window_overlap_mode=no_overlap  num_windows=64  sequence_length=128
Epoch 15, Batch 151, Loss: 2.1650
Epoch 15, Batch 152, Loss: 2.1413
Epoch 15, Batch 153, Loss: 2.2163
Epoch 15, Batch 154, Loss: 2.1172
Epoch 15, Batch 155, Loss: 1.9921
Epoch 15, Batch 156, Loss: 2.1334
Epoch 15, Batch 157, Loss: 2.1152
Epoch 15, Batch 158, Loss: 2.1016
Epoch 15, Batch 159, Loss: 1.9205
Epoch 15, Batch 160, Loss: 2.0376
[DTW] raw: pos=158.3  neg=1168.1  |  prob: pos_wins=0.994 (goal→1.0)  |  gap=-7.889  loss=2.1112
[LOSS] alignment_loss_type=d3tw_char_pool  d3tw_loss=2.1112  d3tw_cost_pos=158.2989  d3tw_cost_neg=1168.0580  total_loss=2.1223  char_pool_loss=0.0223  effective_char_pool_weight=0.5000  char_pool_acc_top1=0.9976  char_pool_acc_top5=1.0000  char_pool_valid_chars=2080  char_pool_num_chars=2080  window_size=16  stride=16  window_overlap_mode=no_overlap  num_windows=64  sequence_length=128
Epoch 15, Batch 161, Loss: 2.1223
Epoch 15, Batch 162, Loss: 2.1106
Epoch 15, Batch 163, Loss: 2.1408
Epoch 15, Batch 164, Loss: 2.0305
Epoch 15, Batch 165, Loss: 2.1877
Epoch 15, Batch 166, Loss: 2.1135
Epoch 15, Batch 167, Loss: 2.0946
Epoch 15, Batch 168, Loss: 2.1303
Epoch 15, Batch 169, Loss: 2.1301
Epoch 15, Batch 170, Loss: 2.0362
[DTW] raw: pos=161.4  neg=1179.7  |  prob: pos_wins=0.994 (goal→1.0)  |  gap=-7.956  loss=2.0443
[LOSS] alignment_loss_type=d3tw_char_pool  d3tw_loss=2.0443  d3tw_cost_pos=161.3540  d3tw_cost_neg=1179.6700  total_loss=2.0633  char_pool_loss=0.0380  effective_char_pool_weight=0.5000  char_pool_acc_top1=0.9957  char_pool_acc_top5=0.9986  char_pool_valid_chars=2080  char_pool_num_chars=2080  window_size=16  stride=16  window_overlap_mode=no_overlap  num_windows=64  sequence_length=128
Epoch 15, Batch 171, Loss: 2.0633
Epoch 15, Batch 172, Loss: 2.1777
Epoch 15, Batch 173, Loss: 2.1043
Epoch 15, Batch 174, Loss: 1.9892
Epoch 15, Batch 175, Loss: 2.1286
Epoch 15, Batch 176, Loss: 2.0881
Epoch 15, Batch 177, Loss: 1.9657
Epoch 15, Batch 178, Loss: 2.0789
Epoch 15, Batch 179, Loss: 2.0192
Epoch 15, Batch 180, Loss: 2.0913
[DTW] raw: pos=158.5  neg=1172.7  |  prob: pos_wins=0.993 (goal→1.0)  |  gap=-7.923  loss=2.0766
[LOSS] alignment_loss_type=d3tw_char_pool  d3tw_loss=2.0766  d3tw_cost_pos=158.4850  d3tw_cost_neg=1172.6733  total_loss=2.0867  char_pool_loss=0.0204  effective_char_pool_weight=0.5000  char_pool_acc_top1=0.9986  char_pool_acc_top5=0.9990  char_pool_valid_chars=2080  char_pool_num_chars=2080  window_size=16  stride=16  window_overlap_mode=no_overlap  num_windows=64  sequence_length=128
Epoch 15, Batch 181, Loss: 2.0867
Epoch 15, Batch 182, Loss: 2.0016
Epoch 15, Batch 183, Loss: 2.0357
Epoch 15, Batch 184, Loss: 2.0349
Epoch 15, Batch 185, Loss: 2.0563
Epoch 15, Batch 186, Loss: 2.0383
Epoch 15, Batch 187, Loss: 2.0481
Epoch 15, Batch 188, Loss: 2.0666
Epoch 15 - Train Loss: 2.0828
[DTW] raw: pos=166.4  neg=1174.3  |  prob: pos_wins=0.993 (goal→1.0)  |  gap=-7.874  loss=2.1292
[LOSS] alignment_loss_type=d3tw_char_pool  d3tw_loss=2.1292  d3tw_cost_pos=166.4015  d3tw_cost_neg=1174.3091  total_loss=2.1628  char_pool_loss=0.0670  effective_char_pool_weight=0.5000  char_pool_acc_top1=0.9942  char_pool_acc_top5=0.9966  char_pool_valid_chars=2080  char_pool_num_chars=2080  window_size=16  stride=16  window_overlap_mode=no_overlap  num_windows=64  sequence_length=128
[DTW] raw: pos=167.5  neg=1180.1  |  prob: pos_wins=0.994 (goal→1.0)  |  gap=-7.911  loss=2.0891
[LOSS] alignment_loss_type=d3tw_char_pool  d3tw_loss=2.0891  d3tw_cost_pos=167.5338  d3tw_cost_neg=1180.1155  total_loss=2.1185  char_pool_loss=0.0589  effective_char_pool_weight=0.5000  char_pool_acc_top1=0.9947  char_pool_acc_top5=0.9976  char_pool_valid_chars=2080  char_pool_num_chars=2080  window_size=16  stride=16  window_overlap_mode=no_overlap  num_windows=64  sequence_length=128
[DTW] raw: pos=164.0  neg=1203.8  |  prob: pos_wins=0.995 (goal→1.0)  |  gap=-8.123  loss=1.8793
[LOSS] alignment_loss_type=d3tw_char_pool  d3tw_loss=1.8793  d3tw_cost_pos=164.0495  d3tw_cost_neg=1203.8269  total_loss=1.8934  char_pool_loss=0.0283  effective_char_pool_weight=0.5000  char_pool_acc_top1=0.9952  char_pool_acc_top5=0.9995  char_pool_valid_chars=2080  char_pool_num_chars=2080  window_size=16  stride=16  window_overlap_mode=no_overlap  num_windows=64  sequence_length=128
[DTW] raw: pos=161.8  neg=1182.0  |  prob: pos_wins=0.995 (goal→1.0)  |  gap=-7.970  loss=2.0300
[LOSS] alignment_loss_type=d3tw_char_pool  d3tw_loss=2.0300  d3tw_cost_pos=161.8457  d3tw_cost_neg=1181.9873  total_loss=2.0471  char_pool_loss=0.0341  effective_char_pool_weight=0.5000  char_pool_acc_top1=0.9966  char_pool_acc_top5=0.9990  char_pool_valid_chars=2080  char_pool_num_chars=2080  window_size=16  stride=16  window_overlap_mode=no_overlap  num_windows=64  sequence_length=128
[DTW] raw: pos=160.7  neg=1192.5  |  prob: pos_wins=0.995 (goal→1.0)  |  gap=-8.060  loss=1.9397
[LOSS] alignment_loss_type=d3tw_char_pool  d3tw_loss=1.9397  d3tw_cost_pos=160.7369  d3tw_cost_neg=1192.4519  total_loss=1.9539  char_pool_loss=0.0284  effective_char_pool_weight=0.5000  char_pool_acc_top1=0.9966  char_pool_acc_top5=0.9995  char_pool_valid_chars=2080  char_pool_num_chars=2080  window_size=16  stride=16  window_overlap_mode=no_overlap  num_windows=64  sequence_length=128
[DTW] raw: pos=163.8  neg=1163.5  |  prob: pos_wins=0.993 (goal→1.0)  |  gap=-7.811  loss=2.1895
[LOSS] alignment_loss_type=d3tw_char_pool  d3tw_loss=2.1895  d3tw_cost_pos=163.8041  d3tw_cost_neg=1163.5494  total_loss=2.2098  char_pool_loss=0.0405  effective_char_pool_weight=0.5000  char_pool_acc_top1=0.9966  char_pool_acc_top5=0.9976  char_pool_valid_chars=2080  char_pool_num_chars=2080  window_size=16  stride=16  window_overlap_mode=no_overlap  num_windows=64  sequence_length=128
[DTW] raw: pos=162.8  neg=1190.3  |  prob: pos_wins=0.995 (goal→1.0)  |  gap=-8.027  loss=1.9726
[LOSS] alignment_loss_type=d3tw_char_pool  d3tw_loss=1.9726  d3tw_cost_pos=162.8058  d3tw_cost_neg=1190.3022  total_loss=2.0037  char_pool_loss=0.0622  effective_char_pool_weight=0.5000  char_pool_acc_top1=0.9928  char_pool_acc_top5=0.9971  char_pool_valid_chars=2080  char_pool_num_chars=2080  window_size=16  stride=16  window_overlap_mode=no_overlap  num_windows=64  sequence_length=128
Epoch 15 - Validation Loss: 2.0434
Epoch 15 completed in 13m 48.34s
Epoch 15 - Peak GPU memory: 2267.0 MB
============================================================
Epoch 16 - Soft-DTW gamma: 0.100000
[DTW] raw: pos=159.7  neg=1172.9  |  prob: pos_wins=0.994 (goal→1.0)  |  gap=-7.916  loss=2.0839
[LOSS] alignment_loss_type=d3tw_char_pool  d3tw_loss=2.0839  d3tw_cost_pos=159.6510  d3tw_cost_neg=1172.9067  total_loss=2.0892  char_pool_loss=0.0105  effective_char_pool_weight=0.5000  char_pool_acc_top1=0.9990  char_pool_acc_top5=0.9995  char_pool_valid_chars=2080  char_pool_num_chars=2080  window_size=16  stride=16  window_overlap_mode=no_overlap  num_windows=64  sequence_length=128
Epoch 16, Batch 1, Loss: 2.0892
Epoch 16, Batch 2, Loss: 1.9868
Epoch 16, Batch 3, Loss: 2.0041
Epoch 16, Batch 4, Loss: 2.0007
Epoch 16, Batch 5, Loss: 2.0290
Epoch 16, Batch 6, Loss: 2.1269
Epoch 16, Batch 7, Loss: 2.2068
Epoch 16, Batch 8, Loss: 2.0489
Epoch 16, Batch 9, Loss: 2.1557
Epoch 16, Batch 10, Loss: 2.0983
[DTW] raw: pos=161.4  neg=1163.8  |  prob: pos_wins=0.994 (goal→1.0)  |  gap=-7.832  loss=2.1686
[LOSS] alignment_loss_type=d3tw_char_pool  d3tw_loss=2.1686  d3tw_cost_pos=161.3852  d3tw_cost_neg=1163.8225  total_loss=2.1874  char_pool_loss=0.0375  effective_char_pool_weight=0.5000  char_pool_acc_top1=0.9962  char_pool_acc_top5=0.9986  char_pool_valid_chars=2080  char_pool_num_chars=2080  window_size=16  stride=16  window_overlap_mode=no_overlap  num_windows=64  sequence_length=128
Epoch 16, Batch 11, Loss: 2.1874
Epoch 16, Batch 12, Loss: 2.1514
Epoch 16, Batch 13, Loss: 1.9776
Epoch 16, Batch 14, Loss: 2.1201
Epoch 16, Batch 15, Loss: 2.0499
Epoch 16, Batch 16, Loss: 1.8958
Epoch 16, Batch 17, Loss: 2.0325
Epoch 16, Batch 18, Loss: 2.0238
Epoch 16, Batch 19, Loss: 2.0908
Epoch 16, Batch 20, Loss: 2.1602
[DTW] raw: pos=158.6  neg=1165.9  |  prob: pos_wins=0.994 (goal→1.0)  |  gap=-7.870  loss=2.1304
[LOSS] alignment_loss_type=d3tw_char_pool  d3tw_loss=2.1304  d3tw_cost_pos=158.5829  d3tw_cost_neg=1165.9441  total_loss=2.1393  char_pool_loss=0.0179  effective_char_pool_weight=0.5000  char_pool_acc_top1=0.9981  char_pool_acc_top5=0.9990  char_pool_valid_chars=2080  char_pool_num_chars=2080  window_size=16  stride=16  window_overlap_mode=no_overlap  num_windows=64  sequence_length=128
Epoch 16, Batch 21, Loss: 2.1393
Epoch 16, Batch 22, Loss: 2.0255
Epoch 16, Batch 23, Loss: 1.9797
Epoch 16, Batch 24, Loss: 2.0619
Epoch 16, Batch 25, Loss: 1.9842
Epoch 16, Batch 26, Loss: 2.0611
Epoch 16, Batch 27, Loss: 2.1693
Epoch 16, Batch 28, Loss: 2.1502
Epoch 16, Batch 29, Loss: 2.0716
Epoch 16, Batch 30, Loss: 2.1655
[DTW] raw: pos=160.9  neg=1186.8  |  prob: pos_wins=0.994 (goal→1.0)  |  gap=-8.015  loss=1.9857
[LOSS] alignment_loss_type=d3tw_char_pool  d3tw_loss=1.9857  d3tw_cost_pos=160.8730  d3tw_cost_neg=1186.7787  total_loss=1.9957  char_pool_loss=0.0201  effective_char_pool_weight=0.5000  char_pool_acc_top1=0.9966  char_pool_acc_top5=1.0000  char_pool_valid_chars=2080  char_pool_num_chars=2080  window_size=16  stride=16  window_overlap_mode=no_overlap  num_windows=64  sequence_length=128
Epoch 16, Batch 31, Loss: 1.9957
Epoch 16, Batch 32, Loss: 2.1335
Epoch 16, Batch 33, Loss: 2.2135
Epoch 16, Batch 34, Loss: 2.1049
Epoch 16, Batch 35, Loss: 2.1148
Epoch 16, Batch 36, Loss: 2.0293
Epoch 16, Batch 37, Loss: 2.0952
Epoch 16, Batch 38, Loss: 1.9375
Epoch 16, Batch 39, Loss: 2.0967
Epoch 16, Batch 40, Loss: 2.1031
[DTW] raw: pos=166.7  neg=1181.9  |  prob: pos_wins=0.994 (goal→1.0)  |  gap=-7.931  loss=2.0692
[LOSS] alignment_loss_type=d3tw_char_pool  d3tw_loss=2.0692  d3tw_cost_pos=166.7400  d3tw_cost_neg=1181.8677  total_loss=2.1015  char_pool_loss=0.0645  effective_char_pool_weight=0.5000  char_pool_acc_top1=0.9918  char_pool_acc_top5=0.9981  char_pool_valid_chars=2080  char_pool_num_chars=2080  window_size=16  stride=16  window_overlap_mode=no_overlap  num_windows=64  sequence_length=128
Epoch 16, Batch 41, Loss: 2.1015
Epoch 16, Batch 42, Loss: 2.0960
Epoch 16, Batch 43, Loss: 2.0673
Epoch 16, Batch 44, Loss: 2.1014
Epoch 16, Batch 45, Loss: 2.0417
Epoch 16, Batch 46, Loss: 2.1485
Epoch 16, Batch 47, Loss: 2.0238
Epoch 16, Batch 48, Loss: 2.0565
Epoch 16, Batch 49, Loss: 2.0913
Epoch 16, Batch 50, Loss: 1.9798
[DTW] raw: pos=162.3  neg=1191.0  |  prob: pos_wins=0.995 (goal→1.0)  |  gap=-8.037  loss=1.9641
[LOSS] alignment_loss_type=d3tw_char_pool  d3tw_loss=1.9641  d3tw_cost_pos=162.2912  d3tw_cost_neg=1191.0364  total_loss=1.9835  char_pool_loss=0.0389  effective_char_pool_weight=0.5000  char_pool_acc_top1=0.9957  char_pool_acc_top5=0.9981  char_pool_valid_chars=2080  char_pool_num_chars=2080  window_size=16  stride=16  window_overlap_mode=no_overlap  num_windows=64  sequence_length=128
Epoch 16, Batch 51, Loss: 1.9835
Epoch 16, Batch 52, Loss: 2.0254
Epoch 16, Batch 53, Loss: 2.0975
Epoch 16, Batch 54, Loss: 2.1109
Epoch 16, Batch 55, Loss: 2.1022
Epoch 16, Batch 56, Loss: 1.9959
Epoch 16, Batch 57, Loss: 2.0817
Epoch 16, Batch 58, Loss: 1.9289
Epoch 16, Batch 59, Loss: 1.9584
Epoch 16, Batch 60, Loss: 2.1147
[DTW] raw: pos=157.6  neg=1175.1  |  prob: pos_wins=0.995 (goal→1.0)  |  gap=-7.949  loss=2.0521
[LOSS] alignment_loss_type=d3tw_char_pool  d3tw_loss=2.0521  d3tw_cost_pos=157.6068  d3tw_cost_neg=1175.1160  total_loss=2.0573  char_pool_loss=0.0103  effective_char_pool_weight=0.5000  char_pool_acc_top1=0.9986  char_pool_acc_top5=0.9995  char_pool_valid_chars=2080  char_pool_num_chars=2080  window_size=16  stride=16  window_overlap_mode=no_overlap  num_windows=64  sequence_length=128
Epoch 16, Batch 61, Loss: 2.0573
Epoch 16, Batch 62, Loss: 2.0954
Epoch 16, Batch 63, Loss: 2.0477
Epoch 16, Batch 64, Loss: 2.1038
Epoch 16, Batch 65, Loss: 2.0304
Epoch 16, Batch 66, Loss: 2.1343
Epoch 16, Batch 67, Loss: 2.0628
Epoch 16, Batch 68, Loss: 2.0399
Epoch 16, Batch 69, Loss: 2.1092
Epoch 16, Batch 70, Loss: 2.0052
[DTW] raw: pos=161.2  neg=1181.2  |  prob: pos_wins=0.995 (goal→1.0)  |  gap=-7.969  loss=2.0316
[LOSS] alignment_loss_type=d3tw_char_pool  d3tw_loss=2.0316  d3tw_cost_pos=161.1838  d3tw_cost_neg=1181.1952  total_loss=2.0473  char_pool_loss=0.0314  effective_char_pool_weight=0.5000  char_pool_acc_top1=0.9957  char_pool_acc_top5=0.9990  char_pool_valid_chars=2080  char_pool_num_chars=2080  window_size=16  stride=16  window_overlap_mode=no_overlap  num_windows=64  sequence_length=128
Epoch 16, Batch 71, Loss: 2.0473
Epoch 16, Batch 72, Loss: 2.0549
Epoch 16, Batch 73, Loss: 2.0277
Epoch 16, Batch 74, Loss: 2.0030
Epoch 16, Batch 75, Loss: 2.0632
Epoch 16, Batch 76, Loss: 1.9901
Epoch 16, Batch 77, Loss: 2.0211
Epoch 16, Batch 78, Loss: 2.0244
Epoch 16, Batch 79, Loss: 2.1734
Epoch 16, Batch 80, Loss: 2.1784
[DTW] raw: pos=167.4  neg=1172.1  |  prob: pos_wins=0.994 (goal→1.0)  |  gap=-7.849  loss=2.1525
[LOSS] alignment_loss_type=d3tw_char_pool  d3tw_loss=2.1525  d3tw_cost_pos=167.4197  d3tw_cost_neg=1172.1040  total_loss=2.1559  char_pool_loss=0.0068  effective_char_pool_weight=0.5000  char_pool_acc_top1=0.9995  char_pool_acc_top5=0.9995  char_pool_valid_chars=2080  char_pool_num_chars=2080  window_size=16  stride=16  window_overlap_mode=no_overlap  num_windows=64  sequence_length=128
Epoch 16, Batch 81, Loss: 2.1559
Epoch 16, Batch 82, Loss: 2.0561
Epoch 16, Batch 83, Loss: 2.0095
Epoch 16, Batch 84, Loss: 2.1199
Epoch 16, Batch 85, Loss: 2.0971
Epoch 16, Batch 86, Loss: 2.0778
Epoch 16, Batch 87, Loss: 2.0036
Epoch 16, Batch 88, Loss: 2.1419
Epoch 16, Batch 89, Loss: 2.1136
Epoch 16, Batch 90, Loss: 2.1682
[DTW] raw: pos=158.7  neg=1174.2  |  prob: pos_wins=0.994 (goal→1.0)  |  gap=-7.934  loss=2.0666
[LOSS] alignment_loss_type=d3tw_char_pool  d3tw_loss=2.0666  d3tw_cost_pos=158.6743  d3tw_cost_neg=1174.1676  total_loss=2.0826  char_pool_loss=0.0319  effective_char_pool_weight=0.5000  char_pool_acc_top1=0.9947  char_pool_acc_top5=1.0000  char_pool_valid_chars=2080  char_pool_num_chars=2080  window_size=16  stride=16  window_overlap_mode=no_overlap  num_windows=64  sequence_length=128
Epoch 16, Batch 91, Loss: 2.0826
Epoch 16, Batch 92, Loss: 2.1488
Epoch 16, Batch 93, Loss: 2.1761
Epoch 16, Batch 94, Loss: 2.1412
Epoch 16, Batch 95, Loss: 2.0200
Epoch 16, Batch 96, Loss: 2.1900
Epoch 16, Batch 97, Loss: 2.0022
Epoch 16, Batch 98, Loss: 2.1846
Epoch 16, Batch 99, Loss: 2.1051
Epoch 16, Batch 100, Loss: 2.2157
[DTW] raw: pos=161.4  neg=1166.9  |  prob: pos_wins=0.994 (goal→1.0)  |  gap=-7.855  loss=2.1457
[LOSS] alignment_loss_type=d3tw_char_pool  d3tw_loss=2.1457  d3tw_cost_pos=161.4303  d3tw_cost_neg=1166.8572  total_loss=2.1476  char_pool_loss=0.0038  effective_char_pool_weight=0.5000  char_pool_acc_top1=0.9990  char_pool_acc_top5=1.0000  char_pool_valid_chars=2080  char_pool_num_chars=2080  window_size=16  stride=16  window_overlap_mode=no_overlap  num_windows=64  sequence_length=128
Epoch 16, Batch 101, Loss: 2.1476
Epoch 16, Batch 102, Loss: 2.1405
Epoch 16, Batch 103, Loss: 2.0280
Epoch 16, Batch 104, Loss: 2.0524
Epoch 16, Batch 105, Loss: 2.1071
Epoch 16, Batch 106, Loss: 2.1064
Epoch 16, Batch 107, Loss: 2.0983
Epoch 16, Batch 108, Loss: 2.1438
Epoch 16, Batch 109, Loss: 2.0387
Epoch 16, Batch 110, Loss: 2.0142
[DTW] raw: pos=160.3  neg=1181.2  |  prob: pos_wins=0.995 (goal→1.0)  |  gap=-7.976  loss=2.0246
[LOSS] alignment_loss_type=d3tw_char_pool  d3tw_loss=2.0246  d3tw_cost_pos=160.2898  d3tw_cost_neg=1181.2395  total_loss=2.0255  char_pool_loss=0.0018  effective_char_pool_weight=0.5000  char_pool_acc_top1=0.9995  char_pool_acc_top5=1.0000  char_pool_valid_chars=2080  char_pool_num_chars=2080  window_size=16  stride=16  window_overlap_mode=no_overlap  num_windows=64  sequence_length=128
Epoch 16, Batch 111, Loss: 2.0255
Epoch 16, Batch 112, Loss: 1.9811
Epoch 16, Batch 113, Loss: 2.2041
Epoch 16, Batch 114, Loss: 2.1349
Epoch 16, Batch 115, Loss: 2.2124
Epoch 16, Batch 116, Loss: 2.0425
Epoch 16, Batch 117, Loss: 2.1131
Epoch 16, Batch 118, Loss: 2.1210
Epoch 16, Batch 119, Loss: 2.0682
Epoch 16, Batch 120, Loss: 2.0522
[DTW] raw: pos=164.6  neg=1171.4  |  prob: pos_wins=0.994 (goal→1.0)  |  gap=-7.865  loss=2.1345
[LOSS] alignment_loss_type=d3tw_char_pool  d3tw_loss=2.1345  d3tw_cost_pos=164.6032  d3tw_cost_neg=1171.3787  total_loss=2.1427  char_pool_loss=0.0165  effective_char_pool_weight=0.5000  char_pool_acc_top1=0.9976  char_pool_acc_top5=0.9990  char_pool_valid_chars=2080  char_pool_num_chars=2080  window_size=16  stride=16  window_overlap_mode=no_overlap  num_windows=64  sequence_length=128
Epoch 16, Batch 121, Loss: 2.1427
Epoch 16, Batch 122, Loss: 1.9788
Epoch 16, Batch 123, Loss: 1.9611
Epoch 16, Batch 124, Loss: 2.0043
Epoch 16, Batch 125, Loss: 2.1197
Epoch 16, Batch 126, Loss: 1.9868
Epoch 16, Batch 127, Loss: 2.0232
Epoch 16, Batch 128, Loss: 2.1221
Epoch 16, Batch 129, Loss: 1.9785
Epoch 16, Batch 130, Loss: 2.1056
[DTW] raw: pos=157.7  neg=1169.7  |  prob: pos_wins=0.993 (goal→1.0)  |  gap=-7.906  loss=2.0941
[LOSS] alignment_loss_type=d3tw_char_pool  d3tw_loss=2.0941  d3tw_cost_pos=157.7268  d3tw_cost_neg=1169.6902  total_loss=2.1004  char_pool_loss=0.0125  effective_char_pool_weight=0.5000  char_pool_acc_top1=0.9990  char_pool_acc_top5=0.9995  char_pool_valid_chars=2080  char_pool_num_chars=2080  window_size=16  stride=16  window_overlap_mode=no_overlap  num_windows=64  sequence_length=128
Epoch 16, Batch 131, Loss: 2.1004
Epoch 16, Batch 132, Loss: 2.1382
Epoch 16, Batch 133, Loss: 1.9788
Epoch 16, Batch 134, Loss: 2.0813
Epoch 16, Batch 135, Loss: 2.1213
Epoch 16, Batch 136, Loss: 1.9678
Epoch 16, Batch 137, Loss: 1.9962
Epoch 16, Batch 138, Loss: 2.0944
Epoch 16, Batch 139, Loss: 1.9609
Epoch 16, Batch 140, Loss: 2.0063
[DTW] raw: pos=157.1  neg=1174.7  |  prob: pos_wins=0.994 (goal→1.0)  |  gap=-7.950  loss=2.0503
[LOSS] alignment_loss_type=d3tw_char_pool  d3tw_loss=2.0503  d3tw_cost_pos=157.1157  d3tw_cost_neg=1174.7467  total_loss=2.0693  char_pool_loss=0.0379  effective_char_pool_weight=0.5000  char_pool_acc_top1=0.9962  char_pool_acc_top5=0.9986  char_pool_valid_chars=2080  char_pool_num_chars=2080  window_size=16  stride=16  window_overlap_mode=no_overlap  num_windows=64  sequence_length=128
Epoch 16, Batch 141, Loss: 2.0693
Epoch 16, Batch 142, Loss: 2.1235
Epoch 16, Batch 143, Loss: 1.9781
Epoch 16, Batch 144, Loss: 2.0042
Epoch 16, Batch 145, Loss: 2.0475
Epoch 16, Batch 146, Loss: 2.1482
Epoch 16, Batch 147, Loss: 2.1880
Epoch 16, Batch 148, Loss: 1.9982
Epoch 16, Batch 149, Loss: 2.2284
Epoch 16, Batch 150, Loss: 2.0486
[DTW] raw: pos=162.2  neg=1180.5  |  prob: pos_wins=0.995 (goal→1.0)  |  gap=-7.956  loss=2.0451
[LOSS] alignment_loss_type=d3tw_char_pool  d3tw_loss=2.0451  d3tw_cost_pos=162.2089  d3tw_cost_neg=1180.5217  total_loss=2.0532  char_pool_loss=0.0163  effective_char_pool_weight=0.5000  char_pool_acc_top1=0.9981  char_pool_acc_top5=0.9995  char_pool_valid_chars=2080  char_pool_num_chars=2080  window_size=16  stride=16  window_overlap_mode=no_overlap  num_windows=64  sequence_length=128
Epoch 16, Batch 151, Loss: 2.0532
Epoch 16, Batch 152, Loss: 2.1662
Epoch 16, Batch 153, Loss: 2.0805
Epoch 16, Batch 154, Loss: 1.9745
Epoch 16, Batch 155, Loss: 2.0759
Epoch 16, Batch 156, Loss: 2.0891
Epoch 16, Batch 157, Loss: 2.2334
Epoch 16, Batch 158, Loss: 1.9825
Epoch 16, Batch 159, Loss: 2.1124
Epoch 16, Batch 160, Loss: 2.0036
[DTW] raw: pos=163.5  neg=1179.3  |  prob: pos_wins=0.994 (goal→1.0)  |  gap=-7.936  loss=2.0673
[LOSS] alignment_loss_type=d3tw_char_pool  d3tw_loss=2.0673  d3tw_cost_pos=163.5336  d3tw_cost_neg=1179.3263  total_loss=2.0724  char_pool_loss=0.0102  effective_char_pool_weight=0.5000  char_pool_acc_top1=0.9986  char_pool_acc_top5=0.9995  char_pool_valid_chars=2080  char_pool_num_chars=2080  window_size=16  stride=16  window_overlap_mode=no_overlap  num_windows=64  sequence_length=128
Epoch 16, Batch 161, Loss: 2.0724
Epoch 16, Batch 162, Loss: 2.0366
Epoch 16, Batch 163, Loss: 2.0819
Epoch 16, Batch 164, Loss: 2.1195
Epoch 16, Batch 165, Loss: 2.1702
Epoch 16, Batch 166, Loss: 2.1726
Epoch 16, Batch 167, Loss: 2.0409
Epoch 16, Batch 168, Loss: 2.1425
Epoch 16, Batch 169, Loss: 2.2690
Epoch 16, Batch 170, Loss: 2.0561
[DTW] raw: pos=164.6  neg=1183.4  |  prob: pos_wins=0.994 (goal→1.0)  |  gap=-7.959  loss=2.0410
[LOSS] alignment_loss_type=d3tw_char_pool  d3tw_loss=2.0410  d3tw_cost_pos=164.6322  d3tw_cost_neg=1183.3706  total_loss=2.0451  char_pool_loss=0.0082  effective_char_pool_weight=0.5000  char_pool_acc_top1=0.9986  char_pool_acc_top5=1.0000  char_pool_valid_chars=2080  char_pool_num_chars=2080  window_size=16  stride=16  window_overlap_mode=no_overlap  num_windows=64  sequence_length=128
Epoch 16, Batch 171, Loss: 2.0451
Epoch 16, Batch 172, Loss: 2.1704
Epoch 16, Batch 173, Loss: 2.0415
Epoch 16, Batch 174, Loss: 2.1565
Epoch 16, Batch 175, Loss: 2.1324
Epoch 16, Batch 176, Loss: 2.0993
Epoch 16, Batch 177, Loss: 2.0453
Epoch 16, Batch 178, Loss: 2.0881
Epoch 16, Batch 179, Loss: 2.0993
Epoch 16, Batch 180, Loss: 2.0251
[DTW] raw: pos=161.4  neg=1189.1  |  prob: pos_wins=0.994 (goal→1.0)  |  gap=-8.029  loss=1.9718
[LOSS] alignment_loss_type=d3tw_char_pool  d3tw_loss=1.9718  d3tw_cost_pos=161.3903  d3tw_cost_neg=1189.1156  total_loss=1.9802  char_pool_loss=0.0169  effective_char_pool_weight=0.5000  char_pool_acc_top1=0.9976  char_pool_acc_top5=0.9995  char_pool_valid_chars=2080  char_pool_num_chars=2080  window_size=16  stride=16  window_overlap_mode=no_overlap  num_windows=64  sequence_length=128
Epoch 16, Batch 181, Loss: 1.9802
Epoch 16, Batch 182, Loss: 2.0350
Epoch 16, Batch 183, Loss: 1.9921
Epoch 16, Batch 184, Loss: 2.2210
Epoch 16, Batch 185, Loss: 2.0686
Epoch 16, Batch 186, Loss: 2.0267
Epoch 16, Batch 187, Loss: 2.0197
Epoch 16, Batch 188, Loss: 2.1129
Epoch 16 - Train Loss: 2.0770
[DTW] raw: pos=162.6  neg=1172.3  |  prob: pos_wins=0.993 (goal→1.0)  |  gap=-7.888  loss=2.1155
[LOSS] alignment_loss_type=d3tw_char_pool  d3tw_loss=2.1155  d3tw_cost_pos=162.6079  d3tw_cost_neg=1172.2827  total_loss=2.1381  char_pool_loss=0.0451  effective_char_pool_weight=0.5000  char_pool_acc_top1=0.9947  char_pool_acc_top5=0.9981  char_pool_valid_chars=2080  char_pool_num_chars=2080  window_size=16  stride=16  window_overlap_mode=no_overlap  num_windows=64  sequence_length=128
[DTW] raw: pos=167.7  neg=1181.4  |  prob: pos_wins=0.994 (goal→1.0)  |  gap=-7.919  loss=2.0804
[LOSS] alignment_loss_type=d3tw_char_pool  d3tw_loss=2.0804  d3tw_cost_pos=167.6780  d3tw_cost_neg=1181.3707  total_loss=2.1008  char_pool_loss=0.0407  effective_char_pool_weight=0.5000  char_pool_acc_top1=0.9957  char_pool_acc_top5=0.9976  char_pool_valid_chars=2080  char_pool_num_chars=2080  window_size=16  stride=16  window_overlap_mode=no_overlap  num_windows=64  sequence_length=128
[DTW] raw: pos=163.9  neg=1178.0  |  prob: pos_wins=0.994 (goal→1.0)  |  gap=-7.922  loss=2.0782
[LOSS] alignment_loss_type=d3tw_char_pool  d3tw_loss=2.0782  d3tw_cost_pos=163.9334  d3tw_cost_neg=1177.9789  total_loss=2.0831  char_pool_loss=0.0098  effective_char_pool_weight=0.5000  char_pool_acc_top1=0.9981  char_pool_acc_top5=0.9995  char_pool_valid_chars=2080  char_pool_num_chars=2080  window_size=16  stride=16  window_overlap_mode=no_overlap  num_windows=64  sequence_length=128
[DTW] raw: pos=161.6  neg=1171.9  |  prob: pos_wins=0.993 (goal→1.0)  |  gap=-7.893  loss=2.1070
[LOSS] alignment_loss_type=d3tw_char_pool  d3tw_loss=2.1070  d3tw_cost_pos=161.6074  d3tw_cost_neg=1171.9060  total_loss=2.1260  char_pool_loss=0.0379  effective_char_pool_weight=0.5000  char_pool_acc_top1=0.9957  char_pool_acc_top5=0.9986  char_pool_valid_chars=2080  char_pool_num_chars=2080  window_size=16  stride=16  window_overlap_mode=no_overlap  num_windows=64  sequence_length=128
[DTW] raw: pos=161.3  neg=1182.3  |  prob: pos_wins=0.995 (goal→1.0)  |  gap=-7.977  loss=2.0227
[LOSS] alignment_loss_type=d3tw_char_pool  d3tw_loss=2.0227  d3tw_cost_pos=161.2669  d3tw_cost_neg=1182.3479  total_loss=2.0266  char_pool_loss=0.0079  effective_char_pool_weight=0.5000  char_pool_acc_top1=0.9990  char_pool_acc_top5=1.0000  char_pool_valid_chars=2080  char_pool_num_chars=2080  window_size=16  stride=16  window_overlap_mode=no_overlap  num_windows=64  sequence_length=128
[DTW] raw: pos=162.9  neg=1176.3  |  prob: pos_wins=0.994 (goal→1.0)  |  gap=-7.918  loss=2.0868
[LOSS] alignment_loss_type=d3tw_char_pool  d3tw_loss=2.0868  d3tw_cost_pos=162.8843  d3tw_cost_neg=1176.3436  total_loss=2.1091  char_pool_loss=0.0446  effective_char_pool_weight=0.5000  char_pool_acc_top1=0.9952  char_pool_acc_top5=0.9990  char_pool_valid_chars=2080  char_pool_num_chars=2080  window_size=16  stride=16  window_overlap_mode=no_overlap  num_windows=64  sequence_length=128
[DTW] raw: pos=161.9  neg=1194.1  |  prob: pos_wins=0.995 (goal→1.0)  |  gap=-8.064  loss=1.9396
[LOSS] alignment_loss_type=d3tw_char_pool  d3tw_loss=1.9396  d3tw_cost_pos=161.8770  d3tw_cost_neg=1194.0635  total_loss=1.9569  char_pool_loss=0.0346  effective_char_pool_weight=0.5000  char_pool_acc_top1=0.9952  char_pool_acc_top5=0.9995  char_pool_valid_chars=2080  char_pool_num_chars=2080  window_size=16  stride=16  window_overlap_mode=no_overlap  num_windows=64  sequence_length=128
Epoch 16 - Validation Loss: 2.0409
Epoch 16 completed in 13m 51.98s
Epoch 16 - Peak GPU memory: 2267.0 MB
============================================================
Epoch 17 - Soft-DTW gamma: 0.100000
[DTW] raw: pos=160.9  neg=1175.6  |  prob: pos_wins=0.993 (goal→1.0)  |  gap=-7.927  loss=2.0726
[LOSS] alignment_loss_type=d3tw_char_pool  d3tw_loss=2.0726  d3tw_cost_pos=160.8664  d3tw_cost_neg=1175.5862  total_loss=2.0831  char_pool_loss=0.0209  effective_char_pool_weight=0.5000  char_pool_acc_top1=0.9971  char_pool_acc_top5=0.9995  char_pool_valid_chars=2080  char_pool_num_chars=2080  window_size=16  stride=16  window_overlap_mode=no_overlap  num_windows=64  sequence_length=128
Epoch 17, Batch 1, Loss: 2.0831
Epoch 17, Batch 2, Loss: 2.0392
Epoch 17, Batch 3, Loss: 2.0447
Epoch 17, Batch 4, Loss: 2.0674
Epoch 17, Batch 5, Loss: 2.1142
Epoch 17, Batch 6, Loss: 2.0230
Epoch 17, Batch 7, Loss: 2.0560
Epoch 17, Batch 8, Loss: 2.0750
Epoch 17, Batch 9, Loss: 2.1358
Epoch 17, Batch 10, Loss: 2.1570
[DTW] raw: pos=159.0  neg=1180.7  |  prob: pos_wins=0.995 (goal→1.0)  |  gap=-7.982  loss=2.0194
[LOSS] alignment_loss_type=d3tw_char_pool  d3tw_loss=2.0194  d3tw_cost_pos=159.0337  d3tw_cost_neg=1180.7101  total_loss=2.0276  char_pool_loss=0.0162  effective_char_pool_weight=0.5000  char_pool_acc_top1=0.9986  char_pool_acc_top5=0.9995  char_pool_valid_chars=2080  char_pool_num_chars=2080  window_size=16  stride=16  window_overlap_mode=no_overlap  num_windows=64  sequence_length=128
Epoch 17, Batch 11, Loss: 2.0276
Epoch 17, Batch 12, Loss: 2.1025
Epoch 17, Batch 13, Loss: 1.9481
Epoch 17, Batch 14, Loss: 2.0770
Epoch 17, Batch 15, Loss: 2.0706
Epoch 17, Batch 16, Loss: 2.0520
Epoch 17, Batch 17, Loss: 2.0692
Epoch 17, Batch 18, Loss: 1.9257
Epoch 17, Batch 19, Loss: 2.0597
Epoch 17, Batch 20, Loss: 2.1908
[DTW] raw: pos=160.0  neg=1171.1  |  prob: pos_wins=0.994 (goal→1.0)  |  gap=-7.899  loss=2.1011
[LOSS] alignment_loss_type=d3tw_char_pool  d3tw_loss=2.1011  d3tw_cost_pos=160.0244  d3tw_cost_neg=1171.1013  total_loss=2.1094  char_pool_loss=0.0166  effective_char_pool_weight=0.5000  char_pool_acc_top1=0.9986  char_pool_acc_top5=0.9995  char_pool_valid_chars=2080  char_pool_num_chars=2080  window_size=16  stride=16  window_overlap_mode=no_overlap  num_windows=64  sequence_length=128
Epoch 17, Batch 21, Loss: 2.1094
Epoch 17, Batch 22, Loss: 2.0303
Epoch 17, Batch 23, Loss: 2.0777
Epoch 17, Batch 24, Loss: 2.1499
Epoch 17, Batch 25, Loss: 2.0502
Epoch 17, Batch 26, Loss: 2.0876
Epoch 17, Batch 27, Loss: 2.1063
Epoch 17, Batch 28, Loss: 1.9902
Epoch 17, Batch 29, Loss: 2.1155
Epoch 17, Batch 30, Loss: 2.1068
[DTW] raw: pos=161.5  neg=1164.4  |  prob: pos_wins=0.994 (goal→1.0)  |  gap=-7.835  loss=2.1651
[LOSS] alignment_loss_type=d3tw_char_pool  d3tw_loss=2.1651  d3tw_cost_pos=161.5252  d3tw_cost_neg=1164.3752  total_loss=2.1773  char_pool_loss=0.0243  effective_char_pool_weight=0.5000  char_pool_acc_top1=0.9976  char_pool_acc_top5=0.9986  char_pool_valid_chars=2080  char_pool_num_chars=2080  window_size=16  stride=16  window_overlap_mode=no_overlap  num_windows=64  sequence_length=128
Epoch 17, Batch 31, Loss: 2.1773
Epoch 17, Batch 32, Loss: 2.1647
Epoch 17, Batch 33, Loss: 2.0437
Epoch 17, Batch 34, Loss: 1.9676
Epoch 17, Batch 35, Loss: 2.1317
Epoch 17, Batch 36, Loss: 2.1257
Epoch 17, Batch 37, Loss: 2.0725
Epoch 17, Batch 38, Loss: 2.0796
Epoch 17, Batch 39, Loss: 2.0461
Epoch 17, Batch 40, Loss: 2.0882
[DTW] raw: pos=158.6  neg=1177.0  |  prob: pos_wins=0.994 (goal→1.0)  |  gap=-7.956  loss=2.0434
[LOSS] alignment_loss_type=d3tw_char_pool  d3tw_loss=2.0434  d3tw_cost_pos=158.5617  d3tw_cost_neg=1176.9918  total_loss=2.0481  char_pool_loss=0.0093  effective_char_pool_weight=0.5000  char_pool_acc_top1=0.9986  char_pool_acc_top5=1.0000  char_pool_valid_chars=2080  char_pool_num_chars=2080  window_size=16  stride=16  window_overlap_mode=no_overlap  num_windows=64  sequence_length=128
Epoch 17, Batch 41, Loss: 2.0481
Epoch 17, Batch 42, Loss: 2.0149
Epoch 17, Batch 43, Loss: 2.1449
Epoch 17, Batch 44, Loss: 2.1228
Epoch 17, Batch 45, Loss: 2.0476
Epoch 17, Batch 46, Loss: 2.0582
Epoch 17, Batch 47, Loss: 1.9872
Epoch 17, Batch 48, Loss: 2.1035
Epoch 17, Batch 49, Loss: 2.0046
Epoch 17, Batch 50, Loss: 2.0562
[DTW] raw: pos=161.1  neg=1173.9  |  prob: pos_wins=0.994 (goal→1.0)  |  gap=-7.913  loss=2.0873
[LOSS] alignment_loss_type=d3tw_char_pool  d3tw_loss=2.0873  d3tw_cost_pos=161.1088  d3tw_cost_neg=1173.9375  total_loss=2.0926  char_pool_loss=0.0106  effective_char_pool_weight=0.5000  char_pool_acc_top1=0.9981  char_pool_acc_top5=1.0000  char_pool_valid_chars=2080  char_pool_num_chars=2080  window_size=16  stride=16  window_overlap_mode=no_overlap  num_windows=64  sequence_length=128
Epoch 17, Batch 51, Loss: 2.0926
Epoch 17, Batch 52, Loss: 2.0712
Epoch 17, Batch 53, Loss: 2.1332
Epoch 17, Batch 54, Loss: 2.1008
Epoch 17, Batch 55, Loss: 1.9875
Epoch 17, Batch 56, Loss: 2.1068
Epoch 17, Batch 57, Loss: 2.0706
Epoch 17, Batch 58, Loss: 1.9523
Epoch 17, Batch 59, Loss: 2.1513
Epoch 17, Batch 60, Loss: 1.9148
[DTW] raw: pos=160.4  neg=1190.1  |  prob: pos_wins=0.995 (goal→1.0)  |  gap=-8.044  loss=1.9554
[LOSS] alignment_loss_type=d3tw_char_pool  d3tw_loss=1.9554  d3tw_cost_pos=160.4499  d3tw_cost_neg=1190.1405  total_loss=1.9609  char_pool_loss=0.0110  effective_char_pool_weight=0.5000  char_pool_acc_top1=0.9981  char_pool_acc_top5=0.9995  char_pool_valid_chars=2080  char_pool_num_chars=2080  window_size=16  stride=16  window_overlap_mode=no_overlap  num_windows=64  sequence_length=128
Epoch 17, Batch 61, Loss: 1.9609
Epoch 17, Batch 62, Loss: 1.9957
Epoch 17, Batch 63, Loss: 2.0825
Epoch 17, Batch 64, Loss: 2.0995
Epoch 17, Batch 65, Loss: 2.0979
Epoch 17, Batch 66, Loss: 2.1302
Epoch 17, Batch 67, Loss: 2.0751
Epoch 17, Batch 68, Loss: 2.1683
Epoch 17, Batch 69, Loss: 1.9397
Epoch 17, Batch 70, Loss: 1.9720
[DTW] raw: pos=156.2  neg=1179.8  |  prob: pos_wins=0.995 (goal→1.0)  |  gap=-7.997  loss=2.0039
[LOSS] alignment_loss_type=d3tw_char_pool  d3tw_loss=2.0039  d3tw_cost_pos=156.1986  d3tw_cost_neg=1179.7667  total_loss=2.0057  char_pool_loss=0.0037  effective_char_pool_weight=0.5000  char_pool_acc_top1=0.9990  char_pool_acc_top5=1.0000  char_pool_valid_chars=2080  char_pool_num_chars=2080  window_size=16  stride=16  window_overlap_mode=no_overlap  num_windows=64  sequence_length=128
Epoch 17, Batch 71, Loss: 2.0057
Epoch 17, Batch 72, Loss: 2.0931
Epoch 17, Batch 73, Loss: 2.0025
Epoch 17, Batch 74, Loss: 2.0426
Epoch 17, Batch 75, Loss: 2.0484
Epoch 17, Batch 76, Loss: 2.0706
Epoch 17, Batch 77, Loss: 1.9987
Epoch 17, Batch 78, Loss: 1.8984
Epoch 17, Batch 79, Loss: 2.1976
Epoch 17, Batch 80, Loss: 2.0362
[DTW] raw: pos=161.0  neg=1172.3  |  prob: pos_wins=0.994 (goal→1.0)  |  gap=-7.900  loss=2.0998
[LOSS] alignment_loss_type=d3tw_char_pool  d3tw_loss=2.0998  d3tw_cost_pos=161.0450  d3tw_cost_neg=1172.2551  total_loss=2.1062  char_pool_loss=0.0127  effective_char_pool_weight=0.5000  char_pool_acc_top1=0.9981  char_pool_acc_top5=1.0000  char_pool_valid_chars=2080  char_pool_num_chars=2080  window_size=16  stride=16  window_overlap_mode=no_overlap  num_windows=64  sequence_length=128
Epoch 17, Batch 81, Loss: 2.1062
Epoch 17, Batch 82, Loss: 2.0393
Epoch 17, Batch 83, Loss: 1.9805
Epoch 17, Batch 84, Loss: 2.1285
Epoch 17, Batch 85, Loss: 2.0680
Epoch 17, Batch 86, Loss: 1.9683
Epoch 17, Batch 87, Loss: 2.0659
Epoch 17, Batch 88, Loss: 1.9718
Epoch 17, Batch 89, Loss: 2.0355
Epoch 17, Batch 90, Loss: 2.0789
[DTW] raw: pos=164.4  neg=1183.4  |  prob: pos_wins=0.995 (goal→1.0)  |  gap=-7.961  loss=2.0390
[LOSS] alignment_loss_type=d3tw_char_pool  d3tw_loss=2.0390  d3tw_cost_pos=164.4057  d3tw_cost_neg=1183.4120  total_loss=2.0511  char_pool_loss=0.0242  effective_char_pool_weight=0.5000  char_pool_acc_top1=0.9976  char_pool_acc_top5=0.9986  char_pool_valid_chars=2080  char_pool_num_chars=2080  window_size=16  stride=16  window_overlap_mode=no_overlap  num_windows=64  sequence_length=128
Epoch 17, Batch 91, Loss: 2.0511
Epoch 17, Batch 92, Loss: 2.0251
Epoch 17, Batch 93, Loss: 2.1403
Epoch 17, Batch 94, Loss: 1.9784
Epoch 17, Batch 95, Loss: 2.0522
Epoch 17, Batch 96, Loss: 2.0789
Epoch 17, Batch 97, Loss: 2.0399
Epoch 17, Batch 98, Loss: 2.1853
Epoch 17, Batch 99, Loss: 2.1072
Epoch 17, Batch 100, Loss: 2.1988
[DTW] raw: pos=161.5  neg=1189.3  |  prob: pos_wins=0.995 (goal→1.0)  |  gap=-8.029  loss=1.9708
[LOSS] alignment_loss_type=d3tw_char_pool  d3tw_loss=1.9708  d3tw_cost_pos=161.5427  d3tw_cost_neg=1189.2982  total_loss=1.9833  char_pool_loss=0.0250  effective_char_pool_weight=0.5000  char_pool_acc_top1=0.9971  char_pool_acc_top5=0.9986  char_pool_valid_chars=2080  char_pool_num_chars=2080  window_size=16  stride=16  window_overlap_mode=no_overlap  num_windows=64  sequence_length=128
Epoch 17, Batch 101, Loss: 1.9833
Epoch 17, Batch 102, Loss: 2.1215
Epoch 17, Batch 103, Loss: 2.0900
Epoch 17, Batch 104, Loss: 2.1690
Epoch 17, Batch 105, Loss: 2.1153
Epoch 17, Batch 106, Loss: 1.9911
Epoch 17, Batch 107, Loss: 2.0278
Epoch 17, Batch 108, Loss: 2.0547
Epoch 17, Batch 109, Loss: 2.0408
Epoch 17, Batch 110, Loss: 2.1392
[DTW] raw: pos=162.8  neg=1185.5  |  prob: pos_wins=0.995 (goal→1.0)  |  gap=-7.990  loss=2.0109
[LOSS] alignment_loss_type=d3tw_char_pool  d3tw_loss=2.0109  d3tw_cost_pos=162.8156  d3tw_cost_neg=1185.4795  total_loss=2.0166  char_pool_loss=0.0116  effective_char_pool_weight=0.5000  char_pool_acc_top1=0.9986  char_pool_acc_top5=0.9995  char_pool_valid_chars=2080  char_pool_num_chars=2080  window_size=16  stride=16  window_overlap_mode=no_overlap  num_windows=64  sequence_length=128
Epoch 17, Batch 111, Loss: 2.0166
Epoch 17, Batch 112, Loss: 2.1141
Epoch 17, Batch 113, Loss: 2.0869
Epoch 17, Batch 114, Loss: 2.0542
Epoch 17, Batch 115, Loss: 2.0280
Epoch 17, Batch 116, Loss: 2.0196
Epoch 17, Batch 117, Loss: 2.0944
Epoch 17, Batch 118, Loss: 2.0570
Epoch 17, Batch 119, Loss: 2.1558
Epoch 17, Batch 120, Loss: 2.0579
[DTW] raw: pos=162.6  neg=1177.4  |  prob: pos_wins=0.994 (goal→1.0)  |  gap=-7.928  loss=2.0727
[LOSS] alignment_loss_type=d3tw_char_pool  d3tw_loss=2.0727  d3tw_cost_pos=162.6162  d3tw_cost_neg=1177.3962  total_loss=2.0819  char_pool_loss=0.0183  effective_char_pool_weight=0.5000  char_pool_acc_top1=0.9981  char_pool_acc_top5=0.9995  char_pool_valid_chars=2080  char_pool_num_chars=2080  window_size=16  stride=16  window_overlap_mode=no_overlap  num_windows=64  sequence_length=128
Epoch 17, Batch 121, Loss: 2.0819
Epoch 17, Batch 122, Loss: 2.1900
Epoch 17, Batch 123, Loss: 2.1233
Epoch 17, Batch 124, Loss: 2.1450
Epoch 17, Batch 125, Loss: 1.9795
Epoch 17, Batch 126, Loss: 2.0434
Epoch 17, Batch 127, Loss: 1.9968
Epoch 17, Batch 128, Loss: 2.0055
Epoch 17, Batch 129, Loss: 1.9142
Epoch 17, Batch 130, Loss: 2.0996
[DTW] raw: pos=165.5  neg=1175.9  |  prob: pos_wins=0.994 (goal→1.0)  |  gap=-7.893  loss=2.1065
[LOSS] alignment_loss_type=d3tw_char_pool  d3tw_loss=2.1065  d3tw_cost_pos=165.5253  d3tw_cost_neg=1175.8871  total_loss=2.1180  char_pool_loss=0.0232  effective_char_pool_weight=0.5000  char_pool_acc_top1=0.9966  char_pool_acc_top5=0.9995  char_pool_valid_chars=2080  char_pool_num_chars=2080  window_size=16  stride=16  window_overlap_mode=no_overlap  num_windows=64  sequence_length=128
Epoch 17, Batch 131, Loss: 2.1180
Epoch 17, Batch 132, Loss: 2.0296
Epoch 17, Batch 133, Loss: 2.2008
Epoch 17, Batch 134, Loss: 2.1277
Epoch 17, Batch 135, Loss: 2.0661
Epoch 17, Batch 136, Loss: 1.9368
Epoch 17, Batch 137, Loss: 2.0710
Epoch 17, Batch 138, Loss: 2.0616
Epoch 17, Batch 139, Loss: 1.9862
Epoch 17, Batch 140, Loss: 2.0760
[DTW] raw: pos=159.6  neg=1170.3  |  prob: pos_wins=0.994 (goal→1.0)  |  gap=-7.896  loss=2.1048
[LOSS] alignment_loss_type=d3tw_char_pool  d3tw_loss=2.1048  d3tw_cost_pos=159.6345  d3tw_cost_neg=1170.3137  total_loss=2.1089  char_pool_loss=0.0084  effective_char_pool_weight=0.5000  char_pool_acc_top1=0.9986  char_pool_acc_top5=1.0000  char_pool_valid_chars=2080  char_pool_num_chars=2080  window_size=16  stride=16  window_overlap_mode=no_overlap  num_windows=64  sequence_length=128
Epoch 17, Batch 141, Loss: 2.1089
Epoch 17, Batch 142, Loss: 1.9799
Epoch 17, Batch 143, Loss: 2.0001
Epoch 17, Batch 144, Loss: 1.9794
Epoch 17, Batch 145, Loss: 2.0046
Epoch 17, Batch 146, Loss: 2.0753
Epoch 17, Batch 147, Loss: 1.8774
Epoch 17, Batch 148, Loss: 1.9867
Epoch 17, Batch 149, Loss: 2.0185
Epoch 17, Batch 150, Loss: 2.1058
[DTW] raw: pos=162.2  neg=1174.7  |  prob: pos_wins=0.992 (goal→1.0)  |  gap=-7.910  loss=2.0917
[LOSS] alignment_loss_type=d3tw_char_pool  d3tw_loss=2.0917  d3tw_cost_pos=162.2079  d3tw_cost_neg=1174.6678  total_loss=2.1053  char_pool_loss=0.0273  effective_char_pool_weight=0.5000  char_pool_acc_top1=0.9962  char_pool_acc_top5=0.9986  char_pool_valid_chars=2080  char_pool_num_chars=2080  window_size=16  stride=16  window_overlap_mode=no_overlap  num_windows=64  sequence_length=128
Epoch 17, Batch 151, Loss: 2.1053
Epoch 17, Batch 152, Loss: 1.9917
Epoch 17, Batch 153, Loss: 1.9498
Epoch 17, Batch 154, Loss: 2.1809
Epoch 17, Batch 155, Loss: 2.1090
Epoch 17, Batch 156, Loss: 2.0713
Epoch 17, Batch 157, Loss: 1.9534
Epoch 17, Batch 158, Loss: 2.0149
Epoch 17, Batch 159, Loss: 2.0428
Epoch 17, Batch 160, Loss: 2.0742
[DTW] raw: pos=154.8  neg=1172.8  |  prob: pos_wins=0.994 (goal→1.0)  |  gap=-7.953  loss=2.0468
[LOSS] alignment_loss_type=d3tw_char_pool  d3tw_loss=2.0468  d3tw_cost_pos=154.7902  d3tw_cost_neg=1172.7914  total_loss=2.0500  char_pool_loss=0.0065  effective_char_pool_weight=0.5000  char_pool_acc_top1=0.9990  char_pool_acc_top5=1.0000  char_pool_valid_chars=2080  char_pool_num_chars=2080  window_size=16  stride=16  window_overlap_mode=no_overlap  num_windows=64  sequence_length=128
Epoch 17, Batch 161, Loss: 2.0500
Epoch 17, Batch 162, Loss: 2.0414
Epoch 17, Batch 163, Loss: 2.1499
Epoch 17, Batch 164, Loss: 2.0822
Epoch 17, Batch 165, Loss: 2.0858
Epoch 17, Batch 166, Loss: 2.0889
Epoch 17, Batch 167, Loss: 2.2427
Epoch 17, Batch 168, Loss: 2.0513
Epoch 17, Batch 169, Loss: 2.0875
Epoch 17, Batch 170, Loss: 2.0094
[DTW] raw: pos=160.6  neg=1177.2  |  prob: pos_wins=0.995 (goal→1.0)  |  gap=-7.942  loss=2.0581
[LOSS] alignment_loss_type=d3tw_char_pool  d3tw_loss=2.0581  d3tw_cost_pos=160.6410  d3tw_cost_neg=1177.1953  total_loss=2.0735  char_pool_loss=0.0309  effective_char_pool_weight=0.5000  char_pool_acc_top1=0.9962  char_pool_acc_top5=0.9990  char_pool_valid_chars=2080  char_pool_num_chars=2080  window_size=16  stride=16  window_overlap_mode=no_overlap  num_windows=64  sequence_length=128
Epoch 17, Batch 171, Loss: 2.0735
Epoch 17, Batch 172, Loss: 2.0296
Epoch 17, Batch 173, Loss: 2.1467
Epoch 17, Batch 174, Loss: 2.1359
Epoch 17, Batch 175, Loss: 2.1014
Epoch 17, Batch 176, Loss: 2.0271
Epoch 17, Batch 177, Loss: 2.0095
Epoch 17, Batch 178, Loss: 2.2408
Epoch 17, Batch 179, Loss: 2.1525
Epoch 17, Batch 180, Loss: 1.9899
[DTW] raw: pos=166.6  neg=1173.5  |  prob: pos_wins=0.994 (goal→1.0)  |  gap=-7.867  loss=2.1348
[LOSS] alignment_loss_type=d3tw_char_pool  d3tw_loss=2.1348  d3tw_cost_pos=166.6185  d3tw_cost_neg=1173.5397  total_loss=2.1391  char_pool_loss=0.0085  effective_char_pool_weight=0.5000  char_pool_acc_top1=0.9986  char_pool_acc_top5=0.9995  char_pool_valid_chars=2080  char_pool_num_chars=2080  window_size=16  stride=16  window_overlap_mode=no_overlap  num_windows=64  sequence_length=128
Epoch 17, Batch 181, Loss: 2.1391
Epoch 17, Batch 182, Loss: 1.9995
Epoch 17, Batch 183, Loss: 1.9870
Epoch 17, Batch 184, Loss: 2.0669
Epoch 17, Batch 185, Loss: 2.0678
Epoch 17, Batch 186, Loss: 2.1231
Epoch 17, Batch 187, Loss: 2.1078
Epoch 17, Batch 188, Loss: 2.0347
Epoch 17 - Train Loss: 2.0641
[DTW] raw: pos=161.4  neg=1177.5  |  prob: pos_wins=0.994 (goal→1.0)  |  gap=-7.938  loss=2.0614
[LOSS] alignment_loss_type=d3tw_char_pool  d3tw_loss=2.0614  d3tw_cost_pos=161.4192  d3tw_cost_neg=1177.5415  total_loss=2.0781  char_pool_loss=0.0333  effective_char_pool_weight=0.5000  char_pool_acc_top1=0.9962  char_pool_acc_top5=0.9986  char_pool_valid_chars=2080  char_pool_num_chars=2080  window_size=16  stride=16  window_overlap_mode=no_overlap  num_windows=64  sequence_length=128
[DTW] raw: pos=164.1  neg=1180.5  |  prob: pos_wins=0.994 (goal→1.0)  |  gap=-7.941  loss=2.0603
[LOSS] alignment_loss_type=d3tw_char_pool  d3tw_loss=2.0603  d3tw_cost_pos=164.1341  d3tw_cost_neg=1180.5234  total_loss=2.0872  char_pool_loss=0.0539  effective_char_pool_weight=0.5000  char_pool_acc_top1=0.9952  char_pool_acc_top5=0.9976  char_pool_valid_chars=2080  char_pool_num_chars=2080  window_size=16  stride=16  window_overlap_mode=no_overlap  num_windows=64  sequence_length=128
[DTW] raw: pos=162.4  neg=1179.2  |  prob: pos_wins=0.994 (goal→1.0)  |  gap=-7.944  loss=2.0560
[LOSS] alignment_loss_type=d3tw_char_pool  d3tw_loss=2.0560  d3tw_cost_pos=162.3576  d3tw_cost_neg=1179.1887  total_loss=2.0645  char_pool_loss=0.0171  effective_char_pool_weight=0.5000  char_pool_acc_top1=0.9976  char_pool_acc_top5=0.9995  char_pool_valid_chars=2080  char_pool_num_chars=2080  window_size=16  stride=16  window_overlap_mode=no_overlap  num_windows=64  sequence_length=128
[DTW] raw: pos=163.4  neg=1181.8  |  prob: pos_wins=0.994 (goal→1.0)  |  gap=-7.956  loss=2.0467
[LOSS] alignment_loss_type=d3tw_char_pool  d3tw_loss=2.0467  d3tw_cost_pos=163.4131  d3tw_cost_neg=1181.7659  total_loss=2.0762  char_pool_loss=0.0591  effective_char_pool_weight=0.5000  char_pool_acc_top1=0.9928  char_pool_acc_top5=0.9986  char_pool_valid_chars=2080  char_pool_num_chars=2080  window_size=16  stride=16  window_overlap_mode=no_overlap  num_windows=64  sequence_length=128
[DTW] raw: pos=159.8  neg=1197.0  |  prob: pos_wins=0.995 (goal→1.0)  |  gap=-8.103  loss=1.8982
[LOSS] alignment_loss_type=d3tw_char_pool  d3tw_loss=1.8982  d3tw_cost_pos=159.7728  d3tw_cost_neg=1196.9563  total_loss=1.9112  char_pool_loss=0.0259  effective_char_pool_weight=0.5000  char_pool_acc_top1=0.9976  char_pool_acc_top5=0.9986  char_pool_valid_chars=2080  char_pool_num_chars=2080  window_size=16  stride=16  window_overlap_mode=no_overlap  num_windows=64  sequence_length=128
[DTW] raw: pos=161.7  neg=1170.5  |  prob: pos_wins=0.993 (goal→1.0)  |  gap=-7.881  loss=2.1216
[LOSS] alignment_loss_type=d3tw_char_pool  d3tw_loss=2.1216  d3tw_cost_pos=161.7149  d3tw_cost_neg=1170.4839  total_loss=2.1371  char_pool_loss=0.0309  effective_char_pool_weight=0.5000  char_pool_acc_top1=0.9962  char_pool_acc_top5=0.9986  char_pool_valid_chars=2080  char_pool_num_chars=2080  window_size=16  stride=16  window_overlap_mode=no_overlap  num_windows=64  sequence_length=128
[DTW] raw: pos=160.0  neg=1189.5  |  prob: pos_wins=0.994 (goal→1.0)  |  gap=-8.043  loss=1.9622
[LOSS] alignment_loss_type=d3tw_char_pool  d3tw_loss=1.9622  d3tw_cost_pos=159.9995  d3tw_cost_neg=1189.5272  total_loss=1.9819  char_pool_loss=0.0396  effective_char_pool_weight=0.5000  char_pool_acc_top1=0.9947  char_pool_acc_top5=0.9986  char_pool_valid_chars=2080  char_pool_num_chars=2080  window_size=16  stride=16  window_overlap_mode=no_overlap  num_windows=64  sequence_length=128
Epoch 17 - Validation Loss: 2.0178
Epoch 17 completed in 13m 48.73s
Epoch 17 - Peak GPU memory: 2267.0 MB
============================================================
Epoch 18 - Soft-DTW gamma: 0.100000
[DTW] raw: pos=160.1  neg=1169.3  |  prob: pos_wins=0.994 (goal→1.0)  |  gap=-7.884  loss=2.1174
[LOSS] alignment_loss_type=d3tw_char_pool  d3tw_loss=2.1174  d3tw_cost_pos=160.1150  d3tw_cost_neg=1169.3265  total_loss=2.1186  char_pool_loss=0.0023  effective_char_pool_weight=0.5000  char_pool_acc_top1=0.9995  char_pool_acc_top5=1.0000  char_pool_valid_chars=2080  char_pool_num_chars=2080  window_size=16  stride=16  window_overlap_mode=no_overlap  num_windows=64  sequence_length=128
Epoch 18, Batch 1, Loss: 2.1186
Epoch 18, Batch 2, Loss: 1.9968
Epoch 18, Batch 3, Loss: 2.0886
Epoch 18, Batch 4, Loss: 2.0759
Epoch 18, Batch 5, Loss: 2.0173
Epoch 18, Batch 6, Loss: 2.0482
Epoch 18, Batch 7, Loss: 2.1440
Epoch 18, Batch 8, Loss: 2.1584
Epoch 18, Batch 9, Loss: 2.0970
Epoch 18, Batch 10, Loss: 2.0364
[DTW] raw: pos=156.5  neg=1183.8  |  prob: pos_wins=0.995 (goal→1.0)  |  gap=-8.025  loss=1.9749
[LOSS] alignment_loss_type=d3tw_char_pool  d3tw_loss=1.9749  d3tw_cost_pos=156.5353  d3tw_cost_neg=1183.7615  total_loss=1.9898  char_pool_loss=0.0298  effective_char_pool_weight=0.5000  char_pool_acc_top1=0.9962  char_pool_acc_top5=0.9986  char_pool_valid_chars=2080  char_pool_num_chars=2080  window_size=16  stride=16  window_overlap_mode=no_overlap  num_windows=64  sequence_length=128
Epoch 18, Batch 11, Loss: 1.9898
Epoch 18, Batch 12, Loss: 2.0173
Epoch 18, Batch 13, Loss: 2.0099
Epoch 18, Batch 14, Loss: 2.1072
Epoch 18, Batch 15, Loss: 2.0867
Epoch 18, Batch 16, Loss: 2.0701
Epoch 18, Batch 17, Loss: 1.9549
Epoch 18, Batch 18, Loss: 2.1166
Epoch 18, Batch 19, Loss: 2.1263
Epoch 18, Batch 20, Loss: 2.1588
[DTW] raw: pos=161.1  neg=1163.8  |  prob: pos_wins=0.994 (goal→1.0)  |  gap=-7.833  loss=2.1665
[LOSS] alignment_loss_type=d3tw_char_pool  d3tw_loss=2.1665  d3tw_cost_pos=161.1445  d3tw_cost_neg=1163.8223  total_loss=2.1719  char_pool_loss=0.0108  effective_char_pool_weight=0.5000  char_pool_acc_top1=0.9986  char_pool_acc_top5=1.0000  char_pool_valid_chars=2080  char_pool_num_chars=2080  window_size=16  stride=16  window_overlap_mode=no_overlap  num_windows=64  sequence_length=128
Epoch 18, Batch 21, Loss: 2.1719
Epoch 18, Batch 22, Loss: 2.0595
Epoch 18, Batch 23, Loss: 2.0375
Epoch 18, Batch 24, Loss: 2.0305
Epoch 18, Batch 25, Loss: 2.0516
Epoch 18, Batch 26, Loss: 2.0519
Epoch 18, Batch 27, Loss: 2.1396
Epoch 18, Batch 28, Loss: 2.0240
Epoch 18, Batch 29, Loss: 2.0066
Epoch 18, Batch 30, Loss: 1.9580
[DTW] raw: pos=162.7  neg=1175.4  |  prob: pos_wins=0.994 (goal→1.0)  |  gap=-7.911  loss=2.0894
[LOSS] alignment_loss_type=d3tw_char_pool  d3tw_loss=2.0894  d3tw_cost_pos=162.7101  d3tw_cost_neg=1175.3536  total_loss=2.0985  char_pool_loss=0.0182  effective_char_pool_weight=0.5000  char_pool_acc_top1=0.9976  char_pool_acc_top5=0.9995  char_pool_valid_chars=2080  char_pool_num_chars=2080  window_size=16  stride=16  window_overlap_mode=no_overlap  num_windows=64  sequence_length=128
Epoch 18, Batch 31, Loss: 2.0985
Epoch 18, Batch 32, Loss: 2.1457
Epoch 18, Batch 33, Loss: 1.9853
Epoch 18, Batch 34, Loss: 2.1460
Epoch 18, Batch 35, Loss: 2.0394
Epoch 18, Batch 36, Loss: 2.0881
Epoch 18, Batch 37, Loss: 1.9586
Epoch 18, Batch 38, Loss: 2.0772
Epoch 18, Batch 39, Loss: 2.0337
Epoch 18, Batch 40, Loss: 2.1326
[DTW] raw: pos=158.5  neg=1179.3  |  prob: pos_wins=0.995 (goal→1.0)  |  gap=-7.975  loss=2.0258
[LOSS] alignment_loss_type=d3tw_char_pool  d3tw_loss=2.0258  d3tw_cost_pos=158.5320  d3tw_cost_neg=1179.3252  total_loss=2.0416  char_pool_loss=0.0316  effective_char_pool_weight=0.5000  char_pool_acc_top1=0.9976  char_pool_acc_top5=0.9986  char_pool_valid_chars=2080  char_pool_num_chars=2080  window_size=16  stride=16  window_overlap_mode=no_overlap  num_windows=64  sequence_length=128
Epoch 18, Batch 41, Loss: 2.0416
Epoch 18, Batch 42, Loss: 1.9345
Epoch 18, Batch 43, Loss: 1.9518
Epoch 18, Batch 44, Loss: 2.0349
Epoch 18, Batch 45, Loss: 2.0744
Epoch 18, Batch 46, Loss: 2.0897
Epoch 18, Batch 47, Loss: 2.0842
Epoch 18, Batch 48, Loss: 2.0484
Epoch 18, Batch 49, Loss: 2.0540
Epoch 18, Batch 50, Loss: 2.0648
[DTW] raw: pos=162.6  neg=1175.4  |  prob: pos_wins=0.994 (goal→1.0)  |  gap=-7.913  loss=2.0874
[LOSS] alignment_loss_type=d3tw_char_pool  d3tw_loss=2.0874  d3tw_cost_pos=162.5896  d3tw_cost_neg=1175.4164  total_loss=2.0948  char_pool_loss=0.0148  effective_char_pool_weight=0.5000  char_pool_acc_top1=0.9976  char_pool_acc_top5=0.9995  char_pool_valid_chars=2080  char_pool_num_chars=2080  window_size=16  stride=16  window_overlap_mode=no_overlap  num_windows=64  sequence_length=128
Epoch 18, Batch 51, Loss: 2.0948
Epoch 18, Batch 52, Loss: 2.0825
Epoch 18, Batch 53, Loss: 2.0997
Epoch 18, Batch 54, Loss: 2.0424
Epoch 18, Batch 55, Loss: 2.0242
Epoch 18, Batch 56, Loss: 2.1409
Epoch 18, Batch 57, Loss: 2.0538
Epoch 18, Batch 58, Loss: 1.9965
Epoch 18, Batch 59, Loss: 2.0369
Epoch 18, Batch 60, Loss: 2.0959
[DTW] raw: pos=157.7  neg=1161.4  |  prob: pos_wins=0.994 (goal→1.0)  |  gap=-7.842  loss=2.1595
[LOSS] alignment_loss_type=d3tw_char_pool  d3tw_loss=2.1595  d3tw_cost_pos=157.6869  d3tw_cost_neg=1161.4058  total_loss=2.1760  char_pool_loss=0.0329  effective_char_pool_weight=0.5000  char_pool_acc_top1=0.9957  char_pool_acc_top5=0.9986  char_pool_valid_chars=2080  char_pool_num_chars=2080  window_size=16  stride=16  window_overlap_mode=no_overlap  num_windows=64  sequence_length=128
Epoch 18, Batch 61, Loss: 2.1760
Epoch 18, Batch 62, Loss: 2.0347
Epoch 18, Batch 63, Loss: 2.0714
Epoch 18, Batch 64, Loss: 2.0183
Epoch 18, Batch 65, Loss: 1.9508
Epoch 18, Batch 66, Loss: 1.9844
Epoch 18, Batch 67, Loss: 2.0733
Epoch 18, Batch 68, Loss: 2.0404
Epoch 18, Batch 69, Loss: 1.9945
Epoch 18, Batch 70, Loss: 2.0757
[DTW] raw: pos=163.7  neg=1180.0  |  prob: pos_wins=0.994 (goal→1.0)  |  gap=-7.940  loss=2.0610
[LOSS] alignment_loss_type=d3tw_char_pool  d3tw_loss=2.0610  d3tw_cost_pos=163.6653  d3tw_cost_neg=1180.0278  total_loss=2.0754  char_pool_loss=0.0289  effective_char_pool_weight=0.5000  char_pool_acc_top1=0.9966  char_pool_acc_top5=0.9990  char_pool_valid_chars=2080  char_pool_num_chars=2080  window_size=16  stride=16  window_overlap_mode=no_overlap  num_windows=64  sequence_length=128
Epoch 18, Batch 71, Loss: 2.0754
Epoch 18, Batch 72, Loss: 2.1415
Epoch 18, Batch 73, Loss: 1.9790
Epoch 18, Batch 74, Loss: 2.1644
Epoch 18, Batch 75, Loss: 2.1441
Epoch 18, Batch 76, Loss: 2.1745
Epoch 18, Batch 77, Loss: 2.1790
Epoch 18, Batch 78, Loss: 2.0018
Epoch 18, Batch 79, Loss: 2.1099
Epoch 18, Batch 80, Loss: 1.9834
[DTW] raw: pos=160.4  neg=1191.9  |  prob: pos_wins=0.995 (goal→1.0)  |  gap=-8.059  loss=1.9412
[LOSS] alignment_loss_type=d3tw_char_pool  d3tw_loss=1.9412  d3tw_cost_pos=160.3661  d3tw_cost_neg=1191.9370  total_loss=1.9528  char_pool_loss=0.0232  effective_char_pool_weight=0.5000  char_pool_acc_top1=0.9971  char_pool_acc_top5=1.0000  char_pool_valid_chars=2080  char_pool_num_chars=2080  window_size=16  stride=16  window_overlap_mode=no_overlap  num_windows=64  sequence_length=128
Epoch 18, Batch 81, Loss: 1.9528
Epoch 18, Batch 82, Loss: 2.0441
Epoch 18, Batch 83, Loss: 2.1897
Epoch 18, Batch 84, Loss: 2.0404
Epoch 18, Batch 85, Loss: 1.9203
Epoch 18, Batch 86, Loss: 2.0167
Epoch 18, Batch 87, Loss: 2.0172
Epoch 18, Batch 88, Loss: 2.0423
Epoch 18, Batch 89, Loss: 2.1020
Epoch 18, Batch 90, Loss: 2.0783
[DTW] raw: pos=159.3  neg=1192.9  |  prob: pos_wins=0.995 (goal→1.0)  |  gap=-8.075  loss=1.9251
[LOSS] alignment_loss_type=d3tw_char_pool  d3tw_loss=1.9251  d3tw_cost_pos=159.2976  d3tw_cost_neg=1192.8770  total_loss=1.9337  char_pool_loss=0.0173  effective_char_pool_weight=0.5000  char_pool_acc_top1=0.9966  char_pool_acc_top5=0.9995  char_pool_valid_chars=2080  char_pool_num_chars=2080  window_size=16  stride=16  window_overlap_mode=no_overlap  num_windows=64  sequence_length=128
Epoch 18, Batch 91, Loss: 1.9337
Epoch 18, Batch 92, Loss: 2.0755
Epoch 18, Batch 93, Loss: 2.1591
Epoch 18, Batch 94, Loss: 2.1103
Epoch 18, Batch 95, Loss: 2.0047
Epoch 18, Batch 96, Loss: 2.0654
Epoch 18, Batch 97, Loss: 1.8724
Epoch 18, Batch 98, Loss: 2.1328
Epoch 18, Batch 99, Loss: 2.0906
Epoch 18, Batch 100, Loss: 2.0913
[DTW] raw: pos=158.4  neg=1194.6  |  prob: pos_wins=0.995 (goal→1.0)  |  gap=-8.095  loss=1.9052
[LOSS] alignment_loss_type=d3tw_char_pool  d3tw_loss=1.9052  d3tw_cost_pos=158.3887  d3tw_cost_neg=1194.5972  total_loss=1.9054  char_pool_loss=0.0004  effective_char_pool_weight=0.5000  char_pool_acc_top1=1.0000  char_pool_acc_top5=1.0000  char_pool_valid_chars=2080  char_pool_num_chars=2080  window_size=16  stride=16  window_overlap_mode=no_overlap  num_windows=64  sequence_length=128
Epoch 18, Batch 101, Loss: 1.9054
Epoch 18, Batch 102, Loss: 2.0335
Epoch 18, Batch 103, Loss: 2.0246
Epoch 18, Batch 104, Loss: 2.0466
Epoch 18, Batch 105, Loss: 2.0740
Epoch 18, Batch 106, Loss: 2.1041
Epoch 18, Batch 107, Loss: 2.2740
Epoch 18, Batch 108, Loss: 2.1047
Epoch 18, Batch 109, Loss: 2.0594
Epoch 18, Batch 110, Loss: 2.0833
[DTW] raw: pos=162.3  neg=1163.9  |  prob: pos_wins=0.994 (goal→1.0)  |  gap=-7.825  loss=2.1745
[LOSS] alignment_loss_type=d3tw_char_pool  d3tw_loss=2.1745  d3tw_cost_pos=162.2990  d3tw_cost_neg=1163.9465  total_loss=2.1780  char_pool_loss=0.0069  effective_char_pool_weight=0.5000  char_pool_acc_top1=0.9990  char_pool_acc_top5=0.9995  char_pool_valid_chars=2080  char_pool_num_chars=2080  window_size=16  stride=16  window_overlap_mode=no_overlap  num_windows=64  sequence_length=128
Epoch 18, Batch 111, Loss: 2.1780
Epoch 18, Batch 112, Loss: 1.9720
Epoch 18, Batch 113, Loss: 2.0280
Epoch 18, Batch 114, Loss: 2.0996
Epoch 18, Batch 115, Loss: 2.0801
Epoch 18, Batch 116, Loss: 2.0724
Epoch 18, Batch 117, Loss: 1.9740
Epoch 18, Batch 118, Loss: 2.1644
Epoch 18, Batch 119, Loss: 1.9527
Epoch 18, Batch 120, Loss: 2.1073
[DTW] raw: pos=156.3  neg=1169.5  |  prob: pos_wins=0.993 (goal→1.0)  |  gap=-7.915  loss=2.0845
[LOSS] alignment_loss_type=d3tw_char_pool  d3tw_loss=2.0845  d3tw_cost_pos=156.3419  d3tw_cost_neg=1169.5175  total_loss=2.0908  char_pool_loss=0.0126  effective_char_pool_weight=0.5000  char_pool_acc_top1=0.9971  char_pool_acc_top5=1.0000  char_pool_valid_chars=2080  char_pool_num_chars=2080  window_size=16  stride=16  window_overlap_mode=no_overlap  num_windows=64  sequence_length=128
Epoch 18, Batch 121, Loss: 2.0908
Epoch 18, Batch 122, Loss: 1.9500
Epoch 18, Batch 123, Loss: 1.9985
Epoch 18, Batch 124, Loss: 2.1563
Epoch 18, Batch 125, Loss: 2.0346
Epoch 18, Batch 126, Loss: 2.0359
Epoch 18, Batch 127, Loss: 2.0670
Epoch 18, Batch 128, Loss: 2.0301
Epoch 18, Batch 129, Loss: 2.0661
Epoch 18, Batch 130, Loss: 1.9694
[DTW] raw: pos=167.9  neg=1168.3  |  prob: pos_wins=0.994 (goal→1.0)  |  gap=-7.815  loss=2.1864
[LOSS] alignment_loss_type=d3tw_char_pool  d3tw_loss=2.1864  d3tw_cost_pos=167.9187  d3tw_cost_neg=1168.2981  total_loss=2.1972  char_pool_loss=0.0216  effective_char_pool_weight=0.5000  char_pool_acc_top1=0.9971  char_pool_acc_top5=0.9990  char_pool_valid_chars=2080  char_pool_num_chars=2080  window_size=16  stride=16  window_overlap_mode=no_overlap  num_windows=64  sequence_length=128
Epoch 18, Batch 131, Loss: 2.1972
Epoch 18, Batch 132, Loss: 1.9978
Epoch 18, Batch 133, Loss: 2.0477
Epoch 18, Batch 134, Loss: 1.9544
Epoch 18, Batch 135, Loss: 2.0872
Epoch 18, Batch 136, Loss: 2.1448
Epoch 18, Batch 137, Loss: 2.1503
Epoch 18, Batch 138, Loss: 2.1280
Epoch 18, Batch 139, Loss: 2.0681
Epoch 18, Batch 140, Loss: 2.1348
[DTW] raw: pos=163.1  neg=1181.7  |  prob: pos_wins=0.994 (goal→1.0)  |  gap=-7.958  loss=2.0447
[LOSS] alignment_loss_type=d3tw_char_pool  d3tw_loss=2.0447  d3tw_cost_pos=163.0655  d3tw_cost_neg=1181.6501  total_loss=2.0765  char_pool_loss=0.0637  effective_char_pool_weight=0.5000  char_pool_acc_top1=0.9942  char_pool_acc_top5=0.9971  char_pool_valid_chars=2080  char_pool_num_chars=2080  window_size=16  stride=16  window_overlap_mode=no_overlap  num_windows=64  sequence_length=128
Epoch 18, Batch 141, Loss: 2.0765
Epoch 18, Batch 142, Loss: 2.1399
Epoch 18, Batch 143, Loss: 2.1558
Epoch 18, Batch 144, Loss: 2.0410
Epoch 18, Batch 145, Loss: 2.0293
Epoch 18, Batch 146, Loss: 2.1039
Epoch 18, Batch 147, Loss: 2.0216
Epoch 18, Batch 148, Loss: 2.0533
Epoch 18, Batch 149, Loss: 2.1128
Epoch 18, Batch 150, Loss: 2.0474
[DTW] raw: pos=163.1  neg=1174.4  |  prob: pos_wins=0.993 (goal→1.0)  |  gap=-7.901  loss=2.0996
[LOSS] alignment_loss_type=d3tw_char_pool  d3tw_loss=2.0996  d3tw_cost_pos=163.1443  d3tw_cost_neg=1174.4358  total_loss=2.1077  char_pool_loss=0.0162  effective_char_pool_weight=0.5000  char_pool_acc_top1=0.9981  char_pool_acc_top5=0.9995  char_pool_valid_chars=2080  char_pool_num_chars=2080  window_size=16  stride=16  window_overlap_mode=no_overlap  num_windows=64  sequence_length=128
Epoch 18, Batch 151, Loss: 2.1077
Epoch 18, Batch 152, Loss: 2.0437
Epoch 18, Batch 153, Loss: 2.0329
Epoch 18, Batch 154, Loss: 2.0433
Epoch 18, Batch 155, Loss: 2.0595
Epoch 18, Batch 156, Loss: 1.9869
Epoch 18, Batch 157, Loss: 2.0481
Epoch 18, Batch 158, Loss: 1.9946
Epoch 18, Batch 159, Loss: 1.9025
Epoch 18, Batch 160, Loss: 2.0918
[DTW] raw: pos=166.9  neg=1176.3  |  prob: pos_wins=0.994 (goal→1.0)  |  gap=-7.886  loss=2.1147
[LOSS] alignment_loss_type=d3tw_char_pool  d3tw_loss=2.1147  d3tw_cost_pos=166.8994  d3tw_cost_neg=1176.2551  total_loss=2.1280  char_pool_loss=0.0266  effective_char_pool_weight=0.5000  char_pool_acc_top1=0.9966  char_pool_acc_top5=0.9986  char_pool_valid_chars=2080  char_pool_num_chars=2080  window_size=16  stride=16  window_overlap_mode=no_overlap  num_windows=64  sequence_length=128
Epoch 18, Batch 161, Loss: 2.1280
Epoch 18, Batch 162, Loss: 1.9435
Epoch 18, Batch 163, Loss: 2.0306
Epoch 18, Batch 164, Loss: 2.0248
Epoch 18, Batch 165, Loss: 2.0563
Epoch 18, Batch 166, Loss: 1.9701
Epoch 18, Batch 167, Loss: 2.1420
Epoch 18, Batch 168, Loss: 2.1552
Epoch 18, Batch 169, Loss: 2.0911
Epoch 18, Batch 170, Loss: 2.1803
[DTW] raw: pos=159.9  neg=1184.5  |  prob: pos_wins=0.995 (goal→1.0)  |  gap=-8.004  loss=1.9960
[LOSS] alignment_loss_type=d3tw_char_pool  d3tw_loss=1.9960  d3tw_cost_pos=159.9165  d3tw_cost_neg=1184.4556  total_loss=2.0000  char_pool_loss=0.0080  effective_char_pool_weight=0.5000  char_pool_acc_top1=0.9986  char_pool_acc_top5=1.0000  char_pool_valid_chars=2080  char_pool_num_chars=2080  window_size=16  stride=16  window_overlap_mode=no_overlap  num_windows=64  sequence_length=128
Epoch 18, Batch 171, Loss: 2.0000
Epoch 18, Batch 172, Loss: 1.9762
Epoch 18, Batch 173, Loss: 2.1251
Epoch 18, Batch 174, Loss: 2.0665
Epoch 18, Batch 175, Loss: 1.9766
Epoch 18, Batch 176, Loss: 2.0721
Epoch 18, Batch 177, Loss: 2.0437
Epoch 18, Batch 178, Loss: 2.0361
Epoch 18, Batch 179, Loss: 1.9457
Epoch 18, Batch 180, Loss: 2.1631
[DTW] raw: pos=159.4  neg=1178.4  |  prob: pos_wins=0.993 (goal→1.0)  |  gap=-7.961  loss=2.0396
[LOSS] alignment_loss_type=d3tw_char_pool  d3tw_loss=2.0396  d3tw_cost_pos=159.3636  d3tw_cost_neg=1178.3513  total_loss=2.0436  char_pool_loss=0.0081  effective_char_pool_weight=0.5000  char_pool_acc_top1=0.9990  char_pool_acc_top5=0.9995  char_pool_valid_chars=2080  char_pool_num_chars=2080  window_size=16  stride=16  window_overlap_mode=no_overlap  num_windows=64  sequence_length=128
Epoch 18, Batch 181, Loss: 2.0436
Epoch 18, Batch 182, Loss: 1.9902
Epoch 18, Batch 183, Loss: 2.1046
Epoch 18, Batch 184, Loss: 2.0808
Epoch 18, Batch 185, Loss: 2.1405
Epoch 18, Batch 186, Loss: 2.1864
Epoch 18, Batch 187, Loss: 2.0338
Epoch 18, Batch 188, Loss: 2.0790
Epoch 18 - Train Loss: 2.0614
[DTW] raw: pos=159.7  neg=1177.0  |  prob: pos_wins=0.994 (goal→1.0)  |  gap=-7.947  loss=2.0538
[LOSS] alignment_loss_type=d3tw_char_pool  d3tw_loss=2.0538  d3tw_cost_pos=159.7372  d3tw_cost_neg=1176.9604  total_loss=2.0691  char_pool_loss=0.0306  effective_char_pool_weight=0.5000  char_pool_acc_top1=0.9966  char_pool_acc_top5=0.9986  char_pool_valid_chars=2080  char_pool_num_chars=2080  window_size=16  stride=16  window_overlap_mode=no_overlap  num_windows=64  sequence_length=128
[DTW] raw: pos=161.7  neg=1189.3  |  prob: pos_wins=0.995 (goal→1.0)  |  gap=-8.028  loss=1.9717
[LOSS] alignment_loss_type=d3tw_char_pool  d3tw_loss=1.9717  d3tw_cost_pos=161.6636  d3tw_cost_neg=1189.2676  total_loss=1.9834  char_pool_loss=0.0234  effective_char_pool_weight=0.5000  char_pool_acc_top1=0.9981  char_pool_acc_top5=0.9986  char_pool_valid_chars=2080  char_pool_num_chars=2080  window_size=16  stride=16  window_overlap_mode=no_overlap  num_windows=64  sequence_length=128
[DTW] raw: pos=162.4  neg=1181.9  |  prob: pos_wins=0.994 (goal→1.0)  |  gap=-7.965  loss=2.0377
[LOSS] alignment_loss_type=d3tw_char_pool  d3tw_loss=2.0377  d3tw_cost_pos=162.3578  d3tw_cost_neg=1181.8522  total_loss=2.0477  char_pool_loss=0.0199  effective_char_pool_weight=0.5000  char_pool_acc_top1=0.9971  char_pool_acc_top5=0.9995  char_pool_valid_chars=2080  char_pool_num_chars=2080  window_size=16  stride=16  window_overlap_mode=no_overlap  num_windows=64  sequence_length=128
[DTW] raw: pos=159.2  neg=1189.7  |  prob: pos_wins=0.995 (goal→1.0)  |  gap=-8.050  loss=1.9500
[LOSS] alignment_loss_type=d3tw_char_pool  d3tw_loss=1.9500  d3tw_cost_pos=159.2396  d3tw_cost_neg=1189.7034  total_loss=1.9620  char_pool_loss=0.0240  effective_char_pool_weight=0.5000  char_pool_acc_top1=0.9952  char_pool_acc_top5=0.9990  char_pool_valid_chars=2080  char_pool_num_chars=2080  window_size=16  stride=16  window_overlap_mode=no_overlap  num_windows=64  sequence_length=128
[DTW] raw: pos=158.5  neg=1201.8  |  prob: pos_wins=0.996 (goal→1.0)  |  gap=-8.150  loss=1.8495
[LOSS] alignment_loss_type=d3tw_char_pool  d3tw_loss=1.8495  d3tw_cost_pos=158.5330  d3tw_cost_neg=1201.7820  total_loss=1.8660  char_pool_loss=0.0329  effective_char_pool_weight=0.5000  char_pool_acc_top1=0.9966  char_pool_acc_top5=0.9986  char_pool_valid_chars=2080  char_pool_num_chars=2080  window_size=16  stride=16  window_overlap_mode=no_overlap  num_windows=64  sequence_length=128
[DTW] raw: pos=161.2  neg=1170.6  |  prob: pos_wins=0.994 (goal→1.0)  |  gap=-7.886  loss=2.1139
[LOSS] alignment_loss_type=d3tw_char_pool  d3tw_loss=2.1139  d3tw_cost_pos=161.1945  d3tw_cost_neg=1170.6088  total_loss=2.1259  char_pool_loss=0.0241  effective_char_pool_weight=0.5000  char_pool_acc_top1=0.9966  char_pool_acc_top5=1.0000  char_pool_valid_chars=2080  char_pool_num_chars=2080  window_size=16  stride=16  window_overlap_mode=no_overlap  num_windows=64  sequence_length=128
[DTW] raw: pos=157.7  neg=1187.3  |  prob: pos_wins=0.995 (goal→1.0)  |  gap=-8.044  loss=1.9559
[LOSS] alignment_loss_type=d3tw_char_pool  d3tw_loss=1.9559  d3tw_cost_pos=157.7139  d3tw_cost_neg=1187.3423  total_loss=1.9672  char_pool_loss=0.0225  effective_char_pool_weight=0.5000  char_pool_acc_top1=0.9971  char_pool_acc_top5=0.9995  char_pool_valid_chars=2080  char_pool_num_chars=2080  window_size=16  stride=16  window_overlap_mode=no_overlap  num_windows=64  sequence_length=128
Epoch 18 - Validation Loss: 2.0102
Epoch 18 completed in 13m 50.70s
Epoch 18 - Peak GPU memory: 2267.0 MB
============================================================
Epoch 19 - Soft-DTW gamma: 0.100000
[DTW] raw: pos=154.7  neg=1183.8  |  prob: pos_wins=0.995 (goal→1.0)  |  gap=-8.040  loss=1.9616
[LOSS] alignment_loss_type=d3tw_char_pool  d3tw_loss=1.9616  d3tw_cost_pos=154.6902  d3tw_cost_neg=1183.7966  total_loss=1.9666  char_pool_loss=0.0099  effective_char_pool_weight=0.5000  char_pool_acc_top1=0.9986  char_pool_acc_top5=1.0000  char_pool_valid_chars=2080  char_pool_num_chars=2080  window_size=16  stride=16  window_overlap_mode=no_overlap  num_windows=64  sequence_length=128
Epoch 19, Batch 1, Loss: 1.9666
Epoch 19, Batch 2, Loss: 2.0421
Epoch 19, Batch 3, Loss: 1.9844
Epoch 19, Batch 4, Loss: 2.0687
Epoch 19, Batch 5, Loss: 1.9477
Epoch 19, Batch 6, Loss: 2.1262
Epoch 19, Batch 7, Loss: 2.0413
Epoch 19, Batch 8, Loss: 2.1233
Epoch 19, Batch 9, Loss: 2.0478
Epoch 19, Batch 10, Loss: 1.9379
[DTW] raw: pos=158.6  neg=1164.2  |  prob: pos_wins=0.993 (goal→1.0)  |  gap=-7.856  loss=2.1444
[LOSS] alignment_loss_type=d3tw_char_pool  d3tw_loss=2.1444  d3tw_cost_pos=158.6406  d3tw_cost_neg=1164.1531  total_loss=2.1505  char_pool_loss=0.0122  effective_char_pool_weight=0.5000  char_pool_acc_top1=0.9986  char_pool_acc_top5=0.9995  char_pool_valid_chars=2080  char_pool_num_chars=2080  window_size=16  stride=16  window_overlap_mode=no_overlap  num_windows=64  sequence_length=128
Epoch 19, Batch 11, Loss: 2.1505
Epoch 19, Batch 12, Loss: 2.0210
Epoch 19, Batch 13, Loss: 2.0699
Epoch 19, Batch 14, Loss: 2.0374
Epoch 19, Batch 15, Loss: 2.0760
Epoch 19, Batch 16, Loss: 1.9876
Epoch 19, Batch 17, Loss: 2.0450
Epoch 19, Batch 18, Loss: 1.9190
Epoch 19, Batch 19, Loss: 2.0663
Epoch 19, Batch 20, Loss: 2.1133
[DTW] raw: pos=161.1  neg=1188.9  |  prob: pos_wins=0.994 (goal→1.0)  |  gap=-8.030  loss=1.9716
[LOSS] alignment_loss_type=d3tw_char_pool  d3tw_loss=1.9716  d3tw_cost_pos=161.1151  d3tw_cost_neg=1188.9056  total_loss=1.9743  char_pool_loss=0.0053  effective_char_pool_weight=0.5000  char_pool_acc_top1=0.9986  char_pool_acc_top5=1.0000  char_pool_valid_chars=2080  char_pool_num_chars=2080  window_size=16  stride=16  window_overlap_mode=no_overlap  num_windows=64  sequence_length=128
Epoch 19, Batch 21, Loss: 1.9743
Epoch 19, Batch 22, Loss: 1.9977
Epoch 19, Batch 23, Loss: 1.9980
Epoch 19, Batch 24, Loss: 2.0291
Epoch 19, Batch 25, Loss: 2.0470
Epoch 19, Batch 26, Loss: 1.9331
Epoch 19, Batch 27, Loss: 1.9562
Epoch 19, Batch 28, Loss: 2.0891
Epoch 19, Batch 29, Loss: 1.9943
Epoch 19, Batch 30, Loss: 2.0546
[DTW] raw: pos=160.7  neg=1171.0  |  prob: pos_wins=0.994 (goal→1.0)  |  gap=-7.893  loss=2.1069
[LOSS] alignment_loss_type=d3tw_char_pool  d3tw_loss=2.1069  d3tw_cost_pos=160.7123  d3tw_cost_neg=1171.0405  total_loss=2.1225  char_pool_loss=0.0312  effective_char_pool_weight=0.5000  char_pool_acc_top1=0.9957  char_pool_acc_top5=0.9990  char_pool_valid_chars=2080  char_pool_num_chars=2080  window_size=16  stride=16  window_overlap_mode=no_overlap  num_windows=64  sequence_length=128
Epoch 19, Batch 31, Loss: 2.1225
Epoch 19, Batch 32, Loss: 2.1036
Epoch 19, Batch 33, Loss: 1.9617
Epoch 19, Batch 34, Loss: 2.1285
Epoch 19, Batch 35, Loss: 2.1094
Epoch 19, Batch 36, Loss: 2.0673
Epoch 19, Batch 37, Loss: 1.9768
Epoch 19, Batch 38, Loss: 2.0226
Epoch 19, Batch 39, Loss: 2.1463
Epoch 19, Batch 40, Loss: 1.9855
[DTW] raw: pos=160.0  neg=1186.8  |  prob: pos_wins=0.995 (goal→1.0)  |  gap=-8.022  loss=1.9782
[LOSS] alignment_loss_type=d3tw_char_pool  d3tw_loss=1.9782  d3tw_cost_pos=160.0118  d3tw_cost_neg=1186.8170  total_loss=1.9917  char_pool_loss=0.0270  effective_char_pool_weight=0.5000  char_pool_acc_top1=0.9981  char_pool_acc_top5=0.9981  char_pool_valid_chars=2080  char_pool_num_chars=2080  window_size=16  stride=16  window_overlap_mode=no_overlap  num_windows=64  sequence_length=128
Epoch 19, Batch 41, Loss: 1.9917
Epoch 19, Batch 42, Loss: 1.9860
Epoch 19, Batch 43, Loss: 2.0844
Epoch 19, Batch 44, Loss: 2.0054
Epoch 19, Batch 45, Loss: 1.9964
Epoch 19, Batch 46, Loss: 2.1190
Epoch 19, Batch 47, Loss: 1.9851
Epoch 19, Batch 48, Loss: 2.0740
Epoch 19, Batch 49, Loss: 1.9882
Epoch 19, Batch 50, Loss: 2.0855
[DTW] raw: pos=161.6  neg=1175.5  |  prob: pos_wins=0.994 (goal→1.0)  |  gap=-7.921  loss=2.0799
[LOSS] alignment_loss_type=d3tw_char_pool  d3tw_loss=2.0799  d3tw_cost_pos=161.5857  d3tw_cost_neg=1175.4800  total_loss=2.0866  char_pool_loss=0.0135  effective_char_pool_weight=0.5000  char_pool_acc_top1=0.9976  char_pool_acc_top5=0.9995  char_pool_valid_chars=2080  char_pool_num_chars=2080  window_size=16  stride=16  window_overlap_mode=no_overlap  num_windows=64  sequence_length=128
Epoch 19, Batch 51, Loss: 2.0866
Epoch 19, Batch 52, Loss: 2.0877
Epoch 19, Batch 53, Loss: 2.0613
Epoch 19, Batch 54, Loss: 1.9162
Epoch 19, Batch 55, Loss: 2.0138
Epoch 19, Batch 56, Loss: 2.0011
Epoch 19, Batch 57, Loss: 2.0541
Epoch 19, Batch 58, Loss: 2.0639
Epoch 19, Batch 59, Loss: 2.0659
Epoch 19, Batch 60, Loss: 2.0254
[DTW] raw: pos=157.0  neg=1184.1  |  prob: pos_wins=0.995 (goal→1.0)  |  gap=-8.025  loss=1.9789
[LOSS] alignment_loss_type=d3tw_char_pool  d3tw_loss=1.9789  d3tw_cost_pos=157.0011  d3tw_cost_neg=1184.1405  total_loss=1.9856  char_pool_loss=0.0135  effective_char_pool_weight=0.5000  char_pool_acc_top1=0.9976  char_pool_acc_top5=0.9995  char_pool_valid_chars=2080  char_pool_num_chars=2080  window_size=16  stride=16  window_overlap_mode=no_overlap  num_windows=64  sequence_length=128
Epoch 19, Batch 61, Loss: 1.9856
Epoch 19, Batch 62, Loss: 2.0597
Epoch 19, Batch 63, Loss: 1.9554
Epoch 19, Batch 64, Loss: 2.0939
Epoch 19, Batch 65, Loss: 2.0328
Epoch 19, Batch 66, Loss: 2.0476
Epoch 19, Batch 67, Loss: 2.0291
Epoch 19, Batch 68, Loss: 2.1203
Epoch 19, Batch 69, Loss: 2.0968
Epoch 19, Batch 70, Loss: 2.0948
[DTW] raw: pos=160.6  neg=1173.2  |  prob: pos_wins=0.995 (goal→1.0)  |  gap=-7.911  loss=2.0886
[LOSS] alignment_loss_type=d3tw_char_pool  d3tw_loss=2.0886  d3tw_cost_pos=160.5622  d3tw_cost_neg=1173.2087  total_loss=2.1030  char_pool_loss=0.0287  effective_char_pool_weight=0.5000  char_pool_acc_top1=0.9971  char_pool_acc_top5=0.9981  char_pool_valid_chars=2080  char_pool_num_chars=2080  window_size=16  stride=16  window_overlap_mode=no_overlap  num_windows=64  sequence_length=128
Epoch 19, Batch 71, Loss: 2.1030
Epoch 19, Batch 72, Loss: 2.0005
Epoch 19, Batch 73, Loss: 1.9518
Epoch 19, Batch 74, Loss: 2.0252
Epoch 19, Batch 75, Loss: 2.0591
Epoch 19, Batch 76, Loss: 1.9856
Epoch 19, Batch 77, Loss: 1.9683
Epoch 19, Batch 78, Loss: 2.0022
Epoch 19, Batch 79, Loss: 2.0700
Epoch 19, Batch 80, Loss: 2.1128
[DTW] raw: pos=164.2  neg=1166.9  |  prob: pos_wins=0.994 (goal→1.0)  |  gap=-7.834  loss=2.1678
[LOSS] alignment_loss_type=d3tw_char_pool  d3tw_loss=2.1678  d3tw_cost_pos=164.1626  d3tw_cost_neg=1166.8582  total_loss=2.1782  char_pool_loss=0.0208  effective_char_pool_weight=0.5000  char_pool_acc_top1=0.9962  char_pool_acc_top5=0.9995  char_pool_valid_chars=2080  char_pool_num_chars=2080  window_size=16  stride=16  window_overlap_mode=no_overlap  num_windows=64  sequence_length=128
Epoch 19, Batch 81, Loss: 2.1782
Epoch 19, Batch 82, Loss: 1.9685
Epoch 19, Batch 83, Loss: 2.0166
Epoch 19, Batch 84, Loss: 2.0349
Epoch 19, Batch 85, Loss: 2.1557
Epoch 19, Batch 86, Loss: 2.0504
Epoch 19, Batch 87, Loss: 1.9927
Epoch 19, Batch 88, Loss: 2.0646
Epoch 19, Batch 89, Loss: 2.0470
Epoch 19, Batch 90, Loss: 2.0782
[DTW] raw: pos=159.0  neg=1175.6  |  prob: pos_wins=0.995 (goal→1.0)  |  gap=-7.942  loss=2.0578
[LOSS] alignment_loss_type=d3tw_char_pool  d3tw_loss=2.0578  d3tw_cost_pos=159.0238  d3tw_cost_neg=1175.6146  total_loss=2.0615  char_pool_loss=0.0074  effective_char_pool_weight=0.5000  char_pool_acc_top1=0.9981  char_pool_acc_top5=1.0000  char_pool_valid_chars=2080  char_pool_num_chars=2080  window_size=16  stride=16  window_overlap_mode=no_overlap  num_windows=64  sequence_length=128
Epoch 19, Batch 91, Loss: 2.0615
Epoch 19, Batch 92, Loss: 2.1171
Epoch 19, Batch 93, Loss: 2.0744
Epoch 19, Batch 94, Loss: 1.9495
Epoch 19, Batch 95, Loss: 2.0811
Epoch 19, Batch 96, Loss: 2.0970
Epoch 19, Batch 97, Loss: 2.0668
Epoch 19, Batch 98, Loss: 2.0080
Epoch 19, Batch 99, Loss: 2.1081
Epoch 19, Batch 100, Loss: 1.9959
[DTW] raw: pos=157.1  neg=1179.3  |  prob: pos_wins=0.994 (goal→1.0)  |  gap=-7.986  loss=2.0169
[LOSS] alignment_loss_type=d3tw_char_pool  d3tw_loss=2.0169  d3tw_cost_pos=157.0723  d3tw_cost_neg=1179.2561  total_loss=2.0331  char_pool_loss=0.0324  effective_char_pool_weight=0.5000  char_pool_acc_top1=0.9966  char_pool_acc_top5=0.9981  char_pool_valid_chars=2080  char_pool_num_chars=2080  window_size=16  stride=16  window_overlap_mode=no_overlap  num_windows=64  sequence_length=128
Epoch 19, Batch 101, Loss: 2.0331
Epoch 19, Batch 102, Loss: 2.0595
Epoch 19, Batch 103, Loss: 1.9446
Epoch 19, Batch 104, Loss: 2.0197
Epoch 19, Batch 105, Loss: 2.0511
Epoch 19, Batch 106, Loss: 2.1143
Epoch 19, Batch 107, Loss: 2.0581
Epoch 19, Batch 108, Loss: 2.1530
Epoch 19, Batch 109, Loss: 1.9782
Epoch 19, Batch 110, Loss: 1.9990
[DTW] raw: pos=159.3  neg=1181.4  |  prob: pos_wins=0.995 (goal→1.0)  |  gap=-7.985  loss=2.0169
[LOSS] alignment_loss_type=d3tw_char_pool  d3tw_loss=2.0169  d3tw_cost_pos=159.2610  d3tw_cost_neg=1181.3915  total_loss=2.0269  char_pool_loss=0.0200  effective_char_pool_weight=0.5000  char_pool_acc_top1=0.9971  char_pool_acc_top5=0.9990  char_pool_valid_chars=2080  char_pool_num_chars=2080  window_size=16  stride=16  window_overlap_mode=no_overlap  num_windows=64  sequence_length=128
Epoch 19, Batch 111, Loss: 2.0269
Epoch 19, Batch 112, Loss: 2.0995
Epoch 19, Batch 113, Loss: 2.1438
Epoch 19, Batch 114, Loss: 2.0105
Epoch 19, Batch 115, Loss: 1.9859
Epoch 19, Batch 116, Loss: 2.0407
Epoch 19, Batch 117, Loss: 2.1992
Epoch 19, Batch 118, Loss: 2.0687
Epoch 19, Batch 119, Loss: 2.0880
Epoch 19, Batch 120, Loss: 1.9980
[DTW] raw: pos=165.5  neg=1173.2  |  prob: pos_wins=0.994 (goal→1.0)  |  gap=-7.873  loss=2.1269
[LOSS] alignment_loss_type=d3tw_char_pool  d3tw_loss=2.1269  d3tw_cost_pos=165.4599  d3tw_cost_neg=1173.2336  total_loss=2.1309  char_pool_loss=0.0079  effective_char_pool_weight=0.5000  char_pool_acc_top1=0.9976  char_pool_acc_top5=1.0000  char_pool_valid_chars=2080  char_pool_num_chars=2080  window_size=16  stride=16  window_overlap_mode=no_overlap  num_windows=64  sequence_length=128
Epoch 19, Batch 121, Loss: 2.1309
Epoch 19, Batch 122, Loss: 2.1307
Epoch 19, Batch 123, Loss: 2.0905
Epoch 19, Batch 124, Loss: 2.1213
Epoch 19, Batch 125, Loss: 2.0688
Epoch 19, Batch 126, Loss: 1.9642
Epoch 19, Batch 127, Loss: 2.0901
Epoch 19, Batch 128, Loss: 2.0130
Epoch 19, Batch 129, Loss: 2.0688
Epoch 19, Batch 130, Loss: 2.0764
[DTW] raw: pos=161.5  neg=1174.7  |  prob: pos_wins=0.995 (goal→1.0)  |  gap=-7.916  loss=2.0843
[LOSS] alignment_loss_type=d3tw_char_pool  d3tw_loss=2.0843  d3tw_cost_pos=161.5372  d3tw_cost_neg=1174.7374  total_loss=2.0950  char_pool_loss=0.0214  effective_char_pool_weight=0.5000  char_pool_acc_top1=0.9971  char_pool_acc_top5=0.9995  char_pool_valid_chars=2080  char_pool_num_chars=2080  window_size=16  stride=16  window_overlap_mode=no_overlap  num_windows=64  sequence_length=128
Epoch 19, Batch 131, Loss: 2.0950
Epoch 19, Batch 132, Loss: 2.0717
Epoch 19, Batch 133, Loss: 2.1485
Epoch 19, Batch 134, Loss: 2.0388
Epoch 19, Batch 135, Loss: 2.0562
Epoch 19, Batch 136, Loss: 2.0207
Epoch 19, Batch 137, Loss: 2.0284
Epoch 19, Batch 138, Loss: 2.0633
Epoch 19, Batch 139, Loss: 2.0618
Epoch 19, Batch 140, Loss: 2.0738
[DTW] raw: pos=164.1  neg=1179.2  |  prob: pos_wins=0.994 (goal→1.0)  |  gap=-7.931  loss=2.0696
[LOSS] alignment_loss_type=d3tw_char_pool  d3tw_loss=2.0696  d3tw_cost_pos=164.0752  d3tw_cost_neg=1179.2406  total_loss=2.0753  char_pool_loss=0.0114  effective_char_pool_weight=0.5000  char_pool_acc_top1=0.9981  char_pool_acc_top5=0.9995  char_pool_valid_chars=2080  char_pool_num_chars=2080  window_size=16  stride=16  window_overlap_mode=no_overlap  num_windows=64  sequence_length=128
Epoch 19, Batch 141, Loss: 2.0753
Epoch 19, Batch 142, Loss: 2.0148
Epoch 19, Batch 143, Loss: 1.9217
Epoch 19, Batch 144, Loss: 2.2158
Epoch 19, Batch 145, Loss: 2.2085
Epoch 19, Batch 146, Loss: 2.0722
Epoch 19, Batch 147, Loss: 1.9272
Epoch 19, Batch 148, Loss: 2.0054
Epoch 19, Batch 149, Loss: 1.9783
Epoch 19, Batch 150, Loss: 2.0477
[DTW] raw: pos=163.1  neg=1173.2  |  prob: pos_wins=0.993 (goal→1.0)  |  gap=-7.892  loss=2.1085
[LOSS] alignment_loss_type=d3tw_char_pool  d3tw_loss=2.1085  d3tw_cost_pos=163.1202  d3tw_cost_neg=1173.2374  total_loss=2.1138  char_pool_loss=0.0105  effective_char_pool_weight=0.5000  char_pool_acc_top1=0.9986  char_pool_acc_top5=1.0000  char_pool_valid_chars=2080  char_pool_num_chars=2080  window_size=16  stride=16  window_overlap_mode=no_overlap  num_windows=64  sequence_length=128
Epoch 19, Batch 151, Loss: 2.1138
Epoch 19, Batch 152, Loss: 2.1517
Epoch 19, Batch 153, Loss: 2.0868
Epoch 19, Batch 154, Loss: 2.1404
Epoch 19, Batch 155, Loss: 2.1557
Epoch 19, Batch 156, Loss: 1.9950
Epoch 19, Batch 157, Loss: 2.0486
Epoch 19, Batch 158, Loss: 2.0379
Epoch 19, Batch 159, Loss: 1.9076
Epoch 19, Batch 160, Loss: 2.2149
[DTW] raw: pos=157.1  neg=1185.0  |  prob: pos_wins=0.994 (goal→1.0)  |  gap=-8.031  loss=1.9690
[LOSS] alignment_loss_type=d3tw_char_pool  d3tw_loss=1.9690  d3tw_cost_pos=157.0866  d3tw_cost_neg=1185.0400  total_loss=1.9788  char_pool_loss=0.0196  effective_char_pool_weight=0.5000  char_pool_acc_top1=0.9981  char_pool_acc_top5=0.9990  char_pool_valid_chars=2080  char_pool_num_chars=2080  window_size=16  stride=16  window_overlap_mode=no_overlap  num_windows=64  sequence_length=128
Epoch 19, Batch 161, Loss: 1.9788
Epoch 19, Batch 162, Loss: 2.0051
Epoch 19, Batch 163, Loss: 2.1187
Epoch 19, Batch 164, Loss: 2.0826
Epoch 19, Batch 165, Loss: 2.1196
Epoch 19, Batch 166, Loss: 1.9440
Epoch 19, Batch 167, Loss: 2.0382
Epoch 19, Batch 168, Loss: 2.0036
Epoch 19, Batch 169, Loss: 1.9913
Epoch 19, Batch 170, Loss: 2.1171
[DTW] raw: pos=160.6  neg=1186.4  |  prob: pos_wins=0.995 (goal→1.0)  |  gap=-8.014  loss=1.9873
[LOSS] alignment_loss_type=d3tw_char_pool  d3tw_loss=1.9873  d3tw_cost_pos=160.6129  d3tw_cost_neg=1186.4275  total_loss=1.9989  char_pool_loss=0.0231  effective_char_pool_weight=0.5000  char_pool_acc_top1=0.9976  char_pool_acc_top5=0.9986  char_pool_valid_chars=2080  char_pool_num_chars=2080  window_size=16  stride=16  window_overlap_mode=no_overlap  num_windows=64  sequence_length=128
Epoch 19, Batch 171, Loss: 1.9989
Epoch 19, Batch 172, Loss: 2.0301
Epoch 19, Batch 173, Loss: 2.1046
Epoch 19, Batch 174, Loss: 2.0512
Epoch 19, Batch 175, Loss: 2.1014
Epoch 19, Batch 176, Loss: 1.9047
Epoch 19, Batch 177, Loss: 2.0490
Epoch 19, Batch 178, Loss: 2.1135
Epoch 19, Batch 179, Loss: 2.0343
Epoch 19, Batch 180, Loss: 1.9751
[DTW] raw: pos=163.5  neg=1182.4  |  prob: pos_wins=0.994 (goal→1.0)  |  gap=-7.960  loss=2.0418
[LOSS] alignment_loss_type=d3tw_char_pool  d3tw_loss=2.0418  d3tw_cost_pos=163.5301  d3tw_cost_neg=1182.3655  total_loss=2.0558  char_pool_loss=0.0281  effective_char_pool_weight=0.5000  char_pool_acc_top1=0.9962  char_pool_acc_top5=0.9990  char_pool_valid_chars=2080  char_pool_num_chars=2080  window_size=16  stride=16  window_overlap_mode=no_overlap  num_windows=64  sequence_length=128
Epoch 19, Batch 181, Loss: 2.0558
Epoch 19, Batch 182, Loss: 2.0598
Epoch 19, Batch 183, Loss: 2.0464
Epoch 19, Batch 184, Loss: 1.9939
Epoch 19, Batch 185, Loss: 2.1559
Epoch 19, Batch 186, Loss: 2.1539
Epoch 19, Batch 187, Loss: 2.1322
Epoch 19, Batch 188, Loss: 2.1377
Epoch 19 - Train Loss: 2.0500
[DTW] raw: pos=162.8  neg=1191.9  |  prob: pos_wins=0.995 (goal→1.0)  |  gap=-8.040  loss=1.9605
[LOSS] alignment_loss_type=d3tw_char_pool  d3tw_loss=1.9605  d3tw_cost_pos=162.8290  d3tw_cost_neg=1191.9055  total_loss=1.9755  char_pool_loss=0.0299  effective_char_pool_weight=0.5000  char_pool_acc_top1=0.9971  char_pool_acc_top5=0.9981  char_pool_valid_chars=2080  char_pool_num_chars=2080  window_size=16  stride=16  window_overlap_mode=no_overlap  num_windows=64  sequence_length=128
[DTW] raw: pos=164.0  neg=1186.5  |  prob: pos_wins=0.994 (goal→1.0)  |  gap=-7.988  loss=2.0116
[LOSS] alignment_loss_type=d3tw_char_pool  d3tw_loss=2.0116  d3tw_cost_pos=164.0007  d3tw_cost_neg=1186.5078  total_loss=2.0396  char_pool_loss=0.0561  effective_char_pool_weight=0.5000  char_pool_acc_top1=0.9942  char_pool_acc_top5=0.9971  char_pool_valid_chars=2080  char_pool_num_chars=2080  window_size=16  stride=16  window_overlap_mode=no_overlap  num_windows=64  sequence_length=128
[DTW] raw: pos=163.9  neg=1203.1  |  prob: pos_wins=0.995 (goal→1.0)  |  gap=-8.118  loss=1.8847
[LOSS] alignment_loss_type=d3tw_char_pool  d3tw_loss=1.8847  d3tw_cost_pos=163.9336  d3tw_cost_neg=1203.0964  total_loss=1.8948  char_pool_loss=0.0204  effective_char_pool_weight=0.5000  char_pool_acc_top1=0.9962  char_pool_acc_top5=0.9995  char_pool_valid_chars=2080  char_pool_num_chars=2080  window_size=16  stride=16  window_overlap_mode=no_overlap  num_windows=64  sequence_length=128
[DTW] raw: pos=163.2  neg=1197.4  |  prob: pos_wins=0.995 (goal→1.0)  |  gap=-8.079  loss=1.9254
[LOSS] alignment_loss_type=d3tw_char_pool  d3tw_loss=1.9254  d3tw_cost_pos=163.2177  d3tw_cost_neg=1197.3546  total_loss=1.9562  char_pool_loss=0.0617  effective_char_pool_weight=0.5000  char_pool_acc_top1=0.9928  char_pool_acc_top5=0.9981  char_pool_valid_chars=2080  char_pool_num_chars=2080  window_size=16  stride=16  window_overlap_mode=no_overlap  num_windows=64  sequence_length=128
[DTW] raw: pos=159.9  neg=1197.1  |  prob: pos_wins=0.995 (goal→1.0)  |  gap=-8.103  loss=1.8978
[LOSS] alignment_loss_type=d3tw_char_pool  d3tw_loss=1.8978  d3tw_cost_pos=159.8851  d3tw_cost_neg=1197.0835  total_loss=1.9142  char_pool_loss=0.0327  effective_char_pool_weight=0.5000  char_pool_acc_top1=0.9957  char_pool_acc_top5=0.9986  char_pool_valid_chars=2080  char_pool_num_chars=2080  window_size=16  stride=16  window_overlap_mode=no_overlap  num_windows=64  sequence_length=128
[DTW] raw: pos=161.9  neg=1197.7  |  prob: pos_wins=0.995 (goal→1.0)  |  gap=-8.093  loss=1.9082
[LOSS] alignment_loss_type=d3tw_char_pool  d3tw_loss=1.9082  d3tw_cost_pos=161.8751  d3tw_cost_neg=1197.7471  total_loss=1.9287  char_pool_loss=0.0410  effective_char_pool_weight=0.5000  char_pool_acc_top1=0.9952  char_pool_acc_top5=0.9976  char_pool_valid_chars=2080  char_pool_num_chars=2080  window_size=16  stride=16  window_overlap_mode=no_overlap  num_windows=64  sequence_length=128
[DTW] raw: pos=159.8  neg=1192.5  |  prob: pos_wins=0.995 (goal→1.0)  |  gap=-8.069  loss=1.9332
[LOSS] alignment_loss_type=d3tw_char_pool  d3tw_loss=1.9332  d3tw_cost_pos=159.7505  d3tw_cost_neg=1192.5275  total_loss=1.9455  char_pool_loss=0.0246  effective_char_pool_weight=0.5000  char_pool_acc_top1=0.9971  char_pool_acc_top5=0.9986  char_pool_valid_chars=2080  char_pool_num_chars=2080  window_size=16  stride=16  window_overlap_mode=no_overlap  num_windows=64  sequence_length=128
Epoch 19 - Validation Loss: 2.0204
Epoch 19 completed in 13m 56.90s
Epoch 19 - Peak GPU memory: 2267.0 MB
============================================================
Epoch 20 - Soft-DTW gamma: 0.100000
[DTW] raw: pos=162.4  neg=1192.8  |  prob: pos_wins=0.995 (goal→1.0)  |  gap=-8.050  loss=1.9520
[LOSS] alignment_loss_type=d3tw_char_pool  d3tw_loss=1.9520  d3tw_cost_pos=162.3986  d3tw_cost_neg=1192.7623  total_loss=1.9662  char_pool_loss=0.0284  effective_char_pool_weight=0.5000  char_pool_acc_top1=0.9971  char_pool_acc_top5=0.9986  char_pool_valid_chars=2080  char_pool_num_chars=2080  window_size=16  stride=16  window_overlap_mode=no_overlap  num_windows=64  sequence_length=128
Epoch 20, Batch 1, Loss: 1.9662
Epoch 20, Batch 2, Loss: 2.0749
Epoch 20, Batch 3, Loss: 2.0866
Epoch 20, Batch 4, Loss: 2.0550
Epoch 20, Batch 5, Loss: 2.1060
Epoch 20, Batch 6, Loss: 2.0607
Epoch 20, Batch 7, Loss: 2.0143
Epoch 20, Batch 8, Loss: 1.9595
Epoch 20, Batch 9, Loss: 1.9830
Epoch 20, Batch 10, Loss: 2.0996
[DTW] raw: pos=162.2  neg=1173.6  |  prob: pos_wins=0.993 (goal→1.0)  |  gap=-7.901  loss=2.0995
[LOSS] alignment_loss_type=d3tw_char_pool  d3tw_loss=2.0995  d3tw_cost_pos=162.1735  d3tw_cost_neg=1173.5621  total_loss=2.1065  char_pool_loss=0.0140  effective_char_pool_weight=0.5000  char_pool_acc_top1=0.9990  char_pool_acc_top5=0.9990  char_pool_valid_chars=2080  char_pool_num_chars=2080  window_size=16  stride=16  window_overlap_mode=no_overlap  num_windows=64  sequence_length=128
Epoch 20, Batch 11, Loss: 2.1065
Epoch 20, Batch 12, Loss: 2.0136
Epoch 20, Batch 13, Loss: 2.0735
Epoch 20, Batch 14, Loss: 2.0002
Epoch 20, Batch 15, Loss: 2.0204
Epoch 20, Batch 16, Loss: 2.0171
Epoch 20, Batch 17, Loss: 1.9246
Epoch 20, Batch 18, Loss: 2.0050
Epoch 20, Batch 19, Loss: 1.9871
Epoch 20, Batch 20, Loss: 2.0623
[DTW] raw: pos=157.3  neg=1180.9  |  prob: pos_wins=0.995 (goal→1.0)  |  gap=-7.997  loss=2.0035
[LOSS] alignment_loss_type=d3tw_char_pool  d3tw_loss=2.0035  d3tw_cost_pos=157.3154  d3tw_cost_neg=1180.9366  total_loss=2.0087  char_pool_loss=0.0103  effective_char_pool_weight=0.5000  char_pool_acc_top1=0.9986  char_pool_acc_top5=1.0000  char_pool_valid_chars=2080  char_pool_num_chars=2080  window_size=16  stride=16  window_overlap_mode=no_overlap  num_windows=64  sequence_length=128
Epoch 20, Batch 21, Loss: 2.0087
Epoch 20, Batch 22, Loss: 1.9886
Epoch 20, Batch 23, Loss: 1.9431
Epoch 20, Batch 24, Loss: 2.0165
Epoch 20, Batch 25, Loss: 1.9737
Epoch 20, Batch 26, Loss: 2.0780
Epoch 20, Batch 27, Loss: 1.9879
Epoch 20, Batch 28, Loss: 2.0148
Epoch 20, Batch 29, Loss: 2.0412
Epoch 20, Batch 30, Loss: 2.0664
[DTW] raw: pos=157.5  neg=1194.5  |  prob: pos_wins=0.995 (goal→1.0)  |  gap=-8.102  loss=1.9009
[LOSS] alignment_loss_type=d3tw_char_pool  d3tw_loss=1.9009  d3tw_cost_pos=157.5328  d3tw_cost_neg=1194.5276  total_loss=1.9039  char_pool_loss=0.0059  effective_char_pool_weight=0.5000  char_pool_acc_top1=0.9986  char_pool_acc_top5=1.0000  char_pool_valid_chars=2080  char_pool_num_chars=2080  window_size=16  stride=16  window_overlap_mode=no_overlap  num_windows=64  sequence_length=128
Epoch 20, Batch 31, Loss: 1.9039
Epoch 20, Batch 32, Loss: 2.0200
Epoch 20, Batch 33, Loss: 1.9644
Epoch 20, Batch 34, Loss: 2.0332
Epoch 20, Batch 35, Loss: 2.0878
Epoch 20, Batch 36, Loss: 2.0987
Epoch 20, Batch 37, Loss: 2.0206
Epoch 20, Batch 38, Loss: 2.0302
Epoch 20, Batch 39, Loss: 2.1538
Epoch 20, Batch 40, Loss: 2.0353
[DTW] raw: pos=157.2  neg=1187.1  |  prob: pos_wins=0.995 (goal→1.0)  |  gap=-8.046  loss=1.9541
[LOSS] alignment_loss_type=d3tw_char_pool  d3tw_loss=1.9541  d3tw_cost_pos=157.1788  d3tw_cost_neg=1187.0750  total_loss=1.9649  char_pool_loss=0.0216  effective_char_pool_weight=0.5000  char_pool_acc_top1=0.9971  char_pool_acc_top5=0.9986  char_pool_valid_chars=2080  char_pool_num_chars=2080  window_size=16  stride=16  window_overlap_mode=no_overlap  num_windows=64  sequence_length=128
Epoch 20, Batch 41, Loss: 1.9649
Epoch 20, Batch 42, Loss: 2.2009
Epoch 20, Batch 43, Loss: 2.0647
Epoch 20, Batch 44, Loss: 2.0411
Epoch 20, Batch 45, Loss: 1.9449
Epoch 20, Batch 46, Loss: 1.9753
Epoch 20, Batch 47, Loss: 2.1146
Epoch 20, Batch 48, Loss: 2.0623
Epoch 20, Batch 49, Loss: 2.0279
Epoch 20, Batch 50, Loss: 1.9855
[DTW] raw: pos=160.2  neg=1182.6  |  prob: pos_wins=0.994 (goal→1.0)  |  gap=-7.988  loss=2.0127
[LOSS] alignment_loss_type=d3tw_char_pool  d3tw_loss=2.0127  d3tw_cost_pos=160.1840  d3tw_cost_neg=1182.5847  total_loss=2.0204  char_pool_loss=0.0155  effective_char_pool_weight=0.5000  char_pool_acc_top1=0.9976  char_pool_acc_top5=0.9990  char_pool_valid_chars=2080  char_pool_num_chars=2080  window_size=16  stride=16  window_overlap_mode=no_overlap  num_windows=64  sequence_length=128
Epoch 20, Batch 51, Loss: 2.0204
Epoch 20, Batch 52, Loss: 2.1223
Epoch 20, Batch 53, Loss: 1.9332
Epoch 20, Batch 54, Loss: 2.1487
Epoch 20, Batch 55, Loss: 2.0289
Epoch 20, Batch 56, Loss: 2.0805
Epoch 20, Batch 57, Loss: 2.0276
Epoch 20, Batch 58, Loss: 2.2122
Epoch 20, Batch 59, Loss: 2.0961
Epoch 20, Batch 60, Loss: 2.1280
[DTW] raw: pos=161.7  neg=1179.6  |  prob: pos_wins=0.995 (goal→1.0)  |  gap=-7.952  loss=2.0506
[LOSS] alignment_loss_type=d3tw_char_pool  d3tw_loss=2.0506  d3tw_cost_pos=161.7219  d3tw_cost_neg=1179.6240  total_loss=2.0622  char_pool_loss=0.0233  effective_char_pool_weight=0.5000  char_pool_acc_top1=0.9966  char_pool_acc_top5=0.9986  char_pool_valid_chars=2080  char_pool_num_chars=2080  window_size=16  stride=16  window_overlap_mode=no_overlap  num_windows=64  sequence_length=128
Epoch 20, Batch 61, Loss: 2.0622
Epoch 20, Batch 62, Loss: 2.0397
Epoch 20, Batch 63, Loss: 2.1018
Epoch 20, Batch 64, Loss: 2.0730
Epoch 20, Batch 65, Loss: 2.0454
Epoch 20, Batch 66, Loss: 2.0589
Epoch 20, Batch 67, Loss: 1.9587
Epoch 20, Batch 68, Loss: 2.0705
Epoch 20, Batch 69, Loss: 2.1433
Epoch 20, Batch 70, Loss: 2.1964
[DTW] raw: pos=161.4  neg=1181.1  |  prob: pos_wins=0.994 (goal→1.0)  |  gap=-7.966  loss=2.0354
[LOSS] alignment_loss_type=d3tw_char_pool  d3tw_loss=2.0354  d3tw_cost_pos=161.4075  d3tw_cost_neg=1181.0538  total_loss=2.0509  char_pool_loss=0.0308  effective_char_pool_weight=0.5000  char_pool_acc_top1=0.9976  char_pool_acc_top5=0.9986  char_pool_valid_chars=2080  char_pool_num_chars=2080  window_size=16  stride=16  window_overlap_mode=no_overlap  num_windows=64  sequence_length=128
Epoch 20, Batch 71, Loss: 2.0509
Epoch 20, Batch 72, Loss: 2.0697
Epoch 20, Batch 73, Loss: 2.2298
Epoch 20, Batch 74, Loss: 2.0133
Epoch 20, Batch 75, Loss: 1.8224
Epoch 20, Batch 76, Loss: 1.8913
Epoch 20, Batch 77, Loss: 2.1232
Epoch 20, Batch 78, Loss: 2.0624
Epoch 20, Batch 79, Loss: 2.0210
Epoch 20, Batch 80, Loss: 2.1109
[DTW] raw: pos=164.2  neg=1168.2  |  prob: pos_wins=0.993 (goal→1.0)  |  gap=-7.844  loss=2.1569
[LOSS] alignment_loss_type=d3tw_char_pool  d3tw_loss=2.1569  d3tw_cost_pos=164.2180  d3tw_cost_neg=1168.2042  total_loss=2.1655  char_pool_loss=0.0171  effective_char_pool_weight=0.5000  char_pool_acc_top1=0.9976  char_pool_acc_top5=0.9990  char_pool_valid_chars=2080  char_pool_num_chars=2080  window_size=16  stride=16  window_overlap_mode=no_overlap  num_windows=64  sequence_length=128
Epoch 20, Batch 81, Loss: 2.1655
Epoch 20, Batch 82, Loss: 2.0352
Epoch 20, Batch 83, Loss: 2.1602
Epoch 20, Batch 84, Loss: 2.0604
Epoch 20, Batch 85, Loss: 2.0020
Epoch 20, Batch 86, Loss: 2.0959
Epoch 20, Batch 87, Loss: 1.9629
Epoch 20, Batch 88, Loss: 2.0245
Epoch 20, Batch 89, Loss: 2.0693
Epoch 20, Batch 90, Loss: 2.0515
[DTW] raw: pos=160.4  neg=1165.8  |  prob: pos_wins=0.994 (goal→1.0)  |  gap=-7.854  loss=2.1455
[LOSS] alignment_loss_type=d3tw_char_pool  d3tw_loss=2.1455  d3tw_cost_pos=160.4402  d3tw_cost_neg=1165.8059  total_loss=2.1490  char_pool_loss=0.0070  effective_char_pool_weight=0.5000  char_pool_acc_top1=0.9986  char_pool_acc_top5=0.9995  char_pool_valid_chars=2080  char_pool_num_chars=2080  window_size=16  stride=16  window_overlap_mode=no_overlap  num_windows=64  sequence_length=128
Epoch 20, Batch 91, Loss: 2.1490
Epoch 20, Batch 92, Loss: 2.0384
Epoch 20, Batch 93, Loss: 2.0124
Epoch 20, Batch 94, Loss: 2.0693
Epoch 20, Batch 95, Loss: 2.1646
Epoch 20, Batch 96, Loss: 2.0091
Epoch 20, Batch 97, Loss: 2.0636
Epoch 20, Batch 98, Loss: 2.0035
Epoch 20, Batch 99, Loss: 1.9101
Epoch 20, Batch 100, Loss: 2.0148
[DTW] raw: pos=160.3  neg=1189.8  |  prob: pos_wins=0.995 (goal→1.0)  |  gap=-8.043  loss=1.9568
[LOSS] alignment_loss_type=d3tw_char_pool  d3tw_loss=1.9568  d3tw_cost_pos=160.3163  d3tw_cost_neg=1189.8351  total_loss=1.9613  char_pool_loss=0.0091  effective_char_pool_weight=0.5000  char_pool_acc_top1=0.9986  char_pool_acc_top5=0.9995  char_pool_valid_chars=2080  char_pool_num_chars=2080  window_size=16  stride=16  window_overlap_mode=no_overlap  num_windows=64  sequence_length=128
Epoch 20, Batch 101, Loss: 1.9613
Epoch 20, Batch 102, Loss: 2.0356
Epoch 20, Batch 103, Loss: 2.0381
Epoch 20, Batch 104, Loss: 2.0960
Epoch 20, Batch 105, Loss: 1.9647
Epoch 20, Batch 106, Loss: 2.0707
Epoch 20, Batch 107, Loss: 2.1328
Epoch 20, Batch 108, Loss: 2.0025
Epoch 20, Batch 109, Loss: 1.9807
Epoch 20, Batch 110, Loss: 1.8632
[DTW] raw: pos=157.4  neg=1173.2  |  prob: pos_wins=0.994 (goal→1.0)  |  gap=-7.936  loss=2.0642
[LOSS] alignment_loss_type=d3tw_char_pool  d3tw_loss=2.0642  d3tw_cost_pos=157.4197  d3tw_cost_neg=1173.1923  total_loss=2.0805  char_pool_loss=0.0327  effective_char_pool_weight=0.5000  char_pool_acc_top1=0.9962  char_pool_acc_top5=0.9986  char_pool_valid_chars=2080  char_pool_num_chars=2080  window_size=16  stride=16  window_overlap_mode=no_overlap  num_windows=64  sequence_length=128
Epoch 20, Batch 111, Loss: 2.0805
Epoch 20, Batch 112, Loss: 2.0593
Epoch 20, Batch 113, Loss: 2.0625
Epoch 20, Batch 114, Loss: 2.0149
Epoch 20, Batch 115, Loss: 1.9543
Epoch 20, Batch 116, Loss: 1.9894
Epoch 20, Batch 117, Loss: 2.0669
Epoch 20, Batch 118, Loss: 1.8719
Epoch 20, Batch 119, Loss: 1.9826
Epoch 20, Batch 120, Loss: 2.0828
[DTW] raw: pos=162.3  neg=1176.8  |  prob: pos_wins=0.994 (goal→1.0)  |  gap=-7.925  loss=2.0745
[LOSS] alignment_loss_type=d3tw_char_pool  d3tw_loss=2.0745  d3tw_cost_pos=162.3176  d3tw_cost_neg=1176.7729  total_loss=2.0905  char_pool_loss=0.0321  effective_char_pool_weight=0.5000  char_pool_acc_top1=0.9966  char_pool_acc_top5=0.9995  char_pool_valid_chars=2080  char_pool_num_chars=2080  window_size=16  stride=16  window_overlap_mode=no_overlap  num_windows=64  sequence_length=128
Epoch 20, Batch 121, Loss: 2.0905
Epoch 20, Batch 122, Loss: 2.0433
Epoch 20, Batch 123, Loss: 1.9784
Epoch 20, Batch 124, Loss: 2.1120
Epoch 20, Batch 125, Loss: 1.9921
Epoch 20, Batch 126, Loss: 2.0784
Epoch 20, Batch 127, Loss: 1.9838
Epoch 20, Batch 128, Loss: 2.0026
Epoch 20, Batch 129, Loss: 2.0080
Epoch 20, Batch 130, Loss: 2.2038
[DTW] raw: pos=156.1  neg=1192.9  |  prob: pos_wins=0.995 (goal→1.0)  |  gap=-8.100  loss=1.8998
[LOSS] alignment_loss_type=d3tw_char_pool  d3tw_loss=1.8998  d3tw_cost_pos=156.0663  d3tw_cost_neg=1192.8833  total_loss=1.9058  char_pool_loss=0.0121  effective_char_pool_weight=0.5000  char_pool_acc_top1=0.9976  char_pool_acc_top5=1.0000  char_pool_valid_chars=2080  char_pool_num_chars=2080  window_size=16  stride=16  window_overlap_mode=no_overlap  num_windows=64  sequence_length=128
Epoch 20, Batch 131, Loss: 1.9058
Epoch 20, Batch 132, Loss: 2.1061
Epoch 20, Batch 133, Loss: 2.0693
Epoch 20, Batch 134, Loss: 1.9509
Epoch 20, Batch 135, Loss: 2.0436
Epoch 20, Batch 136, Loss: 2.1011
Epoch 20, Batch 137, Loss: 2.0465
Epoch 20, Batch 138, Loss: 2.0872
Epoch 20, Batch 139, Loss: 2.0039
Epoch 20, Batch 140, Loss: 2.1270
[DTW] raw: pos=160.5  neg=1190.7  |  prob: pos_wins=0.995 (goal→1.0)  |  gap=-8.049  loss=1.9513
[LOSS] alignment_loss_type=d3tw_char_pool  d3tw_loss=1.9513  d3tw_cost_pos=160.4939  d3tw_cost_neg=1190.7200  total_loss=1.9644  char_pool_loss=0.0263  effective_char_pool_weight=0.5000  char_pool_acc_top1=0.9966  char_pool_acc_top5=0.9990  char_pool_valid_chars=2080  char_pool_num_chars=2080  window_size=16  stride=16  window_overlap_mode=no_overlap  num_windows=64  sequence_length=128
Epoch 20, Batch 141, Loss: 1.9644
Epoch 20, Batch 142, Loss: 2.1014
Epoch 20, Batch 143, Loss: 2.0222
Epoch 20, Batch 144, Loss: 2.1626
Epoch 20, Batch 145, Loss: 2.0533
Epoch 20, Batch 146, Loss: 2.1296
Epoch 20, Batch 147, Loss: 2.0203
Epoch 20, Batch 148, Loss: 2.0963
Epoch 20, Batch 149, Loss: 2.0332
Epoch 20, Batch 150, Loss: 2.0318
[DTW] raw: pos=164.0  neg=1177.4  |  prob: pos_wins=0.994 (goal→1.0)  |  gap=-7.917  loss=2.0840
[LOSS] alignment_loss_type=d3tw_char_pool  d3tw_loss=2.0840  d3tw_cost_pos=163.9873  d3tw_cost_neg=1177.4001  total_loss=2.0962  char_pool_loss=0.0245  effective_char_pool_weight=0.5000  char_pool_acc_top1=0.9976  char_pool_acc_top5=0.9986  char_pool_valid_chars=2080  char_pool_num_chars=2080  window_size=16  stride=16  window_overlap_mode=no_overlap  num_windows=64  sequence_length=128
Epoch 20, Batch 151, Loss: 2.0962
Epoch 20, Batch 152, Loss: 2.0142
Epoch 20, Batch 153, Loss: 2.1263
Epoch 20, Batch 154, Loss: 2.1344
Epoch 20, Batch 155, Loss: 2.0062
Epoch 20, Batch 156, Loss: 1.9795
Epoch 20, Batch 157, Loss: 2.0320
Epoch 20, Batch 158, Loss: 1.9488
Epoch 20, Batch 159, Loss: 2.0307
Epoch 20, Batch 160, Loss: 2.0355
[DTW] raw: pos=159.9  neg=1187.0  |  prob: pos_wins=0.995 (goal→1.0)  |  gap=-8.025  loss=1.9753
[LOSS] alignment_loss_type=d3tw_char_pool  d3tw_loss=1.9753  d3tw_cost_pos=159.8687  d3tw_cost_neg=1187.0166  total_loss=1.9895  char_pool_loss=0.0284  effective_char_pool_weight=0.5000  char_pool_acc_top1=0.9976  char_pool_acc_top5=0.9986  char_pool_valid_chars=2080  char_pool_num_chars=2080  window_size=16  stride=16  window_overlap_mode=no_overlap  num_windows=64  sequence_length=128
Epoch 20, Batch 161, Loss: 1.9895
Epoch 20, Batch 162, Loss: 1.9598
Epoch 20, Batch 163, Loss: 2.0509
Epoch 20, Batch 164, Loss: 2.1067
Epoch 20, Batch 165, Loss: 2.1841
Epoch 20, Batch 166, Loss: 2.0842
Epoch 20, Batch 167, Loss: 2.1129
Epoch 20, Batch 168, Loss: 2.0495
Epoch 20, Batch 169, Loss: 2.0227
Epoch 20, Batch 170, Loss: 2.0928
[DTW] raw: pos=163.3  neg=1178.2  |  prob: pos_wins=0.994 (goal→1.0)  |  gap=-7.930  loss=2.0704
[LOSS] alignment_loss_type=d3tw_char_pool  d3tw_loss=2.0704  d3tw_cost_pos=163.2610  d3tw_cost_neg=1178.2400  total_loss=2.0743  char_pool_loss=0.0079  effective_char_pool_weight=0.5000  char_pool_acc_top1=0.9981  char_pool_acc_top5=0.9995  char_pool_valid_chars=2080  char_pool_num_chars=2080  window_size=16  stride=16  window_overlap_mode=no_overlap  num_windows=64  sequence_length=128
Epoch 20, Batch 171, Loss: 2.0743
Epoch 20, Batch 172, Loss: 2.1281
Epoch 20, Batch 173, Loss: 2.0546
Epoch 20, Batch 174, Loss: 1.9689
Epoch 20, Batch 175, Loss: 2.0019
Epoch 20, Batch 176, Loss: 2.0539
Epoch 20, Batch 177, Loss: 2.0530
Epoch 20, Batch 178, Loss: 2.0389
Epoch 20, Batch 179, Loss: 2.0980
Epoch 20, Batch 180, Loss: 2.1661
[DTW] raw: pos=159.7  neg=1175.1  |  prob: pos_wins=0.993 (goal→1.0)  |  gap=-7.932  loss=2.0677
[LOSS] alignment_loss_type=d3tw_char_pool  d3tw_loss=2.0677  d3tw_cost_pos=159.7122  d3tw_cost_neg=1175.0635  total_loss=2.0748  char_pool_loss=0.0141  effective_char_pool_weight=0.5000  char_pool_acc_top1=0.9986  char_pool_acc_top5=0.9990  char_pool_valid_chars=2080  char_pool_num_chars=2080  window_size=16  stride=16  window_overlap_mode=no_overlap  num_windows=64  sequence_length=128
Epoch 20, Batch 181, Loss: 2.0748
Epoch 20, Batch 182, Loss: 2.0479
Epoch 20, Batch 183, Loss: 2.0684
Epoch 20, Batch 184, Loss: 2.0901
Epoch 20, Batch 185, Loss: 2.0347
Epoch 20, Batch 186, Loss: 2.0422
Epoch 20, Batch 187, Loss: 1.9976
Epoch 20, Batch 188, Loss: 2.0814
Epoch 20 - Train Loss: 2.0450
[DTW] raw: pos=161.1  neg=1179.1  |  prob: pos_wins=0.995 (goal→1.0)  |  gap=-7.953  loss=2.0483
[LOSS] alignment_loss_type=d3tw_char_pool  d3tw_loss=2.0483  d3tw_cost_pos=161.1064  d3tw_cost_neg=1179.0569  total_loss=2.0688  char_pool_loss=0.0409  effective_char_pool_weight=0.5000  char_pool_acc_top1=0.9957  char_pool_acc_top5=0.9990  char_pool_valid_chars=2080  char_pool_num_chars=2080  window_size=16  stride=16  window_overlap_mode=no_overlap  num_windows=64  sequence_length=128
[DTW] raw: pos=161.9  neg=1171.3  |  prob: pos_wins=0.994 (goal→1.0)  |  gap=-7.886  loss=2.1134
[LOSS] alignment_loss_type=d3tw_char_pool  d3tw_loss=2.1134  d3tw_cost_pos=161.8638  d3tw_cost_neg=1171.3317  total_loss=2.1283  char_pool_loss=0.0297  effective_char_pool_weight=0.5000  char_pool_acc_top1=0.9971  char_pool_acc_top5=0.9981  char_pool_valid_chars=2080  char_pool_num_chars=2080  window_size=16  stride=16  window_overlap_mode=no_overlap  num_windows=64  sequence_length=128
[DTW] raw: pos=163.5  neg=1188.1  |  prob: pos_wins=0.994 (goal→1.0)  |  gap=-8.005  loss=1.9961
[LOSS] alignment_loss_type=d3tw_char_pool  d3tw_loss=1.9961  d3tw_cost_pos=163.4856  d3tw_cost_neg=1188.1194  total_loss=2.0082  char_pool_loss=0.0242  effective_char_pool_weight=0.5000  char_pool_acc_top1=0.9971  char_pool_acc_top5=0.9986  char_pool_valid_chars=2080  char_pool_num_chars=2080  window_size=16  stride=16  window_overlap_mode=no_overlap  num_windows=64  sequence_length=128
[DTW] raw: pos=159.9  neg=1167.5  |  prob: pos_wins=0.993 (goal→1.0)  |  gap=-7.872  loss=2.1293
[LOSS] alignment_loss_type=d3tw_char_pool  d3tw_loss=2.1293  d3tw_cost_pos=159.9042  d3tw_cost_neg=1167.5405  total_loss=2.1508  char_pool_loss=0.0431  effective_char_pool_weight=0.5000  char_pool_acc_top1=0.9962  char_pool_acc_top5=0.9976  char_pool_valid_chars=2080  char_pool_num_chars=2080  window_size=16  stride=16  window_overlap_mode=no_overlap  num_windows=64  sequence_length=128
[DTW] raw: pos=158.9  neg=1190.2  |  prob: pos_wins=0.995 (goal→1.0)  |  gap=-8.057  loss=1.9431
[LOSS] alignment_loss_type=d3tw_char_pool  d3tw_loss=1.9431  d3tw_cost_pos=158.9153  d3tw_cost_neg=1190.2146  total_loss=1.9571  char_pool_loss=0.0281  effective_char_pool_weight=0.5000  char_pool_acc_top1=0.9971  char_pool_acc_top5=0.9986  char_pool_valid_chars=2080  char_pool_num_chars=2080  window_size=16  stride=16  window_overlap_mode=no_overlap  num_windows=64  sequence_length=128
[DTW] raw: pos=162.4  neg=1178.9  |  prob: pos_wins=0.994 (goal→1.0)  |  gap=-7.941  loss=2.0588
[LOSS] alignment_loss_type=d3tw_char_pool  d3tw_loss=2.0588  d3tw_cost_pos=162.4269  d3tw_cost_neg=1178.9021  total_loss=2.0844  char_pool_loss=0.0513  effective_char_pool_weight=0.5000  char_pool_acc_top1=0.9952  char_pool_acc_top5=0.9971  char_pool_valid_chars=2080  char_pool_num_chars=2080  window_size=16  stride=16  window_overlap_mode=no_overlap  num_windows=64  sequence_length=128
[DTW] raw: pos=159.1  neg=1197.9  |  prob: pos_wins=0.996 (goal→1.0)  |  gap=-8.115  loss=1.8845
[LOSS] alignment_loss_type=d3tw_char_pool  d3tw_loss=1.8845  d3tw_cost_pos=159.0942  d3tw_cost_neg=1197.8683  total_loss=1.9007  char_pool_loss=0.0325  effective_char_pool_weight=0.5000  char_pool_acc_top1=0.9957  char_pool_acc_top5=0.9995  char_pool_valid_chars=2080  char_pool_num_chars=2080  window_size=16  stride=16  window_overlap_mode=no_overlap  num_windows=64  sequence_length=128
Epoch 20 - Validation Loss: 2.0243
Epoch 20 completed in 13m 51.67s
Epoch 20 - Peak GPU memory: 2267.0 MB
============================================================
Epoch 21 - Soft-DTW gamma: 0.100000
[DTW] raw: pos=162.4  neg=1172.1  |  prob: pos_wins=0.994 (goal→1.0)  |  gap=-7.888  loss=2.1124
[LOSS] alignment_loss_type=d3tw_char_pool  d3tw_loss=2.1124  d3tw_cost_pos=162.4013  d3tw_cost_neg=1172.0917  total_loss=2.1285  char_pool_loss=0.0321  effective_char_pool_weight=0.5000  char_pool_acc_top1=0.9962  char_pool_acc_top5=0.9986  char_pool_valid_chars=2080  char_pool_num_chars=2080  window_size=16  stride=16  window_overlap_mode=no_overlap  num_windows=64  sequence_length=128
Epoch 21, Batch 1, Loss: 2.1285
Epoch 21, Batch 2, Loss: 2.0312
Epoch 21, Batch 3, Loss: 2.0563
Epoch 21, Batch 4, Loss: 2.0737
Epoch 21, Batch 5, Loss: 2.0524
Epoch 21, Batch 6, Loss: 1.9647
Epoch 21, Batch 7, Loss: 2.0318
Epoch 21, Batch 8, Loss: 2.0293
Epoch 21, Batch 9, Loss: 1.9139
Epoch 21, Batch 10, Loss: 2.1006
[DTW] raw: pos=160.7  neg=1168.0  |  prob: pos_wins=0.992 (goal→1.0)  |  gap=-7.870  loss=2.1318
[LOSS] alignment_loss_type=d3tw_char_pool  d3tw_loss=2.1318  d3tw_cost_pos=160.7076  d3tw_cost_neg=1168.0063  total_loss=2.1434  char_pool_loss=0.0233  effective_char_pool_weight=0.5000  char_pool_acc_top1=0.9976  char_pool_acc_top5=0.9990  char_pool_valid_chars=2080  char_pool_num_chars=2080  window_size=16  stride=16  window_overlap_mode=no_overlap  num_windows=64  sequence_length=128
Epoch 21, Batch 11, Loss: 2.1434
Epoch 21, Batch 12, Loss: 2.0303
Epoch 21, Batch 13, Loss: 2.0647
Epoch 21, Batch 14, Loss: 2.0191
Epoch 21, Batch 15, Loss: 2.0985
Epoch 21, Batch 16, Loss: 2.0536
Epoch 21, Batch 17, Loss: 2.0816
Epoch 21, Batch 18, Loss: 2.0312
Epoch 21, Batch 19, Loss: 2.0237
Epoch 21, Batch 20, Loss: 2.0706
[DTW] raw: pos=156.9  neg=1183.2  |  prob: pos_wins=0.994 (goal→1.0)  |  gap=-8.018  loss=1.9827
[LOSS] alignment_loss_type=d3tw_char_pool  d3tw_loss=1.9827  d3tw_cost_pos=156.8826  d3tw_cost_neg=1183.1697  total_loss=1.9868  char_pool_loss=0.0083  effective_char_pool_weight=0.5000  char_pool_acc_top1=0.9986  char_pool_acc_top5=1.0000  char_pool_valid_chars=2080  char_pool_num_chars=2080  window_size=16  stride=16  window_overlap_mode=no_overlap  num_windows=64  sequence_length=128
Epoch 21, Batch 21, Loss: 1.9868
Epoch 21, Batch 22, Loss: 2.0593
Epoch 21, Batch 23, Loss: 1.9198
Epoch 21, Batch 24, Loss: 2.1575
Epoch 21, Batch 25, Loss: 1.9899
Epoch 21, Batch 26, Loss: 2.0692
Epoch 21, Batch 27, Loss: 2.0353
Epoch 21, Batch 28, Loss: 1.9347
Epoch 21, Batch 29, Loss: 2.0426
Epoch 21, Batch 30, Loss: 2.1333
[DTW] raw: pos=163.4  neg=1182.2  |  prob: pos_wins=0.995 (goal→1.0)  |  gap=-7.959  loss=2.0417
[LOSS] alignment_loss_type=d3tw_char_pool  d3tw_loss=2.0417  d3tw_cost_pos=163.3729  d3tw_cost_neg=1182.1703  total_loss=2.0517  char_pool_loss=0.0199  effective_char_pool_weight=0.5000  char_pool_acc_top1=0.9976  char_pool_acc_top5=0.9990  char_pool_valid_chars=2080  char_pool_num_chars=2080  window_size=16  stride=16  window_overlap_mode=no_overlap  num_windows=64  sequence_length=128
Epoch 21, Batch 31, Loss: 2.0517
Epoch 21, Batch 32, Loss: 2.0865
Epoch 21, Batch 33, Loss: 1.9759
Epoch 21, Batch 34, Loss: 1.9808
Epoch 21, Batch 35, Loss: 2.0962
Epoch 21, Batch 36, Loss: 1.9759
Epoch 21, Batch 37, Loss: 1.9962
Epoch 21, Batch 38, Loss: 1.9873
Epoch 21, Batch 39, Loss: 1.9894
Epoch 21, Batch 40, Loss: 2.0981
[DTW] raw: pos=156.5  neg=1180.5  |  prob: pos_wins=0.995 (goal→1.0)  |  gap=-8.000  loss=2.0024
[LOSS] alignment_loss_type=d3tw_char_pool  d3tw_loss=2.0024  d3tw_cost_pos=156.4715  d3tw_cost_neg=1180.4634  total_loss=2.0211  char_pool_loss=0.0374  effective_char_pool_weight=0.5000  char_pool_acc_top1=0.9962  char_pool_acc_top5=0.9981  char_pool_valid_chars=2080  char_pool_num_chars=2080  window_size=16  stride=16  window_overlap_mode=no_overlap  num_windows=64  sequence_length=128
Epoch 21, Batch 41, Loss: 2.0211
Epoch 21, Batch 42, Loss: 1.9697
Epoch 21, Batch 43, Loss: 2.0337
Epoch 21, Batch 44, Loss: 2.0939
Epoch 21, Batch 45, Loss: 2.1097
Epoch 21, Batch 46, Loss: 2.0012
Epoch 21, Batch 47, Loss: 2.0449
Epoch 21, Batch 48, Loss: 1.9813
Epoch 21, Batch 49, Loss: 2.1061
Epoch 21, Batch 50, Loss: 1.9311
[DTW] raw: pos=161.2  neg=1183.8  |  prob: pos_wins=0.995 (goal→1.0)  |  gap=-7.989  loss=2.0138
[LOSS] alignment_loss_type=d3tw_char_pool  d3tw_loss=2.0138  d3tw_cost_pos=161.2291  d3tw_cost_neg=1183.7590  total_loss=2.0283  char_pool_loss=0.0292  effective_char_pool_weight=0.5000  char_pool_acc_top1=0.9966  char_pool_acc_top5=0.9990  char_pool_valid_chars=2080  char_pool_num_chars=2080  window_size=16  stride=16  window_overlap_mode=no_overlap  num_windows=64  sequence_length=128
Epoch 21, Batch 51, Loss: 2.0283
Epoch 21, Batch 52, Loss: 2.0828
Epoch 21, Batch 53, Loss: 2.0559
Epoch 21, Batch 54, Loss: 2.0274
Epoch 21, Batch 55, Loss: 2.0142
Epoch 21, Batch 56, Loss: 1.9730
Epoch 21, Batch 57, Loss: 1.9836
Epoch 21, Batch 58, Loss: 1.9934
Epoch 21, Batch 59, Loss: 1.9880
Epoch 21, Batch 60, Loss: 2.0972
[DTW] raw: pos=160.8  neg=1160.6  |  prob: pos_wins=0.992 (goal→1.0)  |  gap=-7.811  loss=2.1904
[LOSS] alignment_loss_type=d3tw_char_pool  d3tw_loss=2.1904  d3tw_cost_pos=160.7966  d3tw_cost_neg=1160.6183  total_loss=2.1958  char_pool_loss=0.0106  effective_char_pool_weight=0.5000  char_pool_acc_top1=0.9990  char_pool_acc_top5=0.9995  char_pool_valid_chars=2080  char_pool_num_chars=2080  window_size=16  stride=16  window_overlap_mode=no_overlap  num_windows=64  sequence_length=128
Epoch 21, Batch 61, Loss: 2.1958
Epoch 21, Batch 62, Loss: 2.1092
Epoch 21, Batch 63, Loss: 2.0301
Epoch 21, Batch 64, Loss: 2.0793
Epoch 21, Batch 65, Loss: 2.1008
Epoch 21, Batch 66, Loss: 2.0968
Epoch 21, Batch 67, Loss: 2.0716
Epoch 21, Batch 68, Loss: 1.9291
Epoch 21, Batch 69, Loss: 2.1209
Epoch 21, Batch 70, Loss: 2.0394
[DTW] raw: pos=159.9  neg=1179.9  |  prob: pos_wins=0.995 (goal→1.0)  |  gap=-7.969  loss=2.0319
[LOSS] alignment_loss_type=d3tw_char_pool  d3tw_loss=2.0319  d3tw_cost_pos=159.8851  d3tw_cost_neg=1179.9028  total_loss=2.0357  char_pool_loss=0.0075  effective_char_pool_weight=0.5000  char_pool_acc_top1=0.9995  char_pool_acc_top5=0.9995  char_pool_valid_chars=2080  char_pool_num_chars=2080  window_size=16  stride=16  window_overlap_mode=no_overlap  num_windows=64  sequence_length=128
Epoch 21, Batch 71, Loss: 2.0357
Epoch 21, Batch 72, Loss: 1.9946
Epoch 21, Batch 73, Loss: 2.0502
Epoch 21, Batch 74, Loss: 2.0473
Epoch 21, Batch 75, Loss: 2.0862
Epoch 21, Batch 76, Loss: 1.9590
Epoch 21, Batch 77, Loss: 2.0493
Epoch 21, Batch 78, Loss: 2.0654
Epoch 21, Batch 79, Loss: 2.0690
Epoch 21, Batch 80, Loss: 1.9648
[DTW] raw: pos=158.9  neg=1182.7  |  prob: pos_wins=0.995 (goal→1.0)  |  gap=-7.999  loss=2.0010
[LOSS] alignment_loss_type=d3tw_char_pool  d3tw_loss=2.0010  d3tw_cost_pos=158.8746  d3tw_cost_neg=1182.7378  total_loss=2.0055  char_pool_loss=0.0090  effective_char_pool_weight=0.5000  char_pool_acc_top1=0.9986  char_pool_acc_top5=0.9995  char_pool_valid_chars=2080  char_pool_num_chars=2080  window_size=16  stride=16  window_overlap_mode=no_overlap  num_windows=64  sequence_length=128
Epoch 21, Batch 81, Loss: 2.0055
Epoch 21, Batch 82, Loss: 1.8956
Epoch 21, Batch 83, Loss: 2.1132
Epoch 21, Batch 84, Loss: 2.1599
Epoch 21, Batch 85, Loss: 1.9438
Epoch 21, Batch 86, Loss: 2.0734
Epoch 21, Batch 87, Loss: 2.0553
Epoch 21, Batch 88, Loss: 2.0156
Epoch 21, Batch 89, Loss: 2.0156
Epoch 21, Batch 90, Loss: 2.0706
[DTW] raw: pos=158.4  neg=1194.8  |  prob: pos_wins=0.996 (goal→1.0)  |  gap=-8.096  loss=1.9039
[LOSS] alignment_loss_type=d3tw_char_pool  d3tw_loss=1.9039  d3tw_cost_pos=158.4416  d3tw_cost_neg=1194.7903  total_loss=1.9042  char_pool_loss=0.0006  effective_char_pool_weight=0.5000  char_pool_acc_top1=0.9995  char_pool_acc_top5=1.0000  char_pool_valid_chars=2080  char_pool_num_chars=2080  window_size=16  stride=16  window_overlap_mode=no_overlap  num_windows=64  sequence_length=128
Epoch 21, Batch 91, Loss: 1.9042
Epoch 21, Batch 92, Loss: 2.0716
Epoch 21, Batch 93, Loss: 2.0915
Epoch 21, Batch 94, Loss: 2.0323
Epoch 21, Batch 95, Loss: 2.1212
Epoch 21, Batch 96, Loss: 2.0401
Epoch 21, Batch 97, Loss: 2.1116
Epoch 21, Batch 98, Loss: 2.0012
Epoch 21, Batch 99, Loss: 2.0125
Epoch 21, Batch 100, Loss: 2.0551
[DTW] raw: pos=160.6  neg=1187.4  |  prob: pos_wins=0.995 (goal→1.0)  |  gap=-8.022  loss=1.9780
[LOSS] alignment_loss_type=d3tw_char_pool  d3tw_loss=1.9780  d3tw_cost_pos=160.6008  d3tw_cost_neg=1187.4053  total_loss=1.9850  char_pool_loss=0.0139  effective_char_pool_weight=0.5000  char_pool_acc_top1=0.9976  char_pool_acc_top5=0.9995  char_pool_valid_chars=2080  char_pool_num_chars=2080  window_size=16  stride=16  window_overlap_mode=no_overlap  num_windows=64  sequence_length=128
Epoch 21, Batch 101, Loss: 1.9850
Epoch 21, Batch 102, Loss: 2.0801
Epoch 21, Batch 103, Loss: 2.0516
Epoch 21, Batch 104, Loss: 1.9586
Epoch 21, Batch 105, Loss: 2.0058
Epoch 21, Batch 106, Loss: 2.0602
Epoch 21, Batch 107, Loss: 1.9863
Epoch 21, Batch 108, Loss: 1.9210
Epoch 21, Batch 109, Loss: 1.9945
Epoch 21, Batch 110, Loss: 2.0474
[DTW] raw: pos=157.9  neg=1179.5  |  prob: pos_wins=0.994 (goal→1.0)  |  gap=-7.982  loss=2.0188
[LOSS] alignment_loss_type=d3tw_char_pool  d3tw_loss=2.0188  d3tw_cost_pos=157.8500  d3tw_cost_neg=1179.5496  total_loss=2.0263  char_pool_loss=0.0149  effective_char_pool_weight=0.5000  char_pool_acc_top1=0.9986  char_pool_acc_top5=1.0000  char_pool_valid_chars=2080  char_pool_num_chars=2080  window_size=16  stride=16  window_overlap_mode=no_overlap  num_windows=64  sequence_length=128
Epoch 21, Batch 111, Loss: 2.0263
Epoch 21, Batch 112, Loss: 2.0977
Epoch 21, Batch 113, Loss: 2.0279
Epoch 21, Batch 114, Loss: 2.0025
Epoch 21, Batch 115, Loss: 2.1359
Epoch 21, Batch 116, Loss: 2.0133
Epoch 21, Batch 117, Loss: 2.1114
Epoch 21, Batch 118, Loss: 2.1065
Epoch 21, Batch 119, Loss: 2.0791
Epoch 21, Batch 120, Loss: 1.9796
[DTW] raw: pos=160.3  neg=1193.5  |  prob: pos_wins=0.995 (goal→1.0)  |  gap=-8.072  loss=1.9290
[LOSS] alignment_loss_type=d3tw_char_pool  d3tw_loss=1.9290  d3tw_cost_pos=160.2942  d3tw_cost_neg=1193.5372  total_loss=1.9426  char_pool_loss=0.0273  effective_char_pool_weight=0.5000  char_pool_acc_top1=0.9957  char_pool_acc_top5=0.9990  char_pool_valid_chars=2080  char_pool_num_chars=2080  window_size=16  stride=16  window_overlap_mode=no_overlap  num_windows=64  sequence_length=128
Epoch 21, Batch 121, Loss: 1.9426
Epoch 21, Batch 122, Loss: 2.0751
Epoch 21, Batch 123, Loss: 2.0486
Epoch 21, Batch 124, Loss: 1.9969
Epoch 21, Batch 125, Loss: 2.0399
Epoch 21, Batch 126, Loss: 2.0899
Epoch 21, Batch 127, Loss: 2.1115
Epoch 21, Batch 128, Loss: 2.0779
Epoch 21, Batch 129, Loss: 1.8629
Epoch 21, Batch 130, Loss: 2.0216
[DTW] raw: pos=161.3  neg=1180.9  |  prob: pos_wins=0.994 (goal→1.0)  |  gap=-7.966  loss=2.0370
[LOSS] alignment_loss_type=d3tw_char_pool  d3tw_loss=2.0370  d3tw_cost_pos=161.2800  d3tw_cost_neg=1180.8716  total_loss=2.0471  char_pool_loss=0.0201  effective_char_pool_weight=0.5000  char_pool_acc_top1=0.9957  char_pool_acc_top5=0.9995  char_pool_valid_chars=2080  char_pool_num_chars=2080  window_size=16  stride=16  window_overlap_mode=no_overlap  num_windows=64  sequence_length=128
Epoch 21, Batch 131, Loss: 2.0471
Epoch 21, Batch 132, Loss: 1.9986
Epoch 21, Batch 133, Loss: 2.0494
Epoch 21, Batch 134, Loss: 2.0413
Epoch 21, Batch 135, Loss: 2.1600
Epoch 21, Batch 136, Loss: 1.9691
Epoch 21, Batch 137, Loss: 2.0171
Epoch 21, Batch 138, Loss: 2.1071
Epoch 21, Batch 139, Loss: 2.0458
Epoch 21, Batch 140, Loss: 2.0148
[DTW] raw: pos=161.3  neg=1190.2  |  prob: pos_wins=0.995 (goal→1.0)  |  gap=-8.038  loss=1.9626
[LOSS] alignment_loss_type=d3tw_char_pool  d3tw_loss=1.9626  d3tw_cost_pos=161.3170  d3tw_cost_neg=1190.2361  total_loss=1.9688  char_pool_loss=0.0122  effective_char_pool_weight=0.5000  char_pool_acc_top1=0.9981  char_pool_acc_top5=0.9995  char_pool_valid_chars=2080  char_pool_num_chars=2080  window_size=16  stride=16  window_overlap_mode=no_overlap  num_windows=64  sequence_length=128
Epoch 21, Batch 141, Loss: 1.9688
Epoch 21, Batch 142, Loss: 2.1894
Epoch 21, Batch 143, Loss: 2.0450
Epoch 21, Batch 144, Loss: 2.0871
Epoch 21, Batch 145, Loss: 2.0361
Epoch 21, Batch 146, Loss: 2.0111
Epoch 21, Batch 147, Loss: 2.0125
Epoch 21, Batch 148, Loss: 1.9700
Epoch 21, Batch 149, Loss: 2.0653
Epoch 21, Batch 150, Loss: 1.9992
[DTW] raw: pos=159.2  neg=1180.5  |  prob: pos_wins=0.994 (goal→1.0)  |  gap=-7.979  loss=2.0226
[LOSS] alignment_loss_type=d3tw_char_pool  d3tw_loss=2.0226  d3tw_cost_pos=159.2122  d3tw_cost_neg=1180.4852  total_loss=2.0341  char_pool_loss=0.0230  effective_char_pool_weight=0.5000  char_pool_acc_top1=0.9971  char_pool_acc_top5=0.9990  char_pool_valid_chars=2080  char_pool_num_chars=2080  window_size=16  stride=16  window_overlap_mode=no_overlap  num_windows=64  sequence_length=128
Epoch 21, Batch 151, Loss: 2.0341
Epoch 21, Batch 152, Loss: 2.0011
Epoch 21, Batch 153, Loss: 2.0499
Epoch 21, Batch 154, Loss: 1.8831
Epoch 21, Batch 155, Loss: 1.9821
Epoch 21, Batch 156, Loss: 2.0929
Epoch 21, Batch 157, Loss: 1.9903
Epoch 21, Batch 158, Loss: 2.0420
Epoch 21, Batch 159, Loss: 2.0074
Epoch 21, Batch 160, Loss: 2.0560
[DTW] raw: pos=159.0  neg=1186.1  |  prob: pos_wins=0.995 (goal→1.0)  |  gap=-8.024  loss=1.9765
[LOSS] alignment_loss_type=d3tw_char_pool  d3tw_loss=1.9765  d3tw_cost_pos=159.0131  d3tw_cost_neg=1186.1179  total_loss=1.9878  char_pool_loss=0.0226  effective_char_pool_weight=0.5000  char_pool_acc_top1=0.9966  char_pool_acc_top5=0.9990  char_pool_valid_chars=2080  char_pool_num_chars=2080  window_size=16  stride=16  window_overlap_mode=no_overlap  num_windows=64  sequence_length=128
Epoch 21, Batch 161, Loss: 1.9878
Epoch 21, Batch 162, Loss: 2.1154
Epoch 21, Batch 163, Loss: 2.1356
Epoch 21, Batch 164, Loss: 1.9557
Epoch 21, Batch 165, Loss: 2.1290
Epoch 21, Batch 166, Loss: 1.8804
Epoch 21, Batch 167, Loss: 1.9301
Epoch 21, Batch 168, Loss: 2.0103
Epoch 21, Batch 169, Loss: 2.0253
Epoch 21, Batch 170, Loss: 2.0310
[DTW] raw: pos=155.0  neg=1183.3  |  prob: pos_wins=0.994 (goal→1.0)  |  gap=-8.034  loss=1.9675
[LOSS] alignment_loss_type=d3tw_char_pool  d3tw_loss=1.9675  d3tw_cost_pos=154.9619  d3tw_cost_neg=1183.2673  total_loss=1.9823  char_pool_loss=0.0297  effective_char_pool_weight=0.5000  char_pool_acc_top1=0.9976  char_pool_acc_top5=0.9981  char_pool_valid_chars=2080  char_pool_num_chars=2080  window_size=16  stride=16  window_overlap_mode=no_overlap  num_windows=64  sequence_length=128
Epoch 21, Batch 171, Loss: 1.9823
Epoch 21, Batch 172, Loss: 2.1371
Epoch 21, Batch 173, Loss: 2.0533
Epoch 21, Batch 174, Loss: 2.1596
Epoch 21, Batch 175, Loss: 1.9587
Epoch 21, Batch 176, Loss: 2.1173
Epoch 21, Batch 177, Loss: 2.0571
Epoch 21, Batch 178, Loss: 1.9920
Epoch 21, Batch 179, Loss: 1.9243
Epoch 21, Batch 180, Loss: 2.1590
[DTW] raw: pos=161.9  neg=1173.8  |  prob: pos_wins=0.994 (goal→1.0)  |  gap=-7.905  loss=2.0961
[LOSS] alignment_loss_type=d3tw_char_pool  d3tw_loss=2.0961  d3tw_cost_pos=161.9227  d3tw_cost_neg=1173.8088  total_loss=2.1119  char_pool_loss=0.0315  effective_char_pool_weight=0.5000  char_pool_acc_top1=0.9957  char_pool_acc_top5=0.9986  char_pool_valid_chars=2080  char_pool_num_chars=2080  window_size=16  stride=16  window_overlap_mode=no_overlap  num_windows=64  sequence_length=128
Epoch 21, Batch 181, Loss: 2.1119
Epoch 21, Batch 182, Loss: 2.0155
Epoch 21, Batch 183, Loss: 2.1382
Epoch 21, Batch 184, Loss: 2.1013
Epoch 21, Batch 185, Loss: 2.0498
Epoch 21, Batch 186, Loss: 2.0132
Epoch 21, Batch 187, Loss: 2.0337
Epoch 21, Batch 188, Loss: 2.1761
Epoch 21 - Train Loss: 2.0387
[DTW] raw: pos=159.9  neg=1179.6  |  prob: pos_wins=0.994 (goal→1.0)  |  gap=-7.966  loss=2.0349
[LOSS] alignment_loss_type=d3tw_char_pool  d3tw_loss=2.0349  d3tw_cost_pos=159.9178  d3tw_cost_neg=1179.6074  total_loss=2.0460  char_pool_loss=0.0222  effective_char_pool_weight=0.5000  char_pool_acc_top1=0.9976  char_pool_acc_top5=0.9990  char_pool_valid_chars=2080  char_pool_num_chars=2080  window_size=16  stride=16  window_overlap_mode=no_overlap  num_windows=64  sequence_length=128
[DTW] raw: pos=161.4  neg=1180.3  |  prob: pos_wins=0.994 (goal→1.0)  |  gap=-7.960  loss=2.0397
[LOSS] alignment_loss_type=d3tw_char_pool  d3tw_loss=2.0397  d3tw_cost_pos=161.4391  d3tw_cost_neg=1180.3494  total_loss=2.0564  char_pool_loss=0.0335  effective_char_pool_weight=0.5000  char_pool_acc_top1=0.9957  char_pool_acc_top5=0.9981  char_pool_valid_chars=2080  char_pool_num_chars=2080  window_size=16  stride=16  window_overlap_mode=no_overlap  num_windows=64  sequence_length=128
[DTW] raw: pos=160.9  neg=1182.5  |  prob: pos_wins=0.995 (goal→1.0)  |  gap=-7.981  loss=2.0194
[LOSS] alignment_loss_type=d3tw_char_pool  d3tw_loss=2.0194  d3tw_cost_pos=160.8864  d3tw_cost_neg=1182.4866  total_loss=2.0249  char_pool_loss=0.0110  effective_char_pool_weight=0.5000  char_pool_acc_top1=0.9981  char_pool_acc_top5=0.9995  char_pool_valid_chars=2080  char_pool_num_chars=2080  window_size=16  stride=16  window_overlap_mode=no_overlap  num_windows=64  sequence_length=128
[DTW] raw: pos=159.9  neg=1192.2  |  prob: pos_wins=0.995 (goal→1.0)  |  gap=-8.065  loss=1.9348
[LOSS] alignment_loss_type=d3tw_char_pool  d3tw_loss=1.9348  d3tw_cost_pos=159.9052  d3tw_cost_neg=1192.2439  total_loss=1.9543  char_pool_loss=0.0391  effective_char_pool_weight=0.5000  char_pool_acc_top1=0.9957  char_pool_acc_top5=0.9981  char_pool_valid_chars=2080  char_pool_num_chars=2080  window_size=16  stride=16  window_overlap_mode=no_overlap  num_windows=64  sequence_length=128
[DTW] raw: pos=157.4  neg=1187.1  |  prob: pos_wins=0.995 (goal→1.0)  |  gap=-8.045  loss=1.9552
[LOSS] alignment_loss_type=d3tw_char_pool  d3tw_loss=1.9552  d3tw_cost_pos=157.4214  d3tw_cost_neg=1187.1467  total_loss=1.9633  char_pool_loss=0.0162  effective_char_pool_weight=0.5000  char_pool_acc_top1=0.9971  char_pool_acc_top5=1.0000  char_pool_valid_chars=2080  char_pool_num_chars=2080  window_size=16  stride=16  window_overlap_mode=no_overlap  num_windows=64  sequence_length=128
[DTW] raw: pos=159.1  neg=1182.8  |  prob: pos_wins=0.995 (goal→1.0)  |  gap=-7.998  loss=2.0024
[LOSS] alignment_loss_type=d3tw_char_pool  d3tw_loss=2.0024  d3tw_cost_pos=159.0706  d3tw_cost_neg=1182.8040  total_loss=2.0083  char_pool_loss=0.0117  effective_char_pool_weight=0.5000  char_pool_acc_top1=0.9976  char_pool_acc_top5=1.0000  char_pool_valid_chars=2080  char_pool_num_chars=2080  window_size=16  stride=16  window_overlap_mode=no_overlap  num_windows=64  sequence_length=128
[DTW] raw: pos=159.0  neg=1176.6  |  prob: pos_wins=0.994 (goal→1.0)  |  gap=-7.950  loss=2.0515
[LOSS] alignment_loss_type=d3tw_char_pool  d3tw_loss=2.0515  d3tw_cost_pos=158.9909  d3tw_cost_neg=1176.6042  total_loss=2.0681  char_pool_loss=0.0333  effective_char_pool_weight=0.5000  char_pool_acc_top1=0.9966  char_pool_acc_top5=0.9981  char_pool_valid_chars=2080  char_pool_num_chars=2080  window_size=16  stride=16  window_overlap_mode=no_overlap  num_windows=64  sequence_length=128
Epoch 21 - Validation Loss: 2.0079
Epoch 21 completed in 13m 51.28s
Epoch 21 - Peak GPU memory: 2267.0 MB
============================================================
Epoch 22 - Soft-DTW gamma: 0.100000
[DTW] raw: pos=163.0  neg=1176.6  |  prob: pos_wins=0.994 (goal→1.0)  |  gap=-7.919  loss=2.0812
[LOSS] alignment_loss_type=d3tw_char_pool  d3tw_loss=2.0812  d3tw_cost_pos=162.9658  d3tw_cost_neg=1176.5559  total_loss=2.0842  char_pool_loss=0.0060  effective_char_pool_weight=0.5000  char_pool_acc_top1=0.9990  char_pool_acc_top5=1.0000  char_pool_valid_chars=2080  char_pool_num_chars=2080  window_size=16  stride=16  window_overlap_mode=no_overlap  num_windows=64  sequence_length=128
Epoch 22, Batch 1, Loss: 2.0842
Epoch 22, Batch 2, Loss: 2.0708
Epoch 22, Batch 3, Loss: 2.0193
Epoch 22, Batch 4, Loss: 2.0423
Epoch 22, Batch 5, Loss: 1.9706
Epoch 22, Batch 6, Loss: 2.0601
Epoch 22, Batch 7, Loss: 2.0930
Epoch 22, Batch 8, Loss: 1.9838
Epoch 22, Batch 9, Loss: 2.1486
Epoch 22, Batch 10, Loss: 2.0394
[DTW] raw: pos=164.2  neg=1170.0  |  prob: pos_wins=0.994 (goal→1.0)  |  gap=-7.858  loss=2.1417
[LOSS] alignment_loss_type=d3tw_char_pool  d3tw_loss=2.1417  d3tw_cost_pos=164.1548  d3tw_cost_neg=1170.0001  total_loss=2.1521  char_pool_loss=0.0207  effective_char_pool_weight=0.5000  char_pool_acc_top1=0.9971  char_pool_acc_top5=0.9990  char_pool_valid_chars=2080  char_pool_num_chars=2080  window_size=16  stride=16  window_overlap_mode=no_overlap  num_windows=64  sequence_length=128
Epoch 22, Batch 11, Loss: 2.1521
Epoch 22, Batch 12, Loss: 1.9302
Epoch 22, Batch 13, Loss: 2.2053
Epoch 22, Batch 14, Loss: 1.9653
Epoch 22, Batch 15, Loss: 2.0050
Epoch 22, Batch 16, Loss: 1.9732
Epoch 22, Batch 17, Loss: 2.0162
Epoch 22, Batch 18, Loss: 2.0148
Epoch 22, Batch 19, Loss: 1.9428
Epoch 22, Batch 20, Loss: 2.0430
[DTW] raw: pos=161.9  neg=1196.0  |  prob: pos_wins=0.994 (goal→1.0)  |  gap=-8.079  loss=1.9210
[LOSS] alignment_loss_type=d3tw_char_pool  d3tw_loss=1.9210  d3tw_cost_pos=161.8995  d3tw_cost_neg=1196.0203  total_loss=1.9299  char_pool_loss=0.0178  effective_char_pool_weight=0.5000  char_pool_acc_top1=0.9976  char_pool_acc_top5=0.9995  char_pool_valid_chars=2080  char_pool_num_chars=2080  window_size=16  stride=16  window_overlap_mode=no_overlap  num_windows=64  sequence_length=128
Epoch 22, Batch 21, Loss: 1.9299
Epoch 22, Batch 22, Loss: 1.9320
Epoch 22, Batch 23, Loss: 1.9189
Epoch 22, Batch 24, Loss: 2.1406
Epoch 22, Batch 25, Loss: 2.0229
Epoch 22, Batch 26, Loss: 2.0222
Epoch 22, Batch 27, Loss: 2.0257
Epoch 22, Batch 28, Loss: 1.9098
Epoch 22, Batch 29, Loss: 2.0057
Epoch 22, Batch 30, Loss: 1.9174
[DTW] raw: pos=158.4  neg=1192.5  |  prob: pos_wins=0.995 (goal→1.0)  |  gap=-8.079  loss=1.9224
[LOSS] alignment_loss_type=d3tw_char_pool  d3tw_loss=1.9224  d3tw_cost_pos=158.3564  d3tw_cost_neg=1192.4736  total_loss=1.9368  char_pool_loss=0.0287  effective_char_pool_weight=0.5000  char_pool_acc_top1=0.9952  char_pool_acc_top5=0.9995  char_pool_valid_chars=2080  char_pool_num_chars=2080  window_size=16  stride=16  window_overlap_mode=no_overlap  num_windows=64  sequence_length=128
Epoch 22, Batch 31, Loss: 1.9368
Epoch 22, Batch 32, Loss: 2.0326
Epoch 22, Batch 33, Loss: 2.1182
Epoch 22, Batch 34, Loss: 2.0308
Epoch 22, Batch 35, Loss: 1.9918
Epoch 22, Batch 36, Loss: 2.1118
Epoch 22, Batch 37, Loss: 1.9532
Epoch 22, Batch 38, Loss: 1.9700
Epoch 22, Batch 39, Loss: 1.9656
Epoch 22, Batch 40, Loss: 2.0140
[DTW] raw: pos=153.6  neg=1183.9  |  prob: pos_wins=0.994 (goal→1.0)  |  gap=-8.049  loss=1.9538
[LOSS] alignment_loss_type=d3tw_char_pool  d3tw_loss=1.9538  d3tw_cost_pos=153.6125  d3tw_cost_neg=1183.9100  total_loss=1.9655  char_pool_loss=0.0233  effective_char_pool_weight=0.5000  char_pool_acc_top1=0.9976  char_pool_acc_top5=0.9986  char_pool_valid_chars=2080  char_pool_num_chars=2080  window_size=16  stride=16  window_overlap_mode=no_overlap  num_windows=64  sequence_length=128
Epoch 22, Batch 41, Loss: 1.9655
Epoch 22, Batch 42, Loss: 2.1016
Epoch 22, Batch 43, Loss: 2.0247
Epoch 22, Batch 44, Loss: 2.0771
Epoch 22, Batch 45, Loss: 1.9874
Epoch 22, Batch 46, Loss: 2.1260
Epoch 22, Batch 47, Loss: 2.0978
Epoch 22, Batch 48, Loss: 2.0218
Epoch 22, Batch 49, Loss: 2.0199
Epoch 22, Batch 50, Loss: 1.9989
[DTW] raw: pos=158.8  neg=1185.1  |  prob: pos_wins=0.995 (goal→1.0)  |  gap=-8.018  loss=1.9822
[LOSS] alignment_loss_type=d3tw_char_pool  d3tw_loss=1.9822  d3tw_cost_pos=158.7947  d3tw_cost_neg=1185.0630  total_loss=1.9922  char_pool_loss=0.0200  effective_char_pool_weight=0.5000  char_pool_acc_top1=0.9966  char_pool_acc_top5=1.0000  char_pool_valid_chars=2080  char_pool_num_chars=2080  window_size=16  stride=16  window_overlap_mode=no_overlap  num_windows=64  sequence_length=128
Epoch 22, Batch 51, Loss: 1.9922
Epoch 22, Batch 52, Loss: 2.0967
Epoch 22, Batch 53, Loss: 1.9753
Epoch 22, Batch 54, Loss: 1.9443
Epoch 22, Batch 55, Loss: 2.0791
Epoch 22, Batch 56, Loss: 2.0216
Epoch 22, Batch 57, Loss: 2.0415
Epoch 22, Batch 58, Loss: 2.0034
Epoch 22, Batch 59, Loss: 2.0238
Epoch 22, Batch 60, Loss: 2.0159
[DTW] raw: pos=161.1  neg=1170.7  |  prob: pos_wins=0.994 (goal→1.0)  |  gap=-7.887  loss=2.1127
[LOSS] alignment_loss_type=d3tw_char_pool  d3tw_loss=2.1127  d3tw_cost_pos=161.1075  d3tw_cost_neg=1170.6785  total_loss=2.1143  char_pool_loss=0.0032  effective_char_pool_weight=0.5000  char_pool_acc_top1=0.9995  char_pool_acc_top5=1.0000  char_pool_valid_chars=2080  char_pool_num_chars=2080  window_size=16  stride=16  window_overlap_mode=no_overlap  num_windows=64  sequence_length=128
Epoch 22, Batch 61, Loss: 2.1143
Epoch 22, Batch 62, Loss: 1.9905
Epoch 22, Batch 63, Loss: 1.9932
Epoch 22, Batch 64, Loss: 2.1018
Epoch 22, Batch 65, Loss: 2.0223
Epoch 22, Batch 66, Loss: 2.0206
Epoch 22, Batch 67, Loss: 2.0820
Epoch 22, Batch 68, Loss: 1.9336
Epoch 22, Batch 69, Loss: 2.0529
Epoch 22, Batch 70, Loss: 2.0290
[DTW] raw: pos=152.8  neg=1177.5  |  prob: pos_wins=0.994 (goal→1.0)  |  gap=-8.006  loss=1.9951
[LOSS] alignment_loss_type=d3tw_char_pool  d3tw_loss=1.9951  d3tw_cost_pos=152.7897  d3tw_cost_neg=1177.5454  total_loss=2.0018  char_pool_loss=0.0135  effective_char_pool_weight=0.5000  char_pool_acc_top1=0.9986  char_pool_acc_top5=0.9995  char_pool_valid_chars=2080  char_pool_num_chars=2080  window_size=16  stride=16  window_overlap_mode=no_overlap  num_windows=64  sequence_length=128
Epoch 22, Batch 71, Loss: 2.0018
Epoch 22, Batch 72, Loss: 2.0944
Epoch 22, Batch 73, Loss: 2.0909
Epoch 22, Batch 74, Loss: 2.0256
Epoch 22, Batch 75, Loss: 1.9194
Epoch 22, Batch 76, Loss: 2.0856
Epoch 22, Batch 77, Loss: 2.1121
Epoch 22, Batch 78, Loss: 2.0472
Epoch 22, Batch 79, Loss: 2.0864
Epoch 22, Batch 80, Loss: 1.9940
[DTW] raw: pos=160.9  neg=1188.5  |  prob: pos_wins=0.994 (goal→1.0)  |  gap=-8.028  loss=1.9785
[LOSS] alignment_loss_type=d3tw_char_pool  d3tw_loss=1.9785  d3tw_cost_pos=160.9486  d3tw_cost_neg=1188.4794  total_loss=1.9820  char_pool_loss=0.0070  effective_char_pool_weight=0.5000  char_pool_acc_top1=0.9990  char_pool_acc_top5=1.0000  char_pool_valid_chars=2080  char_pool_num_chars=2080  window_size=16  stride=16  window_overlap_mode=no_overlap  num_windows=64  sequence_length=128
Epoch 22, Batch 81, Loss: 1.9820
Epoch 22, Batch 82, Loss: 2.1534
Epoch 22, Batch 83, Loss: 1.9968
Epoch 22, Batch 84, Loss: 1.9839
Epoch 22, Batch 85, Loss: 1.9391
Epoch 22, Batch 86, Loss: 2.0582
Epoch 22, Batch 87, Loss: 2.1233
Epoch 22, Batch 88, Loss: 2.0562
Epoch 22, Batch 89, Loss: 2.1076
Epoch 22, Batch 90, Loss: 2.0467
[DTW] raw: pos=156.7  neg=1165.8  |  prob: pos_wins=0.994 (goal→1.0)  |  gap=-7.883  loss=2.1166
[LOSS] alignment_loss_type=d3tw_char_pool  d3tw_loss=2.1166  d3tw_cost_pos=156.7289  d3tw_cost_neg=1165.7954  total_loss=2.1241  char_pool_loss=0.0150  effective_char_pool_weight=0.5000  char_pool_acc_top1=0.9971  char_pool_acc_top5=0.9995  char_pool_valid_chars=2080  char_pool_num_chars=2080  window_size=16  stride=16  window_overlap_mode=no_overlap  num_windows=64  sequence_length=128
Epoch 22, Batch 91, Loss: 2.1241
Epoch 22, Batch 92, Loss: 2.0243
Epoch 22, Batch 93, Loss: 1.9807
Epoch 22, Batch 94, Loss: 2.0350
Epoch 22, Batch 95, Loss: 1.9874
Epoch 22, Batch 96, Loss: 1.9800
Epoch 22, Batch 97, Loss: 1.9497
Epoch 22, Batch 98, Loss: 2.0085
Epoch 22, Batch 99, Loss: 2.0444
Epoch 22, Batch 100, Loss: 1.9136
[DTW] raw: pos=156.5  neg=1165.5  |  prob: pos_wins=0.994 (goal→1.0)  |  gap=-7.883  loss=2.1168
[LOSS] alignment_loss_type=d3tw_char_pool  d3tw_loss=2.1168  d3tw_cost_pos=156.4678  d3tw_cost_neg=1165.5105  total_loss=2.1245  char_pool_loss=0.0154  effective_char_pool_weight=0.5000  char_pool_acc_top1=0.9981  char_pool_acc_top5=0.9995  char_pool_valid_chars=2080  char_pool_num_chars=2080  window_size=16  stride=16  window_overlap_mode=no_overlap  num_windows=64  sequence_length=128
Epoch 22, Batch 101, Loss: 2.1245
Epoch 22, Batch 102, Loss: 2.0762
Epoch 22, Batch 103, Loss: 2.0398
Epoch 22, Batch 104, Loss: 2.0918
Epoch 22, Batch 105, Loss: 2.0489
Epoch 22, Batch 106, Loss: 2.1129
Epoch 22, Batch 107, Loss: 2.0329
Epoch 22, Batch 108, Loss: 2.0825
Epoch 22, Batch 109, Loss: 2.0184
Epoch 22, Batch 110, Loss: 2.0869
[DTW] raw: pos=157.5  neg=1172.2  |  prob: pos_wins=0.995 (goal→1.0)  |  gap=-7.927  loss=2.0730
[LOSS] alignment_loss_type=d3tw_char_pool  d3tw_loss=2.0730  d3tw_cost_pos=157.5202  d3tw_cost_neg=1172.1919  total_loss=2.0912  char_pool_loss=0.0363  effective_char_pool_weight=0.5000  char_pool_acc_top1=0.9957  char_pool_acc_top5=0.9990  char_pool_valid_chars=2080  char_pool_num_chars=2080  window_size=16  stride=16  window_overlap_mode=no_overlap  num_windows=64  sequence_length=128
Epoch 22, Batch 111, Loss: 2.0912
Epoch 22, Batch 112, Loss: 2.0898
Epoch 22, Batch 113, Loss: 2.1042
Epoch 22, Batch 114, Loss: 1.9806
Epoch 22, Batch 115, Loss: 1.9658
Epoch 22, Batch 116, Loss: 1.9469
Epoch 22, Batch 117, Loss: 2.0582
Epoch 22, Batch 118, Loss: 2.0161
Epoch 22, Batch 119, Loss: 1.9616
Epoch 22, Batch 120, Loss: 2.0278
[DTW] raw: pos=157.6  neg=1201.9  |  prob: pos_wins=0.995 (goal→1.0)  |  gap=-8.159  loss=1.8436
[LOSS] alignment_loss_type=d3tw_char_pool  d3tw_loss=1.8436  d3tw_cost_pos=157.5699  d3tw_cost_neg=1201.9398  total_loss=1.8471  char_pool_loss=0.0070  effective_char_pool_weight=0.5000  char_pool_acc_top1=0.9986  char_pool_acc_top5=1.0000  char_pool_valid_chars=2080  char_pool_num_chars=2080  window_size=16  stride=16  window_overlap_mode=no_overlap  num_windows=64  sequence_length=128
Epoch 22, Batch 121, Loss: 1.8471
Epoch 22, Batch 122, Loss: 2.1485
Epoch 22, Batch 123, Loss: 1.9743
Epoch 22, Batch 124, Loss: 2.0258
Epoch 22, Batch 125, Loss: 1.9515
Epoch 22, Batch 126, Loss: 2.0321
Epoch 22, Batch 127, Loss: 2.0610
Epoch 22, Batch 128, Loss: 2.0674
Epoch 22, Batch 129, Loss: 2.0215
Epoch 22, Batch 130, Loss: 1.9972
[DTW] raw: pos=159.0  neg=1178.8  |  prob: pos_wins=0.994 (goal→1.0)  |  gap=-7.967  loss=2.0329
[LOSS] alignment_loss_type=d3tw_char_pool  d3tw_loss=2.0329  d3tw_cost_pos=159.0011  d3tw_cost_neg=1178.8319  total_loss=2.0372  char_pool_loss=0.0085  effective_char_pool_weight=0.5000  char_pool_acc_top1=0.9986  char_pool_acc_top5=0.9995  char_pool_valid_chars=2080  char_pool_num_chars=2080  window_size=16  stride=16  window_overlap_mode=no_overlap  num_windows=64  sequence_length=128
Epoch 22, Batch 131, Loss: 2.0372
Epoch 22, Batch 132, Loss: 1.9835
Epoch 22, Batch 133, Loss: 1.9880
Epoch 22, Batch 134, Loss: 2.0319
Epoch 22, Batch 135, Loss: 1.8917
Epoch 22, Batch 136, Loss: 2.1653
Epoch 22, Batch 137, Loss: 2.0070
Epoch 22, Batch 138, Loss: 1.9800
Epoch 22, Batch 139, Loss: 2.0416
Epoch 22, Batch 140, Loss: 2.0597
[DTW] raw: pos=157.7  neg=1184.2  |  prob: pos_wins=0.995 (goal→1.0)  |  gap=-8.019  loss=1.9813
[LOSS] alignment_loss_type=d3tw_char_pool  d3tw_loss=1.9813  d3tw_cost_pos=157.7442  d3tw_cost_neg=1184.2229  total_loss=1.9880  char_pool_loss=0.0133  effective_char_pool_weight=0.5000  char_pool_acc_top1=0.9990  char_pool_acc_top5=0.9990  char_pool_valid_chars=2080  char_pool_num_chars=2080  window_size=16  stride=16  window_overlap_mode=no_overlap  num_windows=64  sequence_length=128
Epoch 22, Batch 141, Loss: 1.9880
Epoch 22, Batch 142, Loss: 2.1080
Epoch 22, Batch 143, Loss: 2.0550
Epoch 22, Batch 144, Loss: 2.0393
Epoch 22, Batch 145, Loss: 2.0297
Epoch 22, Batch 146, Loss: 1.9729
Epoch 22, Batch 147, Loss: 2.0408
Epoch 22, Batch 148, Loss: 2.0047
Epoch 22, Batch 149, Loss: 2.0051
Epoch 22, Batch 150, Loss: 1.9851
[DTW] raw: pos=154.5  neg=1199.5  |  prob: pos_wins=0.996 (goal→1.0)  |  gap=-8.164  loss=1.8388
[LOSS] alignment_loss_type=d3tw_char_pool  d3tw_loss=1.8388  d3tw_cost_pos=154.5069  d3tw_cost_neg=1199.5317  total_loss=1.8465  char_pool_loss=0.0154  effective_char_pool_weight=0.5000  char_pool_acc_top1=0.9971  char_pool_acc_top5=1.0000  char_pool_valid_chars=2080  char_pool_num_chars=2080  window_size=16  stride=16  window_overlap_mode=no_overlap  num_windows=64  sequence_length=128
Epoch 22, Batch 151, Loss: 1.8465
Epoch 22, Batch 152, Loss: 2.0541
Epoch 22, Batch 153, Loss: 1.9764
Epoch 22, Batch 154, Loss: 2.1114
Epoch 22, Batch 155, Loss: 2.0610
Epoch 22, Batch 156, Loss: 1.9646
Epoch 22, Batch 157, Loss: 2.0752
Epoch 22, Batch 158, Loss: 2.1219
Epoch 22, Batch 159, Loss: 2.1221
Epoch 22, Batch 160, Loss: 1.9433
[DTW] raw: pos=159.3  neg=1181.8  |  prob: pos_wins=0.995 (goal→1.0)  |  gap=-7.988  loss=2.0146
[LOSS] alignment_loss_type=d3tw_char_pool  d3tw_loss=2.0146  d3tw_cost_pos=159.2526  d3tw_cost_neg=1181.7699  total_loss=2.0186  char_pool_loss=0.0078  effective_char_pool_weight=0.5000  char_pool_acc_top1=0.9990  char_pool_acc_top5=1.0000  char_pool_valid_chars=2080  char_pool_num_chars=2080  window_size=16  stride=16  window_overlap_mode=no_overlap  num_windows=64  sequence_length=128
Epoch 22, Batch 161, Loss: 2.0186
Epoch 22, Batch 162, Loss: 2.0428
Epoch 22, Batch 163, Loss: 2.0299
Epoch 22, Batch 164, Loss: 2.0830
Epoch 22, Batch 165, Loss: 2.0745
Epoch 22, Batch 166, Loss: 1.9863
Epoch 22, Batch 167, Loss: 1.8916
Epoch 22, Batch 168, Loss: 1.9627
Epoch 22, Batch 169, Loss: 2.0911
Epoch 22, Batch 170, Loss: 2.0274
[DTW] raw: pos=159.2  neg=1176.3  |  prob: pos_wins=0.994 (goal→1.0)  |  gap=-7.946  loss=2.0549
[LOSS] alignment_loss_type=d3tw_char_pool  d3tw_loss=2.0549  d3tw_cost_pos=159.1859  d3tw_cost_neg=1176.2700  total_loss=2.0637  char_pool_loss=0.0176  effective_char_pool_weight=0.5000  char_pool_acc_top1=0.9976  char_pool_acc_top5=0.9990  char_pool_valid_chars=2080  char_pool_num_chars=2080  window_size=16  stride=16  window_overlap_mode=no_overlap  num_windows=64  sequence_length=128
Epoch 22, Batch 171, Loss: 2.0637
Epoch 22, Batch 172, Loss: 2.0404
Epoch 22, Batch 173, Loss: 2.0317
Epoch 22, Batch 174, Loss: 1.9547
Epoch 22, Batch 175, Loss: 2.0834
Epoch 22, Batch 176, Loss: 2.0749
Epoch 22, Batch 177, Loss: 2.0362
Epoch 22, Batch 178, Loss: 2.0644
Epoch 22, Batch 179, Loss: 1.9792
Epoch 22, Batch 180, Loss: 2.0529
[DTW] raw: pos=160.5  neg=1175.4  |  prob: pos_wins=0.994 (goal→1.0)  |  gap=-7.929  loss=2.0714
[LOSS] alignment_loss_type=d3tw_char_pool  d3tw_loss=2.0714  d3tw_cost_pos=160.4896  d3tw_cost_neg=1175.4363  total_loss=2.0762  char_pool_loss=0.0096  effective_char_pool_weight=0.5000  char_pool_acc_top1=0.9981  char_pool_acc_top5=1.0000  char_pool_valid_chars=2080  char_pool_num_chars=2080  window_size=16  stride=16  window_overlap_mode=no_overlap  num_windows=64  sequence_length=128
Epoch 22, Batch 181, Loss: 2.0762
Epoch 22, Batch 182, Loss: 2.0584
Epoch 22, Batch 183, Loss: 1.9698
Epoch 22, Batch 184, Loss: 2.1176
Epoch 22, Batch 185, Loss: 1.9955
Epoch 22, Batch 186, Loss: 1.9414
Epoch 22, Batch 187, Loss: 2.0826
Epoch 22, Batch 188, Loss: 1.9757
Epoch 22 - Train Loss: 2.0276
[DTW] raw: pos=160.9  neg=1185.2  |  prob: pos_wins=0.994 (goal→1.0)  |  gap=-8.002  loss=2.0030
[LOSS] alignment_loss_type=d3tw_char_pool  d3tw_loss=2.0030  d3tw_cost_pos=160.9323  d3tw_cost_neg=1185.1664  total_loss=2.0167  char_pool_loss=0.0273  effective_char_pool_weight=0.5000  char_pool_acc_top1=0.9976  char_pool_acc_top5=0.9986  char_pool_valid_chars=2080  char_pool_num_chars=2080  window_size=16  stride=16  window_overlap_mode=no_overlap  num_windows=64  sequence_length=128
[DTW] raw: pos=161.1  neg=1192.6  |  prob: pos_wins=0.995 (goal→1.0)  |  gap=-8.059  loss=1.9421
[LOSS] alignment_loss_type=d3tw_char_pool  d3tw_loss=1.9421  d3tw_cost_pos=161.1064  d3tw_cost_neg=1192.6202  total_loss=1.9496  char_pool_loss=0.0150  effective_char_pool_weight=0.5000  char_pool_acc_top1=0.9986  char_pool_acc_top5=0.9995  char_pool_valid_chars=2080  char_pool_num_chars=2080  window_size=16  stride=16  window_overlap_mode=no_overlap  num_windows=64  sequence_length=128
[DTW] raw: pos=161.4  neg=1186.0  |  prob: pos_wins=0.995 (goal→1.0)  |  gap=-8.005  loss=1.9959
[LOSS] alignment_loss_type=d3tw_char_pool  d3tw_loss=1.9959  d3tw_cost_pos=161.3889  d3tw_cost_neg=1186.0309  total_loss=2.0011  char_pool_loss=0.0104  effective_char_pool_weight=0.5000  char_pool_acc_top1=0.9976  char_pool_acc_top5=1.0000  char_pool_valid_chars=2080  char_pool_num_chars=2080  window_size=16  stride=16  window_overlap_mode=no_overlap  num_windows=64  sequence_length=128
[DTW] raw: pos=160.0  neg=1180.5  |  prob: pos_wins=0.995 (goal→1.0)  |  gap=-7.972  loss=2.0276
[LOSS] alignment_loss_type=d3tw_char_pool  d3tw_loss=2.0276  d3tw_cost_pos=159.9847  d3tw_cost_neg=1180.4603  total_loss=2.0412  char_pool_loss=0.0272  effective_char_pool_weight=0.5000  char_pool_acc_top1=0.9966  char_pool_acc_top5=0.9990  char_pool_valid_chars=2080  char_pool_num_chars=2080  window_size=16  stride=16  window_overlap_mode=no_overlap  num_windows=64  sequence_length=128
[DTW] raw: pos=157.7  neg=1203.9  |  prob: pos_wins=0.995 (goal→1.0)  |  gap=-8.174  loss=1.8267
[LOSS] alignment_loss_type=d3tw_char_pool  d3tw_loss=1.8267  d3tw_cost_pos=157.7304  d3tw_cost_neg=1203.9436  total_loss=1.8400  char_pool_loss=0.0268  effective_char_pool_weight=0.5000  char_pool_acc_top1=0.9976  char_pool_acc_top5=0.9981  char_pool_valid_chars=2080  char_pool_num_chars=2080  window_size=16  stride=16  window_overlap_mode=no_overlap  num_windows=64  sequence_length=128
[DTW] raw: pos=159.0  neg=1189.5  |  prob: pos_wins=0.995 (goal→1.0)  |  gap=-8.051  loss=1.9495
[LOSS] alignment_loss_type=d3tw_char_pool  d3tw_loss=1.9495  d3tw_cost_pos=159.0256  d3tw_cost_neg=1189.5342  total_loss=1.9664  char_pool_loss=0.0337  effective_char_pool_weight=0.5000  char_pool_acc_top1=0.9971  char_pool_acc_top5=0.9981  char_pool_valid_chars=2080  char_pool_num_chars=2080  window_size=16  stride=16  window_overlap_mode=no_overlap  num_windows=64  sequence_length=128
[DTW] raw: pos=157.7  neg=1193.2  |  prob: pos_wins=0.995 (goal→1.0)  |  gap=-8.090  loss=1.9109
[LOSS] alignment_loss_type=d3tw_char_pool  d3tw_loss=1.9109  d3tw_cost_pos=157.6918  d3tw_cost_neg=1193.1699  total_loss=1.9184  char_pool_loss=0.0149  effective_char_pool_weight=0.5000  char_pool_acc_top1=0.9971  char_pool_acc_top5=0.9995  char_pool_valid_chars=2080  char_pool_num_chars=2080  window_size=16  stride=16  window_overlap_mode=no_overlap  num_windows=64  sequence_length=128
Epoch 22 - Validation Loss: 1.9966
Epoch 22 completed in 13m 59.79s
Epoch 22 - Peak GPU memory: 2267.0 MB
============================================================
Epoch 23 - Soft-DTW gamma: 0.100000
[DTW] raw: pos=156.6  neg=1187.4  |  prob: pos_wins=0.995 (goal→1.0)  |  gap=-8.054  loss=1.9476
[LOSS] alignment_loss_type=d3tw_char_pool  d3tw_loss=1.9476  d3tw_cost_pos=156.5734  d3tw_cost_neg=1187.4330  total_loss=1.9589  char_pool_loss=0.0226  effective_char_pool_weight=0.5000  char_pool_acc_top1=0.9971  char_pool_acc_top5=0.9990  char_pool_valid_chars=2080  char_pool_num_chars=2080  window_size=16  stride=16  window_overlap_mode=no_overlap  num_windows=64  sequence_length=128
Epoch 23, Batch 1, Loss: 1.9589
Epoch 23, Batch 2, Loss: 1.9971
Epoch 23, Batch 3, Loss: 1.9713
Epoch 23, Batch 4, Loss: 2.0583
Epoch 23, Batch 5, Loss: 2.0798
Epoch 23, Batch 6, Loss: 2.0299
Epoch 23, Batch 7, Loss: 2.0063
Epoch 23, Batch 8, Loss: 2.1587
Epoch 23, Batch 9, Loss: 2.0316
Epoch 23, Batch 10, Loss: 2.0140
[DTW] raw: pos=162.6  neg=1179.1  |  prob: pos_wins=0.994 (goal→1.0)  |  gap=-7.941  loss=2.0587
[LOSS] alignment_loss_type=d3tw_char_pool  d3tw_loss=2.0587  d3tw_cost_pos=162.6488  d3tw_cost_neg=1179.1425  total_loss=2.0793  char_pool_loss=0.0412  effective_char_pool_weight=0.5000  char_pool_acc_top1=0.9957  char_pool_acc_top5=0.9986  char_pool_valid_chars=2080  char_pool_num_chars=2080  window_size=16  stride=16  window_overlap_mode=no_overlap  num_windows=64  sequence_length=128
Epoch 23, Batch 11, Loss: 2.0793
Epoch 23, Batch 12, Loss: 2.0432
Epoch 23, Batch 13, Loss: 1.9818
Epoch 23, Batch 14, Loss: 1.8965
Epoch 23, Batch 15, Loss: 1.9906
Epoch 23, Batch 16, Loss: 2.0123
Epoch 23, Batch 17, Loss: 1.9424
Epoch 23, Batch 18, Loss: 1.9907
Epoch 23, Batch 19, Loss: 2.0840
Epoch 23, Batch 20, Loss: 2.0841
[DTW] raw: pos=161.5  neg=1192.5  |  prob: pos_wins=0.995 (goal→1.0)  |  gap=-8.054  loss=1.9460
[LOSS] alignment_loss_type=d3tw_char_pool  d3tw_loss=1.9460  d3tw_cost_pos=161.4953  d3tw_cost_neg=1192.4623  total_loss=1.9642  char_pool_loss=0.0364  effective_char_pool_weight=0.5000  char_pool_acc_top1=0.9966  char_pool_acc_top5=0.9981  char_pool_valid_chars=2080  char_pool_num_chars=2080  window_size=16  stride=16  window_overlap_mode=no_overlap  num_windows=64  sequence_length=128
Epoch 23, Batch 21, Loss: 1.9642
Epoch 23, Batch 22, Loss: 2.1078
Epoch 23, Batch 23, Loss: 1.9628
Epoch 23, Batch 24, Loss: 2.1059
Epoch 23, Batch 25, Loss: 1.9664
Epoch 23, Batch 26, Loss: 1.9308
Epoch 23, Batch 27, Loss: 2.0072
Epoch 23, Batch 28, Loss: 2.1041
Epoch 23, Batch 29, Loss: 1.8871
Epoch 23, Batch 30, Loss: 2.0141
[DTW] raw: pos=154.4  neg=1179.7  |  prob: pos_wins=0.994 (goal→1.0)  |  gap=-8.010  loss=1.9904
[LOSS] alignment_loss_type=d3tw_char_pool  d3tw_loss=1.9904  d3tw_cost_pos=154.4178  d3tw_cost_neg=1179.7219  total_loss=1.9980  char_pool_loss=0.0152  effective_char_pool_weight=0.5000  char_pool_acc_top1=0.9971  char_pool_acc_top5=1.0000  char_pool_valid_chars=2080  char_pool_num_chars=2080  window_size=16  stride=16  window_overlap_mode=no_overlap  num_windows=64  sequence_length=128
Epoch 23, Batch 31, Loss: 1.9980
Epoch 23, Batch 32, Loss: 2.0321
Epoch 23, Batch 33, Loss: 2.0262
Epoch 23, Batch 34, Loss: 2.0041
Epoch 23, Batch 35, Loss: 2.0643
Epoch 23, Batch 36, Loss: 2.0030
Epoch 23, Batch 37, Loss: 2.0882
Epoch 23, Batch 38, Loss: 2.0831
Epoch 23, Batch 39, Loss: 2.0679
Epoch 23, Batch 40, Loss: 2.1018
[DTW] raw: pos=158.3  neg=1181.2  |  prob: pos_wins=0.995 (goal→1.0)  |  gap=-7.991  loss=2.0116
[LOSS] alignment_loss_type=d3tw_char_pool  d3tw_loss=2.0116  d3tw_cost_pos=158.2714  d3tw_cost_neg=1181.1604  total_loss=2.0208  char_pool_loss=0.0182  effective_char_pool_weight=0.5000  char_pool_acc_top1=0.9971  char_pool_acc_top5=0.9995  char_pool_valid_chars=2080  char_pool_num_chars=2080  window_size=16  stride=16  window_overlap_mode=no_overlap  num_windows=64  sequence_length=128
Epoch 23, Batch 41, Loss: 2.0208
Epoch 23, Batch 42, Loss: 2.0043
Epoch 23, Batch 43, Loss: 2.0279
Epoch 23, Batch 44, Loss: 2.0568
Epoch 23, Batch 45, Loss: 1.9687
Epoch 23, Batch 46, Loss: 1.9636
Epoch 23, Batch 47, Loss: 1.8929
Epoch 23, Batch 48, Loss: 1.9892
Epoch 23, Batch 49, Loss: 2.0921
Epoch 23, Batch 50, Loss: 2.0262
[DTW] raw: pos=155.4  neg=1180.6  |  prob: pos_wins=0.995 (goal→1.0)  |  gap=-8.009  loss=1.9925
[LOSS] alignment_loss_type=d3tw_char_pool  d3tw_loss=1.9925  d3tw_cost_pos=155.4149  d3tw_cost_neg=1180.6178  total_loss=1.9978  char_pool_loss=0.0106  effective_char_pool_weight=0.5000  char_pool_acc_top1=0.9986  char_pool_acc_top5=0.9995  char_pool_valid_chars=2080  char_pool_num_chars=2080  window_size=16  stride=16  window_overlap_mode=no_overlap  num_windows=64  sequence_length=128
Epoch 23, Batch 51, Loss: 1.9978
Epoch 23, Batch 52, Loss: 1.9666
Epoch 23, Batch 53, Loss: 2.0558
Epoch 23, Batch 54, Loss: 2.0265
Epoch 23, Batch 55, Loss: 1.9915
Epoch 23, Batch 56, Loss: 2.0592
Epoch 23, Batch 57, Loss: 1.9460
Epoch 23, Batch 58, Loss: 2.0431
Epoch 23, Batch 59, Loss: 1.9650
Epoch 23, Batch 60, Loss: 1.9532
[DTW] raw: pos=161.1  neg=1181.3  |  prob: pos_wins=0.994 (goal→1.0)  |  gap=-7.971  loss=2.0318
[LOSS] alignment_loss_type=d3tw_char_pool  d3tw_loss=2.0318  d3tw_cost_pos=161.0634  d3tw_cost_neg=1181.3364  total_loss=2.0393  char_pool_loss=0.0150  effective_char_pool_weight=0.5000  char_pool_acc_top1=0.9976  char_pool_acc_top5=0.9995  char_pool_valid_chars=2080  char_pool_num_chars=2080  window_size=16  stride=16  window_overlap_mode=no_overlap  num_windows=64  sequence_length=128
Epoch 23, Batch 61, Loss: 2.0393
Epoch 23, Batch 62, Loss: 1.9238
Epoch 23, Batch 63, Loss: 2.0564
Epoch 23, Batch 64, Loss: 2.0006
Epoch 23, Batch 65, Loss: 2.0386
Epoch 23, Batch 66, Loss: 2.0892
Epoch 23, Batch 67, Loss: 2.0351
Epoch 23, Batch 68, Loss: 2.0177
Epoch 23, Batch 69, Loss: 2.1184
Epoch 23, Batch 70, Loss: 2.0329
[DTW] raw: pos=157.3  neg=1192.4  |  prob: pos_wins=0.995 (goal→1.0)  |  gap=-8.086  loss=1.9148
[LOSS] alignment_loss_type=d3tw_char_pool  d3tw_loss=1.9148  d3tw_cost_pos=157.3499  d3tw_cost_neg=1192.4128  total_loss=1.9175  char_pool_loss=0.0055  effective_char_pool_weight=0.5000  char_pool_acc_top1=0.9995  char_pool_acc_top5=1.0000  char_pool_valid_chars=2080  char_pool_num_chars=2080  window_size=16  stride=16  window_overlap_mode=no_overlap  num_windows=64  sequence_length=128
Epoch 23, Batch 71, Loss: 1.9175
Epoch 23, Batch 72, Loss: 1.9596
Epoch 23, Batch 73, Loss: 2.0265
Epoch 23, Batch 74, Loss: 2.0482
Epoch 23, Batch 75, Loss: 1.9730
Epoch 23, Batch 76, Loss: 2.0040
Epoch 23, Batch 77, Loss: 2.2027
Epoch 23, Batch 78, Loss: 2.0407
Epoch 23, Batch 79, Loss: 2.0673
Epoch 23, Batch 80, Loss: 2.0115
[DTW] raw: pos=159.2  neg=1173.1  |  prob: pos_wins=0.994 (goal→1.0)  |  gap=-7.921  loss=2.0788
[LOSS] alignment_loss_type=d3tw_char_pool  d3tw_loss=2.0788  d3tw_cost_pos=159.1655  d3tw_cost_neg=1173.0796  total_loss=2.0965  char_pool_loss=0.0355  effective_char_pool_weight=0.5000  char_pool_acc_top1=0.9976  char_pool_acc_top5=0.9976  char_pool_valid_chars=2080  char_pool_num_chars=2080  window_size=16  stride=16  window_overlap_mode=no_overlap  num_windows=64  sequence_length=128
Epoch 23, Batch 81, Loss: 2.0965
Epoch 23, Batch 82, Loss: 2.0532
Epoch 23, Batch 83, Loss: 1.9872
Epoch 23, Batch 84, Loss: 2.0212
Epoch 23, Batch 85, Loss: 2.0127
Epoch 23, Batch 86, Loss: 1.9959
Epoch 23, Batch 87, Loss: 2.0488
Epoch 23, Batch 88, Loss: 2.0256
Epoch 23, Batch 89, Loss: 2.0386
Epoch 23, Batch 90, Loss: 2.0051
[DTW] raw: pos=161.0  neg=1170.6  |  prob: pos_wins=0.994 (goal→1.0)  |  gap=-7.888  loss=2.1125
[LOSS] alignment_loss_type=d3tw_char_pool  d3tw_loss=2.1125  d3tw_cost_pos=160.9756  d3tw_cost_neg=1170.5791  total_loss=2.1255  char_pool_loss=0.0260  effective_char_pool_weight=0.5000  char_pool_acc_top1=0.9962  char_pool_acc_top5=0.9990  char_pool_valid_chars=2080  char_pool_num_chars=2080  window_size=16  stride=16  window_overlap_mode=no_overlap  num_windows=64  sequence_length=128
Epoch 23, Batch 91, Loss: 2.1255
Epoch 23, Batch 92, Loss: 2.1951
Epoch 23, Batch 93, Loss: 1.9249
Epoch 23, Batch 94, Loss: 2.0604
Epoch 23, Batch 95, Loss: 1.9628
Epoch 23, Batch 96, Loss: 2.0016
Epoch 23, Batch 97, Loss: 2.0006
Epoch 23, Batch 98, Loss: 2.1020
Epoch 23, Batch 99, Loss: 2.0279
Epoch 23, Batch 100, Loss: 2.0477
[DTW] raw: pos=160.2  neg=1175.6  |  prob: pos_wins=0.995 (goal→1.0)  |  gap=-7.933  loss=2.0674
[LOSS] alignment_loss_type=d3tw_char_pool  d3tw_loss=2.0674  d3tw_cost_pos=160.1991  d3tw_cost_neg=1175.6499  total_loss=2.0786  char_pool_loss=0.0223  effective_char_pool_weight=0.5000  char_pool_acc_top1=0.9962  char_pool_acc_top5=1.0000  char_pool_valid_chars=2080  char_pool_num_chars=2080  window_size=16  stride=16  window_overlap_mode=no_overlap  num_windows=64  sequence_length=128
Epoch 23, Batch 101, Loss: 2.0786
Epoch 23, Batch 102, Loss: 2.0772
Epoch 23, Batch 103, Loss: 2.0081
Epoch 23, Batch 104, Loss: 2.1072
Epoch 23, Batch 105, Loss: 2.0096
Epoch 23, Batch 106, Loss: 1.9134
Epoch 23, Batch 107, Loss: 2.0014
Epoch 23, Batch 108, Loss: 2.1625
Epoch 23, Batch 109, Loss: 1.9741
Epoch 23, Batch 110, Loss: 2.0691
[DTW] raw: pos=155.9  neg=1195.5  |  prob: pos_wins=0.995 (goal→1.0)  |  gap=-8.122  loss=1.8806
[LOSS] alignment_loss_type=d3tw_char_pool  d3tw_loss=1.8806  d3tw_cost_pos=155.8566  d3tw_cost_neg=1195.4904  total_loss=1.8883  char_pool_loss=0.0154  effective_char_pool_weight=0.5000  char_pool_acc_top1=0.9986  char_pool_acc_top5=0.9990  char_pool_valid_chars=2080  char_pool_num_chars=2080  window_size=16  stride=16  window_overlap_mode=no_overlap  num_windows=64  sequence_length=128
Epoch 23, Batch 111, Loss: 1.8883
Epoch 23, Batch 112, Loss: 2.0083
Epoch 23, Batch 113, Loss: 2.0264
Epoch 23, Batch 114, Loss: 1.8847
Epoch 23, Batch 115, Loss: 2.0248
Epoch 23, Batch 116, Loss: 2.0142
Epoch 23, Batch 117, Loss: 1.9853
Epoch 23, Batch 118, Loss: 2.0669
Epoch 23, Batch 119, Loss: 2.0736
Epoch 23, Batch 120, Loss: 2.1871
[DTW] raw: pos=161.3  neg=1185.2  |  prob: pos_wins=0.994 (goal→1.0)  |  gap=-7.999  loss=2.0016
[LOSS] alignment_loss_type=d3tw_char_pool  d3tw_loss=2.0016  d3tw_cost_pos=161.2856  d3tw_cost_neg=1185.1760  total_loss=2.0086  char_pool_loss=0.0140  effective_char_pool_weight=0.5000  char_pool_acc_top1=0.9986  char_pool_acc_top5=0.9990  char_pool_valid_chars=2080  char_pool_num_chars=2080  window_size=16  stride=16  window_overlap_mode=no_overlap  num_windows=64  sequence_length=128
Epoch 23, Batch 121, Loss: 2.0086
Epoch 23, Batch 122, Loss: 2.0699
Epoch 23, Batch 123, Loss: 2.1828
Epoch 23, Batch 124, Loss: 2.0755
Epoch 23, Batch 125, Loss: 1.9898
Epoch 23, Batch 126, Loss: 1.9153
Epoch 23, Batch 127, Loss: 1.9540
Epoch 23, Batch 128, Loss: 2.0099
Epoch 23, Batch 129, Loss: 1.9319
Epoch 23, Batch 130, Loss: 2.0433
[DTW] raw: pos=162.6  neg=1179.8  |  prob: pos_wins=0.994 (goal→1.0)  |  gap=-7.947  loss=2.0549
[LOSS] alignment_loss_type=d3tw_char_pool  d3tw_loss=2.0549  d3tw_cost_pos=162.6372  d3tw_cost_neg=1179.7928  total_loss=2.0589  char_pool_loss=0.0080  effective_char_pool_weight=0.5000  char_pool_acc_top1=0.9986  char_pool_acc_top5=1.0000  char_pool_valid_chars=2080  char_pool_num_chars=2080  window_size=16  stride=16  window_overlap_mode=no_overlap  num_windows=64  sequence_length=128
Epoch 23, Batch 131, Loss: 2.0589
Epoch 23, Batch 132, Loss: 1.9910
Epoch 23, Batch 133, Loss: 1.9464
Epoch 23, Batch 134, Loss: 2.1145
Epoch 23, Batch 135, Loss: 2.0152
Epoch 23, Batch 136, Loss: 2.0312
Epoch 23, Batch 137, Loss: 1.9903
Epoch 23, Batch 138, Loss: 1.9702
Epoch 23, Batch 139, Loss: 2.1266
Epoch 23, Batch 140, Loss: 2.1049
[DTW] raw: pos=161.7  neg=1177.5  |  prob: pos_wins=0.994 (goal→1.0)  |  gap=-7.936  loss=2.0641
[LOSS] alignment_loss_type=d3tw_char_pool  d3tw_loss=2.0641  d3tw_cost_pos=161.6920  d3tw_cost_neg=1177.4769  total_loss=2.0831  char_pool_loss=0.0380  effective_char_pool_weight=0.5000  char_pool_acc_top1=0.9962  char_pool_acc_top5=0.9986  char_pool_valid_chars=2080  char_pool_num_chars=2080  window_size=16  stride=16  window_overlap_mode=no_overlap  num_windows=64  sequence_length=128
Epoch 23, Batch 141, Loss: 2.0831
Epoch 23, Batch 142, Loss: 2.0257
Epoch 23, Batch 143, Loss: 1.9827
Epoch 23, Batch 144, Loss: 2.0898
Epoch 23, Batch 145, Loss: 2.0778
Epoch 23, Batch 146, Loss: 1.8986
Epoch 23, Batch 147, Loss: 2.0709
Epoch 23, Batch 148, Loss: 2.0718
Epoch 23, Batch 149, Loss: 2.1207
Epoch 23, Batch 150, Loss: 1.9606
[DTW] raw: pos=155.8  neg=1183.8  |  prob: pos_wins=0.995 (goal→1.0)  |  gap=-8.031  loss=1.9690
[LOSS] alignment_loss_type=d3tw_char_pool  d3tw_loss=1.9690  d3tw_cost_pos=155.8381  d3tw_cost_neg=1183.8120  total_loss=1.9691  char_pool_loss=0.0002  effective_char_pool_weight=0.5000  char_pool_acc_top1=1.0000  char_pool_acc_top5=1.0000  char_pool_valid_chars=2080  char_pool_num_chars=2080  window_size=16  stride=16  window_overlap_mode=no_overlap  num_windows=64  sequence_length=128
Epoch 23, Batch 151, Loss: 1.9691
Epoch 23, Batch 152, Loss: 2.0226
Epoch 23, Batch 153, Loss: 1.9588
Epoch 23, Batch 154, Loss: 2.0126
Epoch 23, Batch 155, Loss: 1.9842
Epoch 23, Batch 156, Loss: 2.0321
Epoch 23, Batch 157, Loss: 1.9226
Epoch 23, Batch 158, Loss: 2.0995
Epoch 23, Batch 159, Loss: 2.0725
Epoch 23, Batch 160, Loss: 2.0625
[DTW] raw: pos=161.0  neg=1177.5  |  prob: pos_wins=0.994 (goal→1.0)  |  gap=-7.942  loss=2.0596
[LOSS] alignment_loss_type=d3tw_char_pool  d3tw_loss=2.0596  d3tw_cost_pos=160.9542  d3tw_cost_neg=1177.5427  total_loss=2.0719  char_pool_loss=0.0246  effective_char_pool_weight=0.5000  char_pool_acc_top1=0.9966  char_pool_acc_top5=0.9986  char_pool_valid_chars=2080  char_pool_num_chars=2080  window_size=16  stride=16  window_overlap_mode=no_overlap  num_windows=64  sequence_length=128
Epoch 23, Batch 161, Loss: 2.0719
Epoch 23, Batch 162, Loss: 2.0026
Epoch 23, Batch 163, Loss: 1.9802
Epoch 23, Batch 164, Loss: 1.9454
Epoch 23, Batch 165, Loss: 1.9605
Epoch 23, Batch 166, Loss: 2.0074
Epoch 23, Batch 167, Loss: 1.8780
Epoch 23, Batch 168, Loss: 2.1284
Epoch 23, Batch 169, Loss: 1.9648
Epoch 23, Batch 170, Loss: 1.8932
[DTW] raw: pos=155.5  neg=1189.9  |  prob: pos_wins=0.995 (goal→1.0)  |  gap=-8.081  loss=1.9186
[LOSS] alignment_loss_type=d3tw_char_pool  d3tw_loss=1.9186  d3tw_cost_pos=155.5045  d3tw_cost_neg=1189.9316  total_loss=1.9206  char_pool_loss=0.0040  effective_char_pool_weight=0.5000  char_pool_acc_top1=0.9990  char_pool_acc_top5=1.0000  char_pool_valid_chars=2080  char_pool_num_chars=2080  window_size=16  stride=16  window_overlap_mode=no_overlap  num_windows=64  sequence_length=128
Epoch 23, Batch 171, Loss: 1.9206
Epoch 23, Batch 172, Loss: 1.9896
Epoch 23, Batch 173, Loss: 1.9509
Epoch 23, Batch 174, Loss: 2.1741
Epoch 23, Batch 175, Loss: 2.0865
Epoch 23, Batch 176, Loss: 1.9653
Epoch 23, Batch 177, Loss: 1.9770
Epoch 23, Batch 178, Loss: 2.1052
Epoch 23, Batch 179, Loss: 1.9682
Epoch 23, Batch 180, Loss: 1.9767
[DTW] raw: pos=158.0  neg=1178.4  |  prob: pos_wins=0.994 (goal→1.0)  |  gap=-7.972  loss=2.0307
[LOSS] alignment_loss_type=d3tw_char_pool  d3tw_loss=2.0307  d3tw_cost_pos=157.9666  d3tw_cost_neg=1178.3724  total_loss=2.0411  char_pool_loss=0.0208  effective_char_pool_weight=0.5000  char_pool_acc_top1=0.9957  char_pool_acc_top5=0.9995  char_pool_valid_chars=2080  char_pool_num_chars=2080  window_size=16  stride=16  window_overlap_mode=no_overlap  num_windows=64  sequence_length=128
Epoch 23, Batch 181, Loss: 2.0411
Epoch 23, Batch 182, Loss: 1.9365
Epoch 23, Batch 183, Loss: 1.9663
Epoch 23, Batch 184, Loss: 2.0750
Epoch 23, Batch 185, Loss: 2.0456
Epoch 23, Batch 186, Loss: 1.9947
Epoch 23, Batch 187, Loss: 1.9691
Epoch 23, Batch 188, Loss: 2.0222
Epoch 23 - Train Loss: 2.0209
[DTW] raw: pos=157.7  neg=1170.9  |  prob: pos_wins=0.994 (goal→1.0)  |  gap=-7.915  loss=2.0872
[LOSS] alignment_loss_type=d3tw_char_pool  d3tw_loss=2.0872  d3tw_cost_pos=157.7322  d3tw_cost_neg=1170.8657  total_loss=2.0925  char_pool_loss=0.0106  effective_char_pool_weight=0.5000  char_pool_acc_top1=0.9976  char_pool_acc_top5=1.0000  char_pool_valid_chars=2080  char_pool_num_chars=2080  window_size=16  stride=16  window_overlap_mode=no_overlap  num_windows=64  sequence_length=128
[DTW] raw: pos=161.6  neg=1188.9  |  prob: pos_wins=0.995 (goal→1.0)  |  gap=-8.026  loss=1.9752
[LOSS] alignment_loss_type=d3tw_char_pool  d3tw_loss=1.9752  d3tw_cost_pos=161.5542  d3tw_cost_neg=1188.9351  total_loss=1.9865  char_pool_loss=0.0226  effective_char_pool_weight=0.5000  char_pool_acc_top1=0.9976  char_pool_acc_top5=0.9986  char_pool_valid_chars=2080  char_pool_num_chars=2080  window_size=16  stride=16  window_overlap_mode=no_overlap  num_windows=64  sequence_length=128
[DTW] raw: pos=161.4  neg=1188.6  |  prob: pos_wins=0.995 (goal→1.0)  |  gap=-8.025  loss=1.9755
[LOSS] alignment_loss_type=d3tw_char_pool  d3tw_loss=1.9755  d3tw_cost_pos=161.3767  d3tw_cost_neg=1188.5938  total_loss=1.9867  char_pool_loss=0.0223  effective_char_pool_weight=0.5000  char_pool_acc_top1=0.9971  char_pool_acc_top5=0.9990  char_pool_valid_chars=2080  char_pool_num_chars=2080  window_size=16  stride=16  window_overlap_mode=no_overlap  num_windows=64  sequence_length=128
[DTW] raw: pos=157.2  neg=1185.7  |  prob: pos_wins=0.995 (goal→1.0)  |  gap=-8.035  loss=1.9653
[LOSS] alignment_loss_type=d3tw_char_pool  d3tw_loss=1.9653  d3tw_cost_pos=157.2000  d3tw_cost_neg=1185.6986  total_loss=1.9770  char_pool_loss=0.0234  effective_char_pool_weight=0.5000  char_pool_acc_top1=0.9971  char_pool_acc_top5=0.9995  char_pool_valid_chars=2080  char_pool_num_chars=2080  window_size=16  stride=16  window_overlap_mode=no_overlap  num_windows=64  sequence_length=128
[DTW] raw: pos=157.8  neg=1187.5  |  prob: pos_wins=0.995 (goal→1.0)  |  gap=-8.044  loss=1.9563
[LOSS] alignment_loss_type=d3tw_char_pool  d3tw_loss=1.9563  d3tw_cost_pos=157.8189  d3tw_cost_neg=1187.5132  total_loss=1.9704  char_pool_loss=0.0282  effective_char_pool_weight=0.5000  char_pool_acc_top1=0.9966  char_pool_acc_top5=0.9995  char_pool_valid_chars=2080  char_pool_num_chars=2080  window_size=16  stride=16  window_overlap_mode=no_overlap  num_windows=64  sequence_length=128
[DTW] raw: pos=157.2  neg=1171.8  |  prob: pos_wins=0.994 (goal→1.0)  |  gap=-7.926  loss=2.0744
[LOSS] alignment_loss_type=d3tw_char_pool  d3tw_loss=2.0744  d3tw_cost_pos=157.2364  d3tw_cost_neg=1171.7998  total_loss=2.0893  char_pool_loss=0.0299  effective_char_pool_weight=0.5000  char_pool_acc_top1=0.9971  char_pool_acc_top5=0.9986  char_pool_valid_chars=2080  char_pool_num_chars=2080  window_size=16  stride=16  window_overlap_mode=no_overlap  num_windows=64  sequence_length=128
[DTW] raw: pos=157.7  neg=1185.5  |  prob: pos_wins=0.994 (goal→1.0)  |  gap=-8.030  loss=1.9712
[LOSS] alignment_loss_type=d3tw_char_pool  d3tw_loss=1.9712  d3tw_cost_pos=157.6703  d3tw_cost_neg=1185.5278  total_loss=1.9792  char_pool_loss=0.0159  effective_char_pool_weight=0.5000  char_pool_acc_top1=0.9981  char_pool_acc_top5=0.9995  char_pool_valid_chars=2080  char_pool_num_chars=2080  window_size=16  stride=16  window_overlap_mode=no_overlap  num_windows=64  sequence_length=128
Epoch 23 - Validation Loss: 2.0070
Epoch 23 completed in 13m 51.36s
Epoch 23 - Peak GPU memory: 2267.0 MB
============================================================
Epoch 24 - Soft-DTW gamma: 0.100000
[DTW] raw: pos=160.3  neg=1168.6  |  prob: pos_wins=0.994 (goal→1.0)  |  gap=-7.877  loss=2.1235
[LOSS] alignment_loss_type=d3tw_char_pool  d3tw_loss=2.1235  d3tw_cost_pos=160.2783  d3tw_cost_neg=1168.5732  total_loss=2.1267  char_pool_loss=0.0065  effective_char_pool_weight=0.5000  char_pool_acc_top1=0.9986  char_pool_acc_top5=1.0000  char_pool_valid_chars=2080  char_pool_num_chars=2080  window_size=16  stride=16  window_overlap_mode=no_overlap  num_windows=64  sequence_length=128
Epoch 24, Batch 1, Loss: 2.1267
Epoch 24, Batch 2, Loss: 2.1237
Epoch 24, Batch 3, Loss: 2.0609
Epoch 24, Batch 4, Loss: 1.9903
Epoch 24, Batch 5, Loss: 2.1166
Epoch 24, Batch 6, Loss: 2.0267
Epoch 24, Batch 7, Loss: 1.9250
Epoch 24, Batch 8, Loss: 2.0136
Epoch 24, Batch 9, Loss: 1.9288
Epoch 24, Batch 10, Loss: 2.0218
[DTW] raw: pos=157.5  neg=1189.6  |  prob: pos_wins=0.995 (goal→1.0)  |  gap=-8.063  loss=1.9382
[LOSS] alignment_loss_type=d3tw_char_pool  d3tw_loss=1.9382  d3tw_cost_pos=157.4570  d3tw_cost_neg=1189.5669  total_loss=1.9403  char_pool_loss=0.0043  effective_char_pool_weight=0.5000  char_pool_acc_top1=0.9990  char_pool_acc_top5=1.0000  char_pool_valid_chars=2080  char_pool_num_chars=2080  window_size=16  stride=16  window_overlap_mode=no_overlap  num_windows=64  sequence_length=128
Epoch 24, Batch 11, Loss: 1.9403
Epoch 24, Batch 12, Loss: 1.9245
Epoch 24, Batch 13, Loss: 1.9439
Epoch 24, Batch 14, Loss: 2.0337
Epoch 24, Batch 15, Loss: 2.0183
Epoch 24, Batch 16, Loss: 1.9263
Epoch 24, Batch 17, Loss: 2.0379
Epoch 24, Batch 18, Loss: 1.9651
Epoch 24, Batch 19, Loss: 2.0128
Epoch 24, Batch 20, Loss: 1.9948
[DTW] raw: pos=157.5  neg=1187.3  |  prob: pos_wins=0.995 (goal→1.0)  |  gap=-8.045  loss=1.9548
[LOSS] alignment_loss_type=d3tw_char_pool  d3tw_loss=1.9548  d3tw_cost_pos=157.4988  d3tw_cost_neg=1187.2710  total_loss=1.9628  char_pool_loss=0.0159  effective_char_pool_weight=0.5000  char_pool_acc_top1=0.9986  char_pool_acc_top5=0.9990  char_pool_valid_chars=2080  char_pool_num_chars=2080  window_size=16  stride=16  window_overlap_mode=no_overlap  num_windows=64  sequence_length=128
Epoch 24, Batch 21, Loss: 1.9628
Epoch 24, Batch 22, Loss: 2.0429
Epoch 24, Batch 23, Loss: 2.0766
Epoch 24, Batch 24, Loss: 2.1085
Epoch 24, Batch 25, Loss: 2.0044
Epoch 24, Batch 26, Loss: 2.0117
Epoch 24, Batch 27, Loss: 2.0183
Epoch 24, Batch 28, Loss: 2.1398
Epoch 24, Batch 29, Loss: 1.9725
Epoch 24, Batch 30, Loss: 2.0529
[DTW] raw: pos=160.0  neg=1178.1  |  prob: pos_wins=0.995 (goal→1.0)  |  gap=-7.954  loss=2.0456
[LOSS] alignment_loss_type=d3tw_char_pool  d3tw_loss=2.0456  d3tw_cost_pos=159.9532  d3tw_cost_neg=1178.0986  total_loss=2.0537  char_pool_loss=0.0160  effective_char_pool_weight=0.5000  char_pool_acc_top1=0.9981  char_pool_acc_top5=0.9990  char_pool_valid_chars=2080  char_pool_num_chars=2080  window_size=16  stride=16  window_overlap_mode=no_overlap  num_windows=64  sequence_length=128
Epoch 24, Batch 31, Loss: 2.0537
Epoch 24, Batch 32, Loss: 1.9677
Epoch 24, Batch 33, Loss: 1.9817
Epoch 24, Batch 34, Loss: 2.0186
Epoch 24, Batch 35, Loss: 1.9984
Epoch 24, Batch 36, Loss: 2.1756
Epoch 24, Batch 37, Loss: 2.0258
Epoch 24, Batch 38, Loss: 1.9148
Epoch 24, Batch 39, Loss: 2.0424
Epoch 24, Batch 40, Loss: 1.9257
[DTW] raw: pos=160.4  neg=1174.3  |  prob: pos_wins=0.995 (goal→1.0)  |  gap=-7.921  loss=2.0788
[LOSS] alignment_loss_type=d3tw_char_pool  d3tw_loss=2.0788  d3tw_cost_pos=160.4288  d3tw_cost_neg=1174.3346  total_loss=2.0887  char_pool_loss=0.0198  effective_char_pool_weight=0.5000  char_pool_acc_top1=0.9986  char_pool_acc_top5=0.9986  char_pool_valid_chars=2080  char_pool_num_chars=2080  window_size=16  stride=16  window_overlap_mode=no_overlap  num_windows=64  sequence_length=128
Epoch 24, Batch 41, Loss: 2.0887
Epoch 24, Batch 42, Loss: 1.9981
Epoch 24, Batch 43, Loss: 1.9948
Epoch 24, Batch 44, Loss: 2.0871
Epoch 24, Batch 45, Loss: 1.9772
Epoch 24, Batch 46, Loss: 2.1958
Epoch 24, Batch 47, Loss: 2.0320
Epoch 24, Batch 48, Loss: 2.0719
Epoch 24, Batch 49, Loss: 1.9760
Epoch 24, Batch 50, Loss: 1.9962
[DTW] raw: pos=161.0  neg=1187.6  |  prob: pos_wins=0.995 (goal→1.0)  |  gap=-8.020  loss=1.9796
[LOSS] alignment_loss_type=d3tw_char_pool  d3tw_loss=1.9796  d3tw_cost_pos=161.0293  d3tw_cost_neg=1187.6334  total_loss=1.9939  char_pool_loss=0.0287  effective_char_pool_weight=0.5000  char_pool_acc_top1=0.9971  char_pool_acc_top5=0.9986  char_pool_valid_chars=2080  char_pool_num_chars=2080  window_size=16  stride=16  window_overlap_mode=no_overlap  num_windows=64  sequence_length=128
Epoch 24, Batch 51, Loss: 1.9939
Epoch 24, Batch 52, Loss: 2.0301
Epoch 24, Batch 53, Loss: 1.8820
Epoch 24, Batch 54, Loss: 1.9804
Epoch 24, Batch 55, Loss: 2.0205
Epoch 24, Batch 56, Loss: 1.9471
Epoch 24, Batch 57, Loss: 2.0783
Epoch 24, Batch 58, Loss: 1.9551
Epoch 24, Batch 59, Loss: 1.9210
Epoch 24, Batch 60, Loss: 2.0609
[DTW] raw: pos=158.0  neg=1169.3  |  prob: pos_wins=0.994 (goal→1.0)  |  gap=-7.901  loss=2.0991
[LOSS] alignment_loss_type=d3tw_char_pool  d3tw_loss=2.0991  d3tw_cost_pos=157.9572  d3tw_cost_neg=1169.2617  total_loss=2.1027  char_pool_loss=0.0071  effective_char_pool_weight=0.5000  char_pool_acc_top1=0.9995  char_pool_acc_top5=0.9995  char_pool_valid_chars=2080  char_pool_num_chars=2080  window_size=16  stride=16  window_overlap_mode=no_overlap  num_windows=64  sequence_length=128
Epoch 24, Batch 61, Loss: 2.1027
Epoch 24, Batch 62, Loss: 2.0087
Epoch 24, Batch 63, Loss: 2.1132
Epoch 24, Batch 64, Loss: 2.0118
Epoch 24, Batch 65, Loss: 2.0672
Epoch 24, Batch 66, Loss: 2.0685
Epoch 24, Batch 67, Loss: 2.0113
Epoch 24, Batch 68, Loss: 2.0009
Epoch 24, Batch 69, Loss: 1.9896
Epoch 24, Batch 70, Loss: 1.9795
[DTW] raw: pos=154.1  neg=1200.0  |  prob: pos_wins=0.996 (goal→1.0)  |  gap=-8.171  loss=1.8318
[LOSS] alignment_loss_type=d3tw_char_pool  d3tw_loss=1.8318  d3tw_cost_pos=154.0547  d3tw_cost_neg=1199.9873  total_loss=1.8345  char_pool_loss=0.0054  effective_char_pool_weight=0.5000  char_pool_acc_top1=0.9990  char_pool_acc_top5=1.0000  char_pool_valid_chars=2080  char_pool_num_chars=2080  window_size=16  stride=16  window_overlap_mode=no_overlap  num_windows=64  sequence_length=128
Epoch 24, Batch 71, Loss: 1.8345
Epoch 24, Batch 72, Loss: 2.0315
Epoch 24, Batch 73, Loss: 1.9909
Epoch 24, Batch 74, Loss: 2.0178
Epoch 24, Batch 75, Loss: 2.0361
Epoch 24, Batch 76, Loss: 1.9570
Epoch 24, Batch 77, Loss: 2.0117
Epoch 24, Batch 78, Loss: 2.0752
Epoch 24, Batch 79, Loss: 1.9167
Epoch 24, Batch 80, Loss: 2.0907
[DTW] raw: pos=157.3  neg=1188.7  |  prob: pos_wins=0.995 (goal→1.0)  |  gap=-8.058  loss=1.9445
[LOSS] alignment_loss_type=d3tw_char_pool  d3tw_loss=1.9445  d3tw_cost_pos=157.2906  d3tw_cost_neg=1188.7434  total_loss=1.9484  char_pool_loss=0.0078  effective_char_pool_weight=0.5000  char_pool_acc_top1=0.9990  char_pool_acc_top5=1.0000  char_pool_valid_chars=2080  char_pool_num_chars=2080  window_size=16  stride=16  window_overlap_mode=no_overlap  num_windows=64  sequence_length=128
Epoch 24, Batch 81, Loss: 1.9484
Epoch 24, Batch 82, Loss: 2.1437
Epoch 24, Batch 83, Loss: 2.0169
Epoch 24, Batch 84, Loss: 2.0151
Epoch 24, Batch 85, Loss: 1.9985
Epoch 24, Batch 86, Loss: 1.9203
Epoch 24, Batch 87, Loss: 2.0284
Epoch 24, Batch 88, Loss: 2.1373
Epoch 24, Batch 89, Loss: 2.0701
Epoch 24, Batch 90, Loss: 2.0417
[DTW] raw: pos=163.6  neg=1172.4  |  prob: pos_wins=0.993 (goal→1.0)  |  gap=-7.881  loss=2.1209
[LOSS] alignment_loss_type=d3tw_char_pool  d3tw_loss=2.1209  d3tw_cost_pos=163.6430  d3tw_cost_neg=1172.3540  total_loss=2.1212  char_pool_loss=0.0005  effective_char_pool_weight=0.5000  char_pool_acc_top1=1.0000  char_pool_acc_top5=1.0000  char_pool_valid_chars=2080  char_pool_num_chars=2080  window_size=16  stride=16  window_overlap_mode=no_overlap  num_windows=64  sequence_length=128
Epoch 24, Batch 91, Loss: 2.1212
Epoch 24, Batch 92, Loss: 2.0581
Epoch 24, Batch 93, Loss: 2.0360
Epoch 24, Batch 94, Loss: 2.1308
Epoch 24, Batch 95, Loss: 2.1004
Epoch 24, Batch 96, Loss: 2.0919
Epoch 24, Batch 97, Loss: 1.9300
Epoch 24, Batch 98, Loss: 2.0286
Epoch 24, Batch 99, Loss: 2.1732
Epoch 24, Batch 100, Loss: 2.0156
[DTW] raw: pos=158.0  neg=1176.9  |  prob: pos_wins=0.994 (goal→1.0)  |  gap=-7.960  loss=2.0410
[LOSS] alignment_loss_type=d3tw_char_pool  d3tw_loss=2.0410  d3tw_cost_pos=157.9907  d3tw_cost_neg=1176.8594  total_loss=2.0523  char_pool_loss=0.0225  effective_char_pool_weight=0.5000  char_pool_acc_top1=0.9986  char_pool_acc_top5=0.9986  char_pool_valid_chars=2080  char_pool_num_chars=2080  window_size=16  stride=16  window_overlap_mode=no_overlap  num_windows=64  sequence_length=128
Epoch 24, Batch 101, Loss: 2.0523
Epoch 24, Batch 102, Loss: 2.0724
Epoch 24, Batch 103, Loss: 2.0439
Epoch 24, Batch 104, Loss: 1.9932
Epoch 24, Batch 105, Loss: 1.9868
Epoch 24, Batch 106, Loss: 2.1387
Epoch 24, Batch 107, Loss: 2.0420
Epoch 24, Batch 108, Loss: 2.0953
Epoch 24, Batch 109, Loss: 2.0190
Epoch 24, Batch 110, Loss: 2.0437
[DTW] raw: pos=160.1  neg=1171.7  |  prob: pos_wins=0.994 (goal→1.0)  |  gap=-7.903  loss=2.0976
[LOSS] alignment_loss_type=d3tw_char_pool  d3tw_loss=2.0976  d3tw_cost_pos=160.1305  d3tw_cost_neg=1171.6604  total_loss=2.1086  char_pool_loss=0.0221  effective_char_pool_weight=0.5000  char_pool_acc_top1=0.9981  char_pool_acc_top5=0.9995  char_pool_valid_chars=2080  char_pool_num_chars=2080  window_size=16  stride=16  window_overlap_mode=no_overlap  num_windows=64  sequence_length=128
Epoch 24, Batch 111, Loss: 2.1086
Epoch 24, Batch 112, Loss: 2.0434
Epoch 24, Batch 113, Loss: 2.0372
Epoch 24, Batch 114, Loss: 1.9967
Epoch 24, Batch 115, Loss: 1.9814
Epoch 24, Batch 116, Loss: 1.9831
Epoch 24, Batch 117, Loss: 2.0329
Epoch 24, Batch 118, Loss: 1.9258
Epoch 24, Batch 119, Loss: 1.9804
Epoch 24, Batch 120, Loss: 1.9432
[DTW] raw: pos=156.3  neg=1184.4  |  prob: pos_wins=0.995 (goal→1.0)  |  gap=-8.032  loss=1.9679
[LOSS] alignment_loss_type=d3tw_char_pool  d3tw_loss=1.9679  d3tw_cost_pos=156.2639  d3tw_cost_neg=1184.3588  total_loss=1.9721  char_pool_loss=0.0084  effective_char_pool_weight=0.5000  char_pool_acc_top1=0.9986  char_pool_acc_top5=0.9995  char_pool_valid_chars=2080  char_pool_num_chars=2080  window_size=16  stride=16  window_overlap_mode=no_overlap  num_windows=64  sequence_length=128
Epoch 24, Batch 121, Loss: 1.9721
Epoch 24, Batch 122, Loss: 2.0121
Epoch 24, Batch 123, Loss: 2.0485
Epoch 24, Batch 124, Loss: 2.0794
Epoch 24, Batch 125, Loss: 2.0315
Epoch 24, Batch 126, Loss: 1.9508
Epoch 24, Batch 127, Loss: 1.9405
Epoch 24, Batch 128, Loss: 1.9859
Epoch 24, Batch 129, Loss: 1.9870
Epoch 24, Batch 130, Loss: 1.9028
[DTW] raw: pos=157.1  neg=1182.0  |  prob: pos_wins=0.995 (goal→1.0)  |  gap=-8.007  loss=1.9926
[LOSS] alignment_loss_type=d3tw_char_pool  d3tw_loss=1.9926  d3tw_cost_pos=157.0611  d3tw_cost_neg=1181.9955  total_loss=1.9938  char_pool_loss=0.0024  effective_char_pool_weight=0.5000  char_pool_acc_top1=0.9986  char_pool_acc_top5=1.0000  char_pool_valid_chars=2080  char_pool_num_chars=2080  window_size=16  stride=16  window_overlap_mode=no_overlap  num_windows=64  sequence_length=128
Epoch 24, Batch 131, Loss: 1.9938
Epoch 24, Batch 132, Loss: 2.0117
Epoch 24, Batch 133, Loss: 2.0113
Epoch 24, Batch 134, Loss: 1.9955
Epoch 24, Batch 135, Loss: 1.9995
Epoch 24, Batch 136, Loss: 1.9373
Epoch 24, Batch 137, Loss: 2.0783
Epoch 24, Batch 138, Loss: 2.0680
Epoch 24, Batch 139, Loss: 1.9476
Epoch 24, Batch 140, Loss: 1.9157
[DTW] raw: pos=159.9  neg=1188.5  |  prob: pos_wins=0.994 (goal→1.0)  |  gap=-8.037  loss=1.9678
[LOSS] alignment_loss_type=d3tw_char_pool  d3tw_loss=1.9678  d3tw_cost_pos=159.8564  d3tw_cost_neg=1188.5388  total_loss=1.9797  char_pool_loss=0.0239  effective_char_pool_weight=0.5000  char_pool_acc_top1=0.9976  char_pool_acc_top5=0.9986  char_pool_valid_chars=2080  char_pool_num_chars=2080  window_size=16  stride=16  window_overlap_mode=no_overlap  num_windows=64  sequence_length=128
Epoch 24, Batch 141, Loss: 1.9797
Epoch 24, Batch 142, Loss: 2.0803
Epoch 24, Batch 143, Loss: 2.0791
Epoch 24, Batch 144, Loss: 1.8984
Epoch 24, Batch 145, Loss: 2.1439
Epoch 24, Batch 146, Loss: 1.9030
Epoch 24, Batch 147, Loss: 1.9522
Epoch 24, Batch 148, Loss: 2.0066
Epoch 24, Batch 149, Loss: 2.0461
Epoch 24, Batch 150, Loss: 1.9695
[DTW] raw: pos=162.0  neg=1188.1  |  prob: pos_wins=0.995 (goal→1.0)  |  gap=-8.017  loss=1.9834
[LOSS] alignment_loss_type=d3tw_char_pool  d3tw_loss=1.9834  d3tw_cost_pos=161.9854  d3tw_cost_neg=1188.0981  total_loss=2.0125  char_pool_loss=0.0581  effective_char_pool_weight=0.5000  char_pool_acc_top1=0.9938  char_pool_acc_top5=0.9976  char_pool_valid_chars=2080  char_pool_num_chars=2080  window_size=16  stride=16  window_overlap_mode=no_overlap  num_windows=64  sequence_length=128
Epoch 24, Batch 151, Loss: 2.0125
Epoch 24, Batch 152, Loss: 2.0017
Epoch 24, Batch 153, Loss: 1.9955
Epoch 24, Batch 154, Loss: 1.9847
Epoch 24, Batch 155, Loss: 2.0529
Epoch 24, Batch 156, Loss: 2.0222
Epoch 24, Batch 157, Loss: 2.1089
Epoch 24, Batch 158, Loss: 2.0676
Epoch 24, Batch 159, Loss: 2.1246
Epoch 24, Batch 160, Loss: 2.0545
[DTW] raw: pos=158.8  neg=1181.7  |  prob: pos_wins=0.994 (goal→1.0)  |  gap=-7.992  loss=2.0087
[LOSS] alignment_loss_type=d3tw_char_pool  d3tw_loss=2.0087  d3tw_cost_pos=158.8248  d3tw_cost_neg=1181.7395  total_loss=2.0133  char_pool_loss=0.0092  effective_char_pool_weight=0.5000  char_pool_acc_top1=0.9981  char_pool_acc_top5=0.9995  char_pool_valid_chars=2080  char_pool_num_chars=2080  window_size=16  stride=16  window_overlap_mode=no_overlap  num_windows=64  sequence_length=128
Epoch 24, Batch 161, Loss: 2.0133
Epoch 24, Batch 162, Loss: 2.0375
Epoch 24, Batch 163, Loss: 2.1112
Epoch 24, Batch 164, Loss: 1.9913
Epoch 24, Batch 165, Loss: 2.0197
Epoch 24, Batch 166, Loss: 2.0451
Epoch 24, Batch 167, Loss: 2.0345
Epoch 24, Batch 168, Loss: 1.9469
Epoch 24, Batch 169, Loss: 1.9798
Epoch 24, Batch 170, Loss: 2.0918
[DTW] raw: pos=159.4  neg=1180.8  |  prob: pos_wins=0.995 (goal→1.0)  |  gap=-7.979  loss=2.0212
[LOSS] alignment_loss_type=d3tw_char_pool  d3tw_loss=2.0212  d3tw_cost_pos=159.4287  d3tw_cost_neg=1180.7751  total_loss=2.0339  char_pool_loss=0.0254  effective_char_pool_weight=0.5000  char_pool_acc_top1=0.9966  char_pool_acc_top5=0.9990  char_pool_valid_chars=2080  char_pool_num_chars=2080  window_size=16  stride=16  window_overlap_mode=no_overlap  num_windows=64  sequence_length=128
Epoch 24, Batch 171, Loss: 2.0339
Epoch 24, Batch 172, Loss: 2.0478
Epoch 24, Batch 173, Loss: 2.0969
Epoch 24, Batch 174, Loss: 2.1529
Epoch 24, Batch 175, Loss: 2.0267
Epoch 24, Batch 176, Loss: 2.1280
Epoch 24, Batch 177, Loss: 2.0054
Epoch 24, Batch 178, Loss: 2.0993
Epoch 24, Batch 179, Loss: 1.9843
Epoch 24, Batch 180, Loss: 2.0200
[DTW] raw: pos=156.2  neg=1181.8  |  prob: pos_wins=0.995 (goal→1.0)  |  gap=-8.013  loss=1.9880
[LOSS] alignment_loss_type=d3tw_char_pool  d3tw_loss=1.9880  d3tw_cost_pos=156.1512  d3tw_cost_neg=1181.8171  total_loss=1.9952  char_pool_loss=0.0145  effective_char_pool_weight=0.5000  char_pool_acc_top1=0.9986  char_pool_acc_top5=0.9995  char_pool_valid_chars=2080  char_pool_num_chars=2080  window_size=16  stride=16  window_overlap_mode=no_overlap  num_windows=64  sequence_length=128
Epoch 24, Batch 181, Loss: 1.9952
Epoch 24, Batch 182, Loss: 1.9562
Epoch 24, Batch 183, Loss: 2.0428
Epoch 24, Batch 184, Loss: 1.9370
Epoch 24, Batch 185, Loss: 2.0183
Epoch 24, Batch 186, Loss: 2.0171
Epoch 24, Batch 187, Loss: 2.0745
Epoch 24, Batch 188, Loss: 1.8849
Epoch 24 - Train Loss: 2.0207
[DTW] raw: pos=157.7  neg=1192.4  |  prob: pos_wins=0.995 (goal→1.0)  |  gap=-8.083  loss=1.9177
[LOSS] alignment_loss_type=d3tw_char_pool  d3tw_loss=1.9177  d3tw_cost_pos=157.7357  d3tw_cost_neg=1192.3870  total_loss=1.9260  char_pool_loss=0.0166  effective_char_pool_weight=0.5000  char_pool_acc_top1=0.9986  char_pool_acc_top5=0.9995  char_pool_valid_chars=2080  char_pool_num_chars=2080  window_size=16  stride=16  window_overlap_mode=no_overlap  num_windows=64  sequence_length=128
[DTW] raw: pos=160.9  neg=1195.3  |  prob: pos_wins=0.995 (goal→1.0)  |  gap=-8.081  loss=1.9185
[LOSS] alignment_loss_type=d3tw_char_pool  d3tw_loss=1.9185  d3tw_cost_pos=160.8584  d3tw_cost_neg=1195.2820  total_loss=1.9309  char_pool_loss=0.0247  effective_char_pool_weight=0.5000  char_pool_acc_top1=0.9971  char_pool_acc_top5=0.9986  char_pool_valid_chars=2080  char_pool_num_chars=2080  window_size=16  stride=16  window_overlap_mode=no_overlap  num_windows=64  sequence_length=128
[DTW] raw: pos=161.6  neg=1186.0  |  prob: pos_wins=0.994 (goal→1.0)  |  gap=-8.003  loss=1.9983
[LOSS] alignment_loss_type=d3tw_char_pool  d3tw_loss=1.9983  d3tw_cost_pos=161.6452  d3tw_cost_neg=1185.9734  total_loss=2.0061  char_pool_loss=0.0155  effective_char_pool_weight=0.5000  char_pool_acc_top1=0.9986  char_pool_acc_top5=0.9990  char_pool_valid_chars=2080  char_pool_num_chars=2080  window_size=16  stride=16  window_overlap_mode=no_overlap  num_windows=64  sequence_length=128
[DTW] raw: pos=159.8  neg=1170.6  |  prob: pos_wins=0.994 (goal→1.0)  |  gap=-7.897  loss=2.1033
[LOSS] alignment_loss_type=d3tw_char_pool  d3tw_loss=2.1033  d3tw_cost_pos=159.8409  d3tw_cost_neg=1170.6008  total_loss=2.1189  char_pool_loss=0.0311  effective_char_pool_weight=0.5000  char_pool_acc_top1=0.9962  char_pool_acc_top5=0.9990  char_pool_valid_chars=2080  char_pool_num_chars=2080  window_size=16  stride=16  window_overlap_mode=no_overlap  num_windows=64  sequence_length=128
[DTW] raw: pos=160.4  neg=1207.2  |  prob: pos_wins=0.996 (goal→1.0)  |  gap=-8.178  loss=1.8239
[LOSS] alignment_loss_type=d3tw_char_pool  d3tw_loss=1.8239  d3tw_cost_pos=160.4147  d3tw_cost_neg=1207.1610  total_loss=1.8407  char_pool_loss=0.0337  effective_char_pool_weight=0.5000  char_pool_acc_top1=0.9962  char_pool_acc_top5=0.9986  char_pool_valid_chars=2080  char_pool_num_chars=2080  window_size=16  stride=16  window_overlap_mode=no_overlap  num_windows=64  sequence_length=128
[DTW] raw: pos=157.1  neg=1187.7  |  prob: pos_wins=0.995 (goal→1.0)  |  gap=-8.052  loss=1.9492
[LOSS] alignment_loss_type=d3tw_char_pool  d3tw_loss=1.9492  d3tw_cost_pos=157.0571  d3tw_cost_neg=1187.6985  total_loss=1.9623  char_pool_loss=0.0261  effective_char_pool_weight=0.5000  char_pool_acc_top1=0.9976  char_pool_acc_top5=0.9986  char_pool_valid_chars=2080  char_pool_num_chars=2080  window_size=16  stride=16  window_overlap_mode=no_overlap  num_windows=64  sequence_length=128
[DTW] raw: pos=157.1  neg=1188.8  |  prob: pos_wins=0.995 (goal→1.0)  |  gap=-8.060  loss=1.9400
[LOSS] alignment_loss_type=d3tw_char_pool  d3tw_loss=1.9400  d3tw_cost_pos=157.1205  d3tw_cost_neg=1188.8247  total_loss=1.9486  char_pool_loss=0.0172  effective_char_pool_weight=0.5000  char_pool_acc_top1=0.9976  char_pool_acc_top5=1.0000  char_pool_valid_chars=2080  char_pool_num_chars=2080  window_size=16  stride=16  window_overlap_mode=no_overlap  num_windows=64  sequence_length=128
Epoch 24 - Validation Loss: 1.9767
Epoch 24 completed in 13m 52.55s
Epoch 24 - Peak GPU memory: 2267.0 MB
============================================================
Epoch 25 - Soft-DTW gamma: 0.100000
[DTW] raw: pos=156.9  neg=1191.8  |  prob: pos_wins=0.995 (goal→1.0)  |  gap=-8.085  loss=1.9165
[LOSS] alignment_loss_type=d3tw_char_pool  d3tw_loss=1.9165  d3tw_cost_pos=156.9289  d3tw_cost_neg=1191.7620  total_loss=1.9339  char_pool_loss=0.0349  effective_char_pool_weight=0.5000  char_pool_acc_top1=0.9971  char_pool_acc_top5=0.9981  char_pool_valid_chars=2080  char_pool_num_chars=2080  window_size=16  stride=16  window_overlap_mode=no_overlap  num_windows=64  sequence_length=128
Epoch 25, Batch 1, Loss: 1.9339
Epoch 25, Batch 2, Loss: 2.0209
Epoch 25, Batch 3, Loss: 2.0242
Epoch 25, Batch 4, Loss: 2.0517
Epoch 25, Batch 5, Loss: 1.9588
Epoch 25, Batch 6, Loss: 2.1211
Epoch 25, Batch 7, Loss: 1.9958
Epoch 25, Batch 8, Loss: 1.9689
Epoch 25, Batch 9, Loss: 2.0110
Epoch 25, Batch 10, Loss: 2.0223
[DTW] raw: pos=154.0  neg=1176.8  |  prob: pos_wins=0.994 (goal→1.0)  |  gap=-7.991  loss=2.0116
[LOSS] alignment_loss_type=d3tw_char_pool  d3tw_loss=2.0116  d3tw_cost_pos=154.0012  d3tw_cost_neg=1176.8225  total_loss=2.0206  char_pool_loss=0.0179  effective_char_pool_weight=0.5000  char_pool_acc_top1=0.9981  char_pool_acc_top5=0.9995  char_pool_valid_chars=2080  char_pool_num_chars=2080  window_size=16  stride=16  window_overlap_mode=no_overlap  num_windows=64  sequence_length=128
Epoch 25, Batch 11, Loss: 2.0206
Epoch 25, Batch 12, Loss: 1.9679
Epoch 25, Batch 13, Loss: 2.0647
Epoch 25, Batch 14, Loss: 2.0229
Epoch 25, Batch 15, Loss: 1.9977
Epoch 25, Batch 16, Loss: 1.9596
Epoch 25, Batch 17, Loss: 2.1190
Epoch 25, Batch 18, Loss: 2.1896
Epoch 25, Batch 19, Loss: 2.0097
Epoch 25, Batch 20, Loss: 1.9576
[DTW] raw: pos=154.0  neg=1181.3  |  prob: pos_wins=0.994 (goal→1.0)  |  gap=-8.026  loss=1.9740
[LOSS] alignment_loss_type=d3tw_char_pool  d3tw_loss=1.9740  d3tw_cost_pos=153.9723  d3tw_cost_neg=1181.2841  total_loss=1.9810  char_pool_loss=0.0140  effective_char_pool_weight=0.5000  char_pool_acc_top1=0.9990  char_pool_acc_top5=0.9990  char_pool_valid_chars=2080  char_pool_num_chars=2080  window_size=16  stride=16  window_overlap_mode=no_overlap  num_windows=64  sequence_length=128
Epoch 25, Batch 21, Loss: 1.9810
Epoch 25, Batch 22, Loss: 1.9370
Epoch 25, Batch 23, Loss: 1.9475
Epoch 25, Batch 24, Loss: 2.0683
Epoch 25, Batch 25, Loss: 2.0241
Epoch 25, Batch 26, Loss: 2.0337
Epoch 25, Batch 27, Loss: 2.0433
Epoch 25, Batch 28, Loss: 2.0414
Epoch 25, Batch 29, Loss: 2.1019
Epoch 25, Batch 30, Loss: 2.1637
[DTW] raw: pos=161.3  neg=1188.4  |  prob: pos_wins=0.995 (goal→1.0)  |  gap=-8.024  loss=1.9769
[LOSS] alignment_loss_type=d3tw_char_pool  d3tw_loss=1.9769  d3tw_cost_pos=161.2724  d3tw_cost_neg=1188.3646  total_loss=1.9913  char_pool_loss=0.0288  effective_char_pool_weight=0.5000  char_pool_acc_top1=0.9976  char_pool_acc_top5=0.9986  char_pool_valid_chars=2080  char_pool_num_chars=2080  window_size=16  stride=16  window_overlap_mode=no_overlap  num_windows=64  sequence_length=128
Epoch 25, Batch 31, Loss: 1.9913
Epoch 25, Batch 32, Loss: 1.9374
Epoch 25, Batch 33, Loss: 1.8527
Epoch 25, Batch 34, Loss: 2.1027
Epoch 25, Batch 35, Loss: 1.9902
Epoch 25, Batch 36, Loss: 2.0167
Epoch 25, Batch 37, Loss: 2.0443
Epoch 25, Batch 38, Loss: 2.0224
Epoch 25, Batch 39, Loss: 2.0650
Epoch 25, Batch 40, Loss: 1.9536
[DTW] raw: pos=155.5  neg=1192.0  |  prob: pos_wins=0.995 (goal→1.0)  |  gap=-8.097  loss=1.9043
[LOSS] alignment_loss_type=d3tw_char_pool  d3tw_loss=1.9043  d3tw_cost_pos=155.5409  d3tw_cost_neg=1191.9901  total_loss=1.9215  char_pool_loss=0.0345  effective_char_pool_weight=0.5000  char_pool_acc_top1=0.9966  char_pool_acc_top5=0.9986  char_pool_valid_chars=2080  char_pool_num_chars=2080  window_size=16  stride=16  window_overlap_mode=no_overlap  num_windows=64  sequence_length=128
Epoch 25, Batch 41, Loss: 1.9215
Epoch 25, Batch 42, Loss: 1.9299
Epoch 25, Batch 43, Loss: 2.0090
Epoch 25, Batch 44, Loss: 2.0723
Epoch 25, Batch 45, Loss: 2.0995
Epoch 25, Batch 46, Loss: 1.9480
Epoch 25, Batch 47, Loss: 2.0965
Epoch 25, Batch 48, Loss: 2.0230
Epoch 25, Batch 49, Loss: 1.9106
Epoch 25, Batch 50, Loss: 1.9208
[DTW] raw: pos=153.5  neg=1176.6  |  prob: pos_wins=0.995 (goal→1.0)  |  gap=-7.993  loss=2.0073
[LOSS] alignment_loss_type=d3tw_char_pool  d3tw_loss=2.0073  d3tw_cost_pos=153.5059  d3tw_cost_neg=1176.5629  total_loss=2.0170  char_pool_loss=0.0195  effective_char_pool_weight=0.5000  char_pool_acc_top1=0.9971  char_pool_acc_top5=0.9990  char_pool_valid_chars=2080  char_pool_num_chars=2080  window_size=16  stride=16  window_overlap_mode=no_overlap  num_windows=64  sequence_length=128
Epoch 25, Batch 51, Loss: 2.0170
Epoch 25, Batch 52, Loss: 2.0265
Epoch 25, Batch 53, Loss: 2.1588
Epoch 25, Batch 54, Loss: 2.0443
Epoch 25, Batch 55, Loss: 1.9976
Epoch 25, Batch 56, Loss: 2.0379
Epoch 25, Batch 57, Loss: 1.9704
Epoch 25, Batch 58, Loss: 2.0484
Epoch 25, Batch 59, Loss: 2.1011
Epoch 25, Batch 60, Loss: 2.0018
[DTW] raw: pos=158.5  neg=1177.8  |  prob: pos_wins=0.993 (goal→1.0)  |  gap=-7.963  loss=2.0374
[LOSS] alignment_loss_type=d3tw_char_pool  d3tw_loss=2.0374  d3tw_cost_pos=158.4938  d3tw_cost_neg=1177.7732  total_loss=2.0467  char_pool_loss=0.0187  effective_char_pool_weight=0.5000  char_pool_acc_top1=0.9981  char_pool_acc_top5=0.9995  char_pool_valid_chars=2080  char_pool_num_chars=2080  window_size=16  stride=16  window_overlap_mode=no_overlap  num_windows=64  sequence_length=128
Epoch 25, Batch 61, Loss: 2.0467
Epoch 25, Batch 62, Loss: 1.9943
Epoch 25, Batch 63, Loss: 1.9434
Epoch 25, Batch 64, Loss: 2.0229
Epoch 25, Batch 65, Loss: 2.0789
Epoch 25, Batch 66, Loss: 2.1027
Epoch 25, Batch 67, Loss: 2.0795
Epoch 25, Batch 68, Loss: 2.1618
Epoch 25, Batch 69, Loss: 2.1745
Epoch 25, Batch 70, Loss: 2.0319
[DTW] raw: pos=154.9  neg=1184.0  |  prob: pos_wins=0.994 (goal→1.0)  |  gap=-8.040  loss=1.9620
[LOSS] alignment_loss_type=d3tw_char_pool  d3tw_loss=1.9620  d3tw_cost_pos=154.8620  d3tw_cost_neg=1183.9727  total_loss=1.9799  char_pool_loss=0.0358  effective_char_pool_weight=0.5000  char_pool_acc_top1=0.9952  char_pool_acc_top5=0.9986  char_pool_valid_chars=2080  char_pool_num_chars=2080  window_size=16  stride=16  window_overlap_mode=no_overlap  num_windows=64  sequence_length=128
Epoch 25, Batch 71, Loss: 1.9799
Epoch 25, Batch 72, Loss: 1.9884
Epoch 25, Batch 73, Loss: 1.9623
Epoch 25, Batch 74, Loss: 2.0075
Epoch 25, Batch 75, Loss: 1.9445
Epoch 25, Batch 76, Loss: 2.0279
Epoch 25, Batch 77, Loss: 1.9703
Epoch 25, Batch 78, Loss: 2.0503
Epoch 25, Batch 79, Loss: 2.0630
Epoch 25, Batch 80, Loss: 2.0765
[DTW] raw: pos=161.1  neg=1182.2  |  prob: pos_wins=0.995 (goal→1.0)  |  gap=-7.977  loss=2.0236
[LOSS] alignment_loss_type=d3tw_char_pool  d3tw_loss=2.0236  d3tw_cost_pos=161.1173  d3tw_cost_neg=1182.2368  total_loss=2.0239  char_pool_loss=0.0005  effective_char_pool_weight=0.5000  char_pool_acc_top1=1.0000  char_pool_acc_top5=1.0000  char_pool_valid_chars=2080  char_pool_num_chars=2080  window_size=16  stride=16  window_overlap_mode=no_overlap  num_windows=64  sequence_length=128
Epoch 25, Batch 81, Loss: 2.0239
Epoch 25, Batch 82, Loss: 2.0534
Epoch 25, Batch 83, Loss: 2.0925
Epoch 25, Batch 84, Loss: 2.0517
Epoch 25, Batch 85, Loss: 2.0725
Epoch 25, Batch 86, Loss: 2.0189
Epoch 25, Batch 87, Loss: 2.0855
Epoch 25, Batch 88, Loss: 2.0366
Epoch 25, Batch 89, Loss: 2.0433
Epoch 25, Batch 90, Loss: 2.0088
[DTW] raw: pos=157.6  neg=1185.2  |  prob: pos_wins=0.995 (goal→1.0)  |  gap=-8.029  loss=1.9720
[LOSS] alignment_loss_type=d3tw_char_pool  d3tw_loss=1.9720  d3tw_cost_pos=157.5807  d3tw_cost_neg=1185.2432  total_loss=1.9782  char_pool_loss=0.0123  effective_char_pool_weight=0.5000  char_pool_acc_top1=0.9990  char_pool_acc_top5=0.9990  char_pool_valid_chars=2080  char_pool_num_chars=2080  window_size=16  stride=16  window_overlap_mode=no_overlap  num_windows=64  sequence_length=128
Epoch 25, Batch 91, Loss: 1.9782
Epoch 25, Batch 92, Loss: 1.8596
Epoch 25, Batch 93, Loss: 2.0335
Epoch 25, Batch 94, Loss: 1.9654
Epoch 25, Batch 95, Loss: 2.0226
Epoch 25, Batch 96, Loss: 2.0107
Epoch 25, Batch 97, Loss: 2.0389
Epoch 25, Batch 98, Loss: 1.8894
Epoch 25, Batch 99, Loss: 2.0594
Epoch 25, Batch 100, Loss: 2.0399
[DTW] raw: pos=158.4  neg=1179.0  |  prob: pos_wins=0.994 (goal→1.0)  |  gap=-7.974  loss=2.0290
[LOSS] alignment_loss_type=d3tw_char_pool  d3tw_loss=2.0290  d3tw_cost_pos=158.4160  d3tw_cost_neg=1179.0387  total_loss=2.0352  char_pool_loss=0.0124  effective_char_pool_weight=0.5000  char_pool_acc_top1=0.9981  char_pool_acc_top5=1.0000  char_pool_valid_chars=2080  char_pool_num_chars=2080  window_size=16  stride=16  window_overlap_mode=no_overlap  num_windows=64  sequence_length=128
Epoch 25, Batch 101, Loss: 2.0352
Epoch 25, Batch 102, Loss: 2.0373
Epoch 25, Batch 103, Loss: 2.0106
Epoch 25, Batch 104, Loss: 2.0001
Epoch 25, Batch 105, Loss: 2.0424
Epoch 25, Batch 106, Loss: 1.9180
Epoch 25, Batch 107, Loss: 2.0078
Epoch 25, Batch 108, Loss: 2.0736
Epoch 25, Batch 109, Loss: 1.9777
Epoch 25, Batch 110, Loss: 1.9952
[DTW] raw: pos=156.0  neg=1196.9  |  prob: pos_wins=0.996 (goal→1.0)  |  gap=-8.132  loss=1.8702
[LOSS] alignment_loss_type=d3tw_char_pool  d3tw_loss=1.8702  d3tw_cost_pos=156.0256  d3tw_cost_neg=1196.8682  total_loss=1.8736  char_pool_loss=0.0068  effective_char_pool_weight=0.5000  char_pool_acc_top1=0.9990  char_pool_acc_top5=1.0000  char_pool_valid_chars=2080  char_pool_num_chars=2080  window_size=16  stride=16  window_overlap_mode=no_overlap  num_windows=64  sequence_length=128
Epoch 25, Batch 111, Loss: 1.8736
Epoch 25, Batch 112, Loss: 2.0357
Epoch 25, Batch 113, Loss: 1.8982
Epoch 25, Batch 114, Loss: 2.0782
Epoch 25, Batch 115, Loss: 2.0349
Epoch 25, Batch 116, Loss: 2.0152
Epoch 25, Batch 117, Loss: 2.0585
Epoch 25, Batch 118, Loss: 2.0531
Epoch 25, Batch 119, Loss: 2.0135
Epoch 25, Batch 120, Loss: 1.9965
[DTW] raw: pos=159.1  neg=1190.8  |  prob: pos_wins=0.995 (goal→1.0)  |  gap=-8.061  loss=1.9404
[LOSS] alignment_loss_type=d3tw_char_pool  d3tw_loss=1.9404  d3tw_cost_pos=159.0810  d3tw_cost_neg=1190.8394  total_loss=1.9439  char_pool_loss=0.0069  effective_char_pool_weight=0.5000  char_pool_acc_top1=0.9990  char_pool_acc_top5=1.0000  char_pool_valid_chars=2080  char_pool_num_chars=2080  window_size=16  stride=16  window_overlap_mode=no_overlap  num_windows=64  sequence_length=128
Epoch 25, Batch 121, Loss: 1.9439
Epoch 25, Batch 122, Loss: 1.9309
Epoch 25, Batch 123, Loss: 2.0473
Epoch 25, Batch 124, Loss: 1.9615
Epoch 25, Batch 125, Loss: 1.9490
Epoch 25, Batch 126, Loss: 1.9986
Epoch 25, Batch 127, Loss: 2.0221
Epoch 25, Batch 128, Loss: 1.9881
Epoch 25, Batch 129, Loss: 2.0245
Epoch 25, Batch 130, Loss: 2.0485
[DTW] raw: pos=160.5  neg=1184.2  |  prob: pos_wins=0.995 (goal→1.0)  |  gap=-7.997  loss=2.0033
[LOSS] alignment_loss_type=d3tw_char_pool  d3tw_loss=2.0033  d3tw_cost_pos=160.4949  d3tw_cost_neg=1184.1716  total_loss=2.0101  char_pool_loss=0.0136  effective_char_pool_weight=0.5000  char_pool_acc_top1=0.9986  char_pool_acc_top5=0.9995  char_pool_valid_chars=2080  char_pool_num_chars=2080  window_size=16  stride=16  window_overlap_mode=no_overlap  num_windows=64  sequence_length=128
Epoch 25, Batch 131, Loss: 2.0101
Epoch 25, Batch 132, Loss: 2.0954
Epoch 25, Batch 133, Loss: 2.1066
Epoch 25, Batch 134, Loss: 2.1154
Epoch 25, Batch 135, Loss: 1.9009
Epoch 25, Batch 136, Loss: 2.0512
Epoch 25, Batch 137, Loss: 2.0199
Epoch 25, Batch 138, Loss: 1.9584
Epoch 25, Batch 139, Loss: 2.0191
Epoch 25, Batch 140, Loss: 2.1224
[DTW] raw: pos=161.4  neg=1188.8  |  prob: pos_wins=0.995 (goal→1.0)  |  gap=-8.026  loss=1.9739
[LOSS] alignment_loss_type=d3tw_char_pool  d3tw_loss=1.9739  d3tw_cost_pos=161.4333  d3tw_cost_neg=1188.7605  total_loss=1.9805  char_pool_loss=0.0131  effective_char_pool_weight=0.5000  char_pool_acc_top1=0.9981  char_pool_acc_top5=1.0000  char_pool_valid_chars=2080  char_pool_num_chars=2080  window_size=16  stride=16  window_overlap_mode=no_overlap  num_windows=64  sequence_length=128
Epoch 25, Batch 141, Loss: 1.9805
Epoch 25, Batch 142, Loss: 2.0388
Epoch 25, Batch 143, Loss: 2.1038
Epoch 25, Batch 144, Loss: 2.0822
Epoch 25, Batch 145, Loss: 1.9254
Epoch 25, Batch 146, Loss: 2.0783
Epoch 25, Batch 147, Loss: 2.0618
Epoch 25, Batch 148, Loss: 2.0284
Epoch 25, Batch 149, Loss: 2.0845
Epoch 25, Batch 150, Loss: 2.1218
[DTW] raw: pos=158.9  neg=1182.3  |  prob: pos_wins=0.995 (goal→1.0)  |  gap=-7.995  loss=2.0072
[LOSS] alignment_loss_type=d3tw_char_pool  d3tw_loss=2.0072  d3tw_cost_pos=158.9092  d3tw_cost_neg=1182.2921  total_loss=2.0114  char_pool_loss=0.0084  effective_char_pool_weight=0.5000  char_pool_acc_top1=0.9990  char_pool_acc_top5=0.9995  char_pool_valid_chars=2080  char_pool_num_chars=2080  window_size=16  stride=16  window_overlap_mode=no_overlap  num_windows=64  sequence_length=128
Epoch 25, Batch 151, Loss: 2.0114
Epoch 25, Batch 152, Loss: 2.0142
Epoch 25, Batch 153, Loss: 2.0540
Epoch 25, Batch 154, Loss: 2.0275
Epoch 25, Batch 155, Loss: 2.1263
Epoch 25, Batch 156, Loss: 1.9677
Epoch 25, Batch 157, Loss: 1.9634
Epoch 25, Batch 158, Loss: 2.0261
Epoch 25, Batch 159, Loss: 1.9623
Epoch 25, Batch 160, Loss: 2.0178
[DTW] raw: pos=159.2  neg=1168.7  |  prob: pos_wins=0.994 (goal→1.0)  |  gap=-7.887  loss=2.1137
[LOSS] alignment_loss_type=d3tw_char_pool  d3tw_loss=2.1137  d3tw_cost_pos=159.1732  d3tw_cost_neg=1168.7195  total_loss=2.1141  char_pool_loss=0.0008  effective_char_pool_weight=0.5000  char_pool_acc_top1=0.9995  char_pool_acc_top5=1.0000  char_pool_valid_chars=2080  char_pool_num_chars=2080  window_size=16  stride=16  window_overlap_mode=no_overlap  num_windows=64  sequence_length=128
Epoch 25, Batch 161, Loss: 2.1141
Epoch 25, Batch 162, Loss: 2.0414
Epoch 25, Batch 163, Loss: 2.0587
Epoch 25, Batch 164, Loss: 2.1019
Epoch 25, Batch 165, Loss: 2.1610
Epoch 25, Batch 166, Loss: 1.9127
Epoch 25, Batch 167, Loss: 1.9335
Epoch 25, Batch 168, Loss: 1.9881
Epoch 25, Batch 169, Loss: 2.0003
Epoch 25, Batch 170, Loss: 1.9450
[DTW] raw: pos=152.0  neg=1188.3  |  prob: pos_wins=0.995 (goal→1.0)  |  gap=-8.096  loss=1.9062
[LOSS] alignment_loss_type=d3tw_char_pool  d3tw_loss=1.9062  d3tw_cost_pos=152.0006  d3tw_cost_neg=1188.2507  total_loss=1.9147  char_pool_loss=0.0170  effective_char_pool_weight=0.5000  char_pool_acc_top1=0.9962  char_pool_acc_top5=0.9995  char_pool_valid_chars=2080  char_pool_num_chars=2080  window_size=16  stride=16  window_overlap_mode=no_overlap  num_windows=64  sequence_length=128
Epoch 25, Batch 171, Loss: 1.9147
Epoch 25, Batch 172, Loss: 2.1020
Epoch 25, Batch 173, Loss: 1.9632
Epoch 25, Batch 174, Loss: 2.0077
Epoch 25, Batch 175, Loss: 1.9357
Epoch 25, Batch 176, Loss: 2.1549
Epoch 25, Batch 177, Loss: 2.0988
Epoch 25, Batch 178, Loss: 2.0302
Epoch 25, Batch 179, Loss: 1.8790
Epoch 25, Batch 180, Loss: 2.0197
[DTW] raw: pos=158.4  neg=1175.3  |  prob: pos_wins=0.994 (goal→1.0)  |  gap=-7.944  loss=2.0555
[LOSS] alignment_loss_type=d3tw_char_pool  d3tw_loss=2.0555  d3tw_cost_pos=158.3952  d3tw_cost_neg=1175.2900  total_loss=2.0563  char_pool_loss=0.0015  effective_char_pool_weight=0.5000  char_pool_acc_top1=0.9995  char_pool_acc_top5=1.0000  char_pool_valid_chars=2080  char_pool_num_chars=2080  window_size=16  stride=16  window_overlap_mode=no_overlap  num_windows=64  sequence_length=128
Epoch 25, Batch 181, Loss: 2.0563
Epoch 25, Batch 182, Loss: 2.0559
Epoch 25, Batch 183, Loss: 1.9643
Epoch 25, Batch 184, Loss: 2.0931
Epoch 25, Batch 185, Loss: 2.0679
Epoch 25, Batch 186, Loss: 1.9413
Epoch 25, Batch 187, Loss: 2.0716
Epoch 25, Batch 188, Loss: 1.9262
Epoch 25 - Train Loss: 2.0205
[DTW] raw: pos=159.4  neg=1181.4  |  prob: pos_wins=0.994 (goal→1.0)  |  gap=-7.985  loss=2.0161
[LOSS] alignment_loss_type=d3tw_char_pool  d3tw_loss=2.0161  d3tw_cost_pos=159.3964  d3tw_cost_neg=1181.4377  total_loss=2.0281  char_pool_loss=0.0238  effective_char_pool_weight=0.5000  char_pool_acc_top1=0.9976  char_pool_acc_top5=0.9986  char_pool_valid_chars=2080  char_pool_num_chars=2080  window_size=16  stride=16  window_overlap_mode=no_overlap  num_windows=64  sequence_length=128
[DTW] raw: pos=160.5  neg=1187.0  |  prob: pos_wins=0.994 (goal→1.0)  |  gap=-8.019  loss=1.9849
[LOSS] alignment_loss_type=d3tw_char_pool  d3tw_loss=1.9849  d3tw_cost_pos=160.4967  d3tw_cost_neg=1186.9663  total_loss=2.0051  char_pool_loss=0.0404  effective_char_pool_weight=0.5000  char_pool_acc_top1=0.9966  char_pool_acc_top5=0.9976  char_pool_valid_chars=2080  char_pool_num_chars=2080  window_size=16  stride=16  window_overlap_mode=no_overlap  num_windows=64  sequence_length=128
[DTW] raw: pos=160.8  neg=1190.7  |  prob: pos_wins=0.995 (goal→1.0)  |  gap=-8.046  loss=1.9561
[LOSS] alignment_loss_type=d3tw_char_pool  d3tw_loss=1.9561  d3tw_cost_pos=160.8097  d3tw_cost_neg=1190.6973  total_loss=1.9749  char_pool_loss=0.0376  effective_char_pool_weight=0.5000  char_pool_acc_top1=0.9971  char_pool_acc_top5=0.9976  char_pool_valid_chars=2080  char_pool_num_chars=2080  window_size=16  stride=16  window_overlap_mode=no_overlap  num_windows=64  sequence_length=128
[DTW] raw: pos=158.1  neg=1178.6  |  prob: pos_wins=0.994 (goal→1.0)  |  gap=-7.973  loss=2.0271
[LOSS] alignment_loss_type=d3tw_char_pool  d3tw_loss=2.0271  d3tw_cost_pos=158.0643  d3tw_cost_neg=1178.5828  total_loss=2.0375  char_pool_loss=0.0207  effective_char_pool_weight=0.5000  char_pool_acc_top1=0.9966  char_pool_acc_top5=0.9995  char_pool_valid_chars=2080  char_pool_num_chars=2080  window_size=16  stride=16  window_overlap_mode=no_overlap  num_windows=64  sequence_length=128
[DTW] raw: pos=156.3  neg=1195.0  |  prob: pos_wins=0.995 (goal→1.0)  |  gap=-8.115  loss=1.8893
[LOSS] alignment_loss_type=d3tw_char_pool  d3tw_loss=1.8893  d3tw_cost_pos=156.3167  d3tw_cost_neg=1195.0199  total_loss=1.9020  char_pool_loss=0.0255  effective_char_pool_weight=0.5000  char_pool_acc_top1=0.9971  char_pool_acc_top5=0.9990  char_pool_valid_chars=2080  char_pool_num_chars=2080  window_size=16  stride=16  window_overlap_mode=no_overlap  num_windows=64  sequence_length=128
[DTW] raw: pos=157.7  neg=1197.5  |  prob: pos_wins=0.995 (goal→1.0)  |  gap=-8.123  loss=1.8809
[LOSS] alignment_loss_type=d3tw_char_pool  d3tw_loss=1.8809  d3tw_cost_pos=157.7314  d3tw_cost_neg=1197.4880  total_loss=1.8851  char_pool_loss=0.0084  effective_char_pool_weight=0.5000  char_pool_acc_top1=0.9990  char_pool_acc_top5=0.9995  char_pool_valid_chars=2080  char_pool_num_chars=2080  window_size=16  stride=16  window_overlap_mode=no_overlap  num_windows=64  sequence_length=128
[DTW] raw: pos=157.8  neg=1184.9  |  prob: pos_wins=0.994 (goal→1.0)  |  gap=-8.024  loss=1.9778
[LOSS] alignment_loss_type=d3tw_char_pool  d3tw_loss=1.9778  d3tw_cost_pos=157.8160  d3tw_cost_neg=1184.8523  total_loss=1.9914  char_pool_loss=0.0272  effective_char_pool_weight=0.5000  char_pool_acc_top1=0.9971  char_pool_acc_top5=0.9986  char_pool_valid_chars=2080  char_pool_num_chars=2080  window_size=16  stride=16  window_overlap_mode=no_overlap  num_windows=64  sequence_length=128
Epoch 25 - Validation Loss: 1.9843
Epoch 25 completed in 13m 43.99s
Epoch 25 - Peak GPU memory: 2267.0 MB
============================================================
Epoch 26 - Soft-DTW gamma: 0.100000
[DTW] raw: pos=159.9  neg=1175.1  |  prob: pos_wins=0.994 (goal→1.0)  |  gap=-7.931  loss=2.0704
[LOSS] alignment_loss_type=d3tw_char_pool  d3tw_loss=2.0704  d3tw_cost_pos=159.9345  d3tw_cost_neg=1175.1101  total_loss=2.0840  char_pool_loss=0.0272  effective_char_pool_weight=0.5000  char_pool_acc_top1=0.9981  char_pool_acc_top5=0.9986  char_pool_valid_chars=2080  char_pool_num_chars=2080  window_size=16  stride=16  window_overlap_mode=no_overlap  num_windows=64  sequence_length=128
Epoch 26, Batch 1, Loss: 2.0840
Epoch 26, Batch 2, Loss: 2.0228
Epoch 26, Batch 3, Loss: 2.0960
Epoch 26, Batch 4, Loss: 2.1700
Epoch 26, Batch 5, Loss: 1.9286
Epoch 26, Batch 6, Loss: 1.8994
Epoch 26, Batch 7, Loss: 1.9587
Epoch 26, Batch 8, Loss: 2.0082
Epoch 26, Batch 9, Loss: 1.8794
Epoch 26, Batch 10, Loss: 2.0135
[DTW] raw: pos=157.7  neg=1175.3  |  prob: pos_wins=0.994 (goal→1.0)  |  gap=-7.950  loss=2.0508
[LOSS] alignment_loss_type=d3tw_char_pool  d3tw_loss=2.0508  d3tw_cost_pos=157.7048  d3tw_cost_neg=1175.3444  total_loss=2.0681  char_pool_loss=0.0344  effective_char_pool_weight=0.5000  char_pool_acc_top1=0.9957  char_pool_acc_top5=0.9981  char_pool_valid_chars=2080  char_pool_num_chars=2080  window_size=16  stride=16  window_overlap_mode=no_overlap  num_windows=64  sequence_length=128
Epoch 26, Batch 11, Loss: 2.0681
Epoch 26, Batch 12, Loss: 1.9312
Epoch 26, Batch 13, Loss: 2.0621
Epoch 26, Batch 14, Loss: 1.9404
Epoch 26, Batch 15, Loss: 2.0315
Epoch 26, Batch 16, Loss: 1.9313
Epoch 26, Batch 17, Loss: 2.0044
Epoch 26, Batch 18, Loss: 1.9600
Epoch 26, Batch 19, Loss: 1.9926
Epoch 26, Batch 20, Loss: 2.0602
[DTW] raw: pos=158.2  neg=1181.2  |  prob: pos_wins=0.995 (goal→1.0)  |  gap=-7.992  loss=2.0090
[LOSS] alignment_loss_type=d3tw_char_pool  d3tw_loss=2.0090  d3tw_cost_pos=158.2396  d3tw_cost_neg=1181.2028  total_loss=2.0102  char_pool_loss=0.0024  effective_char_pool_weight=0.5000  char_pool_acc_top1=0.9990  char_pool_acc_top5=1.0000  char_pool_valid_chars=2080  char_pool_num_chars=2080  window_size=16  stride=16  window_overlap_mode=no_overlap  num_windows=64  sequence_length=128
Epoch 26, Batch 21, Loss: 2.0102
Epoch 26, Batch 22, Loss: 1.9315
Epoch 26, Batch 23, Loss: 1.9289
Epoch 26, Batch 24, Loss: 1.9989
Epoch 26, Batch 25, Loss: 1.9612
Epoch 26, Batch 26, Loss: 2.0400
Epoch 26, Batch 27, Loss: 1.9725
Epoch 26, Batch 28, Loss: 1.9842
Epoch 26, Batch 29, Loss: 2.1194
Epoch 26, Batch 30, Loss: 1.9934
[DTW] raw: pos=163.1  neg=1180.9  |  prob: pos_wins=0.995 (goal→1.0)  |  gap=-7.952  loss=2.0490
[LOSS] alignment_loss_type=d3tw_char_pool  d3tw_loss=2.0490  d3tw_cost_pos=163.1066  d3tw_cost_neg=1180.9189  total_loss=2.0491  char_pool_loss=0.0001  effective_char_pool_weight=0.5000  char_pool_acc_top1=1.0000  char_pool_acc_top5=1.0000  char_pool_valid_chars=2080  char_pool_num_chars=2080  window_size=16  stride=16  window_overlap_mode=no_overlap  num_windows=64  sequence_length=128
Epoch 26, Batch 31, Loss: 2.0491
Epoch 26, Batch 32, Loss: 1.9600
Epoch 26, Batch 33, Loss: 1.9495
Epoch 26, Batch 34, Loss: 2.0999
Epoch 26, Batch 35, Loss: 2.1388
Epoch 26, Batch 36, Loss: 1.9543
Epoch 26, Batch 37, Loss: 2.0062
Epoch 26, Batch 38, Loss: 2.1907
Epoch 26, Batch 39, Loss: 1.9764
Epoch 26, Batch 40, Loss: 1.8932
[DTW] raw: pos=159.1  neg=1181.4  |  prob: pos_wins=0.994 (goal→1.0)  |  gap=-7.987  loss=2.0134
[LOSS] alignment_loss_type=d3tw_char_pool  d3tw_loss=2.0134  d3tw_cost_pos=159.0839  d3tw_cost_neg=1181.3615  total_loss=2.0288  char_pool_loss=0.0307  effective_char_pool_weight=0.5000  char_pool_acc_top1=0.9962  char_pool_acc_top5=0.9990  char_pool_valid_chars=2080  char_pool_num_chars=2080  window_size=16  stride=16  window_overlap_mode=no_overlap  num_windows=64  sequence_length=128
Epoch 26, Batch 41, Loss: 2.0288
Epoch 26, Batch 42, Loss: 1.8606
Epoch 26, Batch 43, Loss: 2.0887
Epoch 26, Batch 44, Loss: 2.0925
Epoch 26, Batch 45, Loss: 2.0658
Epoch 26, Batch 46, Loss: 2.0674
Epoch 26, Batch 47, Loss: 1.9747
Epoch 26, Batch 48, Loss: 1.8725
Epoch 26, Batch 49, Loss: 2.1609
Epoch 26, Batch 50, Loss: 2.0527
[DTW] raw: pos=157.4  neg=1192.6  |  prob: pos_wins=0.995 (goal→1.0)  |  gap=-8.087  loss=1.9171
[LOSS] alignment_loss_type=d3tw_char_pool  d3tw_loss=1.9171  d3tw_cost_pos=157.4450  d3tw_cost_neg=1192.6230  total_loss=1.9238  char_pool_loss=0.0134  effective_char_pool_weight=0.5000  char_pool_acc_top1=0.9981  char_pool_acc_top5=1.0000  char_pool_valid_chars=2080  char_pool_num_chars=2080  window_size=16  stride=16  window_overlap_mode=no_overlap  num_windows=64  sequence_length=128
Epoch 26, Batch 51, Loss: 1.9238
Epoch 26, Batch 52, Loss: 1.9897
Epoch 26, Batch 53, Loss: 1.9708
Epoch 26, Batch 54, Loss: 1.9579
Epoch 26, Batch 55, Loss: 1.8984
Epoch 26, Batch 56, Loss: 2.0010
Epoch 26, Batch 57, Loss: 2.0844
Epoch 26, Batch 58, Loss: 1.9791
Epoch 26, Batch 59, Loss: 1.9893
Epoch 26, Batch 60, Loss: 1.9542
[DTW] raw: pos=161.6  neg=1179.9  |  prob: pos_wins=0.995 (goal→1.0)  |  gap=-7.955  loss=2.0455
[LOSS] alignment_loss_type=d3tw_char_pool  d3tw_loss=2.0455  d3tw_cost_pos=161.5675  d3tw_cost_neg=1179.8652  total_loss=2.0458  char_pool_loss=0.0006  effective_char_pool_weight=0.5000  char_pool_acc_top1=1.0000  char_pool_acc_top5=1.0000  char_pool_valid_chars=2080  char_pool_num_chars=2080  window_size=16  stride=16  window_overlap_mode=no_overlap  num_windows=64  sequence_length=128
Epoch 26, Batch 61, Loss: 2.0458
Epoch 26, Batch 62, Loss: 1.9343
Epoch 26, Batch 63, Loss: 2.0041
Epoch 26, Batch 64, Loss: 2.0211
Epoch 26, Batch 65, Loss: 1.9880
Epoch 26, Batch 66, Loss: 2.0305
Epoch 26, Batch 67, Loss: 2.0831
Epoch 26, Batch 68, Loss: 2.1076
Epoch 26, Batch 69, Loss: 2.0655
Epoch 26, Batch 70, Loss: 1.9164
[DTW] raw: pos=159.1  neg=1170.3  |  prob: pos_wins=0.993 (goal→1.0)  |  gap=-7.900  loss=2.0999
[LOSS] alignment_loss_type=d3tw_char_pool  d3tw_loss=2.0999  d3tw_cost_pos=159.1385  d3tw_cost_neg=1170.3411  total_loss=2.1066  char_pool_loss=0.0135  effective_char_pool_weight=0.5000  char_pool_acc_top1=0.9976  char_pool_acc_top5=0.9995  char_pool_valid_chars=2080  char_pool_num_chars=2080  window_size=16  stride=16  window_overlap_mode=no_overlap  num_windows=64  sequence_length=128
Epoch 26, Batch 71, Loss: 2.1066
Epoch 26, Batch 72, Loss: 1.9901
Epoch 26, Batch 73, Loss: 1.9079
Epoch 26, Batch 74, Loss: 2.0030
Epoch 26, Batch 75, Loss: 2.1015
Epoch 26, Batch 76, Loss: 1.8419
Epoch 26, Batch 77, Loss: 2.0003
Epoch 26, Batch 78, Loss: 1.9937
Epoch 26, Batch 79, Loss: 2.0185
Epoch 26, Batch 80, Loss: 2.0533
[DTW] raw: pos=159.9  neg=1200.0  |  prob: pos_wins=0.996 (goal→1.0)  |  gap=-8.126  loss=1.8763
[LOSS] alignment_loss_type=d3tw_char_pool  d3tw_loss=1.8763  d3tw_cost_pos=159.9172  d3tw_cost_neg=1200.0127  total_loss=1.8789  char_pool_loss=0.0052  effective_char_pool_weight=0.5000  char_pool_acc_top1=0.9995  char_pool_acc_top5=1.0000  char_pool_valid_chars=2080  char_pool_num_chars=2080  window_size=16  stride=16  window_overlap_mode=no_overlap  num_windows=64  sequence_length=128
Epoch 26, Batch 81, Loss: 1.8789
Epoch 26, Batch 82, Loss: 2.0467
Epoch 26, Batch 83, Loss: 1.9777
Epoch 26, Batch 84, Loss: 2.0289
Epoch 26, Batch 85, Loss: 1.9801
Epoch 26, Batch 86, Loss: 2.0445
Epoch 26, Batch 87, Loss: 2.1344
Epoch 26, Batch 88, Loss: 2.0602
Epoch 26, Batch 89, Loss: 1.8629
Epoch 26, Batch 90, Loss: 2.0692
[DTW] raw: pos=158.2  neg=1186.4  |  prob: pos_wins=0.995 (goal→1.0)  |  gap=-8.033  loss=1.9678
[LOSS] alignment_loss_type=d3tw_char_pool  d3tw_loss=1.9678  d3tw_cost_pos=158.1713  d3tw_cost_neg=1186.4470  total_loss=1.9705  char_pool_loss=0.0055  effective_char_pool_weight=0.5000  char_pool_acc_top1=0.9981  char_pool_acc_top5=1.0000  char_pool_valid_chars=2080  char_pool_num_chars=2080  window_size=16  stride=16  window_overlap_mode=no_overlap  num_windows=64  sequence_length=128
Epoch 26, Batch 91, Loss: 1.9705
Epoch 26, Batch 92, Loss: 1.9954
Epoch 26, Batch 93, Loss: 1.8928
Epoch 26, Batch 94, Loss: 1.9476
Epoch 26, Batch 95, Loss: 2.0928
Epoch 26, Batch 96, Loss: 2.0454
Epoch 26, Batch 97, Loss: 2.1514
Epoch 26, Batch 98, Loss: 2.0586
Epoch 26, Batch 99, Loss: 1.9113
Epoch 26, Batch 100, Loss: 1.9677
[DTW] raw: pos=154.9  neg=1177.4  |  prob: pos_wins=0.994 (goal→1.0)  |  gap=-7.989  loss=2.0119
[LOSS] alignment_loss_type=d3tw_char_pool  d3tw_loss=2.0119  d3tw_cost_pos=154.8977  d3tw_cost_neg=1177.4304  total_loss=2.0157  char_pool_loss=0.0076  effective_char_pool_weight=0.5000  char_pool_acc_top1=0.9995  char_pool_acc_top5=0.9995  char_pool_valid_chars=2080  char_pool_num_chars=2080  window_size=16  stride=16  window_overlap_mode=no_overlap  num_windows=64  sequence_length=128
Epoch 26, Batch 101, Loss: 2.0157
Epoch 26, Batch 102, Loss: 2.1397
Epoch 26, Batch 103, Loss: 1.9623
Epoch 26, Batch 104, Loss: 2.0939
Epoch 26, Batch 105, Loss: 1.9907
Epoch 26, Batch 106, Loss: 1.9415
Epoch 26, Batch 107, Loss: 1.8817
Epoch 26, Batch 108, Loss: 1.9995
Epoch 26, Batch 109, Loss: 2.0300
Epoch 26, Batch 110, Loss: 1.8459
[DTW] raw: pos=160.8  neg=1170.4  |  prob: pos_wins=0.994 (goal→1.0)  |  gap=-7.888  loss=2.1131
[LOSS] alignment_loss_type=d3tw_char_pool  d3tw_loss=2.1131  d3tw_cost_pos=160.7600  d3tw_cost_neg=1170.3810  total_loss=2.1202  char_pool_loss=0.0143  effective_char_pool_weight=0.5000  char_pool_acc_top1=0.9981  char_pool_acc_top5=0.9995  char_pool_valid_chars=2080  char_pool_num_chars=2080  window_size=16  stride=16  window_overlap_mode=no_overlap  num_windows=64  sequence_length=128
Epoch 26, Batch 111, Loss: 2.1202
Epoch 26, Batch 112, Loss: 1.9380
Epoch 26, Batch 113, Loss: 1.9710
Epoch 26, Batch 114, Loss: 1.9475
Epoch 26, Batch 115, Loss: 1.9680
Epoch 26, Batch 116, Loss: 2.0583
Epoch 26, Batch 117, Loss: 2.0918
Epoch 26, Batch 118, Loss: 1.9593
Epoch 26, Batch 119, Loss: 1.9817
Epoch 26, Batch 120, Loss: 1.9756
[DTW] raw: pos=156.7  neg=1186.9  |  prob: pos_wins=0.995 (goal→1.0)  |  gap=-8.049  loss=1.9515
[LOSS] alignment_loss_type=d3tw_char_pool  d3tw_loss=1.9515  d3tw_cost_pos=156.6528  d3tw_cost_neg=1186.9272  total_loss=1.9616  char_pool_loss=0.0201  effective_char_pool_weight=0.5000  char_pool_acc_top1=0.9986  char_pool_acc_top5=0.9986  char_pool_valid_chars=2080  char_pool_num_chars=2080  window_size=16  stride=16  window_overlap_mode=no_overlap  num_windows=64  sequence_length=128
Epoch 26, Batch 121, Loss: 1.9616
Epoch 26, Batch 122, Loss: 2.0546
Epoch 26, Batch 123, Loss: 2.0374
Epoch 26, Batch 124, Loss: 2.0392
Epoch 26, Batch 125, Loss: 1.9821
Epoch 26, Batch 126, Loss: 2.0129
Epoch 26, Batch 127, Loss: 1.9887
Epoch 26, Batch 128, Loss: 1.9647
Epoch 26, Batch 129, Loss: 2.0341
Epoch 26, Batch 130, Loss: 2.0437
[DTW] raw: pos=158.2  neg=1204.4  |  prob: pos_wins=0.995 (goal→1.0)  |  gap=-8.174  loss=1.8289
[LOSS] alignment_loss_type=d3tw_char_pool  d3tw_loss=1.8289  d3tw_cost_pos=158.2166  d3tw_cost_neg=1204.4490  total_loss=1.8349  char_pool_loss=0.0120  effective_char_pool_weight=0.5000  char_pool_acc_top1=0.9981  char_pool_acc_top5=0.9995  char_pool_valid_chars=2080  char_pool_num_chars=2080  window_size=16  stride=16  window_overlap_mode=no_overlap  num_windows=64  sequence_length=128
Epoch 26, Batch 131, Loss: 1.8349
Epoch 26, Batch 132, Loss: 2.0322
Epoch 26, Batch 133, Loss: 1.9168
Epoch 26, Batch 134, Loss: 1.9578
Epoch 26, Batch 135, Loss: 2.0980
Epoch 26, Batch 136, Loss: 2.0163
Epoch 26, Batch 137, Loss: 1.8985
Epoch 26, Batch 138, Loss: 2.1568
Epoch 26, Batch 139, Loss: 1.9311
Epoch 26, Batch 140, Loss: 1.8618
[DTW] raw: pos=158.1  neg=1171.0  |  prob: pos_wins=0.994 (goal→1.0)  |  gap=-7.913  loss=2.0871
[LOSS] alignment_loss_type=d3tw_char_pool  d3tw_loss=2.0871  d3tw_cost_pos=158.0800  d3tw_cost_neg=1170.9891  total_loss=2.0917  char_pool_loss=0.0091  effective_char_pool_weight=0.5000  char_pool_acc_top1=0.9986  char_pool_acc_top5=0.9995  char_pool_valid_chars=2080  char_pool_num_chars=2080  window_size=16  stride=16  window_overlap_mode=no_overlap  num_windows=64  sequence_length=128
Epoch 26, Batch 141, Loss: 2.0917
Epoch 26, Batch 142, Loss: 1.9631
Epoch 26, Batch 143, Loss: 1.9910
Epoch 26, Batch 144, Loss: 1.9700
Epoch 26, Batch 145, Loss: 2.1380
Epoch 26, Batch 146, Loss: 1.9870
Epoch 26, Batch 147, Loss: 2.1786
Epoch 26, Batch 148, Loss: 2.0849
Epoch 26, Batch 149, Loss: 2.0144
Epoch 26, Batch 150, Loss: 1.9459
[DTW] raw: pos=156.3  neg=1179.8  |  prob: pos_wins=0.995 (goal→1.0)  |  gap=-7.996  loss=2.0040
[LOSS] alignment_loss_type=d3tw_char_pool  d3tw_loss=2.0040  d3tw_cost_pos=156.2906  d3tw_cost_neg=1179.7673  total_loss=2.0107  char_pool_loss=0.0134  effective_char_pool_weight=0.5000  char_pool_acc_top1=0.9986  char_pool_acc_top5=0.9990  char_pool_valid_chars=2080  char_pool_num_chars=2080  window_size=16  stride=16  window_overlap_mode=no_overlap  num_windows=64  sequence_length=128
Epoch 26, Batch 151, Loss: 2.0107
Epoch 26, Batch 152, Loss: 2.0050
Epoch 26, Batch 153, Loss: 1.9853
Epoch 26, Batch 154, Loss: 2.0636
Epoch 26, Batch 155, Loss: 1.9359
Epoch 26, Batch 156, Loss: 1.9810
Epoch 26, Batch 157, Loss: 2.0857
Epoch 26, Batch 158, Loss: 1.9815
Epoch 26, Batch 159, Loss: 1.9673
Epoch 26, Batch 160, Loss: 1.9872
[DTW] raw: pos=158.3  neg=1174.4  |  prob: pos_wins=0.994 (goal→1.0)  |  gap=-7.938  loss=2.0642
[LOSS] alignment_loss_type=d3tw_char_pool  d3tw_loss=2.0642  d3tw_cost_pos=158.3119  d3tw_cost_neg=1174.4312  total_loss=2.0662  char_pool_loss=0.0038  effective_char_pool_weight=0.5000  char_pool_acc_top1=0.9995  char_pool_acc_top5=1.0000  char_pool_valid_chars=2080  char_pool_num_chars=2080  window_size=16  stride=16  window_overlap_mode=no_overlap  num_windows=64  sequence_length=128
Epoch 26, Batch 161, Loss: 2.0662
Epoch 26, Batch 162, Loss: 1.9986
Epoch 26, Batch 163, Loss: 2.0122
Epoch 26, Batch 164, Loss: 2.0406
Epoch 26, Batch 165, Loss: 1.9337
Epoch 26, Batch 166, Loss: 2.0296
Epoch 26, Batch 167, Loss: 1.9268
Epoch 26, Batch 168, Loss: 2.0426
Epoch 26, Batch 169, Loss: 1.8619
Epoch 26, Batch 170, Loss: 2.0863
[DTW] raw: pos=155.2  neg=1184.1  |  prob: pos_wins=0.995 (goal→1.0)  |  gap=-8.039  loss=1.9627
[LOSS] alignment_loss_type=d3tw_char_pool  d3tw_loss=1.9627  d3tw_cost_pos=155.1535  d3tw_cost_neg=1184.0906  total_loss=1.9645  char_pool_loss=0.0036  effective_char_pool_weight=0.5000  char_pool_acc_top1=0.9990  char_pool_acc_top5=1.0000  char_pool_valid_chars=2080  char_pool_num_chars=2080  window_size=16  stride=16  window_overlap_mode=no_overlap  num_windows=64  sequence_length=128
Epoch 26, Batch 171, Loss: 1.9645
Epoch 26, Batch 172, Loss: 2.0479
Epoch 26, Batch 173, Loss: 2.0855
Epoch 26, Batch 174, Loss: 1.8903
Epoch 26, Batch 175, Loss: 1.9170
Epoch 26, Batch 176, Loss: 2.0599
Epoch 26, Batch 177, Loss: 2.0871
Epoch 26, Batch 178, Loss: 2.0637
Epoch 26, Batch 179, Loss: 1.9860
Epoch 26, Batch 180, Loss: 2.0564
[DTW] raw: pos=153.8  neg=1180.9  |  prob: pos_wins=0.994 (goal→1.0)  |  gap=-8.024  loss=1.9794
[LOSS] alignment_loss_type=d3tw_char_pool  d3tw_loss=1.9794  d3tw_cost_pos=153.8357  d3tw_cost_neg=1180.8680  total_loss=1.9925  char_pool_loss=0.0262  effective_char_pool_weight=0.5000  char_pool_acc_top1=0.9976  char_pool_acc_top5=0.9986  char_pool_valid_chars=2080  char_pool_num_chars=2080  window_size=16  stride=16  window_overlap_mode=no_overlap  num_windows=64  sequence_length=128
Epoch 26, Batch 181, Loss: 1.9925
Epoch 26, Batch 182, Loss: 2.0161
Epoch 26, Batch 183, Loss: 1.9999
Epoch 26, Batch 184, Loss: 1.9004
Epoch 26, Batch 185, Loss: 1.9937
Epoch 26, Batch 186, Loss: 2.0210
Epoch 26, Batch 187, Loss: 1.9160
Epoch 26, Batch 188, Loss: 1.9245
Epoch 26 - Train Loss: 2.0030
[DTW] raw: pos=159.6  neg=1178.1  |  prob: pos_wins=0.995 (goal→1.0)  |  gap=-7.957  loss=2.0435
[LOSS] alignment_loss_type=d3tw_char_pool  d3tw_loss=2.0435  d3tw_cost_pos=159.6015  d3tw_cost_neg=1178.1045  total_loss=2.0615  char_pool_loss=0.0360  effective_char_pool_weight=0.5000  char_pool_acc_top1=0.9962  char_pool_acc_top5=0.9986  char_pool_valid_chars=2080  char_pool_num_chars=2080  window_size=16  stride=16  window_overlap_mode=no_overlap  num_windows=64  sequence_length=128
[DTW] raw: pos=159.8  neg=1203.2  |  prob: pos_wins=0.995 (goal→1.0)  |  gap=-8.151  loss=1.8541
[LOSS] alignment_loss_type=d3tw_char_pool  d3tw_loss=1.8541  d3tw_cost_pos=159.8489  d3tw_cost_neg=1203.2025  total_loss=1.8686  char_pool_loss=0.0289  effective_char_pool_weight=0.5000  char_pool_acc_top1=0.9976  char_pool_acc_top5=0.9981  char_pool_valid_chars=2080  char_pool_num_chars=2080  window_size=16  stride=16  window_overlap_mode=no_overlap  num_windows=64  sequence_length=128
[DTW] raw: pos=159.6  neg=1188.5  |  prob: pos_wins=0.995 (goal→1.0)  |  gap=-8.039  loss=1.9612
[LOSS] alignment_loss_type=d3tw_char_pool  d3tw_loss=1.9612  d3tw_cost_pos=159.5526  d3tw_cost_neg=1188.5027  total_loss=1.9675  char_pool_loss=0.0125  effective_char_pool_weight=0.5000  char_pool_acc_top1=0.9981  char_pool_acc_top5=0.9995  char_pool_valid_chars=2080  char_pool_num_chars=2080  window_size=16  stride=16  window_overlap_mode=no_overlap  num_windows=64  sequence_length=128
[DTW] raw: pos=157.6  neg=1181.7  |  prob: pos_wins=0.994 (goal→1.0)  |  gap=-8.000  loss=2.0010
[LOSS] alignment_loss_type=d3tw_char_pool  d3tw_loss=2.0010  d3tw_cost_pos=157.6441  d3tw_cost_neg=1181.7013  total_loss=2.0172  char_pool_loss=0.0323  effective_char_pool_weight=0.5000  char_pool_acc_top1=0.9952  char_pool_acc_top5=0.9990  char_pool_valid_chars=2080  char_pool_num_chars=2080  window_size=16  stride=16  window_overlap_mode=no_overlap  num_windows=64  sequence_length=128
[DTW] raw: pos=155.9  neg=1192.7  |  prob: pos_wins=0.995 (goal→1.0)  |  gap=-8.101  loss=1.9016
[LOSS] alignment_loss_type=d3tw_char_pool  d3tw_loss=1.9016  d3tw_cost_pos=155.8543  d3tw_cost_neg=1192.7483  total_loss=1.9117  char_pool_loss=0.0202  effective_char_pool_weight=0.5000  char_pool_acc_top1=0.9971  char_pool_acc_top5=0.9995  char_pool_valid_chars=2080  char_pool_num_chars=2080  window_size=16  stride=16  window_overlap_mode=no_overlap  num_windows=64  sequence_length=128
[DTW] raw: pos=156.1  neg=1170.4  |  prob: pos_wins=0.993 (goal→1.0)  |  gap=-7.925  loss=2.0771
[LOSS] alignment_loss_type=d3tw_char_pool  d3tw_loss=2.0771  d3tw_cost_pos=156.0677  d3tw_cost_neg=1170.4302  total_loss=2.0845  char_pool_loss=0.0148  effective_char_pool_weight=0.5000  char_pool_acc_top1=0.9981  char_pool_acc_top5=0.9995  char_pool_valid_chars=2080  char_pool_num_chars=2080  window_size=16  stride=16  window_overlap_mode=no_overlap  num_windows=64  sequence_length=128
[DTW] raw: pos=154.9  neg=1201.1  |  prob: pos_wins=0.996 (goal→1.0)  |  gap=-8.174  loss=1.8323
[LOSS] alignment_loss_type=d3tw_char_pool  d3tw_loss=1.8323  d3tw_cost_pos=154.8753  d3tw_cost_neg=1201.1221  total_loss=1.8348  char_pool_loss=0.0050  effective_char_pool_weight=0.5000  char_pool_acc_top1=0.9995  char_pool_acc_top5=1.0000  char_pool_valid_chars=2080  char_pool_num_chars=2080  window_size=16  stride=16  window_overlap_mode=no_overlap  num_windows=64  sequence_length=128
Epoch 26 - Validation Loss: 1.9735
Epoch 26 completed in 13m 49.47s
Epoch 26 - Peak GPU memory: 2267.0 MB
============================================================
Epoch 27 - Soft-DTW gamma: 0.100000
[DTW] raw: pos=155.1  neg=1181.8  |  prob: pos_wins=0.994 (goal→1.0)  |  gap=-8.021  loss=1.9790
[LOSS] alignment_loss_type=d3tw_char_pool  d3tw_loss=1.9790  d3tw_cost_pos=155.1313  d3tw_cost_neg=1181.8019  total_loss=1.9850  char_pool_loss=0.0120  effective_char_pool_weight=0.5000  char_pool_acc_top1=0.9981  char_pool_acc_top5=0.9995  char_pool_valid_chars=2080  char_pool_num_chars=2080  window_size=16  stride=16  window_overlap_mode=no_overlap  num_windows=64  sequence_length=128
Epoch 27, Batch 1, Loss: 1.9850
Epoch 27, Batch 2, Loss: 1.9574
Epoch 27, Batch 3, Loss: 1.8941
Epoch 27, Batch 4, Loss: 2.0225
Epoch 27, Batch 5, Loss: 1.9453
Epoch 27, Batch 6, Loss: 2.0015
Epoch 27, Batch 7, Loss: 1.9587
Epoch 27, Batch 8, Loss: 2.0613
Epoch 27, Batch 9, Loss: 2.0494
Epoch 27, Batch 10, Loss: 1.9515
[DTW] raw: pos=155.9  neg=1187.9  |  prob: pos_wins=0.994 (goal→1.0)  |  gap=-8.062  loss=1.9388
[LOSS] alignment_loss_type=d3tw_char_pool  d3tw_loss=1.9388  d3tw_cost_pos=155.9271  d3tw_cost_neg=1187.8905  total_loss=1.9512  char_pool_loss=0.0248  effective_char_pool_weight=0.5000  char_pool_acc_top1=0.9966  char_pool_acc_top5=0.9990  char_pool_valid_chars=2080  char_pool_num_chars=2080  window_size=16  stride=16  window_overlap_mode=no_overlap  num_windows=64  sequence_length=128
Epoch 27, Batch 11, Loss: 1.9512
Epoch 27, Batch 12, Loss: 2.0401
Epoch 27, Batch 13, Loss: 2.1013
Epoch 27, Batch 14, Loss: 2.0828
Epoch 27, Batch 15, Loss: 1.9239
Epoch 27, Batch 16, Loss: 2.0182
Epoch 27, Batch 17, Loss: 2.0054
Epoch 27, Batch 18, Loss: 1.9594
Epoch 27, Batch 19, Loss: 1.9929
Epoch 27, Batch 20, Loss: 2.0367
[DTW] raw: pos=155.2  neg=1187.8  |  prob: pos_wins=0.995 (goal→1.0)  |  gap=-8.067  loss=1.9342
[LOSS] alignment_loss_type=d3tw_char_pool  d3tw_loss=1.9342  d3tw_cost_pos=155.2347  d3tw_cost_neg=1187.8207  total_loss=1.9452  char_pool_loss=0.0220  effective_char_pool_weight=0.5000  char_pool_acc_top1=0.9966  char_pool_acc_top5=0.9995  char_pool_valid_chars=2080  char_pool_num_chars=2080  window_size=16  stride=16  window_overlap_mode=no_overlap  num_windows=64  sequence_length=128
Epoch 27, Batch 21, Loss: 1.9452
Epoch 27, Batch 22, Loss: 2.0237
Epoch 27, Batch 23, Loss: 2.1077
Epoch 27, Batch 24, Loss: 1.9270
Epoch 27, Batch 25, Loss: 2.0100
Epoch 27, Batch 26, Loss: 1.9224
Epoch 27, Batch 27, Loss: 2.0559
Epoch 27, Batch 28, Loss: 1.9983
Epoch 27, Batch 29, Loss: 1.9306
Epoch 27, Batch 30, Loss: 1.9896
[DTW] raw: pos=157.3  neg=1174.4  |  prob: pos_wins=0.995 (goal→1.0)  |  gap=-7.946  loss=2.0560
[LOSS] alignment_loss_type=d3tw_char_pool  d3tw_loss=2.0560  d3tw_cost_pos=157.2810  d3tw_cost_neg=1174.3668  total_loss=2.0586  char_pool_loss=0.0053  effective_char_pool_weight=0.5000  char_pool_acc_top1=0.9995  char_pool_acc_top5=1.0000  char_pool_valid_chars=2080  char_pool_num_chars=2080  window_size=16  stride=16  window_overlap_mode=no_overlap  num_windows=64  sequence_length=128
Epoch 27, Batch 31, Loss: 2.0586
Epoch 27, Batch 32, Loss: 1.9144
Epoch 27, Batch 33, Loss: 2.0709
Epoch 27, Batch 34, Loss: 2.0442
Epoch 27, Batch 35, Loss: 2.0166
Epoch 27, Batch 36, Loss: 2.0225
Epoch 27, Batch 37, Loss: 1.8747
Epoch 27, Batch 38, Loss: 2.0915
Epoch 27, Batch 39, Loss: 2.0716
Epoch 27, Batch 40, Loss: 2.0834
[DTW] raw: pos=155.4  neg=1179.2  |  prob: pos_wins=0.994 (goal→1.0)  |  gap=-7.999  loss=2.0026
[LOSS] alignment_loss_type=d3tw_char_pool  d3tw_loss=2.0026  d3tw_cost_pos=155.3676  d3tw_cost_neg=1179.1851  total_loss=2.0094  char_pool_loss=0.0136  effective_char_pool_weight=0.5000  char_pool_acc_top1=0.9986  char_pool_acc_top5=0.9995  char_pool_valid_chars=2080  char_pool_num_chars=2080  window_size=16  stride=16  window_overlap_mode=no_overlap  num_windows=64  sequence_length=128
Epoch 27, Batch 41, Loss: 2.0094
Epoch 27, Batch 42, Loss: 1.8990
Epoch 27, Batch 43, Loss: 1.9019
Epoch 27, Batch 44, Loss: 1.9226
Epoch 27, Batch 45, Loss: 1.9375
Epoch 27, Batch 46, Loss: 1.9796
Epoch 27, Batch 47, Loss: 2.0593
Epoch 27, Batch 48, Loss: 1.9545
Epoch 27, Batch 49, Loss: 1.8331
Epoch 27, Batch 50, Loss: 2.0715
[DTW] raw: pos=151.6  neg=1179.4  |  prob: pos_wins=0.995 (goal→1.0)  |  gap=-8.030  loss=1.9711
[LOSS] alignment_loss_type=d3tw_char_pool  d3tw_loss=1.9711  d3tw_cost_pos=151.6064  d3tw_cost_neg=1179.3931  total_loss=1.9717  char_pool_loss=0.0012  effective_char_pool_weight=0.5000  char_pool_acc_top1=0.9995  char_pool_acc_top5=1.0000  char_pool_valid_chars=2080  char_pool_num_chars=2080  window_size=16  stride=16  window_overlap_mode=no_overlap  num_windows=64  sequence_length=128
Epoch 27, Batch 51, Loss: 1.9717
Epoch 27, Batch 52, Loss: 2.0307
Epoch 27, Batch 53, Loss: 1.8867
Epoch 27, Batch 54, Loss: 2.0381
Epoch 27, Batch 55, Loss: 1.9744
Epoch 27, Batch 56, Loss: 1.9972
Epoch 27, Batch 57, Loss: 2.1485
Epoch 27, Batch 58, Loss: 1.9806
Epoch 27, Batch 59, Loss: 1.9669
Epoch 27, Batch 60, Loss: 2.0529
[DTW] raw: pos=161.9  neg=1190.4  |  prob: pos_wins=0.995 (goal→1.0)  |  gap=-8.035  loss=1.9662
[LOSS] alignment_loss_type=d3tw_char_pool  d3tw_loss=1.9662  d3tw_cost_pos=161.9001  d3tw_cost_neg=1190.4430  total_loss=1.9885  char_pool_loss=0.0446  effective_char_pool_weight=0.5000  char_pool_acc_top1=0.9952  char_pool_acc_top5=0.9986  char_pool_valid_chars=2080  char_pool_num_chars=2080  window_size=16  stride=16  window_overlap_mode=no_overlap  num_windows=64  sequence_length=128
Epoch 27, Batch 61, Loss: 1.9885
Epoch 27, Batch 62, Loss: 1.9848
Epoch 27, Batch 63, Loss: 2.0327
Epoch 27, Batch 64, Loss: 2.0223
Epoch 27, Batch 65, Loss: 2.0076
Epoch 27, Batch 66, Loss: 1.9506
Epoch 27, Batch 67, Loss: 2.1180
Epoch 27, Batch 68, Loss: 2.0031
Epoch 27, Batch 69, Loss: 2.1001
Epoch 27, Batch 70, Loss: 1.9154
[DTW] raw: pos=161.9  neg=1182.9  |  prob: pos_wins=0.995 (goal→1.0)  |  gap=-7.976  loss=2.0241
[LOSS] alignment_loss_type=d3tw_char_pool  d3tw_loss=2.0241  d3tw_cost_pos=161.9454  d3tw_cost_neg=1182.8743  total_loss=2.0343  char_pool_loss=0.0204  effective_char_pool_weight=0.5000  char_pool_acc_top1=0.9981  char_pool_acc_top5=0.9990  char_pool_valid_chars=2080  char_pool_num_chars=2080  window_size=16  stride=16  window_overlap_mode=no_overlap  num_windows=64  sequence_length=128
Epoch 27, Batch 71, Loss: 2.0343
Epoch 27, Batch 72, Loss: 2.0772
Epoch 27, Batch 73, Loss: 2.0462
Epoch 27, Batch 74, Loss: 2.0444
Epoch 27, Batch 75, Loss: 2.0347
Epoch 27, Batch 76, Loss: 2.0788
Epoch 27, Batch 77, Loss: 1.9370
Epoch 27, Batch 78, Loss: 1.9738
Epoch 27, Batch 79, Loss: 1.9649
Epoch 27, Batch 80, Loss: 2.0535
[DTW] raw: pos=157.5  neg=1196.2  |  prob: pos_wins=0.995 (goal→1.0)  |  gap=-8.115  loss=1.8874
[LOSS] alignment_loss_type=d3tw_char_pool  d3tw_loss=1.8874  d3tw_cost_pos=157.4704  d3tw_cost_neg=1196.1602  total_loss=1.8918  char_pool_loss=0.0088  effective_char_pool_weight=0.5000  char_pool_acc_top1=0.9990  char_pool_acc_top5=0.9995  char_pool_valid_chars=2080  char_pool_num_chars=2080  window_size=16  stride=16  window_overlap_mode=no_overlap  num_windows=64  sequence_length=128
Epoch 27, Batch 81, Loss: 1.8918
Epoch 27, Batch 82, Loss: 2.0098
Epoch 27, Batch 83, Loss: 1.9806
Epoch 27, Batch 84, Loss: 1.9487
Epoch 27, Batch 85, Loss: 1.8314
Epoch 27, Batch 86, Loss: 2.0339
Epoch 27, Batch 87, Loss: 1.9375
Epoch 27, Batch 88, Loss: 1.8972
Epoch 27, Batch 89, Loss: 1.9295
Epoch 27, Batch 90, Loss: 2.0098
[DTW] raw: pos=158.1  neg=1172.7  |  prob: pos_wins=0.994 (goal→1.0)  |  gap=-7.926  loss=2.0740
[LOSS] alignment_loss_type=d3tw_char_pool  d3tw_loss=2.0740  d3tw_cost_pos=158.0943  d3tw_cost_neg=1172.6698  total_loss=2.0917  char_pool_loss=0.0355  effective_char_pool_weight=0.5000  char_pool_acc_top1=0.9966  char_pool_acc_top5=0.9981  char_pool_valid_chars=2080  char_pool_num_chars=2080  window_size=16  stride=16  window_overlap_mode=no_overlap  num_windows=64  sequence_length=128
Epoch 27, Batch 91, Loss: 2.0917
Epoch 27, Batch 92, Loss: 1.9199
Epoch 27, Batch 93, Loss: 2.0224
Epoch 27, Batch 94, Loss: 2.0073
Epoch 27, Batch 95, Loss: 2.1832
Epoch 27, Batch 96, Loss: 1.9929
Epoch 27, Batch 97, Loss: 1.9855
Epoch 27, Batch 98, Loss: 1.9390
Epoch 27, Batch 99, Loss: 2.0515
Epoch 27, Batch 100, Loss: 1.9283
[DTW] raw: pos=155.1  neg=1176.6  |  prob: pos_wins=0.995 (goal→1.0)  |  gap=-7.980  loss=2.0200
[LOSS] alignment_loss_type=d3tw_char_pool  d3tw_loss=2.0200  d3tw_cost_pos=155.0873  d3tw_cost_neg=1176.5588  total_loss=2.0239  char_pool_loss=0.0078  effective_char_pool_weight=0.5000  char_pool_acc_top1=0.9986  char_pool_acc_top5=1.0000  char_pool_valid_chars=2080  char_pool_num_chars=2080  window_size=16  stride=16  window_overlap_mode=no_overlap  num_windows=64  sequence_length=128
Epoch 27, Batch 101, Loss: 2.0239
Epoch 27, Batch 102, Loss: 1.9199
Epoch 27, Batch 103, Loss: 1.9659
Epoch 27, Batch 104, Loss: 1.9623
Epoch 27, Batch 105, Loss: 2.0959
Epoch 27, Batch 106, Loss: 1.9632
Epoch 27, Batch 107, Loss: 1.9872
Epoch 27, Batch 108, Loss: 1.9904
Epoch 27, Batch 109, Loss: 2.0382
Epoch 27, Batch 110, Loss: 2.0128
[DTW] raw: pos=161.6  neg=1180.1  |  prob: pos_wins=0.995 (goal→1.0)  |  gap=-7.957  loss=2.0453
[LOSS] alignment_loss_type=d3tw_char_pool  d3tw_loss=2.0453  d3tw_cost_pos=161.6038  d3tw_cost_neg=1180.1453  total_loss=2.0527  char_pool_loss=0.0149  effective_char_pool_weight=0.5000  char_pool_acc_top1=0.9986  char_pool_acc_top5=0.9990  char_pool_valid_chars=2080  char_pool_num_chars=2080  window_size=16  stride=16  window_overlap_mode=no_overlap  num_windows=64  sequence_length=128
Epoch 27, Batch 111, Loss: 2.0527
Epoch 27, Batch 112, Loss: 1.9900
Epoch 27, Batch 113, Loss: 2.0510
Epoch 27, Batch 114, Loss: 1.9184
Epoch 27, Batch 115, Loss: 1.9746
Epoch 27, Batch 116, Loss: 1.9841
Epoch 27, Batch 117, Loss: 1.9817
Epoch 27, Batch 118, Loss: 2.1309
Epoch 27, Batch 119, Loss: 2.0607
Epoch 27, Batch 120, Loss: 1.9812
[DTW] raw: pos=158.9  neg=1178.6  |  prob: pos_wins=0.994 (goal→1.0)  |  gap=-7.966  loss=2.0363
[LOSS] alignment_loss_type=d3tw_char_pool  d3tw_loss=2.0363  d3tw_cost_pos=158.9325  d3tw_cost_neg=1178.5767  total_loss=2.0464  char_pool_loss=0.0203  effective_char_pool_weight=0.5000  char_pool_acc_top1=0.9986  char_pool_acc_top5=0.9986  char_pool_valid_chars=2080  char_pool_num_chars=2080  window_size=16  stride=16  window_overlap_mode=no_overlap  num_windows=64  sequence_length=128
Epoch 27, Batch 121, Loss: 2.0464
Epoch 27, Batch 122, Loss: 1.9557
Epoch 27, Batch 123, Loss: 2.0563
Epoch 27, Batch 124, Loss: 1.9707
Epoch 27, Batch 125, Loss: 2.0718
Epoch 27, Batch 126, Loss: 1.9716
Epoch 27, Batch 127, Loss: 2.0987
Epoch 27, Batch 128, Loss: 2.0086
Epoch 27, Batch 129, Loss: 2.0178
Epoch 27, Batch 130, Loss: 2.0571
[DTW] raw: pos=154.5  neg=1178.2  |  prob: pos_wins=0.995 (goal→1.0)  |  gap=-7.997  loss=2.0035
[LOSS] alignment_loss_type=d3tw_char_pool  d3tw_loss=2.0035  d3tw_cost_pos=154.5386  d3tw_cost_neg=1178.1738  total_loss=2.0135  char_pool_loss=0.0200  effective_char_pool_weight=0.5000  char_pool_acc_top1=0.9971  char_pool_acc_top5=0.9995  char_pool_valid_chars=2080  char_pool_num_chars=2080  window_size=16  stride=16  window_overlap_mode=no_overlap  num_windows=64  sequence_length=128
Epoch 27, Batch 131, Loss: 2.0135
Epoch 27, Batch 132, Loss: 1.8958
Epoch 27, Batch 133, Loss: 2.0523
Epoch 27, Batch 134, Loss: 2.1152
Epoch 27, Batch 135, Loss: 2.0114
Epoch 27, Batch 136, Loss: 1.9761
Epoch 27, Batch 137, Loss: 2.0681
Epoch 27, Batch 138, Loss: 2.0759
Epoch 27, Batch 139, Loss: 2.0328
Epoch 27, Batch 140, Loss: 2.0428
[DTW] raw: pos=155.6  neg=1178.9  |  prob: pos_wins=0.994 (goal→1.0)  |  gap=-7.994  loss=2.0083
[LOSS] alignment_loss_type=d3tw_char_pool  d3tw_loss=2.0083  d3tw_cost_pos=155.6462  d3tw_cost_neg=1178.8552  total_loss=2.0148  char_pool_loss=0.0130  effective_char_pool_weight=0.5000  char_pool_acc_top1=0.9981  char_pool_acc_top5=1.0000  char_pool_valid_chars=2080  char_pool_num_chars=2080  window_size=16  stride=16  window_overlap_mode=no_overlap  num_windows=64  sequence_length=128
Epoch 27, Batch 141, Loss: 2.0148
Epoch 27, Batch 142, Loss: 2.0895
Epoch 27, Batch 143, Loss: 1.9149
Epoch 27, Batch 144, Loss: 2.0509
Epoch 27, Batch 145, Loss: 2.0156
Epoch 27, Batch 146, Loss: 2.0528
Epoch 27, Batch 147, Loss: 1.9643
Epoch 27, Batch 148, Loss: 2.0404
Epoch 27, Batch 149, Loss: 2.0553
Epoch 27, Batch 150, Loss: 2.0076
[DTW] raw: pos=157.7  neg=1182.8  |  prob: pos_wins=0.995 (goal→1.0)  |  gap=-8.008  loss=1.9938
[LOSS] alignment_loss_type=d3tw_char_pool  d3tw_loss=1.9938  d3tw_cost_pos=157.7386  d3tw_cost_neg=1182.8020  total_loss=2.0136  char_pool_loss=0.0396  effective_char_pool_weight=0.5000  char_pool_acc_top1=0.9966  char_pool_acc_top5=0.9981  char_pool_valid_chars=2080  char_pool_num_chars=2080  window_size=16  stride=16  window_overlap_mode=no_overlap  num_windows=64  sequence_length=128
Epoch 27, Batch 151, Loss: 2.0136
Epoch 27, Batch 152, Loss: 1.9298
Epoch 27, Batch 153, Loss: 1.9662
Epoch 27, Batch 154, Loss: 2.1593
Epoch 27, Batch 155, Loss: 2.0617
Epoch 27, Batch 156, Loss: 1.9753
Epoch 27, Batch 157, Loss: 2.0963
Epoch 27, Batch 158, Loss: 1.9552
Epoch 27, Batch 159, Loss: 2.1068
Epoch 27, Batch 160, Loss: 2.0596
[DTW] raw: pos=155.9  neg=1179.7  |  prob: pos_wins=0.995 (goal→1.0)  |  gap=-7.998  loss=2.0057
[LOSS] alignment_loss_type=d3tw_char_pool  d3tw_loss=2.0057  d3tw_cost_pos=155.8862  d3tw_cost_neg=1179.6587  total_loss=2.0140  char_pool_loss=0.0167  effective_char_pool_weight=0.5000  char_pool_acc_top1=0.9986  char_pool_acc_top5=0.9990  char_pool_valid_chars=2080  char_pool_num_chars=2080  window_size=16  stride=16  window_overlap_mode=no_overlap  num_windows=64  sequence_length=128
Epoch 27, Batch 161, Loss: 2.0140
Epoch 27, Batch 162, Loss: 1.9572
Epoch 27, Batch 163, Loss: 1.9614
Epoch 27, Batch 164, Loss: 1.9722
Epoch 27, Batch 165, Loss: 2.0253
Epoch 27, Batch 166, Loss: 1.9517
Epoch 27, Batch 167, Loss: 2.0195
Epoch 27, Batch 168, Loss: 1.9622
Epoch 27, Batch 169, Loss: 1.8311
Epoch 27, Batch 170, Loss: 1.9798
[DTW] raw: pos=156.5  neg=1187.5  |  prob: pos_wins=0.995 (goal→1.0)  |  gap=-8.055  loss=1.9491
[LOSS] alignment_loss_type=d3tw_char_pool  d3tw_loss=1.9491  d3tw_cost_pos=156.4901  d3tw_cost_neg=1187.4714  total_loss=1.9536  char_pool_loss=0.0090  effective_char_pool_weight=0.5000  char_pool_acc_top1=0.9990  char_pool_acc_top5=0.9995  char_pool_valid_chars=2080  char_pool_num_chars=2080  window_size=16  stride=16  window_overlap_mode=no_overlap  num_windows=64  sequence_length=128
Epoch 27, Batch 171, Loss: 1.9536
Epoch 27, Batch 172, Loss: 1.8526
Epoch 27, Batch 173, Loss: 1.9969
Epoch 27, Batch 174, Loss: 2.0917
Epoch 27, Batch 175, Loss: 1.9539
Epoch 27, Batch 176, Loss: 1.9339
Epoch 27, Batch 177, Loss: 1.9913
Epoch 27, Batch 178, Loss: 1.9028
Epoch 27, Batch 179, Loss: 1.9280
Epoch 27, Batch 180, Loss: 2.0651
[DTW] raw: pos=156.2  neg=1193.0  |  prob: pos_wins=0.995 (goal→1.0)  |  gap=-8.100  loss=1.9002
[LOSS] alignment_loss_type=d3tw_char_pool  d3tw_loss=1.9002  d3tw_cost_pos=156.2168  d3tw_cost_neg=1192.9900  total_loss=1.9033  char_pool_loss=0.0061  effective_char_pool_weight=0.5000  char_pool_acc_top1=0.9995  char_pool_acc_top5=1.0000  char_pool_valid_chars=2080  char_pool_num_chars=2080  window_size=16  stride=16  window_overlap_mode=no_overlap  num_windows=64  sequence_length=128
Epoch 27, Batch 181, Loss: 1.9033
Epoch 27, Batch 182, Loss: 1.9724
Epoch 27, Batch 183, Loss: 1.8961
Epoch 27, Batch 184, Loss: 1.9173
Epoch 27, Batch 185, Loss: 2.0728
Epoch 27, Batch 186, Loss: 1.8813
Epoch 27, Batch 187, Loss: 2.0681
Epoch 27, Batch 188, Loss: 1.8395
Epoch 27 - Train Loss: 1.9985
[DTW] raw: pos=160.3  neg=1182.1  |  prob: pos_wins=0.994 (goal→1.0)  |  gap=-7.983  loss=2.0195
[LOSS] alignment_loss_type=d3tw_char_pool  d3tw_loss=2.0195  d3tw_cost_pos=160.3448  d3tw_cost_neg=1182.1448  total_loss=2.0398  char_pool_loss=0.0407  effective_char_pool_weight=0.5000  char_pool_acc_top1=0.9966  char_pool_acc_top5=0.9976  char_pool_valid_chars=2080  char_pool_num_chars=2080  window_size=16  stride=16  window_overlap_mode=no_overlap  num_windows=64  sequence_length=128
[DTW] raw: pos=160.3  neg=1183.8  |  prob: pos_wins=0.995 (goal→1.0)  |  gap=-7.996  loss=2.0073
[LOSS] alignment_loss_type=d3tw_char_pool  d3tw_loss=2.0073  d3tw_cost_pos=160.3463  d3tw_cost_neg=1183.8110  total_loss=2.0189  char_pool_loss=0.0233  effective_char_pool_weight=0.5000  char_pool_acc_top1=0.9981  char_pool_acc_top5=0.9986  char_pool_valid_chars=2080  char_pool_num_chars=2080  window_size=16  stride=16  window_overlap_mode=no_overlap  num_windows=64  sequence_length=128
[DTW] raw: pos=159.9  neg=1192.7  |  prob: pos_wins=0.995 (goal→1.0)  |  gap=-8.068  loss=1.9333
[LOSS] alignment_loss_type=d3tw_char_pool  d3tw_loss=1.9333  d3tw_cost_pos=159.9340  d3tw_cost_neg=1192.6641  total_loss=1.9386  char_pool_loss=0.0104  effective_char_pool_weight=0.5000  char_pool_acc_top1=0.9990  char_pool_acc_top5=0.9995  char_pool_valid_chars=2080  char_pool_num_chars=2080  window_size=16  stride=16  window_overlap_mode=no_overlap  num_windows=64  sequence_length=128
[DTW] raw: pos=159.7  neg=1178.7  |  prob: pos_wins=0.994 (goal→1.0)  |  gap=-7.962  loss=2.0415
[LOSS] alignment_loss_type=d3tw_char_pool  d3tw_loss=2.0415  d3tw_cost_pos=159.6520  d3tw_cost_neg=1178.7332  total_loss=2.0661  char_pool_loss=0.0492  effective_char_pool_weight=0.5000  char_pool_acc_top1=0.9957  char_pool_acc_top5=0.9976  char_pool_valid_chars=2080  char_pool_num_chars=2080  window_size=16  stride=16  window_overlap_mode=no_overlap  num_windows=64  sequence_length=128
[DTW] raw: pos=158.1  neg=1191.0  |  prob: pos_wins=0.995 (goal→1.0)  |  gap=-8.070  loss=1.9322
[LOSS] alignment_loss_type=d3tw_char_pool  d3tw_loss=1.9322  d3tw_cost_pos=158.0790  d3tw_cost_neg=1191.0149  total_loss=1.9411  char_pool_loss=0.0178  effective_char_pool_weight=0.5000  char_pool_acc_top1=0.9986  char_pool_acc_top5=0.9995  char_pool_valid_chars=2080  char_pool_num_chars=2080  window_size=16  stride=16  window_overlap_mode=no_overlap  num_windows=64  sequence_length=128
[DTW] raw: pos=157.9  neg=1184.9  |  prob: pos_wins=0.994 (goal→1.0)  |  gap=-8.024  loss=1.9794
[LOSS] alignment_loss_type=d3tw_char_pool  d3tw_loss=1.9794  d3tw_cost_pos=157.8917  d3tw_cost_neg=1184.9312  total_loss=1.9871  char_pool_loss=0.0154  effective_char_pool_weight=0.5000  char_pool_acc_top1=0.9986  char_pool_acc_top5=0.9995  char_pool_valid_chars=2080  char_pool_num_chars=2080  window_size=16  stride=16  window_overlap_mode=no_overlap  num_windows=64  sequence_length=128
[DTW] raw: pos=155.6  neg=1189.6  |  prob: pos_wins=0.994 (goal→1.0)  |  gap=-8.078  loss=1.9240
[LOSS] alignment_loss_type=d3tw_char_pool  d3tw_loss=1.9240  d3tw_cost_pos=155.6231  d3tw_cost_neg=1189.6047  total_loss=1.9304  char_pool_loss=0.0130  effective_char_pool_weight=0.5000  char_pool_acc_top1=0.9976  char_pool_acc_top5=0.9995  char_pool_valid_chars=2080  char_pool_num_chars=2080  window_size=16  stride=16  window_overlap_mode=no_overlap  num_windows=64  sequence_length=128
Epoch 27 - Validation Loss: 1.9764
Epoch 27 completed in 13m 49.22s
Epoch 27 - Peak GPU memory: 2267.0 MB
============================================================
Epoch 28 - Soft-DTW gamma: 0.100000
[DTW] raw: pos=155.8  neg=1187.1  |  prob: pos_wins=0.995 (goal→1.0)  |  gap=-8.057  loss=1.9437
[LOSS] alignment_loss_type=d3tw_char_pool  d3tw_loss=1.9437  d3tw_cost_pos=155.8461  d3tw_cost_neg=1187.1243  total_loss=1.9456  char_pool_loss=0.0038  effective_char_pool_weight=0.5000  char_pool_acc_top1=0.9981  char_pool_acc_top5=1.0000  char_pool_valid_chars=2080  char_pool_num_chars=2080  window_size=16  stride=16  window_overlap_mode=no_overlap  num_windows=64  sequence_length=128
Epoch 28, Batch 1, Loss: 1.9456
Epoch 28, Batch 2, Loss: 2.1636
Epoch 28, Batch 3, Loss: 2.0891
Epoch 28, Batch 4, Loss: 1.9132
Epoch 28, Batch 5, Loss: 1.9432
Epoch 28, Batch 6, Loss: 1.9965
Epoch 28, Batch 7, Loss: 1.9803
Epoch 28, Batch 8, Loss: 1.9224
Epoch 28, Batch 9, Loss: 2.0004
Epoch 28, Batch 10, Loss: 2.0361
[DTW] raw: pos=156.9  neg=1187.8  |  prob: pos_wins=0.995 (goal→1.0)  |  gap=-8.053  loss=1.9472
[LOSS] alignment_loss_type=d3tw_char_pool  d3tw_loss=1.9472  d3tw_cost_pos=156.9145  d3tw_cost_neg=1187.7561  total_loss=1.9574  char_pool_loss=0.0203  effective_char_pool_weight=0.5000  char_pool_acc_top1=0.9976  char_pool_acc_top5=0.9990  char_pool_valid_chars=2080  char_pool_num_chars=2080  window_size=16  stride=16  window_overlap_mode=no_overlap  num_windows=64  sequence_length=128
Epoch 28, Batch 11, Loss: 1.9574
Epoch 28, Batch 12, Loss: 1.9326
Epoch 28, Batch 13, Loss: 2.0401
Epoch 28, Batch 14, Loss: 1.9601
Epoch 28, Batch 15, Loss: 1.9261
Epoch 28, Batch 16, Loss: 2.0500
Epoch 28, Batch 17, Loss: 1.9324
Epoch 28, Batch 18, Loss: 2.0708
Epoch 28, Batch 19, Loss: 1.8986
Epoch 28, Batch 20, Loss: 1.9305
[DTW] raw: pos=161.1  neg=1177.7  |  prob: pos_wins=0.994 (goal→1.0)  |  gap=-7.942  loss=2.0593
[LOSS] alignment_loss_type=d3tw_char_pool  d3tw_loss=2.0593  d3tw_cost_pos=161.1365  d3tw_cost_neg=1177.7207  total_loss=2.0796  char_pool_loss=0.0406  effective_char_pool_weight=0.5000  char_pool_acc_top1=0.9962  char_pool_acc_top5=0.9981  char_pool_valid_chars=2080  char_pool_num_chars=2080  window_size=16  stride=16  window_overlap_mode=no_overlap  num_windows=64  sequence_length=128
Epoch 28, Batch 21, Loss: 2.0796
Epoch 28, Batch 22, Loss: 1.9812
Epoch 28, Batch 23, Loss: 2.1208
Epoch 28, Batch 24, Loss: 1.9733
Epoch 28, Batch 25, Loss: 1.9794
Epoch 28, Batch 26, Loss: 1.9101
Epoch 28, Batch 27, Loss: 2.0456
Epoch 28, Batch 28, Loss: 1.9840
Epoch 28, Batch 29, Loss: 2.1344
Epoch 28, Batch 30, Loss: 2.0614
[DTW] raw: pos=162.6  neg=1186.4  |  prob: pos_wins=0.995 (goal→1.0)  |  gap=-7.998  loss=2.0017
[LOSS] alignment_loss_type=d3tw_char_pool  d3tw_loss=2.0017  d3tw_cost_pos=162.6302  d3tw_cost_neg=1186.4050  total_loss=2.0037  char_pool_loss=0.0040  effective_char_pool_weight=0.5000  char_pool_acc_top1=0.9990  char_pool_acc_top5=1.0000  char_pool_valid_chars=2080  char_pool_num_chars=2080  window_size=16  stride=16  window_overlap_mode=no_overlap  num_windows=64  sequence_length=128
Epoch 28, Batch 31, Loss: 2.0037
Epoch 28, Batch 32, Loss: 1.9499
Epoch 28, Batch 33, Loss: 1.9242
Epoch 28, Batch 34, Loss: 2.0057
Epoch 28, Batch 35, Loss: 2.0177
Epoch 28, Batch 36, Loss: 2.0416
Epoch 28, Batch 37, Loss: 1.9046
Epoch 28, Batch 38, Loss: 2.0300
Epoch 28, Batch 39, Loss: 1.9269
Epoch 28, Batch 40, Loss: 1.9808
[DTW] raw: pos=155.4  neg=1187.9  |  prob: pos_wins=0.994 (goal→1.0)  |  gap=-8.066  loss=1.9363
[LOSS] alignment_loss_type=d3tw_char_pool  d3tw_loss=1.9363  d3tw_cost_pos=155.4189  d3tw_cost_neg=1187.9171  total_loss=1.9509  char_pool_loss=0.0291  effective_char_pool_weight=0.5000  char_pool_acc_top1=0.9966  char_pool_acc_top5=0.9981  char_pool_valid_chars=2080  char_pool_num_chars=2080  window_size=16  stride=16  window_overlap_mode=no_overlap  num_windows=64  sequence_length=128
Epoch 28, Batch 41, Loss: 1.9509
Epoch 28, Batch 42, Loss: 1.8933
Epoch 28, Batch 43, Loss: 2.0517
Epoch 28, Batch 44, Loss: 1.9926
Epoch 28, Batch 45, Loss: 1.9927
Epoch 28, Batch 46, Loss: 2.0402
Epoch 28, Batch 47, Loss: 1.9417
Epoch 28, Batch 48, Loss: 1.9820
Epoch 28, Batch 49, Loss: 2.0954
Epoch 28, Batch 50, Loss: 2.0355
[DTW] raw: pos=161.0  neg=1198.1  |  prob: pos_wins=0.995 (goal→1.0)  |  gap=-8.102  loss=1.8987
[LOSS] alignment_loss_type=d3tw_char_pool  d3tw_loss=1.8987  d3tw_cost_pos=161.0421  d3tw_cost_neg=1198.0656  total_loss=1.9057  char_pool_loss=0.0140  effective_char_pool_weight=0.5000  char_pool_acc_top1=0.9981  char_pool_acc_top5=0.9995  char_pool_valid_chars=2080  char_pool_num_chars=2080  window_size=16  stride=16  window_overlap_mode=no_overlap  num_windows=64  sequence_length=128
Epoch 28, Batch 51, Loss: 1.9057
Epoch 28, Batch 52, Loss: 2.0062
Epoch 28, Batch 53, Loss: 1.9298
Epoch 28, Batch 54, Loss: 2.0209
Epoch 28, Batch 55, Loss: 2.0287
Epoch 28, Batch 56, Loss: 1.9103
Epoch 28, Batch 57, Loss: 1.8713
Epoch 28, Batch 58, Loss: 2.0561
Epoch 28, Batch 59, Loss: 2.0340
Epoch 28, Batch 60, Loss: 1.8921
[DTW] raw: pos=157.8  neg=1180.1  |  prob: pos_wins=0.995 (goal→1.0)  |  gap=-7.987  loss=2.0135
[LOSS] alignment_loss_type=d3tw_char_pool  d3tw_loss=2.0135  d3tw_cost_pos=157.8126  d3tw_cost_neg=1180.1160  total_loss=2.0203  char_pool_loss=0.0135  effective_char_pool_weight=0.5000  char_pool_acc_top1=0.9981  char_pool_acc_top5=1.0000  char_pool_valid_chars=2080  char_pool_num_chars=2080  window_size=16  stride=16  window_overlap_mode=no_overlap  num_windows=64  sequence_length=128
Epoch 28, Batch 61, Loss: 2.0203
Epoch 28, Batch 62, Loss: 1.9918
Epoch 28, Batch 63, Loss: 2.1673
Epoch 28, Batch 64, Loss: 1.9202
Epoch 28, Batch 65, Loss: 1.9570
Epoch 28, Batch 66, Loss: 2.0225
Epoch 28, Batch 67, Loss: 1.9743
Epoch 28, Batch 68, Loss: 1.9662
Epoch 28, Batch 69, Loss: 1.9134
Epoch 28, Batch 70, Loss: 2.0156
[DTW] raw: pos=156.4  neg=1174.2  |  prob: pos_wins=0.994 (goal→1.0)  |  gap=-7.952  loss=2.0498
[LOSS] alignment_loss_type=d3tw_char_pool  d3tw_loss=2.0498  d3tw_cost_pos=156.3658  d3tw_cost_neg=1174.2051  total_loss=2.0593  char_pool_loss=0.0191  effective_char_pool_weight=0.5000  char_pool_acc_top1=0.9986  char_pool_acc_top5=0.9995  char_pool_valid_chars=2080  char_pool_num_chars=2080  window_size=16  stride=16  window_overlap_mode=no_overlap  num_windows=64  sequence_length=128
Epoch 28, Batch 71, Loss: 2.0593
Epoch 28, Batch 72, Loss: 2.0326
Epoch 28, Batch 73, Loss: 1.9658
Epoch 28, Batch 74, Loss: 1.8630
Epoch 28, Batch 75, Loss: 1.9964
Epoch 28, Batch 76, Loss: 2.0369
Epoch 28, Batch 77, Loss: 2.0703
Epoch 28, Batch 78, Loss: 1.9181
Epoch 28, Batch 79, Loss: 1.9676
Epoch 28, Batch 80, Loss: 1.9261
[DTW] raw: pos=156.0  neg=1170.0  |  prob: pos_wins=0.994 (goal→1.0)  |  gap=-7.922  loss=2.0790
[LOSS] alignment_loss_type=d3tw_char_pool  d3tw_loss=2.0790  d3tw_cost_pos=155.9655  d3tw_cost_neg=1169.9941  total_loss=2.0791  char_pool_loss=0.0003  effective_char_pool_weight=0.5000  char_pool_acc_top1=1.0000  char_pool_acc_top5=1.0000  char_pool_valid_chars=2080  char_pool_num_chars=2080  window_size=16  stride=16  window_overlap_mode=no_overlap  num_windows=64  sequence_length=128
Epoch 28, Batch 81, Loss: 2.0791
Epoch 28, Batch 82, Loss: 2.0203
Epoch 28, Batch 83, Loss: 1.9810
Epoch 28, Batch 84, Loss: 2.0392
Epoch 28, Batch 85, Loss: 2.0084
Epoch 28, Batch 86, Loss: 2.0318
Epoch 28, Batch 87, Loss: 2.0213
Epoch 28, Batch 88, Loss: 1.9402
Epoch 28, Batch 89, Loss: 1.9833
Epoch 28, Batch 90, Loss: 1.9385
[DTW] raw: pos=158.5  neg=1182.9  |  prob: pos_wins=0.995 (goal→1.0)  |  gap=-8.003  loss=1.9983
[LOSS] alignment_loss_type=d3tw_char_pool  d3tw_loss=1.9983  d3tw_cost_pos=158.4952  d3tw_cost_neg=1182.9097  total_loss=2.0085  char_pool_loss=0.0203  effective_char_pool_weight=0.5000  char_pool_acc_top1=0.9981  char_pool_acc_top5=0.9990  char_pool_valid_chars=2080  char_pool_num_chars=2080  window_size=16  stride=16  window_overlap_mode=no_overlap  num_windows=64  sequence_length=128
Epoch 28, Batch 91, Loss: 2.0085
Epoch 28, Batch 92, Loss: 2.0070
Epoch 28, Batch 93, Loss: 1.9466
Epoch 28, Batch 94, Loss: 2.0360
Epoch 28, Batch 95, Loss: 1.8779
Epoch 28, Batch 96, Loss: 2.0518
Epoch 28, Batch 97, Loss: 1.9582
Epoch 28, Batch 98, Loss: 2.0327
Epoch 28, Batch 99, Loss: 2.0665
Epoch 28, Batch 100, Loss: 1.9030
[DTW] raw: pos=159.6  neg=1176.8  |  prob: pos_wins=0.994 (goal→1.0)  |  gap=-7.947  loss=2.0530
[LOSS] alignment_loss_type=d3tw_char_pool  d3tw_loss=2.0530  d3tw_cost_pos=159.6216  d3tw_cost_neg=1176.8226  total_loss=2.0588  char_pool_loss=0.0116  effective_char_pool_weight=0.5000  char_pool_acc_top1=0.9976  char_pool_acc_top5=1.0000  char_pool_valid_chars=2080  char_pool_num_chars=2080  window_size=16  stride=16  window_overlap_mode=no_overlap  num_windows=64  sequence_length=128
Epoch 28, Batch 101, Loss: 2.0588
Epoch 28, Batch 102, Loss: 1.9423
Epoch 28, Batch 103, Loss: 2.1250
Epoch 28, Batch 104, Loss: 2.0012
Epoch 28, Batch 105, Loss: 1.9866
Epoch 28, Batch 106, Loss: 1.9962
Epoch 28, Batch 107, Loss: 1.9740
Epoch 28, Batch 108, Loss: 2.0178
Epoch 28, Batch 109, Loss: 1.9997
Epoch 28, Batch 110, Loss: 1.9551
[DTW] raw: pos=159.0  neg=1189.4  |  prob: pos_wins=0.995 (goal→1.0)  |  gap=-8.050  loss=1.9512
[LOSS] alignment_loss_type=d3tw_char_pool  d3tw_loss=1.9512  d3tw_cost_pos=158.9697  d3tw_cost_neg=1189.3997  total_loss=1.9529  char_pool_loss=0.0034  effective_char_pool_weight=0.5000  char_pool_acc_top1=0.9995  char_pool_acc_top5=1.0000  char_pool_valid_chars=2080  char_pool_num_chars=2080  window_size=16  stride=16  window_overlap_mode=no_overlap  num_windows=64  sequence_length=128
Epoch 28, Batch 111, Loss: 1.9529
Epoch 28, Batch 112, Loss: 1.9417
Epoch 28, Batch 113, Loss: 2.0164
Epoch 28, Batch 114, Loss: 1.9329
Epoch 28, Batch 115, Loss: 2.0445
Epoch 28, Batch 116, Loss: 2.0288
Epoch 28, Batch 117, Loss: 2.1447
Epoch 28, Batch 118, Loss: 1.9986
Epoch 28, Batch 119, Loss: 1.9323
Epoch 28, Batch 120, Loss: 1.9678
[DTW] raw: pos=158.9  neg=1186.3  |  prob: pos_wins=0.995 (goal→1.0)  |  gap=-8.027  loss=1.9765
[LOSS] alignment_loss_type=d3tw_char_pool  d3tw_loss=1.9765  d3tw_cost_pos=158.8775  d3tw_cost_neg=1186.3116  total_loss=1.9810  char_pool_loss=0.0091  effective_char_pool_weight=0.5000  char_pool_acc_top1=0.9986  char_pool_acc_top5=1.0000  char_pool_valid_chars=2080  char_pool_num_chars=2080  window_size=16  stride=16  window_overlap_mode=no_overlap  num_windows=64  sequence_length=128
Epoch 28, Batch 121, Loss: 1.9810
Epoch 28, Batch 122, Loss: 2.0061
Epoch 28, Batch 123, Loss: 2.0449
Epoch 28, Batch 124, Loss: 1.9614
Epoch 28, Batch 125, Loss: 1.9313
Epoch 28, Batch 126, Loss: 1.9704
Epoch 28, Batch 127, Loss: 2.0843
Epoch 28, Batch 128, Loss: 2.0947
Epoch 28, Batch 129, Loss: 1.9327
Epoch 28, Batch 130, Loss: 1.8756
[DTW] raw: pos=155.9  neg=1188.2  |  prob: pos_wins=0.995 (goal→1.0)  |  gap=-8.066  loss=1.9349
[LOSS] alignment_loss_type=d3tw_char_pool  d3tw_loss=1.9349  d3tw_cost_pos=155.8529  d3tw_cost_neg=1188.2417  total_loss=1.9418  char_pool_loss=0.0137  effective_char_pool_weight=0.5000  char_pool_acc_top1=0.9986  char_pool_acc_top5=1.0000  char_pool_valid_chars=2080  char_pool_num_chars=2080  window_size=16  stride=16  window_overlap_mode=no_overlap  num_windows=64  sequence_length=128
Epoch 28, Batch 131, Loss: 1.9418
Epoch 28, Batch 132, Loss: 1.9739
Epoch 28, Batch 133, Loss: 1.9690
Epoch 28, Batch 134, Loss: 1.9851
Epoch 28, Batch 135, Loss: 1.9569
Epoch 28, Batch 136, Loss: 1.9687
Epoch 28, Batch 137, Loss: 1.9960
Epoch 28, Batch 138, Loss: 1.9854
Epoch 28, Batch 139, Loss: 2.0660
Epoch 28, Batch 140, Loss: 2.0074
[DTW] raw: pos=154.8  neg=1191.1  |  prob: pos_wins=0.995 (goal→1.0)  |  gap=-8.096  loss=1.9049
[LOSS] alignment_loss_type=d3tw_char_pool  d3tw_loss=1.9049  d3tw_cost_pos=154.7851  d3tw_cost_neg=1191.0759  total_loss=1.9058  char_pool_loss=0.0019  effective_char_pool_weight=0.5000  char_pool_acc_top1=0.9995  char_pool_acc_top5=1.0000  char_pool_valid_chars=2080  char_pool_num_chars=2080  window_size=16  stride=16  window_overlap_mode=no_overlap  num_windows=64  sequence_length=128
Epoch 28, Batch 141, Loss: 1.9058
Epoch 28, Batch 142, Loss: 1.9323
Epoch 28, Batch 143, Loss: 2.0082
Epoch 28, Batch 144, Loss: 2.0934
Epoch 28, Batch 145, Loss: 1.8692
Epoch 28, Batch 146, Loss: 1.9180
Epoch 28, Batch 147, Loss: 2.0572
Epoch 28, Batch 148, Loss: 1.9597
Epoch 28, Batch 149, Loss: 1.9855
Epoch 28, Batch 150, Loss: 1.9354
[DTW] raw: pos=157.2  neg=1170.4  |  prob: pos_wins=0.994 (goal→1.0)  |  gap=-7.916  loss=2.0840
[LOSS] alignment_loss_type=d3tw_char_pool  d3tw_loss=2.0840  d3tw_cost_pos=157.2017  d3tw_cost_neg=1170.4318  total_loss=2.0892  char_pool_loss=0.0103  effective_char_pool_weight=0.5000  char_pool_acc_top1=0.9981  char_pool_acc_top5=1.0000  char_pool_valid_chars=2080  char_pool_num_chars=2080  window_size=16  stride=16  window_overlap_mode=no_overlap  num_windows=64  sequence_length=128
Epoch 28, Batch 151, Loss: 2.0892
Epoch 28, Batch 152, Loss: 2.0147
Epoch 28, Batch 153, Loss: 1.8946
Epoch 28, Batch 154, Loss: 1.9694
Epoch 28, Batch 155, Loss: 2.0578
Epoch 28, Batch 156, Loss: 2.0262
Epoch 28, Batch 157, Loss: 2.0608
Epoch 28, Batch 158, Loss: 1.9599
Epoch 28, Batch 159, Loss: 1.9942
Epoch 28, Batch 160, Loss: 2.0017
[DTW] raw: pos=159.2  neg=1183.0  |  prob: pos_wins=0.994 (goal→1.0)  |  gap=-7.998  loss=2.0029
[LOSS] alignment_loss_type=d3tw_char_pool  d3tw_loss=2.0029  d3tw_cost_pos=159.2472  d3tw_cost_neg=1182.9578  total_loss=2.0043  char_pool_loss=0.0028  effective_char_pool_weight=0.5000  char_pool_acc_top1=0.9990  char_pool_acc_top5=1.0000  char_pool_valid_chars=2080  char_pool_num_chars=2080  window_size=16  stride=16  window_overlap_mode=no_overlap  num_windows=64  sequence_length=128
Epoch 28, Batch 161, Loss: 2.0043
Epoch 28, Batch 162, Loss: 1.9517
Epoch 28, Batch 163, Loss: 1.9844
Epoch 28, Batch 164, Loss: 1.9330
Epoch 28, Batch 165, Loss: 2.1610
Epoch 28, Batch 166, Loss: 2.0214
Epoch 28, Batch 167, Loss: 1.9206
Epoch 28, Batch 168, Loss: 2.0865
Epoch 28, Batch 169, Loss: 1.9915
Epoch 28, Batch 170, Loss: 1.9645
[DTW] raw: pos=155.8  neg=1185.8  |  prob: pos_wins=0.995 (goal→1.0)  |  gap=-8.046  loss=1.9548
[LOSS] alignment_loss_type=d3tw_char_pool  d3tw_loss=1.9548  d3tw_cost_pos=155.8456  d3tw_cost_neg=1185.7640  total_loss=1.9552  char_pool_loss=0.0007  effective_char_pool_weight=0.5000  char_pool_acc_top1=1.0000  char_pool_acc_top5=1.0000  char_pool_valid_chars=2080  char_pool_num_chars=2080  window_size=16  stride=16  window_overlap_mode=no_overlap  num_windows=64  sequence_length=128
Epoch 28, Batch 171, Loss: 1.9552
Epoch 28, Batch 172, Loss: 1.9900
Epoch 28, Batch 173, Loss: 2.0447
Epoch 28, Batch 174, Loss: 1.9494
Epoch 28, Batch 175, Loss: 1.9318
Epoch 28, Batch 176, Loss: 1.9739
Epoch 28, Batch 177, Loss: 2.0899
Epoch 28, Batch 178, Loss: 2.0470
Epoch 28, Batch 179, Loss: 1.9317
Epoch 28, Batch 180, Loss: 1.9693
[DTW] raw: pos=154.8  neg=1195.9  |  prob: pos_wins=0.995 (goal→1.0)  |  gap=-8.133  loss=1.8685
[LOSS] alignment_loss_type=d3tw_char_pool  d3tw_loss=1.8685  d3tw_cost_pos=154.8295  d3tw_cost_neg=1195.8936  total_loss=1.8692  char_pool_loss=0.0014  effective_char_pool_weight=0.5000  char_pool_acc_top1=0.9990  char_pool_acc_top5=1.0000  char_pool_valid_chars=2080  char_pool_num_chars=2080  window_size=16  stride=16  window_overlap_mode=no_overlap  num_windows=64  sequence_length=128
Epoch 28, Batch 181, Loss: 1.8692
Epoch 28, Batch 182, Loss: 2.0741
Epoch 28, Batch 183, Loss: 1.9449
Epoch 28, Batch 184, Loss: 2.0715
Epoch 28, Batch 185, Loss: 1.8926
Epoch 28, Batch 186, Loss: 1.8814
Epoch 28, Batch 187, Loss: 1.8901
Epoch 28, Batch 188, Loss: 2.0052
Epoch 28 - Train Loss: 1.9899
[DTW] raw: pos=161.2  neg=1200.1  |  prob: pos_wins=0.996 (goal→1.0)  |  gap=-8.116  loss=1.8856
[LOSS] alignment_loss_type=d3tw_char_pool  d3tw_loss=1.8856  d3tw_cost_pos=161.2059  d3tw_cost_neg=1200.0930  total_loss=1.9021  char_pool_loss=0.0331  effective_char_pool_weight=0.5000  char_pool_acc_top1=0.9976  char_pool_acc_top5=0.9981  char_pool_valid_chars=2080  char_pool_num_chars=2080  window_size=16  stride=16  window_overlap_mode=no_overlap  num_windows=64  sequence_length=128
[DTW] raw: pos=160.5  neg=1196.5  |  prob: pos_wins=0.995 (goal→1.0)  |  gap=-8.094  loss=1.9109
[LOSS] alignment_loss_type=d3tw_char_pool  d3tw_loss=1.9109  d3tw_cost_pos=160.4556  d3tw_cost_neg=1196.5146  total_loss=1.9240  char_pool_loss=0.0262  effective_char_pool_weight=0.5000  char_pool_acc_top1=0.9976  char_pool_acc_top5=0.9986  char_pool_valid_chars=2080  char_pool_num_chars=2080  window_size=16  stride=16  window_overlap_mode=no_overlap  num_windows=64  sequence_length=128
[DTW] raw: pos=161.4  neg=1198.8  |  prob: pos_wins=0.995 (goal→1.0)  |  gap=-8.105  loss=1.9018
[LOSS] alignment_loss_type=d3tw_char_pool  d3tw_loss=1.9018  d3tw_cost_pos=161.3510  d3tw_cost_neg=1198.8241  total_loss=1.9084  char_pool_loss=0.0132  effective_char_pool_weight=0.5000  char_pool_acc_top1=0.9971  char_pool_acc_top5=1.0000  char_pool_valid_chars=2080  char_pool_num_chars=2080  window_size=16  stride=16  window_overlap_mode=no_overlap  num_windows=64  sequence_length=128
[DTW] raw: pos=158.5  neg=1188.4  |  prob: pos_wins=0.995 (goal→1.0)  |  gap=-8.046  loss=1.9551
[LOSS] alignment_loss_type=d3tw_char_pool  d3tw_loss=1.9551  d3tw_cost_pos=158.4586  d3tw_cost_neg=1188.3831  total_loss=1.9687  char_pool_loss=0.0272  effective_char_pool_weight=0.5000  char_pool_acc_top1=0.9962  char_pool_acc_top5=0.9990  char_pool_valid_chars=2080  char_pool_num_chars=2080  window_size=16  stride=16  window_overlap_mode=no_overlap  num_windows=64  sequence_length=128
[DTW] raw: pos=158.9  neg=1210.4  |  prob: pos_wins=0.996 (goal→1.0)  |  gap=-8.214  loss=1.7911
[LOSS] alignment_loss_type=d3tw_char_pool  d3tw_loss=1.7911  d3tw_cost_pos=158.9341  d3tw_cost_neg=1210.3618  total_loss=1.7953  char_pool_loss=0.0084  effective_char_pool_weight=0.5000  char_pool_acc_top1=0.9986  char_pool_acc_top5=0.9995  char_pool_valid_chars=2080  char_pool_num_chars=2080  window_size=16  stride=16  window_overlap_mode=no_overlap  num_windows=64  sequence_length=128
[DTW] raw: pos=156.1  neg=1184.5  |  prob: pos_wins=0.995 (goal→1.0)  |  gap=-8.035  loss=1.9659
[LOSS] alignment_loss_type=d3tw_char_pool  d3tw_loss=1.9659  d3tw_cost_pos=156.0670  d3tw_cost_neg=1184.5417  total_loss=1.9760  char_pool_loss=0.0201  effective_char_pool_weight=0.5000  char_pool_acc_top1=0.9981  char_pool_acc_top5=0.9990  char_pool_valid_chars=2080  char_pool_num_chars=2080  window_size=16  stride=16  window_overlap_mode=no_overlap  num_windows=64  sequence_length=128
[DTW] raw: pos=156.4  neg=1194.5  |  prob: pos_wins=0.995 (goal→1.0)  |  gap=-8.110  loss=1.8911
[LOSS] alignment_loss_type=d3tw_char_pool  d3tw_loss=1.8911  d3tw_cost_pos=156.4489  d3tw_cost_neg=1194.4783  total_loss=1.8973  char_pool_loss=0.0124  effective_char_pool_weight=0.5000  char_pool_acc_top1=0.9986  char_pool_acc_top5=0.9995  char_pool_valid_chars=2080  char_pool_num_chars=2080  window_size=16  stride=16  window_overlap_mode=no_overlap  num_windows=64  sequence_length=128
Epoch 28 - Validation Loss: 1.9677
Epoch 28 completed in 13m 52.99s
Epoch 28 - Peak GPU memory: 2267.0 MB
============================================================
Epoch 29 - Soft-DTW gamma: 0.100000
[DTW] raw: pos=158.8  neg=1175.5  |  prob: pos_wins=0.994 (goal→1.0)  |  gap=-7.943  loss=2.0579
[LOSS] alignment_loss_type=d3tw_char_pool  d3tw_loss=2.0579  d3tw_cost_pos=158.8160  d3tw_cost_neg=1175.5397  total_loss=2.0604  char_pool_loss=0.0049  effective_char_pool_weight=0.5000  char_pool_acc_top1=0.9981  char_pool_acc_top5=1.0000  char_pool_valid_chars=2080  char_pool_num_chars=2080  window_size=16  stride=16  window_overlap_mode=no_overlap  num_windows=64  sequence_length=128
Epoch 29, Batch 1, Loss: 2.0604
Epoch 29, Batch 2, Loss: 1.9984
Epoch 29, Batch 3, Loss: 1.9965
Epoch 29, Batch 4, Loss: 1.9612
Epoch 29, Batch 5, Loss: 1.9666
Epoch 29, Batch 6, Loss: 1.9507
Epoch 29, Batch 7, Loss: 2.1487
Epoch 29, Batch 8, Loss: 2.0300
Epoch 29, Batch 9, Loss: 1.9809
Epoch 29, Batch 10, Loss: 2.0433
[DTW] raw: pos=155.3  neg=1185.7  |  prob: pos_wins=0.995 (goal→1.0)  |  gap=-8.050  loss=1.9504
[LOSS] alignment_loss_type=d3tw_char_pool  d3tw_loss=1.9504  d3tw_cost_pos=155.2529  d3tw_cost_neg=1185.6504  total_loss=1.9624  char_pool_loss=0.0240  effective_char_pool_weight=0.5000  char_pool_acc_top1=0.9971  char_pool_acc_top5=0.9990  char_pool_valid_chars=2080  char_pool_num_chars=2080  window_size=16  stride=16  window_overlap_mode=no_overlap  num_windows=64  sequence_length=128
Epoch 29, Batch 11, Loss: 1.9624
Epoch 29, Batch 12, Loss: 1.9310
Epoch 29, Batch 13, Loss: 1.9150
Epoch 29, Batch 14, Loss: 1.9338
Epoch 29, Batch 15, Loss: 1.8878
Epoch 29, Batch 16, Loss: 1.9855
Epoch 29, Batch 17, Loss: 1.9177
Epoch 29, Batch 18, Loss: 1.9976
Epoch 29, Batch 19, Loss: 1.9929
Epoch 29, Batch 20, Loss: 1.9692
[DTW] raw: pos=156.7  neg=1179.0  |  prob: pos_wins=0.995 (goal→1.0)  |  gap=-7.987  loss=2.0146
[LOSS] alignment_loss_type=d3tw_char_pool  d3tw_loss=2.0146  d3tw_cost_pos=156.7423  d3tw_cost_neg=1179.0443  total_loss=2.0155  char_pool_loss=0.0019  effective_char_pool_weight=0.5000  char_pool_acc_top1=0.9990  char_pool_acc_top5=1.0000  char_pool_valid_chars=2080  char_pool_num_chars=2080  window_size=16  stride=16  window_overlap_mode=no_overlap  num_windows=64  sequence_length=128
Epoch 29, Batch 21, Loss: 2.0155
Epoch 29, Batch 22, Loss: 2.0516
Epoch 29, Batch 23, Loss: 1.8615
Epoch 29, Batch 24, Loss: 2.0133
Epoch 29, Batch 25, Loss: 1.9960
Epoch 29, Batch 26, Loss: 2.0691
Epoch 29, Batch 27, Loss: 1.9114
Epoch 29, Batch 28, Loss: 2.0176
Epoch 29, Batch 29, Loss: 2.0688
Epoch 29, Batch 30, Loss: 1.8974
[DTW] raw: pos=154.2  neg=1188.3  |  prob: pos_wins=0.995 (goal→1.0)  |  gap=-8.079  loss=1.9242
[LOSS] alignment_loss_type=d3tw_char_pool  d3tw_loss=1.9242  d3tw_cost_pos=154.1877  d3tw_cost_neg=1188.2833  total_loss=1.9275  char_pool_loss=0.0067  effective_char_pool_weight=0.5000  char_pool_acc_top1=0.9990  char_pool_acc_top5=0.9995  char_pool_valid_chars=2080  char_pool_num_chars=2080  window_size=16  stride=16  window_overlap_mode=no_overlap  num_windows=64  sequence_length=128
Epoch 29, Batch 31, Loss: 1.9275
Epoch 29, Batch 32, Loss: 1.9629
Epoch 29, Batch 33, Loss: 1.8676
Epoch 29, Batch 34, Loss: 2.0701
Epoch 29, Batch 35, Loss: 1.8991
Epoch 29, Batch 36, Loss: 2.0164
Epoch 29, Batch 37, Loss: 1.9329
Epoch 29, Batch 38, Loss: 1.9438
Epoch 29, Batch 39, Loss: 2.0336
Epoch 29, Batch 40, Loss: 2.0108
[DTW] raw: pos=155.2  neg=1173.5  |  prob: pos_wins=0.994 (goal→1.0)  |  gap=-7.955  loss=2.0449
[LOSS] alignment_loss_type=d3tw_char_pool  d3tw_loss=2.0449  d3tw_cost_pos=155.2173  d3tw_cost_neg=1173.4775  total_loss=2.0453  char_pool_loss=0.0009  effective_char_pool_weight=0.5000  char_pool_acc_top1=0.9990  char_pool_acc_top5=1.0000  char_pool_valid_chars=2080  char_pool_num_chars=2080  window_size=16  stride=16  window_overlap_mode=no_overlap  num_windows=64  sequence_length=128
Epoch 29, Batch 41, Loss: 2.0453
Epoch 29, Batch 42, Loss: 2.0069
Epoch 29, Batch 43, Loss: 2.1110
Epoch 29, Batch 44, Loss: 1.9819
Epoch 29, Batch 45, Loss: 2.0192
Epoch 29, Batch 46, Loss: 2.0489
Epoch 29, Batch 47, Loss: 1.9505
Epoch 29, Batch 48, Loss: 1.9666
Epoch 29, Batch 49, Loss: 1.9327
Epoch 29, Batch 50, Loss: 1.9503
[DTW] raw: pos=158.6  neg=1188.2  |  prob: pos_wins=0.995 (goal→1.0)  |  gap=-8.044  loss=1.9578
[LOSS] alignment_loss_type=d3tw_char_pool  d3tw_loss=1.9578  d3tw_cost_pos=158.6395  d3tw_cost_neg=1188.2128  total_loss=1.9579  char_pool_loss=0.0002  effective_char_pool_weight=0.5000  char_pool_acc_top1=1.0000  char_pool_acc_top5=1.0000  char_pool_valid_chars=2080  char_pool_num_chars=2080  window_size=16  stride=16  window_overlap_mode=no_overlap  num_windows=64  sequence_length=128
Epoch 29, Batch 51, Loss: 1.9579
Epoch 29, Batch 52, Loss: 2.1096
Epoch 29, Batch 53, Loss: 2.0571
Epoch 29, Batch 54, Loss: 2.0139
Epoch 29, Batch 55, Loss: 2.0167
Epoch 29, Batch 56, Loss: 1.9710
Epoch 29, Batch 57, Loss: 1.9814
Epoch 29, Batch 58, Loss: 1.8936
Epoch 29, Batch 59, Loss: 2.0029
Epoch 29, Batch 60, Loss: 1.9953
[DTW] raw: pos=153.2  neg=1194.4  |  prob: pos_wins=0.996 (goal→1.0)  |  gap=-8.135  loss=1.8662
[LOSS] alignment_loss_type=d3tw_char_pool  d3tw_loss=1.8662  d3tw_cost_pos=153.1758  d3tw_cost_neg=1194.4438  total_loss=1.8683  char_pool_loss=0.0043  effective_char_pool_weight=0.5000  char_pool_acc_top1=0.9995  char_pool_acc_top5=1.0000  char_pool_valid_chars=2080  char_pool_num_chars=2080  window_size=16  stride=16  window_overlap_mode=no_overlap  num_windows=64  sequence_length=128
Epoch 29, Batch 61, Loss: 1.8683
Epoch 29, Batch 62, Loss: 1.9998
Epoch 29, Batch 63, Loss: 1.9356
Epoch 29, Batch 64, Loss: 2.1220
Epoch 29, Batch 65, Loss: 2.0855
Epoch 29, Batch 66, Loss: 2.0341
Epoch 29, Batch 67, Loss: 2.0245
Epoch 29, Batch 68, Loss: 1.9889
Epoch 29, Batch 69, Loss: 1.9608
Epoch 29, Batch 70, Loss: 1.9133
[DTW] raw: pos=155.4  neg=1175.9  |  prob: pos_wins=0.995 (goal→1.0)  |  gap=-7.972  loss=2.0302
[LOSS] alignment_loss_type=d3tw_char_pool  d3tw_loss=2.0302  d3tw_cost_pos=155.3866  d3tw_cost_neg=1175.8547  total_loss=2.0309  char_pool_loss=0.0013  effective_char_pool_weight=0.5000  char_pool_acc_top1=0.9995  char_pool_acc_top5=1.0000  char_pool_valid_chars=2080  char_pool_num_chars=2080  window_size=16  stride=16  window_overlap_mode=no_overlap  num_windows=64  sequence_length=128
Epoch 29, Batch 71, Loss: 2.0309
Epoch 29, Batch 72, Loss: 1.9382
Epoch 29, Batch 73, Loss: 2.0598
Epoch 29, Batch 74, Loss: 2.0837
Epoch 29, Batch 75, Loss: 1.9220
Epoch 29, Batch 76, Loss: 2.0918
Epoch 29, Batch 77, Loss: 2.0532
Epoch 29, Batch 78, Loss: 1.9563
Epoch 29, Batch 79, Loss: 1.9165
Epoch 29, Batch 80, Loss: 1.8812
[DTW] raw: pos=159.7  neg=1179.7  |  prob: pos_wins=0.995 (goal→1.0)  |  gap=-7.969  loss=2.0329
[LOSS] alignment_loss_type=d3tw_char_pool  d3tw_loss=2.0329  d3tw_cost_pos=159.6595  d3tw_cost_neg=1179.7457  total_loss=2.0370  char_pool_loss=0.0083  effective_char_pool_weight=0.5000  char_pool_acc_top1=0.9990  char_pool_acc_top5=0.9995  char_pool_valid_chars=2080  char_pool_num_chars=2080  window_size=16  stride=16  window_overlap_mode=no_overlap  num_windows=64  sequence_length=128
Epoch 29, Batch 81, Loss: 2.0370
Epoch 29, Batch 82, Loss: 1.9280
Epoch 29, Batch 83, Loss: 1.9134
Epoch 29, Batch 84, Loss: 1.9693
Epoch 29, Batch 85, Loss: 1.9935
Epoch 29, Batch 86, Loss: 1.9412
Epoch 29, Batch 87, Loss: 2.0499
Epoch 29, Batch 88, Loss: 1.9505
Epoch 29, Batch 89, Loss: 2.0021
Epoch 29, Batch 90, Loss: 1.9819
[DTW] raw: pos=156.4  neg=1178.2  |  prob: pos_wins=0.995 (goal→1.0)  |  gap=-7.983  loss=2.0173
[LOSS] alignment_loss_type=d3tw_char_pool  d3tw_loss=2.0173  d3tw_cost_pos=156.4480  d3tw_cost_neg=1178.2188  total_loss=2.0219  char_pool_loss=0.0092  effective_char_pool_weight=0.5000  char_pool_acc_top1=0.9986  char_pool_acc_top5=1.0000  char_pool_valid_chars=2080  char_pool_num_chars=2080  window_size=16  stride=16  window_overlap_mode=no_overlap  num_windows=64  sequence_length=128
Epoch 29, Batch 91, Loss: 2.0219
Epoch 29, Batch 92, Loss: 2.0267
Epoch 29, Batch 93, Loss: 1.9065
Epoch 29, Batch 94, Loss: 1.9699
Epoch 29, Batch 95, Loss: 1.8680
Epoch 29, Batch 96, Loss: 2.0117
Epoch 29, Batch 97, Loss: 2.1174
Epoch 29, Batch 98, Loss: 2.0400
Epoch 29, Batch 99, Loss: 1.9841
Epoch 29, Batch 100, Loss: 2.1580
[DTW] raw: pos=154.0  neg=1175.5  |  prob: pos_wins=0.995 (goal→1.0)  |  gap=-7.981  loss=2.0189
[LOSS] alignment_loss_type=d3tw_char_pool  d3tw_loss=2.0189  d3tw_cost_pos=153.9514  d3tw_cost_neg=1175.5187  total_loss=2.0273  char_pool_loss=0.0167  effective_char_pool_weight=0.5000  char_pool_acc_top1=0.9971  char_pool_acc_top5=0.9995  char_pool_valid_chars=2080  char_pool_num_chars=2080  window_size=16  stride=16  window_overlap_mode=no_overlap  num_windows=64  sequence_length=128
Epoch 29, Batch 101, Loss: 2.0273
Epoch 29, Batch 102, Loss: 2.0153
Epoch 29, Batch 103, Loss: 1.9248
Epoch 29, Batch 104, Loss: 1.8979
Epoch 29, Batch 105, Loss: 1.9211
Epoch 29, Batch 106, Loss: 2.0382
Epoch 29, Batch 107, Loss: 1.9852
Epoch 29, Batch 108, Loss: 1.9720
Epoch 29, Batch 109, Loss: 1.9873
Epoch 29, Batch 110, Loss: 1.9981
[DTW] raw: pos=156.4  neg=1181.6  |  prob: pos_wins=0.995 (goal→1.0)  |  gap=-8.010  loss=1.9919
[LOSS] alignment_loss_type=d3tw_char_pool  d3tw_loss=1.9919  d3tw_cost_pos=156.3539  d3tw_cost_neg=1181.5935  total_loss=1.9981  char_pool_loss=0.0124  effective_char_pool_weight=0.5000  char_pool_acc_top1=0.9986  char_pool_acc_top5=1.0000  char_pool_valid_chars=2080  char_pool_num_chars=2080  window_size=16  stride=16  window_overlap_mode=no_overlap  num_windows=64  sequence_length=128
Epoch 29, Batch 111, Loss: 1.9981
Epoch 29, Batch 112, Loss: 2.0285
Epoch 29, Batch 113, Loss: 1.9717
Epoch 29, Batch 114, Loss: 1.9218
Epoch 29, Batch 115, Loss: 2.0240
Epoch 29, Batch 116, Loss: 1.9893
Epoch 29, Batch 117, Loss: 1.9767
Epoch 29, Batch 118, Loss: 1.9706
Epoch 29, Batch 119, Loss: 1.9571
Epoch 29, Batch 120, Loss: 2.0085
[DTW] raw: pos=156.4  neg=1185.3  |  prob: pos_wins=0.994 (goal→1.0)  |  gap=-8.038  loss=1.9658
[LOSS] alignment_loss_type=d3tw_char_pool  d3tw_loss=1.9658  d3tw_cost_pos=156.4387  d3tw_cost_neg=1185.3154  total_loss=1.9764  char_pool_loss=0.0213  effective_char_pool_weight=0.5000  char_pool_acc_top1=0.9986  char_pool_acc_top5=0.9986  char_pool_valid_chars=2080  char_pool_num_chars=2080  window_size=16  stride=16  window_overlap_mode=no_overlap  num_windows=64  sequence_length=128
Epoch 29, Batch 121, Loss: 1.9764
Epoch 29, Batch 122, Loss: 1.9349
Epoch 29, Batch 123, Loss: 1.9163
Epoch 29, Batch 124, Loss: 2.1086
Epoch 29, Batch 125, Loss: 2.1279
Epoch 29, Batch 126, Loss: 2.0563
Epoch 29, Batch 127, Loss: 2.1107
Epoch 29, Batch 128, Loss: 1.8499
Epoch 29, Batch 129, Loss: 2.0728
Epoch 29, Batch 130, Loss: 2.0027
[DTW] raw: pos=153.7  neg=1182.2  |  prob: pos_wins=0.995 (goal→1.0)  |  gap=-8.035  loss=1.9650
[LOSS] alignment_loss_type=d3tw_char_pool  d3tw_loss=1.9650  d3tw_cost_pos=153.7231  d3tw_cost_neg=1182.1868  total_loss=1.9720  char_pool_loss=0.0139  effective_char_pool_weight=0.5000  char_pool_acc_top1=0.9981  char_pool_acc_top5=1.0000  char_pool_valid_chars=2080  char_pool_num_chars=2080  window_size=16  stride=16  window_overlap_mode=no_overlap  num_windows=64  sequence_length=128
Epoch 29, Batch 131, Loss: 1.9720
Epoch 29, Batch 132, Loss: 1.8560
Epoch 29, Batch 133, Loss: 1.8682
Epoch 29, Batch 134, Loss: 1.9454
Epoch 29, Batch 135, Loss: 1.9736
Epoch 29, Batch 136, Loss: 2.0972
Epoch 29, Batch 137, Loss: 1.9988
Epoch 29, Batch 138, Loss: 1.9979
Epoch 29, Batch 139, Loss: 1.9987
Epoch 29, Batch 140, Loss: 2.0008
[DTW] raw: pos=159.2  neg=1176.2  |  prob: pos_wins=0.994 (goal→1.0)  |  gap=-7.946  loss=2.0556
[LOSS] alignment_loss_type=d3tw_char_pool  d3tw_loss=2.0556  d3tw_cost_pos=159.1779  d3tw_cost_neg=1176.2026  total_loss=2.0596  char_pool_loss=0.0080  effective_char_pool_weight=0.5000  char_pool_acc_top1=0.9971  char_pool_acc_top5=1.0000  char_pool_valid_chars=2080  char_pool_num_chars=2080  window_size=16  stride=16  window_overlap_mode=no_overlap  num_windows=64  sequence_length=128
Epoch 29, Batch 141, Loss: 2.0596
Epoch 29, Batch 142, Loss: 1.9735
Epoch 29, Batch 143, Loss: 1.9801
Epoch 29, Batch 144, Loss: 1.9447
Epoch 29, Batch 145, Loss: 2.0878
Epoch 29, Batch 146, Loss: 2.0903
Epoch 29, Batch 147, Loss: 1.9510
Epoch 29, Batch 148, Loss: 2.0364
Epoch 29, Batch 149, Loss: 1.9075
Epoch 29, Batch 150, Loss: 2.0289
[DTW] raw: pos=155.5  neg=1187.4  |  prob: pos_wins=0.995 (goal→1.0)  |  gap=-8.062  loss=1.9405
[LOSS] alignment_loss_type=d3tw_char_pool  d3tw_loss=1.9405  d3tw_cost_pos=155.4609  d3tw_cost_neg=1187.4302  total_loss=1.9447  char_pool_loss=0.0083  effective_char_pool_weight=0.5000  char_pool_acc_top1=0.9995  char_pool_acc_top5=0.9995  char_pool_valid_chars=2080  char_pool_num_chars=2080  window_size=16  stride=16  window_overlap_mode=no_overlap  num_windows=64  sequence_length=128
Epoch 29, Batch 151, Loss: 1.9447
Epoch 29, Batch 152, Loss: 1.9372
Epoch 29, Batch 153, Loss: 2.0847
Epoch 29, Batch 154, Loss: 1.9833
Epoch 29, Batch 155, Loss: 1.9847
Epoch 29, Batch 156, Loss: 1.9226
Epoch 29, Batch 157, Loss: 1.9580
Epoch 29, Batch 158, Loss: 2.0257
Epoch 29, Batch 159, Loss: 1.9435
Epoch 29, Batch 160, Loss: 2.0874
[DTW] raw: pos=155.2  neg=1189.2  |  prob: pos_wins=0.995 (goal→1.0)  |  gap=-8.078  loss=1.9251
[LOSS] alignment_loss_type=d3tw_char_pool  d3tw_loss=1.9251  d3tw_cost_pos=155.2476  d3tw_cost_neg=1189.1852  total_loss=1.9266  char_pool_loss=0.0031  effective_char_pool_weight=0.5000  char_pool_acc_top1=0.9990  char_pool_acc_top5=1.0000  char_pool_valid_chars=2080  char_pool_num_chars=2080  window_size=16  stride=16  window_overlap_mode=no_overlap  num_windows=64  sequence_length=128
Epoch 29, Batch 161, Loss: 1.9266
Epoch 29, Batch 162, Loss: 1.9140
Epoch 29, Batch 163, Loss: 2.0848
Epoch 29, Batch 164, Loss: 1.9192
Epoch 29, Batch 165, Loss: 1.8139
Epoch 29, Batch 166, Loss: 1.9409
Epoch 29, Batch 167, Loss: 1.9966
Epoch 29, Batch 168, Loss: 2.0604
Epoch 29, Batch 169, Loss: 1.9808
Epoch 29, Batch 170, Loss: 1.9915
[DTW] raw: pos=159.8  neg=1177.8  |  prob: pos_wins=0.994 (goal→1.0)  |  gap=-7.953  loss=2.0533
[LOSS] alignment_loss_type=d3tw_char_pool  d3tw_loss=2.0533  d3tw_cost_pos=159.8406  d3tw_cost_neg=1177.7950  total_loss=2.0575  char_pool_loss=0.0082  effective_char_pool_weight=0.5000  char_pool_acc_top1=0.9995  char_pool_acc_top5=0.9995  char_pool_valid_chars=2080  char_pool_num_chars=2080  window_size=16  stride=16  window_overlap_mode=no_overlap  num_windows=64  sequence_length=128
Epoch 29, Batch 171, Loss: 2.0575
Epoch 29, Batch 172, Loss: 2.1049
Epoch 29, Batch 173, Loss: 1.9106
Epoch 29, Batch 174, Loss: 1.9196
Epoch 29, Batch 175, Loss: 2.0237
Epoch 29, Batch 176, Loss: 2.0264
Epoch 29, Batch 177, Loss: 1.9952
Epoch 29, Batch 178, Loss: 2.0041
Epoch 29, Batch 179, Loss: 2.1392
Epoch 29, Batch 180, Loss: 2.1408
[DTW] raw: pos=157.0  neg=1195.2  |  prob: pos_wins=0.995 (goal→1.0)  |  gap=-8.111  loss=1.8884
[LOSS] alignment_loss_type=d3tw_char_pool  d3tw_loss=1.8884  d3tw_cost_pos=156.9684  d3tw_cost_neg=1195.2385  total_loss=1.8921  char_pool_loss=0.0073  effective_char_pool_weight=0.5000  char_pool_acc_top1=0.9995  char_pool_acc_top5=0.9995  char_pool_valid_chars=2080  char_pool_num_chars=2080  window_size=16  stride=16  window_overlap_mode=no_overlap  num_windows=64  sequence_length=128
Epoch 29, Batch 181, Loss: 1.8921
Epoch 29, Batch 182, Loss: 1.9874
Epoch 29, Batch 183, Loss: 1.9266
Epoch 29, Batch 184, Loss: 1.9722
Epoch 29, Batch 185, Loss: 2.0121
Epoch 29, Batch 186, Loss: 1.9730
Epoch 29, Batch 187, Loss: 1.9704
Epoch 29, Batch 188, Loss: 2.0868
Epoch 29 - Train Loss: 1.9900
[DTW] raw: pos=159.6  neg=1189.3  |  prob: pos_wins=0.995 (goal→1.0)  |  gap=-8.045  loss=1.9570
[LOSS] alignment_loss_type=d3tw_char_pool  d3tw_loss=1.9570  d3tw_cost_pos=159.6096  d3tw_cost_neg=1189.3074  total_loss=1.9699  char_pool_loss=0.0258  effective_char_pool_weight=0.5000  char_pool_acc_top1=0.9976  char_pool_acc_top5=0.9986  char_pool_valid_chars=2080  char_pool_num_chars=2080  window_size=16  stride=16  window_overlap_mode=no_overlap  num_windows=64  sequence_length=128
[DTW] raw: pos=160.0  neg=1187.7  |  prob: pos_wins=0.994 (goal→1.0)  |  gap=-8.029  loss=1.9712
[LOSS] alignment_loss_type=d3tw_char_pool  d3tw_loss=1.9712  d3tw_cost_pos=160.0321  d3tw_cost_neg=1187.7058  total_loss=1.9826  char_pool_loss=0.0228  effective_char_pool_weight=0.5000  char_pool_acc_top1=0.9981  char_pool_acc_top5=0.9986  char_pool_valid_chars=2080  char_pool_num_chars=2080  window_size=16  stride=16  window_overlap_mode=no_overlap  num_windows=64  sequence_length=128
[DTW] raw: pos=159.9  neg=1193.8  |  prob: pos_wins=0.994 (goal→1.0)  |  gap=-8.077  loss=1.9248
[LOSS] alignment_loss_type=d3tw_char_pool  d3tw_loss=1.9248  d3tw_cost_pos=159.9133  d3tw_cost_neg=1193.7559  total_loss=1.9256  char_pool_loss=0.0017  effective_char_pool_weight=0.5000  char_pool_acc_top1=0.9995  char_pool_acc_top5=1.0000  char_pool_valid_chars=2080  char_pool_num_chars=2080  window_size=16  stride=16  window_overlap_mode=no_overlap  num_windows=64  sequence_length=128
[DTW] raw: pos=159.0  neg=1172.5  |  prob: pos_wins=0.994 (goal→1.0)  |  gap=-7.919  loss=2.0812
[LOSS] alignment_loss_type=d3tw_char_pool  d3tw_loss=2.0812  d3tw_cost_pos=158.9512  d3tw_cost_neg=1172.5475  total_loss=2.0972  char_pool_loss=0.0320  effective_char_pool_weight=0.5000  char_pool_acc_top1=0.9957  char_pool_acc_top5=0.9986  char_pool_valid_chars=2080  char_pool_num_chars=2080  window_size=16  stride=16  window_overlap_mode=no_overlap  num_windows=64  sequence_length=128
[DTW] raw: pos=155.7  neg=1183.8  |  prob: pos_wins=0.994 (goal→1.0)  |  gap=-8.032  loss=1.9687
[LOSS] alignment_loss_type=d3tw_char_pool  d3tw_loss=1.9687  d3tw_cost_pos=155.7426  d3tw_cost_neg=1183.8293  total_loss=1.9748  char_pool_loss=0.0121  effective_char_pool_weight=0.5000  char_pool_acc_top1=0.9981  char_pool_acc_top5=0.9995  char_pool_valid_chars=2080  char_pool_num_chars=2080  window_size=16  stride=16  window_overlap_mode=no_overlap  num_windows=64  sequence_length=128
[DTW] raw: pos=159.2  neg=1193.9  |  prob: pos_wins=0.994 (goal→1.0)  |  gap=-8.084  loss=1.9172
[LOSS] alignment_loss_type=d3tw_char_pool  d3tw_loss=1.9172  d3tw_cost_pos=159.1702  d3tw_cost_neg=1193.9388  total_loss=1.9321  char_pool_loss=0.0298  effective_char_pool_weight=0.5000  char_pool_acc_top1=0.9976  char_pool_acc_top5=0.9981  char_pool_valid_chars=2080  char_pool_num_chars=2080  window_size=16  stride=16  window_overlap_mode=no_overlap  num_windows=64  sequence_length=128
[DTW] raw: pos=154.9  neg=1178.9  |  prob: pos_wins=0.993 (goal→1.0)  |  gap=-8.000  loss=2.0006
[LOSS] alignment_loss_type=d3tw_char_pool  d3tw_loss=2.0006  d3tw_cost_pos=154.8858  d3tw_cost_neg=1178.9260  total_loss=2.0041  char_pool_loss=0.0071  effective_char_pool_weight=0.5000  char_pool_acc_top1=0.9990  char_pool_acc_top5=1.0000  char_pool_valid_chars=2080  char_pool_num_chars=2080  window_size=16  stride=16  window_overlap_mode=no_overlap  num_windows=64  sequence_length=128
Epoch 29 - Validation Loss: 1.9612
Epoch 29 completed in 13m 49.18s
Epoch 29 - Peak GPU memory: 2267.0 MB
============================================================
Epoch 30 - Soft-DTW gamma: 0.100000
[DTW] raw: pos=162.7  neg=1193.4  |  prob: pos_wins=0.995 (goal→1.0)  |  gap=-8.053  loss=1.9471
[LOSS] alignment_loss_type=d3tw_char_pool  d3tw_loss=1.9471  d3tw_cost_pos=162.6653  d3tw_cost_neg=1193.4265  total_loss=1.9567  char_pool_loss=0.0193  effective_char_pool_weight=0.5000  char_pool_acc_top1=0.9981  char_pool_acc_top5=0.9990  char_pool_valid_chars=2080  char_pool_num_chars=2080  window_size=16  stride=16  window_overlap_mode=no_overlap  num_windows=64  sequence_length=128
Epoch 30, Batch 1, Loss: 1.9567
Epoch 30, Batch 2, Loss: 1.9878
Epoch 30, Batch 3, Loss: 1.9563
Epoch 30, Batch 4, Loss: 2.0383
Epoch 30, Batch 5, Loss: 2.0859
Epoch 30, Batch 6, Loss: 1.9857
Epoch 30, Batch 7, Loss: 1.9188
Epoch 30, Batch 8, Loss: 1.9309
Epoch 30, Batch 9, Loss: 2.0142
Epoch 30, Batch 10, Loss: 1.8692
[DTW] raw: pos=155.4  neg=1181.4  |  prob: pos_wins=0.995 (goal→1.0)  |  gap=-8.016  loss=1.9864
[LOSS] alignment_loss_type=d3tw_char_pool  d3tw_loss=1.9864  d3tw_cost_pos=155.3843  d3tw_cost_neg=1181.3759  total_loss=1.9959  char_pool_loss=0.0191  effective_char_pool_weight=0.5000  char_pool_acc_top1=0.9976  char_pool_acc_top5=0.9990  char_pool_valid_chars=2080  char_pool_num_chars=2080  window_size=16  stride=16  window_overlap_mode=no_overlap  num_windows=64  sequence_length=128
Epoch 30, Batch 11, Loss: 1.9959
Epoch 30, Batch 12, Loss: 1.9844
Epoch 30, Batch 13, Loss: 1.9772
Epoch 30, Batch 14, Loss: 2.0705
Epoch 30, Batch 15, Loss: 1.9125
Epoch 30, Batch 16, Loss: 1.8802
Epoch 30, Batch 17, Loss: 1.9370
Epoch 30, Batch 18, Loss: 1.9646
Epoch 30, Batch 19, Loss: 1.9038
Epoch 30, Batch 20, Loss: 2.0323
[DTW] raw: pos=152.4  neg=1185.1  |  prob: pos_wins=0.995 (goal→1.0)  |  gap=-8.068  loss=1.9339
[LOSS] alignment_loss_type=d3tw_char_pool  d3tw_loss=1.9339  d3tw_cost_pos=152.3529  d3tw_cost_neg=1185.1113  total_loss=1.9374  char_pool_loss=0.0070  effective_char_pool_weight=0.5000  char_pool_acc_top1=0.9990  char_pool_acc_top5=1.0000  char_pool_valid_chars=2080  char_pool_num_chars=2080  window_size=16  stride=16  window_overlap_mode=no_overlap  num_windows=64  sequence_length=128
Epoch 30, Batch 21, Loss: 1.9374
Epoch 30, Batch 22, Loss: 1.9773
Epoch 30, Batch 23, Loss: 1.9206
Epoch 30, Batch 24, Loss: 1.9779
Epoch 30, Batch 25, Loss: 1.8948
Epoch 30, Batch 26, Loss: 1.9839
Epoch 30, Batch 27, Loss: 1.9310
Epoch 30, Batch 28, Loss: 2.0638
Epoch 30, Batch 29, Loss: 1.9987
Epoch 30, Batch 30, Loss: 1.9071
[DTW] raw: pos=155.2  neg=1172.6  |  prob: pos_wins=0.994 (goal→1.0)  |  gap=-7.948  loss=2.0532
[LOSS] alignment_loss_type=d3tw_char_pool  d3tw_loss=2.0532  d3tw_cost_pos=155.2352  d3tw_cost_neg=1172.5890  total_loss=2.0584  char_pool_loss=0.0104  effective_char_pool_weight=0.5000  char_pool_acc_top1=0.9986  char_pool_acc_top5=0.9995  char_pool_valid_chars=2080  char_pool_num_chars=2080  window_size=16  stride=16  window_overlap_mode=no_overlap  num_windows=64  sequence_length=128
Epoch 30, Batch 31, Loss: 2.0584
Epoch 30, Batch 32, Loss: 1.9618
Epoch 30, Batch 33, Loss: 1.9965
Epoch 30, Batch 34, Loss: 1.9758
Epoch 30, Batch 35, Loss: 2.0312
Epoch 30, Batch 36, Loss: 2.0440
Epoch 30, Batch 37, Loss: 2.0496
Epoch 30, Batch 38, Loss: 2.0148
Epoch 30, Batch 39, Loss: 1.9858
Epoch 30, Batch 40, Loss: 1.9829
[DTW] raw: pos=159.8  neg=1169.3  |  prob: pos_wins=0.994 (goal→1.0)  |  gap=-7.886  loss=2.1135
[LOSS] alignment_loss_type=d3tw_char_pool  d3tw_loss=2.1135  d3tw_cost_pos=159.8158  d3tw_cost_neg=1169.2716  total_loss=2.1151  char_pool_loss=0.0032  effective_char_pool_weight=0.5000  char_pool_acc_top1=0.9995  char_pool_acc_top5=1.0000  char_pool_valid_chars=2080  char_pool_num_chars=2080  window_size=16  stride=16  window_overlap_mode=no_overlap  num_windows=64  sequence_length=128
Epoch 30, Batch 41, Loss: 2.1151
Epoch 30, Batch 42, Loss: 1.9002
Epoch 30, Batch 43, Loss: 1.9768
Epoch 30, Batch 44, Loss: 2.0176
Epoch 30, Batch 45, Loss: 2.0403
Epoch 30, Batch 46, Loss: 2.0047
Epoch 30, Batch 47, Loss: 1.9068
Epoch 30, Batch 48, Loss: 1.9610
Epoch 30, Batch 49, Loss: 1.9901
Epoch 30, Batch 50, Loss: 1.9886
[DTW] raw: pos=155.8  neg=1182.7  |  prob: pos_wins=0.995 (goal→1.0)  |  gap=-8.022  loss=1.9805
[LOSS] alignment_loss_type=d3tw_char_pool  d3tw_loss=1.9805  d3tw_cost_pos=155.7813  d3tw_cost_neg=1182.6570  total_loss=1.9868  char_pool_loss=0.0125  effective_char_pool_weight=0.5000  char_pool_acc_top1=0.9986  char_pool_acc_top5=0.9995  char_pool_valid_chars=2080  char_pool_num_chars=2080  window_size=16  stride=16  window_overlap_mode=no_overlap  num_windows=64  sequence_length=128
Epoch 30, Batch 51, Loss: 1.9868
Epoch 30, Batch 52, Loss: 1.9880
Epoch 30, Batch 53, Loss: 2.0002
Epoch 30, Batch 54, Loss: 1.9805
Epoch 30, Batch 55, Loss: 1.9197
Epoch 30, Batch 56, Loss: 1.9181
Epoch 30, Batch 57, Loss: 1.9726
Epoch 30, Batch 58, Loss: 1.9558
Epoch 30, Batch 59, Loss: 2.0263
Epoch 30, Batch 60, Loss: 1.9140
[DTW] raw: pos=155.0  neg=1174.8  |  prob: pos_wins=0.994 (goal→1.0)  |  gap=-7.967  loss=2.0343
[LOSS] alignment_loss_type=d3tw_char_pool  d3tw_loss=2.0343  d3tw_cost_pos=154.9651  d3tw_cost_neg=1174.7563  total_loss=2.0387  char_pool_loss=0.0088  effective_char_pool_weight=0.5000  char_pool_acc_top1=0.9986  char_pool_acc_top5=1.0000  char_pool_valid_chars=2080  char_pool_num_chars=2080  window_size=16  stride=16  window_overlap_mode=no_overlap  num_windows=64  sequence_length=128
Epoch 30, Batch 61, Loss: 2.0387
Epoch 30, Batch 62, Loss: 1.9869
Epoch 30, Batch 63, Loss: 1.9007
Epoch 30, Batch 64, Loss: 1.9613
Epoch 30, Batch 65, Loss: 2.0310
Epoch 30, Batch 66, Loss: 1.9943
Epoch 30, Batch 67, Loss: 2.0603
Epoch 30, Batch 68, Loss: 2.0955
Epoch 30, Batch 69, Loss: 1.9436
Epoch 30, Batch 70, Loss: 1.9556
[DTW] raw: pos=158.8  neg=1180.7  |  prob: pos_wins=0.995 (goal→1.0)  |  gap=-7.984  loss=2.0167
[LOSS] alignment_loss_type=d3tw_char_pool  d3tw_loss=2.0167  d3tw_cost_pos=158.7909  d3tw_cost_neg=1180.7454  total_loss=2.0172  char_pool_loss=0.0009  effective_char_pool_weight=0.5000  char_pool_acc_top1=0.9995  char_pool_acc_top5=1.0000  char_pool_valid_chars=2080  char_pool_num_chars=2080  window_size=16  stride=16  window_overlap_mode=no_overlap  num_windows=64  sequence_length=128
Epoch 30, Batch 71, Loss: 2.0172
Epoch 30, Batch 72, Loss: 1.8958
Epoch 30, Batch 73, Loss: 1.9195
Epoch 30, Batch 74, Loss: 2.0266
Epoch 30, Batch 75, Loss: 1.9774
Epoch 30, Batch 76, Loss: 1.9275
Epoch 30, Batch 77, Loss: 2.0376
Epoch 30, Batch 78, Loss: 2.0016
Epoch 30, Batch 79, Loss: 2.0287
Epoch 30, Batch 80, Loss: 2.0258
[DTW] raw: pos=160.3  neg=1178.1  |  prob: pos_wins=0.993 (goal→1.0)  |  gap=-7.952  loss=2.0481
[LOSS] alignment_loss_type=d3tw_char_pool  d3tw_loss=2.0481  d3tw_cost_pos=160.3001  d3tw_cost_neg=1178.1313  total_loss=2.0527  char_pool_loss=0.0092  effective_char_pool_weight=0.5000  char_pool_acc_top1=0.9981  char_pool_acc_top5=0.9995  char_pool_valid_chars=2080  char_pool_num_chars=2080  window_size=16  stride=16  window_overlap_mode=no_overlap  num_windows=64  sequence_length=128
Epoch 30, Batch 81, Loss: 2.0527
Epoch 30, Batch 82, Loss: 1.9981
Epoch 30, Batch 83, Loss: 2.0136
Epoch 30, Batch 84, Loss: 1.9393
Epoch 30, Batch 85, Loss: 2.0571
Epoch 30, Batch 86, Loss: 2.1442
Epoch 30, Batch 87, Loss: 2.0261
Epoch 30, Batch 88, Loss: 2.0470
Epoch 30, Batch 89, Loss: 2.0431
Epoch 30, Batch 90, Loss: 1.9069
[DTW] raw: pos=160.2  neg=1188.5  |  prob: pos_wins=0.995 (goal→1.0)  |  gap=-8.033  loss=1.9665
[LOSS] alignment_loss_type=d3tw_char_pool  d3tw_loss=1.9665  d3tw_cost_pos=160.2049  d3tw_cost_neg=1188.4777  total_loss=1.9667  char_pool_loss=0.0003  effective_char_pool_weight=0.5000  char_pool_acc_top1=1.0000  char_pool_acc_top5=1.0000  char_pool_valid_chars=2080  char_pool_num_chars=2080  window_size=16  stride=16  window_overlap_mode=no_overlap  num_windows=64  sequence_length=128
Epoch 30, Batch 91, Loss: 1.9667
Epoch 30, Batch 92, Loss: 1.9824
Epoch 30, Batch 93, Loss: 1.9525
Epoch 30, Batch 94, Loss: 2.0339
Epoch 30, Batch 95, Loss: 1.9782
Epoch 30, Batch 96, Loss: 2.0114
Epoch 30, Batch 97, Loss: 1.9149
Epoch 30, Batch 98, Loss: 1.9709
Epoch 30, Batch 99, Loss: 2.0306
Epoch 30, Batch 100, Loss: 2.0716
[DTW] raw: pos=156.7  neg=1182.3  |  prob: pos_wins=0.995 (goal→1.0)  |  gap=-8.013  loss=1.9884
[LOSS] alignment_loss_type=d3tw_char_pool  d3tw_loss=1.9884  d3tw_cost_pos=156.6770  d3tw_cost_neg=1182.3035  total_loss=1.9925  char_pool_loss=0.0082  effective_char_pool_weight=0.5000  char_pool_acc_top1=0.9990  char_pool_acc_top5=0.9995  char_pool_valid_chars=2080  char_pool_num_chars=2080  window_size=16  stride=16  window_overlap_mode=no_overlap  num_windows=64  sequence_length=128
Epoch 30, Batch 101, Loss: 1.9925
Epoch 30, Batch 102, Loss: 1.8395
Epoch 30, Batch 103, Loss: 2.0067
Epoch 30, Batch 104, Loss: 2.0094
Epoch 30, Batch 105, Loss: 1.9303
Epoch 30, Batch 106, Loss: 1.9788
Epoch 30, Batch 107, Loss: 1.9281
Epoch 30, Batch 108, Loss: 1.9538
Epoch 30, Batch 109, Loss: 2.0993
Epoch 30, Batch 110, Loss: 2.0402
[DTW] raw: pos=157.4  neg=1190.4  |  prob: pos_wins=0.995 (goal→1.0)  |  gap=-8.070  loss=1.9320
[LOSS] alignment_loss_type=d3tw_char_pool  d3tw_loss=1.9320  d3tw_cost_pos=157.3778  d3tw_cost_neg=1190.3618  total_loss=1.9425  char_pool_loss=0.0210  effective_char_pool_weight=0.5000  char_pool_acc_top1=0.9976  char_pool_acc_top5=0.9995  char_pool_valid_chars=2080  char_pool_num_chars=2080  window_size=16  stride=16  window_overlap_mode=no_overlap  num_windows=64  sequence_length=128
Epoch 30, Batch 111, Loss: 1.9425
Epoch 30, Batch 112, Loss: 2.0031
Epoch 30, Batch 113, Loss: 2.0523
Epoch 30, Batch 114, Loss: 2.0366
Epoch 30, Batch 115, Loss: 2.0536
Epoch 30, Batch 116, Loss: 1.9389
Epoch 30, Batch 117, Loss: 2.0232
Epoch 30, Batch 118, Loss: 2.0431
Epoch 30, Batch 119, Loss: 2.0127
Epoch 30, Batch 120, Loss: 1.8999
[DTW] raw: pos=157.8  neg=1189.4  |  prob: pos_wins=0.995 (goal→1.0)  |  gap=-8.059  loss=1.9436
[LOSS] alignment_loss_type=d3tw_char_pool  d3tw_loss=1.9436  d3tw_cost_pos=157.8397  d3tw_cost_neg=1189.3680  total_loss=1.9547  char_pool_loss=0.0222  effective_char_pool_weight=0.5000  char_pool_acc_top1=0.9981  char_pool_acc_top5=0.9986  char_pool_valid_chars=2080  char_pool_num_chars=2080  window_size=16  stride=16  window_overlap_mode=no_overlap  num_windows=64  sequence_length=128
Epoch 30, Batch 121, Loss: 1.9547
Epoch 30, Batch 122, Loss: 1.9334
Epoch 30, Batch 123, Loss: 1.9833
Epoch 30, Batch 124, Loss: 1.9645
Epoch 30, Batch 125, Loss: 2.0357
Epoch 30, Batch 126, Loss: 1.9381
Epoch 30, Batch 127, Loss: 2.1382
Epoch 30, Batch 128, Loss: 2.0749
Epoch 30, Batch 129, Loss: 2.0406
Epoch 30, Batch 130, Loss: 2.0678
[DTW] raw: pos=154.7  neg=1193.5  |  prob: pos_wins=0.995 (goal→1.0)  |  gap=-8.116  loss=1.8858
[LOSS] alignment_loss_type=d3tw_char_pool  d3tw_loss=1.8858  d3tw_cost_pos=154.6506  d3tw_cost_neg=1193.4878  total_loss=1.8862  char_pool_loss=0.0009  effective_char_pool_weight=0.5000  char_pool_acc_top1=1.0000  char_pool_acc_top5=1.0000  char_pool_valid_chars=2080  char_pool_num_chars=2080  window_size=16  stride=16  window_overlap_mode=no_overlap  num_windows=64  sequence_length=128
Epoch 30, Batch 131, Loss: 1.8862
Epoch 30, Batch 132, Loss: 2.0007
Epoch 30, Batch 133, Loss: 1.9610
Epoch 30, Batch 134, Loss: 1.9193
Epoch 30, Batch 135, Loss: 1.9452
Epoch 30, Batch 136, Loss: 2.0186
Epoch 30, Batch 137, Loss: 1.9370
Epoch 30, Batch 138, Loss: 2.0581
Epoch 30, Batch 139, Loss: 1.8728
Epoch 30, Batch 140, Loss: 2.0247
[DTW] raw: pos=155.6  neg=1195.9  |  prob: pos_wins=0.996 (goal→1.0)  |  gap=-8.127  loss=1.8725
[LOSS] alignment_loss_type=d3tw_char_pool  d3tw_loss=1.8725  d3tw_cost_pos=155.6131  d3tw_cost_neg=1195.9149  total_loss=1.8811  char_pool_loss=0.0172  effective_char_pool_weight=0.5000  char_pool_acc_top1=0.9981  char_pool_acc_top5=0.9995  char_pool_valid_chars=2080  char_pool_num_chars=2080  window_size=16  stride=16  window_overlap_mode=no_overlap  num_windows=64  sequence_length=128
Epoch 30, Batch 141, Loss: 1.8811
Epoch 30, Batch 142, Loss: 1.8881
Epoch 30, Batch 143, Loss: 1.9806
Epoch 30, Batch 144, Loss: 2.0304
Epoch 30, Batch 145, Loss: 2.0471
Epoch 30, Batch 146, Loss: 1.9029
Epoch 30, Batch 147, Loss: 1.9532
Epoch 30, Batch 148, Loss: 1.9778
Epoch 30, Batch 149, Loss: 2.0252
Epoch 30, Batch 150, Loss: 2.0469
[DTW] raw: pos=154.7  neg=1202.9  |  prob: pos_wins=0.996 (goal→1.0)  |  gap=-8.189  loss=1.8130
[LOSS] alignment_loss_type=d3tw_char_pool  d3tw_loss=1.8130  d3tw_cost_pos=154.7306  d3tw_cost_neg=1202.8713  total_loss=1.8277  char_pool_loss=0.0294  effective_char_pool_weight=0.5000  char_pool_acc_top1=0.9971  char_pool_acc_top5=0.9986  char_pool_valid_chars=2080  char_pool_num_chars=2080  window_size=16  stride=16  window_overlap_mode=no_overlap  num_windows=64  sequence_length=128
Epoch 30, Batch 151, Loss: 1.8277
Epoch 30, Batch 152, Loss: 2.0149
Epoch 30, Batch 153, Loss: 1.9836
Epoch 30, Batch 154, Loss: 1.9601
Epoch 30, Batch 155, Loss: 1.9742
Epoch 30, Batch 156, Loss: 2.0338
Epoch 30, Batch 157, Loss: 1.9093
Epoch 30, Batch 158, Loss: 2.0356
Epoch 30, Batch 159, Loss: 1.9861
Epoch 30, Batch 160, Loss: 2.0142
[DTW] raw: pos=162.1  neg=1165.0  |  prob: pos_wins=0.993 (goal→1.0)  |  gap=-7.835  loss=2.1650
[LOSS] alignment_loss_type=d3tw_char_pool  d3tw_loss=2.1650  d3tw_cost_pos=162.1162  d3tw_cost_neg=1165.0038  total_loss=2.1681  char_pool_loss=0.0062  effective_char_pool_weight=0.5000  char_pool_acc_top1=0.9990  char_pool_acc_top5=1.0000  char_pool_valid_chars=2080  char_pool_num_chars=2080  window_size=16  stride=16  window_overlap_mode=no_overlap  num_windows=64  sequence_length=128
Epoch 30, Batch 161, Loss: 2.1681
Epoch 30, Batch 162, Loss: 1.9785
Epoch 30, Batch 163, Loss: 1.9368
Epoch 30, Batch 164, Loss: 1.8903
Epoch 30, Batch 165, Loss: 1.8693
Epoch 30, Batch 166, Loss: 2.0751
Epoch 30, Batch 167, Loss: 1.9710
Epoch 30, Batch 168, Loss: 2.0008
Epoch 30, Batch 169, Loss: 2.0257
Epoch 30, Batch 170, Loss: 1.9197
[DTW] raw: pos=154.7  neg=1187.4  |  prob: pos_wins=0.995 (goal→1.0)  |  gap=-8.068  loss=1.9323
[LOSS] alignment_loss_type=d3tw_char_pool  d3tw_loss=1.9323  d3tw_cost_pos=154.7036  d3tw_cost_neg=1187.4093  total_loss=1.9348  char_pool_loss=0.0051  effective_char_pool_weight=0.5000  char_pool_acc_top1=0.9990  char_pool_acc_top5=1.0000  char_pool_valid_chars=2080  char_pool_num_chars=2080  window_size=16  stride=16  window_overlap_mode=no_overlap  num_windows=64  sequence_length=128
Epoch 30, Batch 171, Loss: 1.9348
Epoch 30, Batch 172, Loss: 1.9803
Epoch 30, Batch 173, Loss: 2.0611
Epoch 30, Batch 174, Loss: 1.9216
Epoch 30, Batch 175, Loss: 1.9566
Epoch 30, Batch 176, Loss: 2.0199
Epoch 30, Batch 177, Loss: 1.9816
Epoch 30, Batch 178, Loss: 1.9577
Epoch 30, Batch 179, Loss: 1.8931
Epoch 30, Batch 180, Loss: 1.9195
[DTW] raw: pos=159.1  neg=1186.9  |  prob: pos_wins=0.995 (goal→1.0)  |  gap=-8.029  loss=1.9712
[LOSS] alignment_loss_type=d3tw_char_pool  d3tw_loss=1.9712  d3tw_cost_pos=159.1248  d3tw_cost_neg=1186.8987  total_loss=1.9737  char_pool_loss=0.0049  effective_char_pool_weight=0.5000  char_pool_acc_top1=0.9995  char_pool_acc_top5=0.9995  char_pool_valid_chars=2080  char_pool_num_chars=2080  window_size=16  stride=16  window_overlap_mode=no_overlap  num_windows=64  sequence_length=128
Epoch 30, Batch 181, Loss: 1.9737
Epoch 30, Batch 182, Loss: 1.9578
Epoch 30, Batch 183, Loss: 2.0375
Epoch 30, Batch 184, Loss: 2.0482
Epoch 30, Batch 185, Loss: 2.0554
Epoch 30, Batch 186, Loss: 2.0401
Epoch 30, Batch 187, Loss: 1.8727
Epoch 30, Batch 188, Loss: 1.9589
Epoch 30 - Train Loss: 1.9843
[DTW] raw: pos=159.9  neg=1192.3  |  prob: pos_wins=0.995 (goal→1.0)  |  gap=-8.066  loss=1.9349
[LOSS] alignment_loss_type=d3tw_char_pool  d3tw_loss=1.9349  d3tw_cost_pos=159.8786  d3tw_cost_neg=1192.2971  total_loss=1.9573  char_pool_loss=0.0449  effective_char_pool_weight=0.5000  char_pool_acc_top1=0.9966  char_pool_acc_top5=0.9966  char_pool_valid_chars=2080  char_pool_num_chars=2080  window_size=16  stride=16  window_overlap_mode=no_overlap  num_windows=64  sequence_length=128
[DTW] raw: pos=161.4  neg=1196.3  |  prob: pos_wins=0.995 (goal→1.0)  |  gap=-8.085  loss=1.9176
[LOSS] alignment_loss_type=d3tw_char_pool  d3tw_loss=1.9176  d3tw_cost_pos=161.4365  d3tw_cost_neg=1196.3103  total_loss=1.9324  char_pool_loss=0.0296  effective_char_pool_weight=0.5000  char_pool_acc_top1=0.9971  char_pool_acc_top5=0.9986  char_pool_valid_chars=2080  char_pool_num_chars=2080  window_size=16  stride=16  window_overlap_mode=no_overlap  num_windows=64  sequence_length=128
[DTW] raw: pos=158.8  neg=1190.0  |  prob: pos_wins=0.995 (goal→1.0)  |  gap=-8.057  loss=1.9440
[LOSS] alignment_loss_type=d3tw_char_pool  d3tw_loss=1.9440  d3tw_cost_pos=158.7586  d3tw_cost_neg=1190.0193  total_loss=1.9453  char_pool_loss=0.0025  effective_char_pool_weight=0.5000  char_pool_acc_top1=0.9990  char_pool_acc_top5=1.0000  char_pool_valid_chars=2080  char_pool_num_chars=2080  window_size=16  stride=16  window_overlap_mode=no_overlap  num_windows=64  sequence_length=128
[DTW] raw: pos=158.0  neg=1179.8  |  prob: pos_wins=0.995 (goal→1.0)  |  gap=-7.983  loss=2.0191
[LOSS] alignment_loss_type=d3tw_char_pool  d3tw_loss=2.0191  d3tw_cost_pos=157.9796  d3tw_cost_neg=1179.7532  total_loss=2.0321  char_pool_loss=0.0260  effective_char_pool_weight=0.5000  char_pool_acc_top1=0.9971  char_pool_acc_top5=0.9986  char_pool_valid_chars=2080  char_pool_num_chars=2080  window_size=16  stride=16  window_overlap_mode=no_overlap  num_windows=64  sequence_length=128
[DTW] raw: pos=157.8  neg=1187.1  |  prob: pos_wins=0.995 (goal→1.0)  |  gap=-8.041  loss=1.9596
[LOSS] alignment_loss_type=d3tw_char_pool  d3tw_loss=1.9596  d3tw_cost_pos=157.8220  d3tw_cost_neg=1187.0623  total_loss=1.9720  char_pool_loss=0.0248  effective_char_pool_weight=0.5000  char_pool_acc_top1=0.9966  char_pool_acc_top5=0.9990  char_pool_valid_chars=2080  char_pool_num_chars=2080  window_size=16  stride=16  window_overlap_mode=no_overlap  num_windows=64  sequence_length=128
[DTW] raw: pos=158.5  neg=1189.3  |  prob: pos_wins=0.995 (goal→1.0)  |  gap=-8.053  loss=1.9492
[LOSS] alignment_loss_type=d3tw_char_pool  d3tw_loss=1.9492  d3tw_cost_pos=158.5136  d3tw_cost_neg=1189.2576  total_loss=1.9642  char_pool_loss=0.0298  effective_char_pool_weight=0.5000  char_pool_acc_top1=0.9966  char_pool_acc_top5=0.9990  char_pool_valid_chars=2080  char_pool_num_chars=2080  window_size=16  stride=16  window_overlap_mode=no_overlap  num_windows=64  sequence_length=128
[DTW] raw: pos=155.4  neg=1202.3  |  prob: pos_wins=0.996 (goal→1.0)  |  gap=-8.179  loss=1.8230
[LOSS] alignment_loss_type=d3tw_char_pool  d3tw_loss=1.8230  d3tw_cost_pos=155.4497  d3tw_cost_neg=1202.3187  total_loss=1.8325  char_pool_loss=0.0191  effective_char_pool_weight=0.5000  char_pool_acc_top1=0.9981  char_pool_acc_top5=1.0000  char_pool_valid_chars=2080  char_pool_num_chars=2080  window_size=16  stride=16  window_overlap_mode=no_overlap  num_windows=64  sequence_length=128
Epoch 30 - Validation Loss: 1.9604
Epoch 30 completed in 13m 50.22s
Epoch 30 - Peak GPU memory: 2267.0 MB
============================================================
Epoch 31 - Soft-DTW gamma: 0.100000
[DTW] raw: pos=155.2  neg=1189.1  |  prob: pos_wins=0.995 (goal→1.0)  |  gap=-8.077  loss=1.9257
[LOSS] alignment_loss_type=d3tw_char_pool  d3tw_loss=1.9257  d3tw_cost_pos=155.1900  d3tw_cost_neg=1189.0895  total_loss=1.9352  char_pool_loss=0.0189  effective_char_pool_weight=0.5000  char_pool_acc_top1=0.9981  char_pool_acc_top5=0.9995  char_pool_valid_chars=2080  char_pool_num_chars=2080  window_size=16  stride=16  window_overlap_mode=no_overlap  num_windows=64  sequence_length=128
Epoch 31, Batch 1, Loss: 1.9352
Epoch 31, Batch 2, Loss: 1.9889
Epoch 31, Batch 3, Loss: 2.0463
Epoch 31, Batch 4, Loss: 2.0231
Epoch 31, Batch 5, Loss: 1.9253
Epoch 31, Batch 6, Loss: 1.9205
Epoch 31, Batch 7, Loss: 1.8995
Epoch 31, Batch 8, Loss: 1.9464
Epoch 31, Batch 9, Loss: 1.9435
Epoch 31, Batch 10, Loss: 1.8355
[DTW] raw: pos=156.5  neg=1196.8  |  prob: pos_wins=0.995 (goal→1.0)  |  gap=-8.127  loss=1.8740
[LOSS] alignment_loss_type=d3tw_char_pool  d3tw_loss=1.8740  d3tw_cost_pos=156.5029  d3tw_cost_neg=1196.7942  total_loss=1.8818  char_pool_loss=0.0158  effective_char_pool_weight=0.5000  char_pool_acc_top1=0.9976  char_pool_acc_top5=0.9995  char_pool_valid_chars=2080  char_pool_num_chars=2080  window_size=16  stride=16  window_overlap_mode=no_overlap  num_windows=64  sequence_length=128
Epoch 31, Batch 11, Loss: 1.8818
Epoch 31, Batch 12, Loss: 1.9318
Epoch 31, Batch 13, Loss: 1.9784
Epoch 31, Batch 14, Loss: 2.0505
Epoch 31, Batch 15, Loss: 2.0588
Epoch 31, Batch 16, Loss: 2.0234
Epoch 31, Batch 17, Loss: 2.0389
Epoch 31, Batch 18, Loss: 1.9034
Epoch 31, Batch 19, Loss: 1.9222
Epoch 31, Batch 20, Loss: 1.9784
[DTW] raw: pos=156.2  neg=1181.3  |  prob: pos_wins=0.994 (goal→1.0)  |  gap=-8.008  loss=1.9926
[LOSS] alignment_loss_type=d3tw_char_pool  d3tw_loss=1.9926  d3tw_cost_pos=156.2372  d3tw_cost_neg=1181.2991  total_loss=1.9997  char_pool_loss=0.0143  effective_char_pool_weight=0.5000  char_pool_acc_top1=0.9971  char_pool_acc_top5=0.9995  char_pool_valid_chars=2080  char_pool_num_chars=2080  window_size=16  stride=16  window_overlap_mode=no_overlap  num_windows=64  sequence_length=128
Epoch 31, Batch 21, Loss: 1.9997
Epoch 31, Batch 22, Loss: 2.0928
Epoch 31, Batch 23, Loss: 2.1069
Epoch 31, Batch 24, Loss: 1.9958
Epoch 31, Batch 25, Loss: 1.9834
Epoch 31, Batch 26, Loss: 2.0451
Epoch 31, Batch 27, Loss: 1.8358
Epoch 31, Batch 28, Loss: 1.9414
Epoch 31, Batch 29, Loss: 2.0332
Epoch 31, Batch 30, Loss: 2.0225
[DTW] raw: pos=152.9  neg=1181.6  |  prob: pos_wins=0.993 (goal→1.0)  |  gap=-8.037  loss=1.9635
[LOSS] alignment_loss_type=d3tw_char_pool  d3tw_loss=1.9635  d3tw_cost_pos=152.8579  d3tw_cost_neg=1181.5591  total_loss=1.9676  char_pool_loss=0.0083  effective_char_pool_weight=0.5000  char_pool_acc_top1=0.9990  char_pool_acc_top5=0.9995  char_pool_valid_chars=2080  char_pool_num_chars=2080  window_size=16  stride=16  window_overlap_mode=no_overlap  num_windows=64  sequence_length=128
Epoch 31, Batch 31, Loss: 1.9676
Epoch 31, Batch 32, Loss: 1.9370
Epoch 31, Batch 33, Loss: 2.0145
Epoch 31, Batch 34, Loss: 1.9980
Epoch 31, Batch 35, Loss: 2.0368
Epoch 31, Batch 36, Loss: 1.9258
Epoch 31, Batch 37, Loss: 1.9209
Epoch 31, Batch 38, Loss: 1.9748
Epoch 31, Batch 39, Loss: 2.0196
Epoch 31, Batch 40, Loss: 2.0396
[DTW] raw: pos=157.2  neg=1184.9  |  prob: pos_wins=0.995 (goal→1.0)  |  gap=-8.029  loss=1.9725
[LOSS] alignment_loss_type=d3tw_char_pool  d3tw_loss=1.9725  d3tw_cost_pos=157.2480  d3tw_cost_neg=1184.9474  total_loss=1.9761  char_pool_loss=0.0073  effective_char_pool_weight=0.5000  char_pool_acc_top1=0.9995  char_pool_acc_top5=0.9995  char_pool_valid_chars=2080  char_pool_num_chars=2080  window_size=16  stride=16  window_overlap_mode=no_overlap  num_windows=64  sequence_length=128
Epoch 31, Batch 41, Loss: 1.9761
Epoch 31, Batch 42, Loss: 2.0421
Epoch 31, Batch 43, Loss: 2.0088
Epoch 31, Batch 44, Loss: 1.9489
Epoch 31, Batch 45, Loss: 2.0320
Epoch 31, Batch 46, Loss: 1.9974
Epoch 31, Batch 47, Loss: 2.0537
Epoch 31, Batch 48, Loss: 1.9394
Epoch 31, Batch 49, Loss: 2.0546
Epoch 31, Batch 50, Loss: 1.9337
[DTW] raw: pos=153.4  neg=1196.7  |  prob: pos_wins=0.996 (goal→1.0)  |  gap=-8.151  loss=1.8496
[LOSS] alignment_loss_type=d3tw_char_pool  d3tw_loss=1.8496  d3tw_cost_pos=153.4391  d3tw_cost_neg=1196.7205  total_loss=1.8499  char_pool_loss=0.0006  effective_char_pool_weight=0.5000  char_pool_acc_top1=0.9995  char_pool_acc_top5=1.0000  char_pool_valid_chars=2080  char_pool_num_chars=2080  window_size=16  stride=16  window_overlap_mode=no_overlap  num_windows=64  sequence_length=128
Epoch 31, Batch 51, Loss: 1.8499
Epoch 31, Batch 52, Loss: 1.9683
Epoch 31, Batch 53, Loss: 2.0212
Epoch 31, Batch 54, Loss: 1.9888
Epoch 31, Batch 55, Loss: 2.0358
Epoch 31, Batch 56, Loss: 2.0817
Epoch 31, Batch 57, Loss: 1.9728
Epoch 31, Batch 58, Loss: 1.9418
Epoch 31, Batch 59, Loss: 2.0027
Epoch 31, Batch 60, Loss: 2.0617
[DTW] raw: pos=153.3  neg=1179.3  |  prob: pos_wins=0.995 (goal→1.0)  |  gap=-8.015  loss=1.9861
[LOSS] alignment_loss_type=d3tw_char_pool  d3tw_loss=1.9861  d3tw_cost_pos=153.3133  d3tw_cost_neg=1179.2510  total_loss=1.9896  char_pool_loss=0.0070  effective_char_pool_weight=0.5000  char_pool_acc_top1=0.9995  char_pool_acc_top5=0.9995  char_pool_valid_chars=2080  char_pool_num_chars=2080  window_size=16  stride=16  window_overlap_mode=no_overlap  num_windows=64  sequence_length=128
Epoch 31, Batch 61, Loss: 1.9896
Epoch 31, Batch 62, Loss: 2.0564
Epoch 31, Batch 63, Loss: 1.9995
Epoch 31, Batch 64, Loss: 1.9740
Epoch 31, Batch 65, Loss: 1.9895
Epoch 31, Batch 66, Loss: 1.8714
Epoch 31, Batch 67, Loss: 2.0143
Epoch 31, Batch 68, Loss: 1.8893
Epoch 31, Batch 69, Loss: 1.9542
Epoch 31, Batch 70, Loss: 1.9584
[DTW] raw: pos=155.7  neg=1184.1  |  prob: pos_wins=0.995 (goal→1.0)  |  gap=-8.035  loss=1.9669
[LOSS] alignment_loss_type=d3tw_char_pool  d3tw_loss=1.9669  d3tw_cost_pos=155.6880  d3tw_cost_neg=1184.1370  total_loss=1.9692  char_pool_loss=0.0047  effective_char_pool_weight=0.5000  char_pool_acc_top1=0.9990  char_pool_acc_top5=1.0000  char_pool_valid_chars=2080  char_pool_num_chars=2080  window_size=16  stride=16  window_overlap_mode=no_overlap  num_windows=64  sequence_length=128
Epoch 31, Batch 71, Loss: 1.9692
Epoch 31, Batch 72, Loss: 1.9248
Epoch 31, Batch 73, Loss: 1.9819
Epoch 31, Batch 74, Loss: 1.9236
Epoch 31, Batch 75, Loss: 2.1097
Epoch 31, Batch 76, Loss: 1.9000
Epoch 31, Batch 77, Loss: 1.9660
Epoch 31, Batch 78, Loss: 2.0180
Epoch 31, Batch 79, Loss: 1.9993
Epoch 31, Batch 80, Loss: 2.0086
[DTW] raw: pos=155.2  neg=1193.5  |  prob: pos_wins=0.995 (goal→1.0)  |  gap=-8.111  loss=1.8888
[LOSS] alignment_loss_type=d3tw_char_pool  d3tw_loss=1.8888  d3tw_cost_pos=155.2424  d3tw_cost_neg=1193.4749  total_loss=1.8961  char_pool_loss=0.0145  effective_char_pool_weight=0.5000  char_pool_acc_top1=0.9986  char_pool_acc_top5=0.9990  char_pool_valid_chars=2080  char_pool_num_chars=2080  window_size=16  stride=16  window_overlap_mode=no_overlap  num_windows=64  sequence_length=128
Epoch 31, Batch 81, Loss: 1.8961
Epoch 31, Batch 82, Loss: 2.0476
Epoch 31, Batch 83, Loss: 2.0130
Epoch 31, Batch 84, Loss: 1.9421
Epoch 31, Batch 85, Loss: 1.9593
Epoch 31, Batch 86, Loss: 1.9571
Epoch 31, Batch 87, Loss: 1.8913
Epoch 31, Batch 88, Loss: 1.9069
Epoch 31, Batch 89, Loss: 1.9562
Epoch 31, Batch 90, Loss: 2.0034
[DTW] raw: pos=157.3  neg=1175.2  |  prob: pos_wins=0.993 (goal→1.0)  |  gap=-7.952  loss=2.0476
[LOSS] alignment_loss_type=d3tw_char_pool  d3tw_loss=2.0476  d3tw_cost_pos=157.2832  d3tw_cost_neg=1175.1764  total_loss=2.0529  char_pool_loss=0.0107  effective_char_pool_weight=0.5000  char_pool_acc_top1=0.9981  char_pool_acc_top5=0.9995  char_pool_valid_chars=2080  char_pool_num_chars=2080  window_size=16  stride=16  window_overlap_mode=no_overlap  num_windows=64  sequence_length=128
Epoch 31, Batch 91, Loss: 2.0529
Epoch 31, Batch 92, Loss: 1.9803
Epoch 31, Batch 93, Loss: 2.0073
Epoch 31, Batch 94, Loss: 1.9046
Epoch 31, Batch 95, Loss: 1.9937
Epoch 31, Batch 96, Loss: 1.8891
Epoch 31, Batch 97, Loss: 2.0374
Epoch 31, Batch 98, Loss: 2.0216
Epoch 31, Batch 99, Loss: 1.9203
Epoch 31, Batch 100, Loss: 2.0443
[DTW] raw: pos=154.3  neg=1192.9  |  prob: pos_wins=0.995 (goal→1.0)  |  gap=-8.113  loss=1.8894
[LOSS] alignment_loss_type=d3tw_char_pool  d3tw_loss=1.8894  d3tw_cost_pos=154.3448  d3tw_cost_neg=1192.8677  total_loss=1.8901  char_pool_loss=0.0013  effective_char_pool_weight=0.5000  char_pool_acc_top1=0.9995  char_pool_acc_top5=1.0000  char_pool_valid_chars=2080  char_pool_num_chars=2080  window_size=16  stride=16  window_overlap_mode=no_overlap  num_windows=64  sequence_length=128
Epoch 31, Batch 101, Loss: 1.8901
Epoch 31, Batch 102, Loss: 1.9764
Epoch 31, Batch 103, Loss: 2.1454
Epoch 31, Batch 104, Loss: 1.9582
Epoch 31, Batch 105, Loss: 1.9874
Epoch 31, Batch 106, Loss: 1.9471
Epoch 31, Batch 107, Loss: 1.9711
Epoch 31, Batch 108, Loss: 2.0883
Epoch 31, Batch 109, Loss: 1.9838
Epoch 31, Batch 110, Loss: 2.0078
[DTW] raw: pos=158.3  neg=1184.1  |  prob: pos_wins=0.995 (goal→1.0)  |  gap=-8.014  loss=1.9882
[LOSS] alignment_loss_type=d3tw_char_pool  d3tw_loss=1.9882  d3tw_cost_pos=158.2909  d3tw_cost_neg=1184.0662  total_loss=1.9913  char_pool_loss=0.0062  effective_char_pool_weight=0.5000  char_pool_acc_top1=0.9981  char_pool_acc_top5=1.0000  char_pool_valid_chars=2080  char_pool_num_chars=2080  window_size=16  stride=16  window_overlap_mode=no_overlap  num_windows=64  sequence_length=128
Epoch 31, Batch 111, Loss: 1.9913
Epoch 31, Batch 112, Loss: 1.9797
Epoch 31, Batch 113, Loss: 1.9686
Epoch 31, Batch 114, Loss: 2.0414
Epoch 31, Batch 115, Loss: 1.9789
Epoch 31, Batch 116, Loss: 2.1410
Epoch 31, Batch 117, Loss: 1.9515
Epoch 31, Batch 118, Loss: 1.9141
Epoch 31, Batch 119, Loss: 1.9481
Epoch 31, Batch 120, Loss: 1.9988
[DTW] raw: pos=154.3  neg=1177.5  |  prob: pos_wins=0.995 (goal→1.0)  |  gap=-7.994  loss=2.0066
[LOSS] alignment_loss_type=d3tw_char_pool  d3tw_loss=2.0066  d3tw_cost_pos=154.3263  d3tw_cost_neg=1177.5137  total_loss=2.0083  char_pool_loss=0.0035  effective_char_pool_weight=0.5000  char_pool_acc_top1=0.9990  char_pool_acc_top5=1.0000  char_pool_valid_chars=2080  char_pool_num_chars=2080  window_size=16  stride=16  window_overlap_mode=no_overlap  num_windows=64  sequence_length=128
Epoch 31, Batch 121, Loss: 2.0083
Epoch 31, Batch 122, Loss: 1.9120
Epoch 31, Batch 123, Loss: 1.9443
Epoch 31, Batch 124, Loss: 1.9203
Epoch 31, Batch 125, Loss: 2.0242
Epoch 31, Batch 126, Loss: 1.9559
Epoch 31, Batch 127, Loss: 1.9831
Epoch 31, Batch 128, Loss: 1.9465
Epoch 31, Batch 129, Loss: 1.9819
Epoch 31, Batch 130, Loss: 1.9588
[DTW] raw: pos=157.5  neg=1202.7  |  prob: pos_wins=0.996 (goal→1.0)  |  gap=-8.165  loss=1.8351
[LOSS] alignment_loss_type=d3tw_char_pool  d3tw_loss=1.8351  d3tw_cost_pos=157.5206  d3tw_cost_neg=1202.6509  total_loss=1.8377  char_pool_loss=0.0054  effective_char_pool_weight=0.5000  char_pool_acc_top1=0.9990  char_pool_acc_top5=1.0000  char_pool_valid_chars=2080  char_pool_num_chars=2080  window_size=16  stride=16  window_overlap_mode=no_overlap  num_windows=64  sequence_length=128
Epoch 31, Batch 131, Loss: 1.8377
Epoch 31, Batch 132, Loss: 2.0720
Epoch 31, Batch 133, Loss: 2.0101
Epoch 31, Batch 134, Loss: 1.9742
Epoch 31, Batch 135, Loss: 1.9284
Epoch 31, Batch 136, Loss: 2.1472
Epoch 31, Batch 137, Loss: 2.0153
Epoch 31, Batch 138, Loss: 1.8896
Epoch 31, Batch 139, Loss: 1.9608
Epoch 31, Batch 140, Loss: 1.9509
[DTW] raw: pos=157.9  neg=1192.0  |  prob: pos_wins=0.995 (goal→1.0)  |  gap=-8.079  loss=1.9233
[LOSS] alignment_loss_type=d3tw_char_pool  d3tw_loss=1.9233  d3tw_cost_pos=157.8899  d3tw_cost_neg=1192.0132  total_loss=1.9281  char_pool_loss=0.0096  effective_char_pool_weight=0.5000  char_pool_acc_top1=0.9981  char_pool_acc_top5=1.0000  char_pool_valid_chars=2080  char_pool_num_chars=2080  window_size=16  stride=16  window_overlap_mode=no_overlap  num_windows=64  sequence_length=128
Epoch 31, Batch 141, Loss: 1.9281
Epoch 31, Batch 142, Loss: 1.8809
Epoch 31, Batch 143, Loss: 1.9769
Epoch 31, Batch 144, Loss: 2.0121
Epoch 31, Batch 145, Loss: 1.9835
Epoch 31, Batch 146, Loss: 1.9746
Epoch 31, Batch 147, Loss: 1.9389
Epoch 31, Batch 148, Loss: 2.0323
Epoch 31, Batch 149, Loss: 1.9466
Epoch 31, Batch 150, Loss: 2.0578
[DTW] raw: pos=154.1  neg=1188.0  |  prob: pos_wins=0.995 (goal→1.0)  |  gap=-8.077  loss=1.9271
[LOSS] alignment_loss_type=d3tw_char_pool  d3tw_loss=1.9271  d3tw_cost_pos=154.1245  d3tw_cost_neg=1187.9622  total_loss=1.9339  char_pool_loss=0.0136  effective_char_pool_weight=0.5000  char_pool_acc_top1=0.9990  char_pool_acc_top5=0.9990  char_pool_valid_chars=2080  char_pool_num_chars=2080  window_size=16  stride=16  window_overlap_mode=no_overlap  num_windows=64  sequence_length=128
Epoch 31, Batch 151, Loss: 1.9339
Epoch 31, Batch 152, Loss: 1.9976
Epoch 31, Batch 153, Loss: 2.0232
Epoch 31, Batch 154, Loss: 1.9671
Epoch 31, Batch 155, Loss: 1.9663
Epoch 31, Batch 156, Loss: 2.0211
Epoch 31, Batch 157, Loss: 1.9660
Epoch 31, Batch 158, Loss: 1.9042
Epoch 31, Batch 159, Loss: 2.0947
Epoch 31, Batch 160, Loss: 1.9833
[DTW] raw: pos=157.5  neg=1195.6  |  prob: pos_wins=0.995 (goal→1.0)  |  gap=-8.110  loss=1.8903
[LOSS] alignment_loss_type=d3tw_char_pool  d3tw_loss=1.8903  d3tw_cost_pos=157.4888  d3tw_cost_neg=1195.6228  total_loss=1.8918  char_pool_loss=0.0028  effective_char_pool_weight=0.5000  char_pool_acc_top1=0.9990  char_pool_acc_top5=1.0000  char_pool_valid_chars=2080  char_pool_num_chars=2080  window_size=16  stride=16  window_overlap_mode=no_overlap  num_windows=64  sequence_length=128
Epoch 31, Batch 161, Loss: 1.8918
Epoch 31, Batch 162, Loss: 2.0050
Epoch 31, Batch 163, Loss: 1.9871
Epoch 31, Batch 164, Loss: 2.1642
Epoch 31, Batch 165, Loss: 2.0641
Epoch 31, Batch 166, Loss: 2.0208
Epoch 31, Batch 167, Loss: 1.9882
Epoch 31, Batch 168, Loss: 1.9866
Epoch 31, Batch 169, Loss: 1.7933
Epoch 31, Batch 170, Loss: 2.0198
[DTW] raw: pos=153.7  neg=1184.2  |  prob: pos_wins=0.995 (goal→1.0)  |  gap=-8.051  loss=1.9497
[LOSS] alignment_loss_type=d3tw_char_pool  d3tw_loss=1.9497  d3tw_cost_pos=153.6979  d3tw_cost_neg=1184.2460  total_loss=1.9517  char_pool_loss=0.0039  effective_char_pool_weight=0.5000  char_pool_acc_top1=0.9990  char_pool_acc_top5=1.0000  char_pool_valid_chars=2080  char_pool_num_chars=2080  window_size=16  stride=16  window_overlap_mode=no_overlap  num_windows=64  sequence_length=128
Epoch 31, Batch 171, Loss: 1.9517
Epoch 31, Batch 172, Loss: 2.1205
Epoch 31, Batch 173, Loss: 1.9630
Epoch 31, Batch 174, Loss: 1.8962
Epoch 31, Batch 175, Loss: 1.9732
Epoch 31, Batch 176, Loss: 1.9452
Epoch 31, Batch 177, Loss: 1.9633
Epoch 31, Batch 178, Loss: 1.8972
Epoch 31, Batch 179, Loss: 2.0275
Epoch 31, Batch 180, Loss: 1.9982
[DTW] raw: pos=157.3  neg=1186.1  |  prob: pos_wins=0.995 (goal→1.0)  |  gap=-8.037  loss=1.9628
[LOSS] alignment_loss_type=d3tw_char_pool  d3tw_loss=1.9628  d3tw_cost_pos=157.3037  d3tw_cost_neg=1186.0585  total_loss=1.9665  char_pool_loss=0.0075  effective_char_pool_weight=0.5000  char_pool_acc_top1=0.9981  char_pool_acc_top5=1.0000  char_pool_valid_chars=2080  char_pool_num_chars=2080  window_size=16  stride=16  window_overlap_mode=no_overlap  num_windows=64  sequence_length=128
Epoch 31, Batch 181, Loss: 1.9665
Epoch 31, Batch 182, Loss: 1.9673
Epoch 31, Batch 183, Loss: 2.0287
Epoch 31, Batch 184, Loss: 2.0506
Epoch 31, Batch 185, Loss: 1.9079
Epoch 31, Batch 186, Loss: 1.9550
Epoch 31, Batch 187, Loss: 2.0380
Epoch 31, Batch 188, Loss: 1.8767
Epoch 31 - Train Loss: 1.9802
[DTW] raw: pos=158.8  neg=1189.7  |  prob: pos_wins=0.994 (goal→1.0)  |  gap=-8.054  loss=1.9503
[LOSS] alignment_loss_type=d3tw_char_pool  d3tw_loss=1.9503  d3tw_cost_pos=158.8110  d3tw_cost_neg=1189.6689  total_loss=1.9665  char_pool_loss=0.0323  effective_char_pool_weight=0.5000  char_pool_acc_top1=0.9976  char_pool_acc_top5=0.9976  char_pool_valid_chars=2080  char_pool_num_chars=2080  window_size=16  stride=16  window_overlap_mode=no_overlap  num_windows=64  sequence_length=128
[DTW] raw: pos=160.6  neg=1188.0  |  prob: pos_wins=0.994 (goal→1.0)  |  gap=-8.027  loss=1.9731
[LOSS] alignment_loss_type=d3tw_char_pool  d3tw_loss=1.9731  d3tw_cost_pos=160.6062  d3tw_cost_neg=1188.0386  total_loss=1.9890  char_pool_loss=0.0318  effective_char_pool_weight=0.5000  char_pool_acc_top1=0.9966  char_pool_acc_top5=0.9986  char_pool_valid_chars=2080  char_pool_num_chars=2080  window_size=16  stride=16  window_overlap_mode=no_overlap  num_windows=64  sequence_length=128
[DTW] raw: pos=160.7  neg=1187.5  |  prob: pos_wins=0.994 (goal→1.0)  |  gap=-8.022  loss=1.9797
[LOSS] alignment_loss_type=d3tw_char_pool  d3tw_loss=1.9797  d3tw_cost_pos=160.7037  d3tw_cost_neg=1187.5181  total_loss=1.9867  char_pool_loss=0.0140  effective_char_pool_weight=0.5000  char_pool_acc_top1=0.9981  char_pool_acc_top5=0.9990  char_pool_valid_chars=2080  char_pool_num_chars=2080  window_size=16  stride=16  window_overlap_mode=no_overlap  num_windows=64  sequence_length=128
[DTW] raw: pos=156.9  neg=1189.9  |  prob: pos_wins=0.995 (goal→1.0)  |  gap=-8.070  loss=1.9310
[LOSS] alignment_loss_type=d3tw_char_pool  d3tw_loss=1.9310  d3tw_cost_pos=156.9395  d3tw_cost_neg=1189.8882  total_loss=1.9364  char_pool_loss=0.0106  effective_char_pool_weight=0.5000  char_pool_acc_top1=0.9986  char_pool_acc_top5=0.9995  char_pool_valid_chars=2080  char_pool_num_chars=2080  window_size=16  stride=16  window_overlap_mode=no_overlap  num_windows=64  sequence_length=128
[DTW] raw: pos=156.2  neg=1200.0  |  prob: pos_wins=0.995 (goal→1.0)  |  gap=-8.155  loss=1.8485
[LOSS] alignment_loss_type=d3tw_char_pool  d3tw_loss=1.8485  d3tw_cost_pos=156.2063  d3tw_cost_neg=1200.0363  total_loss=1.8557  char_pool_loss=0.0144  effective_char_pool_weight=0.5000  char_pool_acc_top1=0.9981  char_pool_acc_top5=0.9995  char_pool_valid_chars=2080  char_pool_num_chars=2080  window_size=16  stride=16  window_overlap_mode=no_overlap  num_windows=64  sequence_length=128
[DTW] raw: pos=155.8  neg=1182.9  |  prob: pos_wins=0.994 (goal→1.0)  |  gap=-8.024  loss=1.9779
[LOSS] alignment_loss_type=d3tw_char_pool  d3tw_loss=1.9779  d3tw_cost_pos=155.8235  d3tw_cost_neg=1182.8809  total_loss=1.9877  char_pool_loss=0.0196  effective_char_pool_weight=0.5000  char_pool_acc_top1=0.9981  char_pool_acc_top5=0.9990  char_pool_valid_chars=2080  char_pool_num_chars=2080  window_size=16  stride=16  window_overlap_mode=no_overlap  num_windows=64  sequence_length=128
[DTW] raw: pos=154.4  neg=1185.5  |  prob: pos_wins=0.994 (goal→1.0)  |  gap=-8.055  loss=1.9483
[LOSS] alignment_loss_type=d3tw_char_pool  d3tw_loss=1.9483  d3tw_cost_pos=154.4415  d3tw_cost_neg=1185.5330  total_loss=1.9580  char_pool_loss=0.0192  effective_char_pool_weight=0.5000  char_pool_acc_top1=0.9976  char_pool_acc_top5=0.9995  char_pool_valid_chars=2080  char_pool_num_chars=2080  window_size=16  stride=16  window_overlap_mode=no_overlap  num_windows=64  sequence_length=128
Epoch 31 - Validation Loss: 1.9562
Epoch 31 completed in 13m 52.70s
Epoch 31 - Peak GPU memory: 2267.0 MB
============================================================
Epoch 32 - Soft-DTW gamma: 0.100000
[DTW] raw: pos=159.4  neg=1171.0  |  prob: pos_wins=0.994 (goal→1.0)  |  gap=-7.904  loss=2.0962
[LOSS] alignment_loss_type=d3tw_char_pool  d3tw_loss=2.0962  d3tw_cost_pos=159.3662  d3tw_cost_neg=1171.0356  total_loss=2.1010  char_pool_loss=0.0095  effective_char_pool_weight=0.5000  char_pool_acc_top1=0.9986  char_pool_acc_top5=0.9995  char_pool_valid_chars=2080  char_pool_num_chars=2080  window_size=16  stride=16  window_overlap_mode=no_overlap  num_windows=64  sequence_length=128
Epoch 32, Batch 1, Loss: 2.1010
Epoch 32, Batch 2, Loss: 2.0364
Epoch 32, Batch 3, Loss: 1.9987
Epoch 32, Batch 4, Loss: 1.9840
Epoch 32, Batch 5, Loss: 2.0916
Epoch 32, Batch 6, Loss: 1.9531
Epoch 32, Batch 7, Loss: 1.9454
Epoch 32, Batch 8, Loss: 1.9975
Epoch 32, Batch 9, Loss: 1.8740
Epoch 32, Batch 10, Loss: 1.9628
[DTW] raw: pos=157.3  neg=1182.9  |  prob: pos_wins=0.994 (goal→1.0)  |  gap=-8.013  loss=1.9879
[LOSS] alignment_loss_type=d3tw_char_pool  d3tw_loss=1.9879  d3tw_cost_pos=157.3412  d3tw_cost_neg=1182.9418  total_loss=1.9883  char_pool_loss=0.0008  effective_char_pool_weight=0.5000  char_pool_acc_top1=0.9995  char_pool_acc_top5=1.0000  char_pool_valid_chars=2080  char_pool_num_chars=2080  window_size=16  stride=16  window_overlap_mode=no_overlap  num_windows=64  sequence_length=128
Epoch 32, Batch 11, Loss: 1.9883
Epoch 32, Batch 12, Loss: 1.9865
Epoch 32, Batch 13, Loss: 1.9735
Epoch 32, Batch 14, Loss: 1.9472
Epoch 32, Batch 15, Loss: 1.9689
Epoch 32, Batch 16, Loss: 1.9405
Epoch 32, Batch 17, Loss: 1.9750
Epoch 32, Batch 18, Loss: 1.8837
Epoch 32, Batch 19, Loss: 1.8777
Epoch 32, Batch 20, Loss: 1.9316
[DTW] raw: pos=155.2  neg=1174.6  |  prob: pos_wins=0.994 (goal→1.0)  |  gap=-7.964  loss=2.0363
[LOSS] alignment_loss_type=d3tw_char_pool  d3tw_loss=2.0363  d3tw_cost_pos=155.1906  d3tw_cost_neg=1174.6106  total_loss=2.0435  char_pool_loss=0.0145  effective_char_pool_weight=0.5000  char_pool_acc_top1=0.9981  char_pool_acc_top5=0.9990  char_pool_valid_chars=2080  char_pool_num_chars=2080  window_size=16  stride=16  window_overlap_mode=no_overlap  num_windows=64  sequence_length=128
Epoch 32, Batch 21, Loss: 2.0435
Epoch 32, Batch 22, Loss: 1.9564
Epoch 32, Batch 23, Loss: 2.0881
Epoch 32, Batch 24, Loss: 1.9371
Epoch 32, Batch 25, Loss: 1.8940
Epoch 32, Batch 26, Loss: 2.0221
Epoch 32, Batch 27, Loss: 1.9768
Epoch 32, Batch 28, Loss: 2.0564
Epoch 32, Batch 29, Loss: 1.8651
Epoch 32, Batch 30, Loss: 1.9687
[DTW] raw: pos=158.9  neg=1157.5  |  prob: pos_wins=0.992 (goal→1.0)  |  gap=-7.802  loss=2.1984
[LOSS] alignment_loss_type=d3tw_char_pool  d3tw_loss=2.1984  d3tw_cost_pos=158.8775  d3tw_cost_neg=1157.4711  total_loss=2.1989  char_pool_loss=0.0011  effective_char_pool_weight=0.5000  char_pool_acc_top1=0.9995  char_pool_acc_top5=1.0000  char_pool_valid_chars=2080  char_pool_num_chars=2080  window_size=16  stride=16  window_overlap_mode=no_overlap  num_windows=64  sequence_length=128
Epoch 32, Batch 31, Loss: 2.1989
Epoch 32, Batch 32, Loss: 1.9726
Epoch 32, Batch 33, Loss: 2.0865
Epoch 32, Batch 34, Loss: 1.9472
Epoch 32, Batch 35, Loss: 2.0209
Epoch 32, Batch 36, Loss: 1.9914
Epoch 32, Batch 37, Loss: 1.9519
Epoch 32, Batch 38, Loss: 1.9634
Epoch 32, Batch 39, Loss: 1.9285
Epoch 32, Batch 40, Loss: 1.9944
[DTW] raw: pos=158.1  neg=1190.2  |  prob: pos_wins=0.995 (goal→1.0)  |  gap=-8.064  loss=1.9386
[LOSS] alignment_loss_type=d3tw_char_pool  d3tw_loss=1.9386  d3tw_cost_pos=158.0548  d3tw_cost_neg=1190.1956  total_loss=1.9413  char_pool_loss=0.0054  effective_char_pool_weight=0.5000  char_pool_acc_top1=0.9990  char_pool_acc_top5=1.0000  char_pool_valid_chars=2080  char_pool_num_chars=2080  window_size=16  stride=16  window_overlap_mode=no_overlap  num_windows=64  sequence_length=128
Epoch 32, Batch 41, Loss: 1.9413
Epoch 32, Batch 42, Loss: 2.0553
Epoch 32, Batch 43, Loss: 1.9499
Epoch 32, Batch 44, Loss: 1.9424
Epoch 32, Batch 45, Loss: 1.9708
Epoch 32, Batch 46, Loss: 1.9903
Epoch 32, Batch 47, Loss: 1.9263
Epoch 32, Batch 48, Loss: 1.9389
Epoch 32, Batch 49, Loss: 2.0773
Epoch 32, Batch 50, Loss: 1.9484
[DTW] raw: pos=152.0  neg=1190.8  |  prob: pos_wins=0.995 (goal→1.0)  |  gap=-8.115  loss=1.8873
[LOSS] alignment_loss_type=d3tw_char_pool  d3tw_loss=1.8873  d3tw_cost_pos=152.0449  d3tw_cost_neg=1190.7676  total_loss=1.8940  char_pool_loss=0.0134  effective_char_pool_weight=0.5000  char_pool_acc_top1=0.9990  char_pool_acc_top5=0.9990  char_pool_valid_chars=2080  char_pool_num_chars=2080  window_size=16  stride=16  window_overlap_mode=no_overlap  num_windows=64  sequence_length=128
Epoch 32, Batch 51, Loss: 1.8940
Epoch 32, Batch 52, Loss: 2.0279
Epoch 32, Batch 53, Loss: 2.0486
Epoch 32, Batch 54, Loss: 1.9905
Epoch 32, Batch 55, Loss: 1.9686
Epoch 32, Batch 56, Loss: 1.9930
Epoch 32, Batch 57, Loss: 2.0807
Epoch 32, Batch 58, Loss: 2.0633
Epoch 32, Batch 59, Loss: 1.9656
Epoch 32, Batch 60, Loss: 1.9592
[DTW] raw: pos=154.3  neg=1192.0  |  prob: pos_wins=0.995 (goal→1.0)  |  gap=-8.107  loss=1.8948
[LOSS] alignment_loss_type=d3tw_char_pool  d3tw_loss=1.8948  d3tw_cost_pos=154.2872  d3tw_cost_neg=1191.9950  total_loss=1.8987  char_pool_loss=0.0079  effective_char_pool_weight=0.5000  char_pool_acc_top1=0.9990  char_pool_acc_top5=1.0000  char_pool_valid_chars=2080  char_pool_num_chars=2080  window_size=16  stride=16  window_overlap_mode=no_overlap  num_windows=64  sequence_length=128
Epoch 32, Batch 61, Loss: 1.8987
Epoch 32, Batch 62, Loss: 2.0729
Epoch 32, Batch 63, Loss: 1.9611
Epoch 32, Batch 64, Loss: 1.9331
Epoch 32, Batch 65, Loss: 2.0513
Epoch 32, Batch 66, Loss: 1.9591
Epoch 32, Batch 67, Loss: 2.0438
Epoch 32, Batch 68, Loss: 2.0515
Epoch 32, Batch 69, Loss: 1.8064
Epoch 32, Batch 70, Loss: 1.9425
[DTW] raw: pos=156.1  neg=1184.4  |  prob: pos_wins=0.995 (goal→1.0)  |  gap=-8.033  loss=1.9687
[LOSS] alignment_loss_type=d3tw_char_pool  d3tw_loss=1.9687  d3tw_cost_pos=156.1480  d3tw_cost_neg=1184.3613  total_loss=1.9776  char_pool_loss=0.0178  effective_char_pool_weight=0.5000  char_pool_acc_top1=0.9976  char_pool_acc_top5=0.9990  char_pool_valid_chars=2080  char_pool_num_chars=2080  window_size=16  stride=16  window_overlap_mode=no_overlap  num_windows=64  sequence_length=128
Epoch 32, Batch 71, Loss: 1.9776
Epoch 32, Batch 72, Loss: 1.9422
Epoch 32, Batch 73, Loss: 1.9666
Epoch 32, Batch 74, Loss: 2.0137
Epoch 32, Batch 75, Loss: 2.0481
Epoch 32, Batch 76, Loss: 1.9705
Epoch 32, Batch 77, Loss: 1.9054
Epoch 32, Batch 78, Loss: 1.8958
Epoch 32, Batch 79, Loss: 1.9066
Epoch 32, Batch 80, Loss: 1.9685
[DTW] raw: pos=154.6  neg=1183.2  |  prob: pos_wins=0.995 (goal→1.0)  |  gap=-8.036  loss=1.9645
[LOSS] alignment_loss_type=d3tw_char_pool  d3tw_loss=1.9645  d3tw_cost_pos=154.5580  d3tw_cost_neg=1183.1796  total_loss=1.9690  char_pool_loss=0.0091  effective_char_pool_weight=0.5000  char_pool_acc_top1=0.9976  char_pool_acc_top5=1.0000  char_pool_valid_chars=2080  char_pool_num_chars=2080  window_size=16  stride=16  window_overlap_mode=no_overlap  num_windows=64  sequence_length=128
Epoch 32, Batch 81, Loss: 1.9690
Epoch 32, Batch 82, Loss: 1.8374
Epoch 32, Batch 83, Loss: 2.0734
Epoch 32, Batch 84, Loss: 1.9733
Epoch 32, Batch 85, Loss: 1.9896
Epoch 32, Batch 86, Loss: 2.0250
Epoch 32, Batch 87, Loss: 1.9241
Epoch 32, Batch 88, Loss: 1.9745
Epoch 32, Batch 89, Loss: 1.8677
Epoch 32, Batch 90, Loss: 1.9920
[DTW] raw: pos=154.7  neg=1180.1  |  prob: pos_wins=0.994 (goal→1.0)  |  gap=-8.011  loss=1.9903
[LOSS] alignment_loss_type=d3tw_char_pool  d3tw_loss=1.9903  d3tw_cost_pos=154.7051  d3tw_cost_neg=1180.0942  total_loss=1.9952  char_pool_loss=0.0098  effective_char_pool_weight=0.5000  char_pool_acc_top1=0.9990  char_pool_acc_top5=0.9995  char_pool_valid_chars=2080  char_pool_num_chars=2080  window_size=16  stride=16  window_overlap_mode=no_overlap  num_windows=64  sequence_length=128
Epoch 32, Batch 91, Loss: 1.9952
Epoch 32, Batch 92, Loss: 1.8749
Epoch 32, Batch 93, Loss: 2.0714
Epoch 32, Batch 94, Loss: 2.0398
Epoch 32, Batch 95, Loss: 1.9099
Epoch 32, Batch 96, Loss: 1.9189
Epoch 32, Batch 97, Loss: 1.9723
Epoch 32, Batch 98, Loss: 2.0022
Epoch 32, Batch 99, Loss: 1.9954
Epoch 32, Batch 100, Loss: 1.9171
[DTW] raw: pos=157.7  neg=1180.7  |  prob: pos_wins=0.994 (goal→1.0)  |  gap=-7.993  loss=2.0073
[LOSS] alignment_loss_type=d3tw_char_pool  d3tw_loss=2.0073  d3tw_cost_pos=157.6714  d3tw_cost_neg=1180.7178  total_loss=2.0091  char_pool_loss=0.0036  effective_char_pool_weight=0.5000  char_pool_acc_top1=0.9990  char_pool_acc_top5=1.0000  char_pool_valid_chars=2080  char_pool_num_chars=2080  window_size=16  stride=16  window_overlap_mode=no_overlap  num_windows=64  sequence_length=128
Epoch 32, Batch 101, Loss: 2.0091
Epoch 32, Batch 102, Loss: 2.0276
Epoch 32, Batch 103, Loss: 1.9916
Epoch 32, Batch 104, Loss: 1.9952
Epoch 32, Batch 105, Loss: 2.0895
Epoch 32, Batch 106, Loss: 1.9172
Epoch 32, Batch 107, Loss: 1.9873
Epoch 32, Batch 108, Loss: 1.9786
Epoch 32, Batch 109, Loss: 2.0741
Epoch 32, Batch 110, Loss: 1.9871
[DTW] raw: pos=154.3  neg=1181.8  |  prob: pos_wins=0.994 (goal→1.0)  |  gap=-8.027  loss=1.9735
[LOSS] alignment_loss_type=d3tw_char_pool  d3tw_loss=1.9735  d3tw_cost_pos=154.3433  d3tw_cost_neg=1181.7966  total_loss=1.9879  char_pool_loss=0.0288  effective_char_pool_weight=0.5000  char_pool_acc_top1=0.9971  char_pool_acc_top5=0.9981  char_pool_valid_chars=2080  char_pool_num_chars=2080  window_size=16  stride=16  window_overlap_mode=no_overlap  num_windows=64  sequence_length=128
Epoch 32, Batch 111, Loss: 1.9879
Epoch 32, Batch 112, Loss: 1.9227
Epoch 32, Batch 113, Loss: 2.0108
Epoch 32, Batch 114, Loss: 1.9582
Epoch 32, Batch 115, Loss: 2.0678
Epoch 32, Batch 116, Loss: 2.0708
Epoch 32, Batch 117, Loss: 1.9623
Epoch 32, Batch 118, Loss: 1.9674
Epoch 32, Batch 119, Loss: 2.0275
Epoch 32, Batch 120, Loss: 2.0918
[DTW] raw: pos=153.3  neg=1186.4  |  prob: pos_wins=0.995 (goal→1.0)  |  gap=-8.071  loss=1.9306
[LOSS] alignment_loss_type=d3tw_char_pool  d3tw_loss=1.9306  d3tw_cost_pos=153.3442  d3tw_cost_neg=1186.4495  total_loss=1.9355  char_pool_loss=0.0099  effective_char_pool_weight=0.5000  char_pool_acc_top1=0.9986  char_pool_acc_top5=1.0000  char_pool_valid_chars=2080  char_pool_num_chars=2080  window_size=16  stride=16  window_overlap_mode=no_overlap  num_windows=64  sequence_length=128
Epoch 32, Batch 121, Loss: 1.9355
Epoch 32, Batch 122, Loss: 2.0033
Epoch 32, Batch 123, Loss: 2.0449
Epoch 32, Batch 124, Loss: 2.0203
Epoch 32, Batch 125, Loss: 1.8602
Epoch 32, Batch 126, Loss: 2.0811
Epoch 32, Batch 127, Loss: 1.9255
Epoch 32, Batch 128, Loss: 1.8908
Epoch 32, Batch 129, Loss: 1.9236
Epoch 32, Batch 130, Loss: 1.9223
[DTW] raw: pos=157.8  neg=1166.9  |  prob: pos_wins=0.994 (goal→1.0)  |  gap=-7.883  loss=2.1174
[LOSS] alignment_loss_type=d3tw_char_pool  d3tw_loss=2.1174  d3tw_cost_pos=157.8233  d3tw_cost_neg=1166.8960  total_loss=2.1229  char_pool_loss=0.0111  effective_char_pool_weight=0.5000  char_pool_acc_top1=0.9976  char_pool_acc_top5=1.0000  char_pool_valid_chars=2080  char_pool_num_chars=2080  window_size=16  stride=16  window_overlap_mode=no_overlap  num_windows=64  sequence_length=128
Epoch 32, Batch 131, Loss: 2.1229
Epoch 32, Batch 132, Loss: 1.8961
Epoch 32, Batch 133, Loss: 2.1212
Epoch 32, Batch 134, Loss: 1.9296
Epoch 32, Batch 135, Loss: 1.8792
Epoch 32, Batch 136, Loss: 2.0065
Epoch 32, Batch 137, Loss: 1.9249
Epoch 32, Batch 138, Loss: 1.9075
Epoch 32, Batch 139, Loss: 1.9562
Epoch 32, Batch 140, Loss: 2.0952
[DTW] raw: pos=153.2  neg=1193.9  |  prob: pos_wins=0.995 (goal→1.0)  |  gap=-8.131  loss=1.8732
[LOSS] alignment_loss_type=d3tw_char_pool  d3tw_loss=1.8732  d3tw_cost_pos=153.1550  d3tw_cost_neg=1193.8948  total_loss=1.8762  char_pool_loss=0.0060  effective_char_pool_weight=0.5000  char_pool_acc_top1=0.9995  char_pool_acc_top5=1.0000  char_pool_valid_chars=2080  char_pool_num_chars=2080  window_size=16  stride=16  window_overlap_mode=no_overlap  num_windows=64  sequence_length=128
Epoch 32, Batch 141, Loss: 1.8762
Epoch 32, Batch 142, Loss: 1.9186
Epoch 32, Batch 143, Loss: 1.9256
Epoch 32, Batch 144, Loss: 1.9174
Epoch 32, Batch 145, Loss: 1.9898
Epoch 32, Batch 146, Loss: 2.1205
Epoch 32, Batch 147, Loss: 1.9706
Epoch 32, Batch 148, Loss: 2.1059
Epoch 32, Batch 149, Loss: 2.0318
Epoch 32, Batch 150, Loss: 1.9761
[DTW] raw: pos=154.0  neg=1193.0  |  prob: pos_wins=0.995 (goal→1.0)  |  gap=-8.118  loss=1.8839
[LOSS] alignment_loss_type=d3tw_char_pool  d3tw_loss=1.8839  d3tw_cost_pos=153.9992  d3tw_cost_neg=1193.0469  total_loss=1.8868  char_pool_loss=0.0060  effective_char_pool_weight=0.5000  char_pool_acc_top1=0.9990  char_pool_acc_top5=1.0000  char_pool_valid_chars=2080  char_pool_num_chars=2080  window_size=16  stride=16  window_overlap_mode=no_overlap  num_windows=64  sequence_length=128
Epoch 32, Batch 151, Loss: 1.8868
Epoch 32, Batch 152, Loss: 1.9936
Epoch 32, Batch 153, Loss: 1.9873
Epoch 32, Batch 154, Loss: 2.0008
Epoch 32, Batch 155, Loss: 2.0072
Epoch 32, Batch 156, Loss: 2.0372
Epoch 32, Batch 157, Loss: 1.9806
Epoch 32, Batch 158, Loss: 1.9649
Epoch 32, Batch 159, Loss: 2.0234
Epoch 32, Batch 160, Loss: 1.9794
[DTW] raw: pos=159.2  neg=1181.3  |  prob: pos_wins=0.994 (goal→1.0)  |  gap=-7.986  loss=2.0154
[LOSS] alignment_loss_type=d3tw_char_pool  d3tw_loss=2.0154  d3tw_cost_pos=159.1593  d3tw_cost_neg=1181.3218  total_loss=2.0196  char_pool_loss=0.0085  effective_char_pool_weight=0.5000  char_pool_acc_top1=0.9986  char_pool_acc_top5=0.9995  char_pool_valid_chars=2080  char_pool_num_chars=2080  window_size=16  stride=16  window_overlap_mode=no_overlap  num_windows=64  sequence_length=128
Epoch 32, Batch 161, Loss: 2.0196
Epoch 32, Batch 162, Loss: 2.0513
Epoch 32, Batch 163, Loss: 2.0496
Epoch 32, Batch 164, Loss: 1.8386
Epoch 32, Batch 165, Loss: 1.9348
Epoch 32, Batch 166, Loss: 1.9676
Epoch 32, Batch 167, Loss: 2.0332
Epoch 32, Batch 168, Loss: 2.0797
Epoch 32, Batch 169, Loss: 2.0309
Epoch 32, Batch 170, Loss: 1.8981
[DTW] raw: pos=153.7  neg=1197.7  |  prob: pos_wins=0.995 (goal→1.0)  |  gap=-8.157  loss=1.8453
[LOSS] alignment_loss_type=d3tw_char_pool  d3tw_loss=1.8453  d3tw_cost_pos=153.6922  d3tw_cost_neg=1197.7341  total_loss=1.8461  char_pool_loss=0.0014  effective_char_pool_weight=0.5000  char_pool_acc_top1=0.9990  char_pool_acc_top5=1.0000  char_pool_valid_chars=2080  char_pool_num_chars=2080  window_size=16  stride=16  window_overlap_mode=no_overlap  num_windows=64  sequence_length=128
Epoch 32, Batch 171, Loss: 1.8461
Epoch 32, Batch 172, Loss: 1.9761
Epoch 32, Batch 173, Loss: 1.8464
Epoch 32, Batch 174, Loss: 1.9698
Epoch 32, Batch 175, Loss: 2.0697
Epoch 32, Batch 176, Loss: 1.9590
Epoch 32, Batch 177, Loss: 1.9463
Epoch 32, Batch 178, Loss: 1.9237
Epoch 32, Batch 179, Loss: 1.9512
Epoch 32, Batch 180, Loss: 1.9216
[DTW] raw: pos=161.1  neg=1180.2  |  prob: pos_wins=0.994 (goal→1.0)  |  gap=-7.962  loss=2.0386
[LOSS] alignment_loss_type=d3tw_char_pool  d3tw_loss=2.0386  d3tw_cost_pos=161.0695  d3tw_cost_neg=1180.2238  total_loss=2.0459  char_pool_loss=0.0146  effective_char_pool_weight=0.5000  char_pool_acc_top1=0.9971  char_pool_acc_top5=0.9995  char_pool_valid_chars=2080  char_pool_num_chars=2080  window_size=16  stride=16  window_overlap_mode=no_overlap  num_windows=64  sequence_length=128
Epoch 32, Batch 181, Loss: 2.0459
Epoch 32, Batch 182, Loss: 2.0089
Epoch 32, Batch 183, Loss: 2.0373
Epoch 32, Batch 184, Loss: 1.9339
Epoch 32, Batch 185, Loss: 1.9937
Epoch 32, Batch 186, Loss: 2.0393
Epoch 32, Batch 187, Loss: 1.8911
Epoch 32, Batch 188, Loss: 2.0449
Epoch 32 - Train Loss: 1.9799
[DTW] raw: pos=159.0  neg=1181.7  |  prob: pos_wins=0.995 (goal→1.0)  |  gap=-7.989  loss=2.0107
[LOSS] alignment_loss_type=d3tw_char_pool  d3tw_loss=2.0107  d3tw_cost_pos=159.0374  d3tw_cost_neg=1181.6863  total_loss=2.0306  char_pool_loss=0.0397  effective_char_pool_weight=0.5000  char_pool_acc_top1=0.9971  char_pool_acc_top5=0.9971  char_pool_valid_chars=2080  char_pool_num_chars=2080  window_size=16  stride=16  window_overlap_mode=no_overlap  num_windows=64  sequence_length=128
[DTW] raw: pos=159.9  neg=1184.2  |  prob: pos_wins=0.994 (goal→1.0)  |  gap=-8.002  loss=1.9981
[LOSS] alignment_loss_type=d3tw_char_pool  d3tw_loss=1.9981  d3tw_cost_pos=159.8698  d3tw_cost_neg=1184.1785  total_loss=2.0092  char_pool_loss=0.0221  effective_char_pool_weight=0.5000  char_pool_acc_top1=0.9981  char_pool_acc_top5=0.9986  char_pool_valid_chars=2080  char_pool_num_chars=2080  window_size=16  stride=16  window_overlap_mode=no_overlap  num_windows=64  sequence_length=128
[DTW] raw: pos=158.5  neg=1182.2  |  prob: pos_wins=0.995 (goal→1.0)  |  gap=-7.997  loss=2.0067
[LOSS] alignment_loss_type=d3tw_char_pool  d3tw_loss=2.0067  d3tw_cost_pos=158.5226  d3tw_cost_neg=1182.1693  total_loss=2.0142  char_pool_loss=0.0150  effective_char_pool_weight=0.5000  char_pool_acc_top1=0.9976  char_pool_acc_top5=0.9995  char_pool_valid_chars=2080  char_pool_num_chars=2080  window_size=16  stride=16  window_overlap_mode=no_overlap  num_windows=64  sequence_length=128
[DTW] raw: pos=156.9  neg=1187.6  |  prob: pos_wins=0.995 (goal→1.0)  |  gap=-8.053  loss=1.9492
[LOSS] alignment_loss_type=d3tw_char_pool  d3tw_loss=1.9492  d3tw_cost_pos=156.8667  d3tw_cost_neg=1187.6343  total_loss=1.9584  char_pool_loss=0.0185  effective_char_pool_weight=0.5000  char_pool_acc_top1=0.9981  char_pool_acc_top5=0.9990  char_pool_valid_chars=2080  char_pool_num_chars=2080  window_size=16  stride=16  window_overlap_mode=no_overlap  num_windows=64  sequence_length=128
[DTW] raw: pos=156.1  neg=1192.9  |  prob: pos_wins=0.995 (goal→1.0)  |  gap=-8.100  loss=1.9021
[LOSS] alignment_loss_type=d3tw_char_pool  d3tw_loss=1.9021  d3tw_cost_pos=156.1446  d3tw_cost_neg=1192.9294  total_loss=1.9123  char_pool_loss=0.0204  effective_char_pool_weight=0.5000  char_pool_acc_top1=0.9976  char_pool_acc_top5=0.9990  char_pool_valid_chars=2080  char_pool_num_chars=2080  window_size=16  stride=16  window_overlap_mode=no_overlap  num_windows=64  sequence_length=128
[DTW] raw: pos=156.4  neg=1182.6  |  prob: pos_wins=0.994 (goal→1.0)  |  gap=-8.017  loss=1.9864
[LOSS] alignment_loss_type=d3tw_char_pool  d3tw_loss=1.9864  d3tw_cost_pos=156.4222  d3tw_cost_neg=1182.6235  total_loss=1.9975  char_pool_loss=0.0223  effective_char_pool_weight=0.5000  char_pool_acc_top1=0.9976  char_pool_acc_top5=0.9986  char_pool_valid_chars=2080  char_pool_num_chars=2080  window_size=16  stride=16  window_overlap_mode=no_overlap  num_windows=64  sequence_length=128
[DTW] raw: pos=154.2  neg=1201.1  |  prob: pos_wins=0.996 (goal→1.0)  |  gap=-8.179  loss=1.8245
[LOSS] alignment_loss_type=d3tw_char_pool  d3tw_loss=1.8245  d3tw_cost_pos=154.2182  d3tw_cost_neg=1201.0994  total_loss=1.8325  char_pool_loss=0.0161  effective_char_pool_weight=0.5000  char_pool_acc_top1=0.9971  char_pool_acc_top5=0.9995  char_pool_valid_chars=2080  char_pool_num_chars=2080  window_size=16  stride=16  window_overlap_mode=no_overlap  num_windows=64  sequence_length=128
Epoch 32 - Validation Loss: 1.9449
Epoch 32 completed in 13m 58.31s
Epoch 32 - Peak GPU memory: 2267.0 MB
============================================================
Epoch 33 - Soft-DTW gamma: 0.100000
[DTW] raw: pos=156.7  neg=1181.3  |  prob: pos_wins=0.994 (goal→1.0)  |  gap=-8.005  loss=1.9969
[LOSS] alignment_loss_type=d3tw_char_pool  d3tw_loss=1.9969  d3tw_cost_pos=156.6594  d3tw_cost_neg=1181.2612  total_loss=2.0025  char_pool_loss=0.0113  effective_char_pool_weight=0.5000  char_pool_acc_top1=0.9981  char_pool_acc_top5=0.9995  char_pool_valid_chars=2080  char_pool_num_chars=2080  window_size=16  stride=16  window_overlap_mode=no_overlap  num_windows=64  sequence_length=128
Epoch 33, Batch 1, Loss: 2.0025
Epoch 33, Batch 2, Loss: 2.0472
Epoch 33, Batch 3, Loss: 2.0277
Epoch 33, Batch 4, Loss: 1.9160
Epoch 33, Batch 5, Loss: 2.0449
Epoch 33, Batch 6, Loss: 1.9418
Epoch 33, Batch 7, Loss: 1.9918
Epoch 33, Batch 8, Loss: 1.9127
Epoch 33, Batch 9, Loss: 1.9335
Epoch 33, Batch 10, Loss: 2.0633
[DTW] raw: pos=157.7  neg=1181.0  |  prob: pos_wins=0.994 (goal→1.0)  |  gap=-7.995  loss=2.0053
[LOSS] alignment_loss_type=d3tw_char_pool  d3tw_loss=2.0053  d3tw_cost_pos=157.6767  d3tw_cost_neg=1180.9829  total_loss=2.0090  char_pool_loss=0.0074  effective_char_pool_weight=0.5000  char_pool_acc_top1=0.9995  char_pool_acc_top5=0.9995  char_pool_valid_chars=2080  char_pool_num_chars=2080  window_size=16  stride=16  window_overlap_mode=no_overlap  num_windows=64  sequence_length=128
Epoch 33, Batch 11, Loss: 2.0090
Epoch 33, Batch 12, Loss: 1.9981
Epoch 33, Batch 13, Loss: 1.9903
Epoch 33, Batch 14, Loss: 2.0525
Epoch 33, Batch 15, Loss: 2.0185
Epoch 33, Batch 16, Loss: 1.8435
Epoch 33, Batch 17, Loss: 1.8922
Epoch 33, Batch 18, Loss: 1.9553
Epoch 33, Batch 19, Loss: 1.9589
Epoch 33, Batch 20, Loss: 1.8791
[DTW] raw: pos=156.3  neg=1181.2  |  prob: pos_wins=0.994 (goal→1.0)  |  gap=-8.007  loss=1.9950
[LOSS] alignment_loss_type=d3tw_char_pool  d3tw_loss=1.9950  d3tw_cost_pos=156.3244  d3tw_cost_neg=1181.1862  total_loss=2.0044  char_pool_loss=0.0187  effective_char_pool_weight=0.5000  char_pool_acc_top1=0.9976  char_pool_acc_top5=0.9990  char_pool_valid_chars=2080  char_pool_num_chars=2080  window_size=16  stride=16  window_overlap_mode=no_overlap  num_windows=64  sequence_length=128
Epoch 33, Batch 21, Loss: 2.0044
Epoch 33, Batch 22, Loss: 2.0163
Epoch 33, Batch 23, Loss: 1.9744
Epoch 33, Batch 24, Loss: 1.9446
Epoch 33, Batch 25, Loss: 1.9702
Epoch 33, Batch 26, Loss: 1.9365
Epoch 33, Batch 27, Loss: 1.8242
Epoch 33, Batch 28, Loss: 2.0389
Epoch 33, Batch 29, Loss: 2.0223
Epoch 33, Batch 30, Loss: 2.0024
[DTW] raw: pos=153.9  neg=1190.7  |  prob: pos_wins=0.995 (goal→1.0)  |  gap=-8.100  loss=1.9041
[LOSS] alignment_loss_type=d3tw_char_pool  d3tw_loss=1.9041  d3tw_cost_pos=153.9049  d3tw_cost_neg=1190.6841  total_loss=1.9096  char_pool_loss=0.0110  effective_char_pool_weight=0.5000  char_pool_acc_top1=0.9986  char_pool_acc_top5=0.9995  char_pool_valid_chars=2080  char_pool_num_chars=2080  window_size=16  stride=16  window_overlap_mode=no_overlap  num_windows=64  sequence_length=128
Epoch 33, Batch 31, Loss: 1.9096
Epoch 33, Batch 32, Loss: 2.0058
Epoch 33, Batch 33, Loss: 1.9895
Epoch 33, Batch 34, Loss: 1.9648
Epoch 33, Batch 35, Loss: 1.9808
Epoch 33, Batch 36, Loss: 2.0524
Epoch 33, Batch 37, Loss: 1.9599
Epoch 33, Batch 38, Loss: 2.0208
Epoch 33, Batch 39, Loss: 1.9275
Epoch 33, Batch 40, Loss: 1.8557
[DTW] raw: pos=156.0  neg=1182.6  |  prob: pos_wins=0.994 (goal→1.0)  |  gap=-8.020  loss=1.9815
[LOSS] alignment_loss_type=d3tw_char_pool  d3tw_loss=1.9815  d3tw_cost_pos=156.0018  d3tw_cost_neg=1182.5544  total_loss=1.9862  char_pool_loss=0.0095  effective_char_pool_weight=0.5000  char_pool_acc_top1=0.9986  char_pool_acc_top5=1.0000  char_pool_valid_chars=2080  char_pool_num_chars=2080  window_size=16  stride=16  window_overlap_mode=no_overlap  num_windows=64  sequence_length=128
Epoch 33, Batch 41, Loss: 1.9862
Epoch 33, Batch 42, Loss: 2.0604
Epoch 33, Batch 43, Loss: 1.9252
Epoch 33, Batch 44, Loss: 1.9498
Epoch 33, Batch 45, Loss: 2.1364
Epoch 33, Batch 46, Loss: 2.0846
Epoch 33, Batch 47, Loss: 1.9450
Epoch 33, Batch 48, Loss: 1.8519
Epoch 33, Batch 49, Loss: 1.9746
Epoch 33, Batch 50, Loss: 1.9643
[DTW] raw: pos=153.5  neg=1184.8  |  prob: pos_wins=0.995 (goal→1.0)  |  gap=-8.057  loss=1.9429
[LOSS] alignment_loss_type=d3tw_char_pool  d3tw_loss=1.9429  d3tw_cost_pos=153.5492  d3tw_cost_neg=1184.8468  total_loss=1.9481  char_pool_loss=0.0105  effective_char_pool_weight=0.5000  char_pool_acc_top1=0.9990  char_pool_acc_top5=0.9995  char_pool_valid_chars=2080  char_pool_num_chars=2080  window_size=16  stride=16  window_overlap_mode=no_overlap  num_windows=64  sequence_length=128
Epoch 33, Batch 51, Loss: 1.9481
Epoch 33, Batch 52, Loss: 1.9146
Epoch 33, Batch 53, Loss: 1.9594
Epoch 33, Batch 54, Loss: 1.9099
Epoch 33, Batch 55, Loss: 1.9863
Epoch 33, Batch 56, Loss: 2.0294
Epoch 33, Batch 57, Loss: 2.0449
Epoch 33, Batch 58, Loss: 2.0546
Epoch 33, Batch 59, Loss: 1.9070
Epoch 33, Batch 60, Loss: 1.8942
[DTW] raw: pos=154.5  neg=1188.8  |  prob: pos_wins=0.995 (goal→1.0)  |  gap=-8.080  loss=1.9200
[LOSS] alignment_loss_type=d3tw_char_pool  d3tw_loss=1.9200  d3tw_cost_pos=154.5458  d3tw_cost_neg=1188.8027  total_loss=1.9259  char_pool_loss=0.0119  effective_char_pool_weight=0.5000  char_pool_acc_top1=0.9981  char_pool_acc_top5=0.9995  char_pool_valid_chars=2080  char_pool_num_chars=2080  window_size=16  stride=16  window_overlap_mode=no_overlap  num_windows=64  sequence_length=128
Epoch 33, Batch 61, Loss: 1.9259
Epoch 33, Batch 62, Loss: 2.1061
Epoch 33, Batch 63, Loss: 2.0271
Epoch 33, Batch 64, Loss: 1.9036
Epoch 33, Batch 65, Loss: 1.8849
Epoch 33, Batch 66, Loss: 2.0471
Epoch 33, Batch 67, Loss: 1.9824
Epoch 33, Batch 68, Loss: 1.9967
Epoch 33, Batch 69, Loss: 1.9071
Epoch 33, Batch 70, Loss: 1.9208
[DTW] raw: pos=158.5  neg=1181.1  |  prob: pos_wins=0.995 (goal→1.0)  |  gap=-7.989  loss=2.0113
[LOSS] alignment_loss_type=d3tw_char_pool  d3tw_loss=2.0113  d3tw_cost_pos=158.5354  d3tw_cost_neg=1181.1042  total_loss=2.0114  char_pool_loss=0.0003  effective_char_pool_weight=0.5000  char_pool_acc_top1=1.0000  char_pool_acc_top5=1.0000  char_pool_valid_chars=2080  char_pool_num_chars=2080  window_size=16  stride=16  window_overlap_mode=no_overlap  num_windows=64  sequence_length=128
Epoch 33, Batch 71, Loss: 2.0114
Epoch 33, Batch 72, Loss: 1.9483
Epoch 33, Batch 73, Loss: 1.9523
Epoch 33, Batch 74, Loss: 2.0246
Epoch 33, Batch 75, Loss: 1.9964
Epoch 33, Batch 76, Loss: 1.9224
Epoch 33, Batch 77, Loss: 1.8021
Epoch 33, Batch 78, Loss: 1.9742
Epoch 33, Batch 79, Loss: 1.9613
Epoch 33, Batch 80, Loss: 2.0396
[DTW] raw: pos=154.8  neg=1185.3  |  prob: pos_wins=0.995 (goal→1.0)  |  gap=-8.051  loss=1.9542
[LOSS] alignment_loss_type=d3tw_char_pool  d3tw_loss=1.9542  d3tw_cost_pos=154.8112  d3tw_cost_neg=1185.3354  total_loss=1.9622  char_pool_loss=0.0159  effective_char_pool_weight=0.5000  char_pool_acc_top1=0.9966  char_pool_acc_top5=1.0000  char_pool_valid_chars=2080  char_pool_num_chars=2080  window_size=16  stride=16  window_overlap_mode=no_overlap  num_windows=64  sequence_length=128
Epoch 33, Batch 81, Loss: 1.9622
Epoch 33, Batch 82, Loss: 1.9394
Epoch 33, Batch 83, Loss: 1.8899
Epoch 33, Batch 84, Loss: 2.0693
Epoch 33, Batch 85, Loss: 1.9703
Epoch 33, Batch 86, Loss: 2.0390
Epoch 33, Batch 87, Loss: 1.9408
Epoch 33, Batch 88, Loss: 1.9528
Epoch 33, Batch 89, Loss: 1.9446
Epoch 33, Batch 90, Loss: 1.9328
[DTW] raw: pos=156.0  neg=1182.1  |  prob: pos_wins=0.995 (goal→1.0)  |  gap=-8.016  loss=1.9874
[LOSS] alignment_loss_type=d3tw_char_pool  d3tw_loss=1.9874  d3tw_cost_pos=156.0139  d3tw_cost_neg=1182.1191  total_loss=1.9950  char_pool_loss=0.0152  effective_char_pool_weight=0.5000  char_pool_acc_top1=0.9986  char_pool_acc_top5=0.9995  char_pool_valid_chars=2080  char_pool_num_chars=2080  window_size=16  stride=16  window_overlap_mode=no_overlap  num_windows=64  sequence_length=128
Epoch 33, Batch 91, Loss: 1.9950
Epoch 33, Batch 92, Loss: 2.0057
Epoch 33, Batch 93, Loss: 1.9543
Epoch 33, Batch 94, Loss: 1.9592
Epoch 33, Batch 95, Loss: 2.0011
Epoch 33, Batch 96, Loss: 1.9451
Epoch 33, Batch 97, Loss: 1.9124
Epoch 33, Batch 98, Loss: 2.1376
Epoch 33, Batch 99, Loss: 1.9154
Epoch 33, Batch 100, Loss: 2.0014
[DTW] raw: pos=158.0  neg=1178.0  |  prob: pos_wins=0.994 (goal→1.0)  |  gap=-7.969  loss=2.0321
[LOSS] alignment_loss_type=d3tw_char_pool  d3tw_loss=2.0321  d3tw_cost_pos=158.0340  d3tw_cost_neg=1178.0062  total_loss=2.0340  char_pool_loss=0.0038  effective_char_pool_weight=0.5000  char_pool_acc_top1=0.9995  char_pool_acc_top5=1.0000  char_pool_valid_chars=2080  char_pool_num_chars=2080  window_size=16  stride=16  window_overlap_mode=no_overlap  num_windows=64  sequence_length=128
Epoch 33, Batch 101, Loss: 2.0340
Epoch 33, Batch 102, Loss: 2.0048
Epoch 33, Batch 103, Loss: 1.9623
Epoch 33, Batch 104, Loss: 2.0323
Epoch 33, Batch 105, Loss: 1.9277
Epoch 33, Batch 106, Loss: 1.9748
Epoch 33, Batch 107, Loss: 2.0230
Epoch 33, Batch 108, Loss: 1.9399
Epoch 33, Batch 109, Loss: 1.9966
Epoch 33, Batch 110, Loss: 1.9539
[DTW] raw: pos=157.4  neg=1185.3  |  prob: pos_wins=0.993 (goal→1.0)  |  gap=-8.030  loss=1.9713
[LOSS] alignment_loss_type=d3tw_char_pool  d3tw_loss=1.9713  d3tw_cost_pos=157.4384  d3tw_cost_neg=1185.2642  total_loss=1.9778  char_pool_loss=0.0130  effective_char_pool_weight=0.5000  char_pool_acc_top1=0.9986  char_pool_acc_top5=0.9995  char_pool_valid_chars=2080  char_pool_num_chars=2080  window_size=16  stride=16  window_overlap_mode=no_overlap  num_windows=64  sequence_length=128
Epoch 33, Batch 111, Loss: 1.9778
Epoch 33, Batch 112, Loss: 1.9790
Epoch 33, Batch 113, Loss: 1.9979
Epoch 33, Batch 114, Loss: 1.9715
Epoch 33, Batch 115, Loss: 2.0178
Epoch 33, Batch 116, Loss: 2.0889
Epoch 33, Batch 117, Loss: 2.0206
Epoch 33, Batch 118, Loss: 1.9093
Epoch 33, Batch 119, Loss: 2.0018
Epoch 33, Batch 120, Loss: 1.9341
[DTW] raw: pos=157.1  neg=1181.9  |  prob: pos_wins=0.994 (goal→1.0)  |  gap=-8.006  loss=1.9976
[LOSS] alignment_loss_type=d3tw_char_pool  d3tw_loss=1.9976  d3tw_cost_pos=157.1145  d3tw_cost_neg=1181.8622  total_loss=2.0010  char_pool_loss=0.0068  effective_char_pool_weight=0.5000  char_pool_acc_top1=0.9995  char_pool_acc_top5=0.9995  char_pool_valid_chars=2080  char_pool_num_chars=2080  window_size=16  stride=16  window_overlap_mode=no_overlap  num_windows=64  sequence_length=128
Epoch 33, Batch 121, Loss: 2.0010
Epoch 33, Batch 122, Loss: 1.9835
Epoch 33, Batch 123, Loss: 2.0205
Epoch 33, Batch 124, Loss: 2.0831
Epoch 33, Batch 125, Loss: 1.9436
Epoch 33, Batch 126, Loss: 2.0133
Epoch 33, Batch 127, Loss: 1.8230
Epoch 33, Batch 128, Loss: 2.0030
Epoch 33, Batch 129, Loss: 1.9393
Epoch 33, Batch 130, Loss: 1.9322
[DTW] raw: pos=153.6  neg=1181.4  |  prob: pos_wins=0.994 (goal→1.0)  |  gap=-8.029  loss=1.9779
[LOSS] alignment_loss_type=d3tw_char_pool  d3tw_loss=1.9779  d3tw_cost_pos=153.6016  d3tw_cost_neg=1181.3564  total_loss=1.9782  char_pool_loss=0.0006  effective_char_pool_weight=0.5000  char_pool_acc_top1=0.9995  char_pool_acc_top5=1.0000  char_pool_valid_chars=2080  char_pool_num_chars=2080  window_size=16  stride=16  window_overlap_mode=no_overlap  num_windows=64  sequence_length=128
Epoch 33, Batch 131, Loss: 1.9782
Epoch 33, Batch 132, Loss: 1.9489
Epoch 33, Batch 133, Loss: 2.0120
Epoch 33, Batch 134, Loss: 2.0106
Epoch 33, Batch 135, Loss: 1.8406
Epoch 33, Batch 136, Loss: 1.9636
Epoch 33, Batch 137, Loss: 2.0333
Epoch 33, Batch 138, Loss: 1.9808
Epoch 33, Batch 139, Loss: 1.9649
Epoch 33, Batch 140, Loss: 1.8684
[DTW] raw: pos=155.8  neg=1184.6  |  prob: pos_wins=0.995 (goal→1.0)  |  gap=-8.038  loss=1.9620
[LOSS] alignment_loss_type=d3tw_char_pool  d3tw_loss=1.9620  d3tw_cost_pos=155.7798  d3tw_cost_neg=1184.6367  total_loss=1.9686  char_pool_loss=0.0134  effective_char_pool_weight=0.5000  char_pool_acc_top1=0.9976  char_pool_acc_top5=1.0000  char_pool_valid_chars=2080  char_pool_num_chars=2080  window_size=16  stride=16  window_overlap_mode=no_overlap  num_windows=64  sequence_length=128
Epoch 33, Batch 141, Loss: 1.9686
Epoch 33, Batch 142, Loss: 1.9916
Epoch 33, Batch 143, Loss: 1.9075
Epoch 33, Batch 144, Loss: 1.9507
Epoch 33, Batch 145, Loss: 1.9917
Epoch 33, Batch 146, Loss: 2.0922
Epoch 33, Batch 147, Loss: 1.8996
Epoch 33, Batch 148, Loss: 1.9627
Epoch 33, Batch 149, Loss: 1.9141
Epoch 33, Batch 150, Loss: 1.9377
[DTW] raw: pos=158.7  neg=1200.9  |  prob: pos_wins=0.995 (goal→1.0)  |  gap=-8.142  loss=1.8625
[LOSS] alignment_loss_type=d3tw_char_pool  d3tw_loss=1.8625  d3tw_cost_pos=158.6634  d3tw_cost_neg=1200.8770  total_loss=1.8668  char_pool_loss=0.0086  effective_char_pool_weight=0.5000  char_pool_acc_top1=0.9990  char_pool_acc_top5=0.9995  char_pool_valid_chars=2080  char_pool_num_chars=2080  window_size=16  stride=16  window_overlap_mode=no_overlap  num_windows=64  sequence_length=128
Epoch 33, Batch 151, Loss: 1.8668
Epoch 33, Batch 152, Loss: 1.9449
Epoch 33, Batch 153, Loss: 1.9708
Epoch 33, Batch 154, Loss: 2.1052
Epoch 33, Batch 155, Loss: 2.1150
Epoch 33, Batch 156, Loss: 2.0594
Epoch 33, Batch 157, Loss: 1.9881
Epoch 33, Batch 158, Loss: 2.0447
Epoch 33, Batch 159, Loss: 1.9187
Epoch 33, Batch 160, Loss: 2.0465
[DTW] raw: pos=159.6  neg=1180.0  |  prob: pos_wins=0.994 (goal→1.0)  |  gap=-7.972  loss=2.0290
[LOSS] alignment_loss_type=d3tw_char_pool  d3tw_loss=2.0290  d3tw_cost_pos=159.5578  d3tw_cost_neg=1180.0073  total_loss=2.0327  char_pool_loss=0.0073  effective_char_pool_weight=0.5000  char_pool_acc_top1=0.9995  char_pool_acc_top5=0.9995  char_pool_valid_chars=2080  char_pool_num_chars=2080  window_size=16  stride=16  window_overlap_mode=no_overlap  num_windows=64  sequence_length=128
Epoch 33, Batch 161, Loss: 2.0327
Epoch 33, Batch 162, Loss: 1.9343
Epoch 33, Batch 163, Loss: 1.8401
Epoch 33, Batch 164, Loss: 2.0084
Epoch 33, Batch 165, Loss: 2.0730
Epoch 33, Batch 166, Loss: 2.0530
Epoch 33, Batch 167, Loss: 1.9855
Epoch 33, Batch 168, Loss: 2.0944
Epoch 33, Batch 169, Loss: 2.0069
Epoch 33, Batch 170, Loss: 1.9700
[DTW] raw: pos=159.7  neg=1191.8  |  prob: pos_wins=0.995 (goal→1.0)  |  gap=-8.063  loss=1.9388
[LOSS] alignment_loss_type=d3tw_char_pool  d3tw_loss=1.9388  d3tw_cost_pos=159.7250  d3tw_cost_neg=1191.7535  total_loss=1.9488  char_pool_loss=0.0200  effective_char_pool_weight=0.5000  char_pool_acc_top1=0.9986  char_pool_acc_top5=0.9986  char_pool_valid_chars=2080  char_pool_num_chars=2080  window_size=16  stride=16  window_overlap_mode=no_overlap  num_windows=64  sequence_length=128
Epoch 33, Batch 171, Loss: 1.9488
Epoch 33, Batch 172, Loss: 1.9746
Epoch 33, Batch 173, Loss: 2.0630
Epoch 33, Batch 174, Loss: 2.0815
Epoch 33, Batch 175, Loss: 2.0219
Epoch 33, Batch 176, Loss: 2.0084
Epoch 33, Batch 177, Loss: 2.1142
Epoch 33, Batch 178, Loss: 2.0255
Epoch 33, Batch 179, Loss: 2.1131
Epoch 33, Batch 180, Loss: 1.9762
[DTW] raw: pos=156.0  neg=1186.7  |  prob: pos_wins=0.995 (goal→1.0)  |  gap=-8.053  loss=1.9474
[LOSS] alignment_loss_type=d3tw_char_pool  d3tw_loss=1.9474  d3tw_cost_pos=155.9561  d3tw_cost_neg=1186.6775  total_loss=1.9531  char_pool_loss=0.0113  effective_char_pool_weight=0.5000  char_pool_acc_top1=0.9986  char_pool_acc_top5=0.9995  char_pool_valid_chars=2080  char_pool_num_chars=2080  window_size=16  stride=16  window_overlap_mode=no_overlap  num_windows=64  sequence_length=128
Epoch 33, Batch 181, Loss: 1.9531
Epoch 33, Batch 182, Loss: 2.1192
Epoch 33, Batch 183, Loss: 1.9177
Epoch 33, Batch 184, Loss: 1.8545
Epoch 33, Batch 185, Loss: 2.0458
Epoch 33, Batch 186, Loss: 1.8549
Epoch 33, Batch 187, Loss: 2.0353
Epoch 33, Batch 188, Loss: 1.9963
Epoch 33 - Train Loss: 1.9791
[DTW] raw: pos=160.4  neg=1187.7  |  prob: pos_wins=0.995 (goal→1.0)  |  gap=-8.026  loss=1.9742
[LOSS] alignment_loss_type=d3tw_char_pool  d3tw_loss=1.9742  d3tw_cost_pos=160.3509  d3tw_cost_neg=1187.6660  total_loss=1.9955  char_pool_loss=0.0425  effective_char_pool_weight=0.5000  char_pool_acc_top1=0.9962  char_pool_acc_top5=0.9971  char_pool_valid_chars=2080  char_pool_num_chars=2080  window_size=16  stride=16  window_overlap_mode=no_overlap  num_windows=64  sequence_length=128
[DTW] raw: pos=160.8  neg=1191.8  |  prob: pos_wins=0.994 (goal→1.0)  |  gap=-8.055  loss=1.9474
[LOSS] alignment_loss_type=d3tw_char_pool  d3tw_loss=1.9474  d3tw_cost_pos=160.7676  d3tw_cost_neg=1191.8252  total_loss=1.9626  char_pool_loss=0.0304  effective_char_pool_weight=0.5000  char_pool_acc_top1=0.9976  char_pool_acc_top5=0.9981  char_pool_valid_chars=2080  char_pool_num_chars=2080  window_size=16  stride=16  window_overlap_mode=no_overlap  num_windows=64  sequence_length=128
[DTW] raw: pos=158.9  neg=1198.1  |  prob: pos_wins=0.996 (goal→1.0)  |  gap=-8.119  loss=1.8812
[LOSS] alignment_loss_type=d3tw_char_pool  d3tw_loss=1.8812  d3tw_cost_pos=158.8587  d3tw_cost_neg=1198.1444  total_loss=1.8817  char_pool_loss=0.0010  effective_char_pool_weight=0.5000  char_pool_acc_top1=0.9995  char_pool_acc_top5=1.0000  char_pool_valid_chars=2080  char_pool_num_chars=2080  window_size=16  stride=16  window_overlap_mode=no_overlap  num_windows=64  sequence_length=128
[DTW] raw: pos=155.8  neg=1181.1  |  prob: pos_wins=0.995 (goal→1.0)  |  gap=-8.010  loss=1.9899
[LOSS] alignment_loss_type=d3tw_char_pool  d3tw_loss=1.9899  d3tw_cost_pos=155.7800  d3tw_cost_neg=1181.1074  total_loss=1.9953  char_pool_loss=0.0109  effective_char_pool_weight=0.5000  char_pool_acc_top1=0.9990  char_pool_acc_top5=1.0000  char_pool_valid_chars=2080  char_pool_num_chars=2080  window_size=16  stride=16  window_overlap_mode=no_overlap  num_windows=64  sequence_length=128
[DTW] raw: pos=156.7  neg=1194.2  |  prob: pos_wins=0.995 (goal→1.0)  |  gap=-8.105  loss=1.8961
[LOSS] alignment_loss_type=d3tw_char_pool  d3tw_loss=1.8961  d3tw_cost_pos=156.7463  d3tw_cost_neg=1194.2444  total_loss=1.9072  char_pool_loss=0.0220  effective_char_pool_weight=0.5000  char_pool_acc_top1=0.9971  char_pool_acc_top5=0.9986  char_pool_valid_chars=2080  char_pool_num_chars=2080  window_size=16  stride=16  window_overlap_mode=no_overlap  num_windows=64  sequence_length=128
[DTW] raw: pos=155.7  neg=1189.9  |  prob: pos_wins=0.996 (goal→1.0)  |  gap=-8.080  loss=1.9204
[LOSS] alignment_loss_type=d3tw_char_pool  d3tw_loss=1.9204  d3tw_cost_pos=155.7388  d3tw_cost_neg=1189.9175  total_loss=1.9241  char_pool_loss=0.0075  effective_char_pool_weight=0.5000  char_pool_acc_top1=0.9995  char_pool_acc_top5=0.9995  char_pool_valid_chars=2080  char_pool_num_chars=2080  window_size=16  stride=16  window_overlap_mode=no_overlap  num_windows=64  sequence_length=128
[DTW] raw: pos=153.3  neg=1179.7  |  prob: pos_wins=0.995 (goal→1.0)  |  gap=-8.019  loss=1.9832
[LOSS] alignment_loss_type=d3tw_char_pool  d3tw_loss=1.9832  d3tw_cost_pos=153.2700  d3tw_cost_neg=1179.7024  total_loss=1.9875  char_pool_loss=0.0085  effective_char_pool_weight=0.5000  char_pool_acc_top1=0.9976  char_pool_acc_top5=1.0000  char_pool_valid_chars=2080  char_pool_num_chars=2080  window_size=16  stride=16  window_overlap_mode=no_overlap  num_windows=64  sequence_length=128
Epoch 33 - Validation Loss: 1.9611
Epoch 33 completed in 13m 57.64s
Epoch 33 - Peak GPU memory: 2267.0 MB
============================================================
Epoch 34 - Soft-DTW gamma: 0.100000
[DTW] raw: pos=152.8  neg=1194.5  |  prob: pos_wins=0.996 (goal→1.0)  |  gap=-8.138  loss=1.8617
[LOSS] alignment_loss_type=d3tw_char_pool  d3tw_loss=1.8617  d3tw_cost_pos=152.7641  d3tw_cost_neg=1194.4578  total_loss=1.8621  char_pool_loss=0.0008  effective_char_pool_weight=0.5000  char_pool_acc_top1=1.0000  char_pool_acc_top5=1.0000  char_pool_valid_chars=2080  char_pool_num_chars=2080  window_size=16  stride=16  window_overlap_mode=no_overlap  num_windows=64  sequence_length=128
Epoch 34, Batch 1, Loss: 1.8621
Epoch 34, Batch 2, Loss: 1.9598
Epoch 34, Batch 3, Loss: 1.9051
Epoch 34, Batch 4, Loss: 1.9540
Epoch 34, Batch 5, Loss: 1.9708
Epoch 34, Batch 6, Loss: 1.8981
Epoch 34, Batch 7, Loss: 1.9502
Epoch 34, Batch 8, Loss: 2.0744
Epoch 34, Batch 9, Loss: 2.0570
Epoch 34, Batch 10, Loss: 2.0050
[DTW] raw: pos=160.5  neg=1189.3  |  prob: pos_wins=0.995 (goal→1.0)  |  gap=-8.037  loss=1.9628
[LOSS] alignment_loss_type=d3tw_char_pool  d3tw_loss=1.9628  d3tw_cost_pos=160.4634  d3tw_cost_neg=1189.2600  total_loss=1.9667  char_pool_loss=0.0078  effective_char_pool_weight=0.5000  char_pool_acc_top1=0.9995  char_pool_acc_top5=0.9995  char_pool_valid_chars=2080  char_pool_num_chars=2080  window_size=16  stride=16  window_overlap_mode=no_overlap  num_windows=64  sequence_length=128
Epoch 34, Batch 11, Loss: 1.9667
Epoch 34, Batch 12, Loss: 2.0970
Epoch 34, Batch 13, Loss: 1.9645
Epoch 34, Batch 14, Loss: 1.9605
Epoch 34, Batch 15, Loss: 1.9457
Epoch 34, Batch 16, Loss: 1.9675
Epoch 34, Batch 17, Loss: 1.9394
Epoch 34, Batch 18, Loss: 1.8021
Epoch 34, Batch 19, Loss: 1.9800
Epoch 34, Batch 20, Loss: 1.9991
[DTW] raw: pos=158.8  neg=1198.4  |  prob: pos_wins=0.995 (goal→1.0)  |  gap=-8.122  loss=1.8785
[LOSS] alignment_loss_type=d3tw_char_pool  d3tw_loss=1.8785  d3tw_cost_pos=158.8099  d3tw_cost_neg=1198.3831  total_loss=1.8844  char_pool_loss=0.0118  effective_char_pool_weight=0.5000  char_pool_acc_top1=0.9981  char_pool_acc_top5=0.9995  char_pool_valid_chars=2080  char_pool_num_chars=2080  window_size=16  stride=16  window_overlap_mode=no_overlap  num_windows=64  sequence_length=128
Epoch 34, Batch 21, Loss: 1.8844
Epoch 34, Batch 22, Loss: 1.9110
Epoch 34, Batch 23, Loss: 1.9614
Epoch 34, Batch 24, Loss: 1.9479
Epoch 34, Batch 25, Loss: 1.9212
Epoch 34, Batch 26, Loss: 1.9973
Epoch 34, Batch 27, Loss: 1.9204
Epoch 34, Batch 28, Loss: 1.9694
Epoch 34, Batch 29, Loss: 2.0025
Epoch 34, Batch 30, Loss: 2.0247
[DTW] raw: pos=158.2  neg=1178.2  |  prob: pos_wins=0.994 (goal→1.0)  |  gap=-7.969  loss=2.0316
[LOSS] alignment_loss_type=d3tw_char_pool  d3tw_loss=2.0316  d3tw_cost_pos=158.1654  d3tw_cost_neg=1178.2070  total_loss=2.0326  char_pool_loss=0.0019  effective_char_pool_weight=0.5000  char_pool_acc_top1=0.9995  char_pool_acc_top5=1.0000  char_pool_valid_chars=2080  char_pool_num_chars=2080  window_size=16  stride=16  window_overlap_mode=no_overlap  num_windows=64  sequence_length=128
Epoch 34, Batch 31, Loss: 2.0326
Epoch 34, Batch 32, Loss: 1.9146
Epoch 34, Batch 33, Loss: 2.0343
Epoch 34, Batch 34, Loss: 2.0067
Epoch 34, Batch 35, Loss: 1.8686
Epoch 34, Batch 36, Loss: 1.9781
Epoch 34, Batch 37, Loss: 1.9795
Epoch 34, Batch 38, Loss: 2.0934
Epoch 34, Batch 39, Loss: 1.8859
Epoch 34, Batch 40, Loss: 1.9330
[DTW] raw: pos=160.6  neg=1181.8  |  prob: pos_wins=0.994 (goal→1.0)  |  gap=-7.978  loss=2.0232
[LOSS] alignment_loss_type=d3tw_char_pool  d3tw_loss=2.0232  d3tw_cost_pos=160.5667  d3tw_cost_neg=1181.7716  total_loss=2.0313  char_pool_loss=0.0161  effective_char_pool_weight=0.5000  char_pool_acc_top1=0.9986  char_pool_acc_top5=0.9990  char_pool_valid_chars=2080  char_pool_num_chars=2080  window_size=16  stride=16  window_overlap_mode=no_overlap  num_windows=64  sequence_length=128
Epoch 34, Batch 41, Loss: 2.0313
Epoch 34, Batch 42, Loss: 1.9336
Epoch 34, Batch 43, Loss: 1.9952
Epoch 34, Batch 44, Loss: 1.9952
Epoch 34, Batch 45, Loss: 1.9720
Epoch 34, Batch 46, Loss: 1.8902
Epoch 34, Batch 47, Loss: 1.9538
Epoch 34, Batch 48, Loss: 1.9782
Epoch 34, Batch 49, Loss: 1.9496
Epoch 34, Batch 50, Loss: 2.1020
[DTW] raw: pos=158.8  neg=1189.8  |  prob: pos_wins=0.995 (goal→1.0)  |  gap=-8.055  loss=1.9464
[LOSS] alignment_loss_type=d3tw_char_pool  d3tw_loss=1.9464  d3tw_cost_pos=158.8439  d3tw_cost_neg=1189.8254  total_loss=1.9555  char_pool_loss=0.0182  effective_char_pool_weight=0.5000  char_pool_acc_top1=0.9986  char_pool_acc_top5=0.9990  char_pool_valid_chars=2080  char_pool_num_chars=2080  window_size=16  stride=16  window_overlap_mode=no_overlap  num_windows=64  sequence_length=128
Epoch 34, Batch 51, Loss: 1.9555
Epoch 34, Batch 52, Loss: 1.9483
Epoch 34, Batch 53, Loss: 1.9395
Epoch 34, Batch 54, Loss: 1.9725
Epoch 34, Batch 55, Loss: 2.0198
Epoch 34, Batch 56, Loss: 1.9178
Epoch 34, Batch 57, Loss: 1.9999
Epoch 34, Batch 58, Loss: 2.0097
Epoch 34, Batch 59, Loss: 2.0080
Epoch 34, Batch 60, Loss: 1.9641
[DTW] raw: pos=158.2  neg=1177.3  |  prob: pos_wins=0.994 (goal→1.0)  |  gap=-7.962  loss=2.0386
[LOSS] alignment_loss_type=d3tw_char_pool  d3tw_loss=2.0386  d3tw_cost_pos=158.2211  d3tw_cost_neg=1177.3323  total_loss=2.0426  char_pool_loss=0.0082  effective_char_pool_weight=0.5000  char_pool_acc_top1=0.9990  char_pool_acc_top5=0.9995  char_pool_valid_chars=2080  char_pool_num_chars=2080  window_size=16  stride=16  window_overlap_mode=no_overlap  num_windows=64  sequence_length=128
Epoch 34, Batch 61, Loss: 2.0426
Epoch 34, Batch 62, Loss: 2.0161
Epoch 34, Batch 63, Loss: 1.9926
Epoch 34, Batch 64, Loss: 1.9711
Epoch 34, Batch 65, Loss: 2.1327
Epoch 34, Batch 66, Loss: 1.9703
Epoch 34, Batch 67, Loss: 1.9308
Epoch 34, Batch 68, Loss: 1.9484
Epoch 34, Batch 69, Loss: 1.8958
Epoch 34, Batch 70, Loss: 1.9765
[DTW] raw: pos=149.2  neg=1193.1  |  prob: pos_wins=0.995 (goal→1.0)  |  gap=-8.155  loss=1.8455
[LOSS] alignment_loss_type=d3tw_char_pool  d3tw_loss=1.8455  d3tw_cost_pos=149.2484  d3tw_cost_neg=1193.1045  total_loss=1.8545  char_pool_loss=0.0180  effective_char_pool_weight=0.5000  char_pool_acc_top1=0.9976  char_pool_acc_top5=0.9995  char_pool_valid_chars=2080  char_pool_num_chars=2080  window_size=16  stride=16  window_overlap_mode=no_overlap  num_windows=64  sequence_length=128
Epoch 34, Batch 71, Loss: 1.8545
Epoch 34, Batch 72, Loss: 2.0575
Epoch 34, Batch 73, Loss: 1.8988
Epoch 34, Batch 74, Loss: 1.9520
Epoch 34, Batch 75, Loss: 1.8697
Epoch 34, Batch 76, Loss: 1.9153
Epoch 34, Batch 77, Loss: 1.8958
Epoch 34, Batch 78, Loss: 2.0011
Epoch 34, Batch 79, Loss: 1.9800
Epoch 34, Batch 80, Loss: 1.9548
[DTW] raw: pos=156.3  neg=1184.6  |  prob: pos_wins=0.994 (goal→1.0)  |  gap=-8.034  loss=1.9688
[LOSS] alignment_loss_type=d3tw_char_pool  d3tw_loss=1.9688  d3tw_cost_pos=156.2753  d3tw_cost_neg=1184.5742  total_loss=1.9723  char_pool_loss=0.0069  effective_char_pool_weight=0.5000  char_pool_acc_top1=0.9990  char_pool_acc_top5=0.9995  char_pool_valid_chars=2080  char_pool_num_chars=2080  window_size=16  stride=16  window_overlap_mode=no_overlap  num_windows=64  sequence_length=128
Epoch 34, Batch 81, Loss: 1.9723
Epoch 34, Batch 82, Loss: 1.9404
Epoch 34, Batch 83, Loss: 1.9671
Epoch 34, Batch 84, Loss: 2.0175
Epoch 34, Batch 85, Loss: 1.9738
Epoch 34, Batch 86, Loss: 2.0227
Epoch 34, Batch 87, Loss: 1.9562
Epoch 34, Batch 88, Loss: 1.8852
Epoch 34, Batch 89, Loss: 2.0555
Epoch 34, Batch 90, Loss: 1.9221
[DTW] raw: pos=159.6  neg=1186.9  |  prob: pos_wins=0.994 (goal→1.0)  |  gap=-8.025  loss=1.9755
[LOSS] alignment_loss_type=d3tw_char_pool  d3tw_loss=1.9755  d3tw_cost_pos=159.6391  d3tw_cost_neg=1186.8992  total_loss=1.9827  char_pool_loss=0.0143  effective_char_pool_weight=0.5000  char_pool_acc_top1=0.9971  char_pool_acc_top5=1.0000  char_pool_valid_chars=2080  char_pool_num_chars=2080  window_size=16  stride=16  window_overlap_mode=no_overlap  num_windows=64  sequence_length=128
Epoch 34, Batch 91, Loss: 1.9827
Epoch 34, Batch 92, Loss: 1.8555
Epoch 34, Batch 93, Loss: 1.9321
Epoch 34, Batch 94, Loss: 1.9800
Epoch 34, Batch 95, Loss: 1.9370
Epoch 34, Batch 96, Loss: 2.0206
Epoch 34, Batch 97, Loss: 1.9426
Epoch 34, Batch 98, Loss: 1.8915
Epoch 34, Batch 99, Loss: 1.9498
Epoch 34, Batch 100, Loss: 1.8983
[DTW] raw: pos=156.3  neg=1180.9  |  prob: pos_wins=0.995 (goal→1.0)  |  gap=-8.005  loss=1.9954
[LOSS] alignment_loss_type=d3tw_char_pool  d3tw_loss=1.9954  d3tw_cost_pos=156.2989  d3tw_cost_neg=1180.9077  total_loss=2.0005  char_pool_loss=0.0102  effective_char_pool_weight=0.5000  char_pool_acc_top1=0.9981  char_pool_acc_top5=0.9995  char_pool_valid_chars=2080  char_pool_num_chars=2080  window_size=16  stride=16  window_overlap_mode=no_overlap  num_windows=64  sequence_length=128
Epoch 34, Batch 101, Loss: 2.0005
Epoch 34, Batch 102, Loss: 2.0011
Epoch 34, Batch 103, Loss: 1.9236
Epoch 34, Batch 104, Loss: 1.9975
Epoch 34, Batch 105, Loss: 1.9102
Epoch 34, Batch 106, Loss: 1.9258
Epoch 34, Batch 107, Loss: 1.8157
Epoch 34, Batch 108, Loss: 2.0422
Epoch 34, Batch 109, Loss: 2.0016
Epoch 34, Batch 110, Loss: 2.0203
[DTW] raw: pos=158.1  neg=1190.7  |  prob: pos_wins=0.995 (goal→1.0)  |  gap=-8.067  loss=1.9377
[LOSS] alignment_loss_type=d3tw_char_pool  d3tw_loss=1.9377  d3tw_cost_pos=158.1270  d3tw_cost_neg=1190.6841  total_loss=1.9440  char_pool_loss=0.0127  effective_char_pool_weight=0.5000  char_pool_acc_top1=0.9986  char_pool_acc_top5=0.9995  char_pool_valid_chars=2080  char_pool_num_chars=2080  window_size=16  stride=16  window_overlap_mode=no_overlap  num_windows=64  sequence_length=128
Epoch 34, Batch 111, Loss: 1.9440
Epoch 34, Batch 112, Loss: 1.9543
Epoch 34, Batch 113, Loss: 1.9869
Epoch 34, Batch 114, Loss: 2.0483
Epoch 34, Batch 115, Loss: 1.9364
Epoch 34, Batch 116, Loss: 2.0482
Epoch 34, Batch 117, Loss: 2.0008
Epoch 34, Batch 118, Loss: 2.0539
Epoch 34, Batch 119, Loss: 2.0181
Epoch 34, Batch 120, Loss: 2.0824
[DTW] raw: pos=156.5  neg=1173.6  |  prob: pos_wins=0.994 (goal→1.0)  |  gap=-7.946  loss=2.0560
[LOSS] alignment_loss_type=d3tw_char_pool  d3tw_loss=2.0560  d3tw_cost_pos=156.5099  d3tw_cost_neg=1173.5950  total_loss=2.0631  char_pool_loss=0.0143  effective_char_pool_weight=0.5000  char_pool_acc_top1=0.9986  char_pool_acc_top5=0.9990  char_pool_valid_chars=2080  char_pool_num_chars=2080  window_size=16  stride=16  window_overlap_mode=no_overlap  num_windows=64  sequence_length=128
Epoch 34, Batch 121, Loss: 2.0631
Epoch 34, Batch 122, Loss: 2.0504
Epoch 34, Batch 123, Loss: 1.9452
Epoch 34, Batch 124, Loss: 1.9616
Epoch 34, Batch 125, Loss: 2.0012
Epoch 34, Batch 126, Loss: 2.0481
Epoch 34, Batch 127, Loss: 1.7886
Epoch 34, Batch 128, Loss: 1.8788
Epoch 34, Batch 129, Loss: 1.9870
Epoch 34, Batch 130, Loss: 2.0572
[DTW] raw: pos=158.4  neg=1165.6  |  prob: pos_wins=0.994 (goal→1.0)  |  gap=-7.868  loss=2.1331
[LOSS] alignment_loss_type=d3tw_char_pool  d3tw_loss=2.1331  d3tw_cost_pos=158.3853  d3tw_cost_neg=1165.5520  total_loss=2.1382  char_pool_loss=0.0103  effective_char_pool_weight=0.5000  char_pool_acc_top1=0.9986  char_pool_acc_top5=0.9995  char_pool_valid_chars=2080  char_pool_num_chars=2080  window_size=16  stride=16  window_overlap_mode=no_overlap  num_windows=64  sequence_length=128
Epoch 34, Batch 131, Loss: 2.1382
Epoch 34, Batch 132, Loss: 2.0286
Epoch 34, Batch 133, Loss: 1.9843
Epoch 34, Batch 134, Loss: 1.9913
Epoch 34, Batch 135, Loss: 2.0940
Epoch 34, Batch 136, Loss: 1.9026
Epoch 34, Batch 137, Loss: 1.8848
Epoch 34, Batch 138, Loss: 2.0113
Epoch 34, Batch 139, Loss: 2.0260
Epoch 34, Batch 140, Loss: 1.8812
[DTW] raw: pos=154.2  neg=1187.4  |  prob: pos_wins=0.995 (goal→1.0)  |  gap=-8.072  loss=1.9297
[LOSS] alignment_loss_type=d3tw_char_pool  d3tw_loss=1.9297  d3tw_cost_pos=154.2038  d3tw_cost_neg=1187.4034  total_loss=1.9342  char_pool_loss=0.0091  effective_char_pool_weight=0.5000  char_pool_acc_top1=0.9981  char_pool_acc_top5=1.0000  char_pool_valid_chars=2080  char_pool_num_chars=2080  window_size=16  stride=16  window_overlap_mode=no_overlap  num_windows=64  sequence_length=128
Epoch 34, Batch 141, Loss: 1.9342
Epoch 34, Batch 142, Loss: 2.0145
Epoch 34, Batch 143, Loss: 1.9642
Epoch 34, Batch 144, Loss: 1.9733
Epoch 34, Batch 145, Loss: 1.8606
Epoch 34, Batch 146, Loss: 2.0025
Epoch 34, Batch 147, Loss: 1.8889
Epoch 34, Batch 148, Loss: 2.0639
Epoch 34, Batch 149, Loss: 1.9843
Epoch 34, Batch 150, Loss: 1.9047
[DTW] raw: pos=152.2  neg=1193.3  |  prob: pos_wins=0.995 (goal→1.0)  |  gap=-8.134  loss=1.8696
[LOSS] alignment_loss_type=d3tw_char_pool  d3tw_loss=1.8696  d3tw_cost_pos=152.1618  d3tw_cost_neg=1193.3318  total_loss=1.8820  char_pool_loss=0.0248  effective_char_pool_weight=0.5000  char_pool_acc_top1=0.9976  char_pool_acc_top5=0.9986  char_pool_valid_chars=2080  char_pool_num_chars=2080  window_size=16  stride=16  window_overlap_mode=no_overlap  num_windows=64  sequence_length=128
Epoch 34, Batch 151, Loss: 1.8820
Epoch 34, Batch 152, Loss: 1.8337
Epoch 34, Batch 153, Loss: 1.9821
Epoch 34, Batch 154, Loss: 1.8907
Epoch 34, Batch 155, Loss: 1.9371
Epoch 34, Batch 156, Loss: 1.9884
Epoch 34, Batch 157, Loss: 1.9901
Epoch 34, Batch 158, Loss: 2.0260
Epoch 34, Batch 159, Loss: 1.9470
Epoch 34, Batch 160, Loss: 2.0270
[DTW] raw: pos=157.3  neg=1185.7  |  prob: pos_wins=0.995 (goal→1.0)  |  gap=-8.034  loss=1.9691
[LOSS] alignment_loss_type=d3tw_char_pool  d3tw_loss=1.9691  d3tw_cost_pos=157.3016  d3tw_cost_neg=1185.6599  total_loss=1.9761  char_pool_loss=0.0140  effective_char_pool_weight=0.5000  char_pool_acc_top1=0.9981  char_pool_acc_top5=0.9990  char_pool_valid_chars=2080  char_pool_num_chars=2080  window_size=16  stride=16  window_overlap_mode=no_overlap  num_windows=64  sequence_length=128
Epoch 34, Batch 161, Loss: 1.9761
Epoch 34, Batch 162, Loss: 1.9475
Epoch 34, Batch 163, Loss: 2.1523
Epoch 34, Batch 164, Loss: 1.9614
Epoch 34, Batch 165, Loss: 1.9684
Epoch 34, Batch 166, Loss: 1.9596
Epoch 34, Batch 167, Loss: 2.0702
Epoch 34, Batch 168, Loss: 1.9901
Epoch 34, Batch 169, Loss: 2.0956
Epoch 34, Batch 170, Loss: 1.9128
[DTW] raw: pos=155.7  neg=1181.8  |  prob: pos_wins=0.995 (goal→1.0)  |  gap=-8.016  loss=1.9848
[LOSS] alignment_loss_type=d3tw_char_pool  d3tw_loss=1.9848  d3tw_cost_pos=155.7079  d3tw_cost_neg=1181.7866  total_loss=1.9886  char_pool_loss=0.0075  effective_char_pool_weight=0.5000  char_pool_acc_top1=0.9990  char_pool_acc_top5=0.9995  char_pool_valid_chars=2080  char_pool_num_chars=2080  window_size=16  stride=16  window_overlap_mode=no_overlap  num_windows=64  sequence_length=128
Epoch 34, Batch 171, Loss: 1.9886
Epoch 34, Batch 172, Loss: 1.9236
Epoch 34, Batch 173, Loss: 2.0201
Epoch 34, Batch 174, Loss: 1.8865
Epoch 34, Batch 175, Loss: 1.9750
Epoch 34, Batch 176, Loss: 2.0055
Epoch 34, Batch 177, Loss: 2.0632
Epoch 34, Batch 178, Loss: 1.9996
Epoch 34, Batch 179, Loss: 2.0242
Epoch 34, Batch 180, Loss: 2.0047
[DTW] raw: pos=151.8  neg=1186.4  |  prob: pos_wins=0.995 (goal→1.0)  |  gap=-8.082  loss=1.9178
[LOSS] alignment_loss_type=d3tw_char_pool  d3tw_loss=1.9178  d3tw_cost_pos=151.8494  d3tw_cost_neg=1186.3794  total_loss=1.9189  char_pool_loss=0.0021  effective_char_pool_weight=0.5000  char_pool_acc_top1=0.9995  char_pool_acc_top5=1.0000  char_pool_valid_chars=2080  char_pool_num_chars=2080  window_size=16  stride=16  window_overlap_mode=no_overlap  num_windows=64  sequence_length=128
Epoch 34, Batch 181, Loss: 1.9189
Epoch 34, Batch 182, Loss: 1.8959
Epoch 34, Batch 183, Loss: 2.0323
Epoch 34, Batch 184, Loss: 2.0286
Epoch 34, Batch 185, Loss: 1.9522
Epoch 34, Batch 186, Loss: 1.9188
Epoch 34, Batch 187, Loss: 1.8714
Epoch 34, Batch 188, Loss: 1.9841
Epoch 34 - Train Loss: 1.9706
[DTW] raw: pos=159.9  neg=1187.3  |  prob: pos_wins=0.995 (goal→1.0)  |  gap=-8.027  loss=1.9754
[LOSS] alignment_loss_type=d3tw_char_pool  d3tw_loss=1.9754  d3tw_cost_pos=159.8634  d3tw_cost_neg=1187.2896  total_loss=1.9899  char_pool_loss=0.0291  effective_char_pool_weight=0.5000  char_pool_acc_top1=0.9976  char_pool_acc_top5=0.9986  char_pool_valid_chars=2080  char_pool_num_chars=2080  window_size=16  stride=16  window_overlap_mode=no_overlap  num_windows=64  sequence_length=128
[DTW] raw: pos=159.8  neg=1193.9  |  prob: pos_wins=0.995 (goal→1.0)  |  gap=-8.079  loss=1.9212
[LOSS] alignment_loss_type=d3tw_char_pool  d3tw_loss=1.9212  d3tw_cost_pos=159.7603  d3tw_cost_neg=1193.8835  total_loss=1.9298  char_pool_loss=0.0171  effective_char_pool_weight=0.5000  char_pool_acc_top1=0.9986  char_pool_acc_top5=0.9990  char_pool_valid_chars=2080  char_pool_num_chars=2080  window_size=16  stride=16  window_overlap_mode=no_overlap  num_windows=64  sequence_length=128
[DTW] raw: pos=159.3  neg=1194.7  |  prob: pos_wins=0.994 (goal→1.0)  |  gap=-8.089  loss=1.9122
[LOSS] alignment_loss_type=d3tw_char_pool  d3tw_loss=1.9122  d3tw_cost_pos=159.3394  d3tw_cost_neg=1194.7164  total_loss=1.9169  char_pool_loss=0.0093  effective_char_pool_weight=0.5000  char_pool_acc_top1=0.9986  char_pool_acc_top5=0.9995  char_pool_valid_chars=2080  char_pool_num_chars=2080  window_size=16  stride=16  window_overlap_mode=no_overlap  num_windows=64  sequence_length=128
[DTW] raw: pos=156.9  neg=1186.4  |  prob: pos_wins=0.995 (goal→1.0)  |  gap=-8.043  loss=1.9609
[LOSS] alignment_loss_type=d3tw_char_pool  d3tw_loss=1.9609  d3tw_cost_pos=156.9333  d3tw_cost_neg=1186.4142  total_loss=1.9703  char_pool_loss=0.0187  effective_char_pool_weight=0.5000  char_pool_acc_top1=0.9986  char_pool_acc_top5=0.9990  char_pool_valid_chars=2080  char_pool_num_chars=2080  window_size=16  stride=16  window_overlap_mode=no_overlap  num_windows=64  sequence_length=128
[DTW] raw: pos=155.7  neg=1191.5  |  prob: pos_wins=0.995 (goal→1.0)  |  gap=-8.092  loss=1.9082
[LOSS] alignment_loss_type=d3tw_char_pool  d3tw_loss=1.9082  d3tw_cost_pos=155.7281  d3tw_cost_neg=1191.4656  total_loss=1.9117  char_pool_loss=0.0069  effective_char_pool_weight=0.5000  char_pool_acc_top1=0.9990  char_pool_acc_top5=1.0000  char_pool_valid_chars=2080  char_pool_num_chars=2080  window_size=16  stride=16  window_overlap_mode=no_overlap  num_windows=64  sequence_length=128
[DTW] raw: pos=154.9  neg=1184.6  |  prob: pos_wins=0.994 (goal→1.0)  |  gap=-8.045  loss=1.9566
[LOSS] alignment_loss_type=d3tw_char_pool  d3tw_loss=1.9566  d3tw_cost_pos=154.8532  d3tw_cost_neg=1184.6211  total_loss=1.9606  char_pool_loss=0.0080  effective_char_pool_weight=0.5000  char_pool_acc_top1=0.9995  char_pool_acc_top5=0.9995  char_pool_valid_chars=2080  char_pool_num_chars=2080  window_size=16  stride=16  window_overlap_mode=no_overlap  num_windows=64  sequence_length=128
[DTW] raw: pos=154.3  neg=1184.1  |  prob: pos_wins=0.994 (goal→1.0)  |  gap=-8.045  loss=1.9584
[LOSS] alignment_loss_type=d3tw_char_pool  d3tw_loss=1.9584  d3tw_cost_pos=154.3335  d3tw_cost_neg=1184.1118  total_loss=1.9596  char_pool_loss=0.0024  effective_char_pool_weight=0.5000  char_pool_acc_top1=0.9995  char_pool_acc_top5=1.0000  char_pool_valid_chars=2080  char_pool_num_chars=2080  window_size=16  stride=16  window_overlap_mode=no_overlap  num_windows=64  sequence_length=128
Epoch 34 - Validation Loss: 1.9546
Epoch 34 completed in 13m 55.20s
Epoch 34 - Peak GPU memory: 2267.0 MB
============================================================
Epoch 35 - Soft-DTW gamma: 0.100000
[DTW] raw: pos=153.7  neg=1191.8  |  prob: pos_wins=0.995 (goal→1.0)  |  gap=-8.110  loss=1.8949
[LOSS] alignment_loss_type=d3tw_char_pool  d3tw_loss=1.8949  d3tw_cost_pos=153.7488  d3tw_cost_neg=1191.7725  total_loss=1.8980  char_pool_loss=0.0061  effective_char_pool_weight=0.5000  char_pool_acc_top1=0.9995  char_pool_acc_top5=0.9995  char_pool_valid_chars=2080  char_pool_num_chars=2080  window_size=16  stride=16  window_overlap_mode=no_overlap  num_windows=64  sequence_length=128
Epoch 35, Batch 1, Loss: 1.8980
Epoch 35, Batch 2, Loss: 2.0026
Epoch 35, Batch 3, Loss: 1.8221
Epoch 35, Batch 4, Loss: 1.9934
Epoch 35, Batch 5, Loss: 2.0316
Epoch 35, Batch 6, Loss: 1.9276
Epoch 35, Batch 7, Loss: 1.9390
Epoch 35, Batch 8, Loss: 1.9742
Epoch 35, Batch 9, Loss: 1.8403
Epoch 35, Batch 10, Loss: 1.8921
[DTW] raw: pos=157.1  neg=1190.5  |  prob: pos_wins=0.995 (goal→1.0)  |  gap=-8.073  loss=1.9276
[LOSS] alignment_loss_type=d3tw_char_pool  d3tw_loss=1.9276  d3tw_cost_pos=157.1225  d3tw_cost_neg=1190.4749  total_loss=1.9339  char_pool_loss=0.0126  effective_char_pool_weight=0.5000  char_pool_acc_top1=0.9986  char_pool_acc_top5=0.9995  char_pool_valid_chars=2080  char_pool_num_chars=2080  window_size=16  stride=16  window_overlap_mode=no_overlap  num_windows=64  sequence_length=128
Epoch 35, Batch 11, Loss: 1.9339
Epoch 35, Batch 12, Loss: 1.9416
Epoch 35, Batch 13, Loss: 2.1013
Epoch 35, Batch 14, Loss: 1.9568
Epoch 35, Batch 15, Loss: 1.8344
Epoch 35, Batch 16, Loss: 1.8748
Epoch 35, Batch 17, Loss: 1.9964
Epoch 35, Batch 18, Loss: 1.9449
Epoch 35, Batch 19, Loss: 1.9639
Epoch 35, Batch 20, Loss: 1.9811
[DTW] raw: pos=156.1  neg=1186.4  |  prob: pos_wins=0.994 (goal→1.0)  |  gap=-8.049  loss=1.9529
[LOSS] alignment_loss_type=d3tw_char_pool  d3tw_loss=1.9529  d3tw_cost_pos=156.0965  d3tw_cost_neg=1186.4059  total_loss=1.9536  char_pool_loss=0.0014  effective_char_pool_weight=0.5000  char_pool_acc_top1=0.9990  char_pool_acc_top5=1.0000  char_pool_valid_chars=2080  char_pool_num_chars=2080  window_size=16  stride=16  window_overlap_mode=no_overlap  num_windows=64  sequence_length=128
Epoch 35, Batch 21, Loss: 1.9536
Epoch 35, Batch 22, Loss: 1.9547
Epoch 35, Batch 23, Loss: 1.9095
Epoch 35, Batch 24, Loss: 1.9575
Epoch 35, Batch 25, Loss: 2.0746
Epoch 35, Batch 26, Loss: 1.9628
Epoch 35, Batch 27, Loss: 2.0286
Epoch 35, Batch 28, Loss: 2.0393
Epoch 35, Batch 29, Loss: 1.8882
Epoch 35, Batch 30, Loss: 2.0400
[DTW] raw: pos=156.0  neg=1183.5  |  prob: pos_wins=0.995 (goal→1.0)  |  gap=-8.027  loss=1.9727
[LOSS] alignment_loss_type=d3tw_char_pool  d3tw_loss=1.9727  d3tw_cost_pos=156.0114  d3tw_cost_neg=1183.4912  total_loss=1.9741  char_pool_loss=0.0027  effective_char_pool_weight=0.5000  char_pool_acc_top1=0.9986  char_pool_acc_top5=1.0000  char_pool_valid_chars=2080  char_pool_num_chars=2080  window_size=16  stride=16  window_overlap_mode=no_overlap  num_windows=64  sequence_length=128
Epoch 35, Batch 31, Loss: 1.9741
Epoch 35, Batch 32, Loss: 2.0543
Epoch 35, Batch 33, Loss: 1.9831
Epoch 35, Batch 34, Loss: 1.9441
Epoch 35, Batch 35, Loss: 2.0370
Epoch 35, Batch 36, Loss: 1.8607
Epoch 35, Batch 37, Loss: 2.0632
Epoch 35, Batch 38, Loss: 2.0260
Epoch 35, Batch 39, Loss: 1.9527
Epoch 35, Batch 40, Loss: 1.9482
[DTW] raw: pos=151.4  neg=1180.3  |  prob: pos_wins=0.995 (goal→1.0)  |  gap=-8.039  loss=1.9623
[LOSS] alignment_loss_type=d3tw_char_pool  d3tw_loss=1.9623  d3tw_cost_pos=151.3548  d3tw_cost_neg=1180.2889  total_loss=1.9700  char_pool_loss=0.0153  effective_char_pool_weight=0.5000  char_pool_acc_top1=0.9976  char_pool_acc_top5=0.9995  char_pool_valid_chars=2080  char_pool_num_chars=2080  window_size=16  stride=16  window_overlap_mode=no_overlap  num_windows=64  sequence_length=128
Epoch 35, Batch 41, Loss: 1.9700
Epoch 35, Batch 42, Loss: 2.0216
Epoch 35, Batch 43, Loss: 2.0388
Epoch 35, Batch 44, Loss: 1.9009
Epoch 35, Batch 45, Loss: 1.9684
Epoch 35, Batch 46, Loss: 1.9955
Epoch 35, Batch 47, Loss: 1.8881
Epoch 35, Batch 48, Loss: 1.9609
Epoch 35, Batch 49, Loss: 1.8585
Epoch 35, Batch 50, Loss: 1.9459
[DTW] raw: pos=153.1  neg=1188.3  |  prob: pos_wins=0.994 (goal→1.0)  |  gap=-8.087  loss=1.9131
[LOSS] alignment_loss_type=d3tw_char_pool  d3tw_loss=1.9131  d3tw_cost_pos=153.1193  d3tw_cost_neg=1188.2889  total_loss=1.9134  char_pool_loss=0.0007  effective_char_pool_weight=0.5000  char_pool_acc_top1=0.9995  char_pool_acc_top5=1.0000  char_pool_valid_chars=2080  char_pool_num_chars=2080  window_size=16  stride=16  window_overlap_mode=no_overlap  num_windows=64  sequence_length=128
Epoch 35, Batch 51, Loss: 1.9134
Epoch 35, Batch 52, Loss: 2.0125
Epoch 35, Batch 53, Loss: 2.0273
Epoch 35, Batch 54, Loss: 1.8872
Epoch 35, Batch 55, Loss: 1.8947
Epoch 35, Batch 56, Loss: 2.0138
Epoch 35, Batch 57, Loss: 2.0264
Epoch 35, Batch 58, Loss: 2.0806
Epoch 35, Batch 59, Loss: 1.8875
Epoch 35, Batch 60, Loss: 1.8837
[DTW] raw: pos=159.0  neg=1186.3  |  prob: pos_wins=0.995 (goal→1.0)  |  gap=-8.025  loss=1.9766
[LOSS] alignment_loss_type=d3tw_char_pool  d3tw_loss=1.9766  d3tw_cost_pos=159.0218  d3tw_cost_neg=1186.2505  total_loss=1.9858  char_pool_loss=0.0184  effective_char_pool_weight=0.5000  char_pool_acc_top1=0.9976  char_pool_acc_top5=0.9990  char_pool_valid_chars=2080  char_pool_num_chars=2080  window_size=16  stride=16  window_overlap_mode=no_overlap  num_windows=64  sequence_length=128
Epoch 35, Batch 61, Loss: 1.9858
Epoch 35, Batch 62, Loss: 2.0152
Epoch 35, Batch 63, Loss: 1.9858
Epoch 35, Batch 64, Loss: 1.9732
Epoch 35, Batch 65, Loss: 2.0368
Epoch 35, Batch 66, Loss: 2.0414
Epoch 35, Batch 67, Loss: 1.8901
Epoch 35, Batch 68, Loss: 1.9408
Epoch 35, Batch 69, Loss: 1.9542
Epoch 35, Batch 70, Loss: 1.9364
[DTW] raw: pos=155.0  neg=1189.0  |  prob: pos_wins=0.995 (goal→1.0)  |  gap=-8.078  loss=1.9218
[LOSS] alignment_loss_type=d3tw_char_pool  d3tw_loss=1.9218  d3tw_cost_pos=155.0165  d3tw_cost_neg=1189.0127  total_loss=1.9223  char_pool_loss=0.0010  effective_char_pool_weight=0.5000  char_pool_acc_top1=0.9995  char_pool_acc_top5=1.0000  char_pool_valid_chars=2080  char_pool_num_chars=2080  window_size=16  stride=16  window_overlap_mode=no_overlap  num_windows=64  sequence_length=128
Epoch 35, Batch 71, Loss: 1.9223
Epoch 35, Batch 72, Loss: 1.9331
Epoch 35, Batch 73, Loss: 1.8827
Epoch 35, Batch 74, Loss: 2.0283
Epoch 35, Batch 75, Loss: 1.8492
Epoch 35, Batch 76, Loss: 1.9025
Epoch 35, Batch 77, Loss: 1.9810
Epoch 35, Batch 78, Loss: 1.9470
Epoch 35, Batch 79, Loss: 2.0747
Epoch 35, Batch 80, Loss: 1.9541
[DTW] raw: pos=152.5  neg=1193.8  |  prob: pos_wins=0.996 (goal→1.0)  |  gap=-8.136  loss=1.8656
[LOSS] alignment_loss_type=d3tw_char_pool  d3tw_loss=1.8656  d3tw_cost_pos=152.4783  d3tw_cost_neg=1193.8486  total_loss=1.8718  char_pool_loss=0.0126  effective_char_pool_weight=0.5000  char_pool_acc_top1=0.9986  char_pool_acc_top5=1.0000  char_pool_valid_chars=2080  char_pool_num_chars=2080  window_size=16  stride=16  window_overlap_mode=no_overlap  num_windows=64  sequence_length=128
Epoch 35, Batch 81, Loss: 1.8718
Epoch 35, Batch 82, Loss: 1.9677
Epoch 35, Batch 83, Loss: 1.9655
Epoch 35, Batch 84, Loss: 1.9755
Epoch 35, Batch 85, Loss: 1.9106
Epoch 35, Batch 86, Loss: 1.9008
Epoch 35, Batch 87, Loss: 2.1031
Epoch 35, Batch 88, Loss: 1.9770
Epoch 35, Batch 89, Loss: 1.9936
Epoch 35, Batch 90, Loss: 2.0231
[DTW] raw: pos=157.9  neg=1180.6  |  prob: pos_wins=0.994 (goal→1.0)  |  gap=-7.989  loss=2.0117
[LOSS] alignment_loss_type=d3tw_char_pool  d3tw_loss=2.0117  d3tw_cost_pos=157.9382  d3tw_cost_neg=1180.5549  total_loss=2.0158  char_pool_loss=0.0083  effective_char_pool_weight=0.5000  char_pool_acc_top1=0.9995  char_pool_acc_top5=0.9995  char_pool_valid_chars=2080  char_pool_num_chars=2080  window_size=16  stride=16  window_overlap_mode=no_overlap  num_windows=64  sequence_length=128
Epoch 35, Batch 91, Loss: 2.0158
Epoch 35, Batch 92, Loss: 2.0861
Epoch 35, Batch 93, Loss: 1.9694
Epoch 35, Batch 94, Loss: 1.9865
Epoch 35, Batch 95, Loss: 1.9011
Epoch 35, Batch 96, Loss: 1.9334
Epoch 35, Batch 97, Loss: 1.9155
Epoch 35, Batch 98, Loss: 1.9176
Epoch 35, Batch 99, Loss: 2.0458
Epoch 35, Batch 100, Loss: 2.0250
[DTW] raw: pos=153.3  neg=1196.3  |  prob: pos_wins=0.995 (goal→1.0)  |  gap=-8.149  loss=1.8545
[LOSS] alignment_loss_type=d3tw_char_pool  d3tw_loss=1.8545  d3tw_cost_pos=153.2711  d3tw_cost_neg=1196.3149  total_loss=1.8561  char_pool_loss=0.0034  effective_char_pool_weight=0.5000  char_pool_acc_top1=0.9995  char_pool_acc_top5=1.0000  char_pool_valid_chars=2080  char_pool_num_chars=2080  window_size=16  stride=16  window_overlap_mode=no_overlap  num_windows=64  sequence_length=128
Epoch 35, Batch 101, Loss: 1.8561
Epoch 35, Batch 102, Loss: 1.9780
Epoch 35, Batch 103, Loss: 1.8864
Epoch 35, Batch 104, Loss: 1.9930
Epoch 35, Batch 105, Loss: 2.0391
Epoch 35, Batch 106, Loss: 2.0635
Epoch 35, Batch 107, Loss: 1.9572
Epoch 35, Batch 108, Loss: 2.0279
Epoch 35, Batch 109, Loss: 1.9012
Epoch 35, Batch 110, Loss: 1.9343
[DTW] raw: pos=158.7  neg=1178.0  |  prob: pos_wins=0.994 (goal→1.0)  |  gap=-7.964  loss=2.0376
[LOSS] alignment_loss_type=d3tw_char_pool  d3tw_loss=2.0376  d3tw_cost_pos=158.6832  d3tw_cost_neg=1178.0364  total_loss=2.0391  char_pool_loss=0.0029  effective_char_pool_weight=0.5000  char_pool_acc_top1=0.9986  char_pool_acc_top5=1.0000  char_pool_valid_chars=2080  char_pool_num_chars=2080  window_size=16  stride=16  window_overlap_mode=no_overlap  num_windows=64  sequence_length=128
Epoch 35, Batch 111, Loss: 2.0391
Epoch 35, Batch 112, Loss: 1.9159
Epoch 35, Batch 113, Loss: 1.8749
Epoch 35, Batch 114, Loss: 1.9072
Epoch 35, Batch 115, Loss: 2.0394
Epoch 35, Batch 116, Loss: 1.9956
Epoch 35, Batch 117, Loss: 1.9854
Epoch 35, Batch 118, Loss: 1.9362
Epoch 35, Batch 119, Loss: 2.0947
Epoch 35, Batch 120, Loss: 1.9847
[DTW] raw: pos=160.3  neg=1178.3  |  prob: pos_wins=0.994 (goal→1.0)  |  gap=-7.953  loss=2.0473
[LOSS] alignment_loss_type=d3tw_char_pool  d3tw_loss=2.0473  d3tw_cost_pos=160.3423  d3tw_cost_neg=1178.2780  total_loss=2.0501  char_pool_loss=0.0057  effective_char_pool_weight=0.5000  char_pool_acc_top1=0.9990  char_pool_acc_top5=1.0000  char_pool_valid_chars=2080  char_pool_num_chars=2080  window_size=16  stride=16  window_overlap_mode=no_overlap  num_windows=64  sequence_length=128
Epoch 35, Batch 121, Loss: 2.0501
Epoch 35, Batch 122, Loss: 2.0233
Epoch 35, Batch 123, Loss: 1.9972
Epoch 35, Batch 124, Loss: 1.9729
Epoch 35, Batch 125, Loss: 1.9697
Epoch 35, Batch 126, Loss: 1.9216
Epoch 35, Batch 127, Loss: 1.9374
Epoch 35, Batch 128, Loss: 1.9740
Epoch 35, Batch 129, Loss: 1.9940
Epoch 35, Batch 130, Loss: 1.9169
[DTW] raw: pos=153.9  neg=1183.3  |  prob: pos_wins=0.995 (goal→1.0)  |  gap=-8.043  loss=1.9597
[LOSS] alignment_loss_type=d3tw_char_pool  d3tw_loss=1.9597  d3tw_cost_pos=153.8691  d3tw_cost_neg=1183.3276  total_loss=1.9644  char_pool_loss=0.0094  effective_char_pool_weight=0.5000  char_pool_acc_top1=0.9976  char_pool_acc_top5=0.9995  char_pool_valid_chars=2080  char_pool_num_chars=2080  window_size=16  stride=16  window_overlap_mode=no_overlap  num_windows=64  sequence_length=128
Epoch 35, Batch 131, Loss: 1.9644
Epoch 35, Batch 132, Loss: 2.1751
Epoch 35, Batch 133, Loss: 1.9420
Epoch 35, Batch 134, Loss: 2.0539
Epoch 35, Batch 135, Loss: 1.8712
Epoch 35, Batch 136, Loss: 2.0121
Epoch 35, Batch 137, Loss: 1.9811
Epoch 35, Batch 138, Loss: 2.0300
Epoch 35, Batch 139, Loss: 1.9885
Epoch 35, Batch 140, Loss: 1.9536
[DTW] raw: pos=156.5  neg=1191.1  |  prob: pos_wins=0.995 (goal→1.0)  |  gap=-8.083  loss=1.9174
[LOSS] alignment_loss_type=d3tw_char_pool  d3tw_loss=1.9174  d3tw_cost_pos=156.4688  d3tw_cost_neg=1191.1312  total_loss=1.9203  char_pool_loss=0.0057  effective_char_pool_weight=0.5000  char_pool_acc_top1=0.9990  char_pool_acc_top5=1.0000  char_pool_valid_chars=2080  char_pool_num_chars=2080  window_size=16  stride=16  window_overlap_mode=no_overlap  num_windows=64  sequence_length=128
Epoch 35, Batch 141, Loss: 1.9203
Epoch 35, Batch 142, Loss: 2.0118
Epoch 35, Batch 143, Loss: 1.8883
Epoch 35, Batch 144, Loss: 1.9048
Epoch 35, Batch 145, Loss: 2.0401
Epoch 35, Batch 146, Loss: 1.9017
Epoch 35, Batch 147, Loss: 1.8723
Epoch 35, Batch 148, Loss: 1.8770
Epoch 35, Batch 149, Loss: 1.9647
Epoch 35, Batch 150, Loss: 1.9381
[DTW] raw: pos=156.4  neg=1178.9  |  prob: pos_wins=0.994 (goal→1.0)  |  gap=-7.988  loss=2.0122
[LOSS] alignment_loss_type=d3tw_char_pool  d3tw_loss=2.0122  d3tw_cost_pos=156.4380  d3tw_cost_neg=1178.8688  total_loss=2.0132  char_pool_loss=0.0021  effective_char_pool_weight=0.5000  char_pool_acc_top1=0.9995  char_pool_acc_top5=1.0000  char_pool_valid_chars=2080  char_pool_num_chars=2080  window_size=16  stride=16  window_overlap_mode=no_overlap  num_windows=64  sequence_length=128
Epoch 35, Batch 151, Loss: 2.0132
Epoch 35, Batch 152, Loss: 1.9698
Epoch 35, Batch 153, Loss: 2.0108
Epoch 35, Batch 154, Loss: 1.9253
Epoch 35, Batch 155, Loss: 2.0012
Epoch 35, Batch 156, Loss: 1.9833
Epoch 35, Batch 157, Loss: 1.9175
Epoch 35, Batch 158, Loss: 1.9456
Epoch 35, Batch 159, Loss: 1.9217
Epoch 35, Batch 160, Loss: 1.9440
[DTW] raw: pos=155.7  neg=1184.8  |  prob: pos_wins=0.995 (goal→1.0)  |  gap=-8.040  loss=1.9624
[LOSS] alignment_loss_type=d3tw_char_pool  d3tw_loss=1.9624  d3tw_cost_pos=155.7107  d3tw_cost_neg=1184.7997  total_loss=1.9661  char_pool_loss=0.0075  effective_char_pool_weight=0.5000  char_pool_acc_top1=0.9995  char_pool_acc_top5=0.9995  char_pool_valid_chars=2080  char_pool_num_chars=2080  window_size=16  stride=16  window_overlap_mode=no_overlap  num_windows=64  sequence_length=128
Epoch 35, Batch 161, Loss: 1.9661
Epoch 35, Batch 162, Loss: 2.0337
Epoch 35, Batch 163, Loss: 1.9641
Epoch 35, Batch 164, Loss: 1.9989
Epoch 35, Batch 165, Loss: 1.9963
Epoch 35, Batch 166, Loss: 1.9677
Epoch 35, Batch 167, Loss: 1.9935
Epoch 35, Batch 168, Loss: 1.8807
Epoch 35, Batch 169, Loss: 1.9338
Epoch 35, Batch 170, Loss: 1.8856
[DTW] raw: pos=154.9  neg=1196.9  |  prob: pos_wins=0.995 (goal→1.0)  |  gap=-8.140  loss=1.8617
[LOSS] alignment_loss_type=d3tw_char_pool  d3tw_loss=1.8617  d3tw_cost_pos=154.9088  d3tw_cost_neg=1196.8719  total_loss=1.8708  char_pool_loss=0.0182  effective_char_pool_weight=0.5000  char_pool_acc_top1=0.9986  char_pool_acc_top5=0.9990  char_pool_valid_chars=2080  char_pool_num_chars=2080  window_size=16  stride=16  window_overlap_mode=no_overlap  num_windows=64  sequence_length=128
Epoch 35, Batch 171, Loss: 1.8708
Epoch 35, Batch 172, Loss: 1.8846
Epoch 35, Batch 173, Loss: 1.9396
Epoch 35, Batch 174, Loss: 1.9979
Epoch 35, Batch 175, Loss: 1.9095
Epoch 35, Batch 176, Loss: 2.0186
Epoch 35, Batch 177, Loss: 1.8295
Epoch 35, Batch 178, Loss: 1.9792
Epoch 35, Batch 179, Loss: 2.0596
Epoch 35, Batch 180, Loss: 1.8933
[DTW] raw: pos=155.3  neg=1193.4  |  prob: pos_wins=0.995 (goal→1.0)  |  gap=-8.111  loss=1.8912
[LOSS] alignment_loss_type=d3tw_char_pool  d3tw_loss=1.8912  d3tw_cost_pos=155.2760  d3tw_cost_neg=1193.4490  total_loss=1.8964  char_pool_loss=0.0104  effective_char_pool_weight=0.5000  char_pool_acc_top1=0.9981  char_pool_acc_top5=0.9995  char_pool_valid_chars=2080  char_pool_num_chars=2080  window_size=16  stride=16  window_overlap_mode=no_overlap  num_windows=64  sequence_length=128
Epoch 35, Batch 181, Loss: 1.8964
Epoch 35, Batch 182, Loss: 1.9551
Epoch 35, Batch 183, Loss: 1.9298
Epoch 35, Batch 184, Loss: 1.9654
Epoch 35, Batch 185, Loss: 1.9849
Epoch 35, Batch 186, Loss: 1.9668
Epoch 35, Batch 187, Loss: 1.9468
Epoch 35, Batch 188, Loss: 1.9892
Epoch 35 - Train Loss: 1.9634
[DTW] raw: pos=159.5  neg=1187.4  |  prob: pos_wins=0.995 (goal→1.0)  |  gap=-8.030  loss=1.9695
[LOSS] alignment_loss_type=d3tw_char_pool  d3tw_loss=1.9695  d3tw_cost_pos=159.4751  d3tw_cost_neg=1187.3728  total_loss=1.9849  char_pool_loss=0.0308  effective_char_pool_weight=0.5000  char_pool_acc_top1=0.9976  char_pool_acc_top5=0.9981  char_pool_valid_chars=2080  char_pool_num_chars=2080  window_size=16  stride=16  window_overlap_mode=no_overlap  num_windows=64  sequence_length=128
[DTW] raw: pos=159.3  neg=1195.3  |  prob: pos_wins=0.995 (goal→1.0)  |  gap=-8.093  loss=1.9065
[LOSS] alignment_loss_type=d3tw_char_pool  d3tw_loss=1.9065  d3tw_cost_pos=159.3100  d3tw_cost_neg=1195.2628  total_loss=1.9151  char_pool_loss=0.0171  effective_char_pool_weight=0.5000  char_pool_acc_top1=0.9981  char_pool_acc_top5=0.9990  char_pool_valid_chars=2080  char_pool_num_chars=2080  window_size=16  stride=16  window_overlap_mode=no_overlap  num_windows=64  sequence_length=128
[DTW] raw: pos=159.2  neg=1199.5  |  prob: pos_wins=0.995 (goal→1.0)  |  gap=-8.127  loss=1.8765
[LOSS] alignment_loss_type=d3tw_char_pool  d3tw_loss=1.8765  d3tw_cost_pos=159.2159  d3tw_cost_neg=1199.5072  total_loss=1.8815  char_pool_loss=0.0100  effective_char_pool_weight=0.5000  char_pool_acc_top1=0.9986  char_pool_acc_top5=0.9995  char_pool_valid_chars=2080  char_pool_num_chars=2080  window_size=16  stride=16  window_overlap_mode=no_overlap  num_windows=64  sequence_length=128
[DTW] raw: pos=157.7  neg=1177.6  |  prob: pos_wins=0.994 (goal→1.0)  |  gap=-7.969  loss=2.0319
[LOSS] alignment_loss_type=d3tw_char_pool  d3tw_loss=2.0319  d3tw_cost_pos=157.6683  d3tw_cost_neg=1177.6422  total_loss=2.0492  char_pool_loss=0.0345  effective_char_pool_weight=0.5000  char_pool_acc_top1=0.9971  char_pool_acc_top5=0.9986  char_pool_valid_chars=2080  char_pool_num_chars=2080  window_size=16  stride=16  window_overlap_mode=no_overlap  num_windows=64  sequence_length=128
[DTW] raw: pos=156.3  neg=1199.1  |  prob: pos_wins=0.995 (goal→1.0)  |  gap=-8.147  loss=1.8544
[LOSS] alignment_loss_type=d3tw_char_pool  d3tw_loss=1.8544  d3tw_cost_pos=156.3178  d3tw_cost_neg=1199.0973  total_loss=1.8621  char_pool_loss=0.0153  effective_char_pool_weight=0.5000  char_pool_acc_top1=0.9976  char_pool_acc_top5=0.9995  char_pool_valid_chars=2080  char_pool_num_chars=2080  window_size=16  stride=16  window_overlap_mode=no_overlap  num_windows=64  sequence_length=128
[DTW] raw: pos=154.7  neg=1179.0  |  prob: pos_wins=0.994 (goal→1.0)  |  gap=-8.002  loss=1.9976
[LOSS] alignment_loss_type=d3tw_char_pool  d3tw_loss=1.9976  d3tw_cost_pos=154.6966  d3tw_cost_neg=1178.9952  total_loss=2.0021  char_pool_loss=0.0091  effective_char_pool_weight=0.5000  char_pool_acc_top1=0.9990  char_pool_acc_top5=0.9995  char_pool_valid_chars=2080  char_pool_num_chars=2080  window_size=16  stride=16  window_overlap_mode=no_overlap  num_windows=64  sequence_length=128
[DTW] raw: pos=153.5  neg=1178.3  |  prob: pos_wins=0.994 (goal→1.0)  |  gap=-8.006  loss=1.9949
[LOSS] alignment_loss_type=d3tw_char_pool  d3tw_loss=1.9949  d3tw_cost_pos=153.5277  d3tw_cost_neg=1178.2874  total_loss=1.9976  char_pool_loss=0.0054  effective_char_pool_weight=0.5000  char_pool_acc_top1=0.9981  char_pool_acc_top5=1.0000  char_pool_valid_chars=2080  char_pool_num_chars=2080  window_size=16  stride=16  window_overlap_mode=no_overlap  num_windows=64  sequence_length=128
Epoch 35 - Validation Loss: 1.9453
Epoch 35 completed in 13m 56.42s
Epoch 35 - Peak GPU memory: 2267.0 MB
============================================================
Epoch 36 - Soft-DTW gamma: 0.100000
[DTW] raw: pos=157.5  neg=1188.8  |  prob: pos_wins=0.995 (goal→1.0)  |  gap=-8.057  loss=1.9431
[LOSS] alignment_loss_type=d3tw_char_pool  d3tw_loss=1.9431  d3tw_cost_pos=157.5019  d3tw_cost_neg=1188.7944  total_loss=1.9503  char_pool_loss=0.0145  effective_char_pool_weight=0.5000  char_pool_acc_top1=0.9990  char_pool_acc_top5=0.9990  char_pool_valid_chars=2080  char_pool_num_chars=2080  window_size=16  stride=16  window_overlap_mode=no_overlap  num_windows=64  sequence_length=128
Epoch 36, Batch 1, Loss: 1.9503
Epoch 36, Batch 2, Loss: 1.9134
Epoch 36, Batch 3, Loss: 1.9422
Epoch 36, Batch 4, Loss: 2.0607
Epoch 36, Batch 5, Loss: 1.8895
Epoch 36, Batch 6, Loss: 1.8699
Epoch 36, Batch 7, Loss: 1.9646
Epoch 36, Batch 8, Loss: 1.9462
Epoch 36, Batch 9, Loss: 2.1227
Epoch 36, Batch 10, Loss: 1.8262
[DTW] raw: pos=153.2  neg=1191.5  |  prob: pos_wins=0.995 (goal→1.0)  |  gap=-8.112  loss=1.8912
[LOSS] alignment_loss_type=d3tw_char_pool  d3tw_loss=1.8912  d3tw_cost_pos=153.1607  d3tw_cost_neg=1191.5110  total_loss=1.8932  char_pool_loss=0.0041  effective_char_pool_weight=0.5000  char_pool_acc_top1=0.9990  char_pool_acc_top5=1.0000  char_pool_valid_chars=2080  char_pool_num_chars=2080  window_size=16  stride=16  window_overlap_mode=no_overlap  num_windows=64  sequence_length=128
Epoch 36, Batch 11, Loss: 1.8932
Epoch 36, Batch 12, Loss: 1.9535
Epoch 36, Batch 13, Loss: 2.0324
Epoch 36, Batch 14, Loss: 1.9761
Epoch 36, Batch 15, Loss: 1.8730
Epoch 36, Batch 16, Loss: 1.9009
Epoch 36, Batch 17, Loss: 1.9500
Epoch 36, Batch 18, Loss: 1.8670
Epoch 36, Batch 19, Loss: 1.9633
Epoch 36, Batch 20, Loss: 1.9465
[DTW] raw: pos=156.0  neg=1187.4  |  prob: pos_wins=0.995 (goal→1.0)  |  gap=-8.058  loss=1.9435
[LOSS] alignment_loss_type=d3tw_char_pool  d3tw_loss=1.9435  d3tw_cost_pos=155.9844  d3tw_cost_neg=1187.3523  total_loss=1.9501  char_pool_loss=0.0131  effective_char_pool_weight=0.5000  char_pool_acc_top1=0.9990  char_pool_acc_top5=0.9995  char_pool_valid_chars=2080  char_pool_num_chars=2080  window_size=16  stride=16  window_overlap_mode=no_overlap  num_windows=64  sequence_length=128
Epoch 36, Batch 21, Loss: 1.9501
Epoch 36, Batch 22, Loss: 1.9441
Epoch 36, Batch 23, Loss: 1.8929
Epoch 36, Batch 24, Loss: 2.0060
Epoch 36, Batch 25, Loss: 1.9522
Epoch 36, Batch 26, Loss: 1.9051
Epoch 36, Batch 27, Loss: 2.1263
Epoch 36, Batch 28, Loss: 1.9714
Epoch 36, Batch 29, Loss: 2.0062
Epoch 36, Batch 30, Loss: 1.9715
[DTW] raw: pos=154.9  neg=1187.1  |  prob: pos_wins=0.995 (goal→1.0)  |  gap=-8.064  loss=1.9367
[LOSS] alignment_loss_type=d3tw_char_pool  d3tw_loss=1.9367  d3tw_cost_pos=154.8833  d3tw_cost_neg=1187.1223  total_loss=1.9381  char_pool_loss=0.0028  effective_char_pool_weight=0.5000  char_pool_acc_top1=0.9995  char_pool_acc_top5=1.0000  char_pool_valid_chars=2080  char_pool_num_chars=2080  window_size=16  stride=16  window_overlap_mode=no_overlap  num_windows=64  sequence_length=128
Epoch 36, Batch 31, Loss: 1.9381
Epoch 36, Batch 32, Loss: 1.9449
Epoch 36, Batch 33, Loss: 1.9504
Epoch 36, Batch 34, Loss: 1.9060
Epoch 36, Batch 35, Loss: 2.0050
Epoch 36, Batch 36, Loss: 1.9540
Epoch 36, Batch 37, Loss: 2.0242
Epoch 36, Batch 38, Loss: 1.9807
Epoch 36, Batch 39, Loss: 1.9365
Epoch 36, Batch 40, Loss: 1.9594
[DTW] raw: pos=155.8  neg=1173.9  |  prob: pos_wins=0.994 (goal→1.0)  |  gap=-7.954  loss=2.0498
[LOSS] alignment_loss_type=d3tw_char_pool  d3tw_loss=2.0498  d3tw_cost_pos=155.7986  d3tw_cost_neg=1173.9493  total_loss=2.0530  char_pool_loss=0.0064  effective_char_pool_weight=0.5000  char_pool_acc_top1=0.9995  char_pool_acc_top5=0.9995  char_pool_valid_chars=2080  char_pool_num_chars=2080  window_size=16  stride=16  window_overlap_mode=no_overlap  num_windows=64  sequence_length=128
Epoch 36, Batch 41, Loss: 2.0530
Epoch 36, Batch 42, Loss: 2.0571
Epoch 36, Batch 43, Loss: 1.8846
Epoch 36, Batch 44, Loss: 1.9594
Epoch 36, Batch 45, Loss: 1.9752
Epoch 36, Batch 46, Loss: 1.9637
Epoch 36, Batch 47, Loss: 1.8389
Epoch 36, Batch 48, Loss: 1.8915
Epoch 36, Batch 49, Loss: 1.8795
Epoch 36, Batch 50, Loss: 1.9817
[DTW] raw: pos=159.6  neg=1177.0  |  prob: pos_wins=0.994 (goal→1.0)  |  gap=-7.949  loss=2.0525
[LOSS] alignment_loss_type=d3tw_char_pool  d3tw_loss=2.0525  d3tw_cost_pos=159.5739  d3tw_cost_neg=1176.9995  total_loss=2.0582  char_pool_loss=0.0113  effective_char_pool_weight=0.5000  char_pool_acc_top1=0.9990  char_pool_acc_top5=0.9995  char_pool_valid_chars=2080  char_pool_num_chars=2080  window_size=16  stride=16  window_overlap_mode=no_overlap  num_windows=64  sequence_length=128
Epoch 36, Batch 51, Loss: 2.0582
Epoch 36, Batch 52, Loss: 1.8827
Epoch 36, Batch 53, Loss: 1.9474
Epoch 36, Batch 54, Loss: 2.0229
Epoch 36, Batch 55, Loss: 1.9568
Epoch 36, Batch 56, Loss: 1.9071
Epoch 36, Batch 57, Loss: 2.0071
Epoch 36, Batch 58, Loss: 2.1518
Epoch 36, Batch 59, Loss: 2.0641
Epoch 36, Batch 60, Loss: 1.8321
[DTW] raw: pos=154.8  neg=1182.0  |  prob: pos_wins=0.995 (goal→1.0)  |  gap=-8.025  loss=1.9747
[LOSS] alignment_loss_type=d3tw_char_pool  d3tw_loss=1.9747  d3tw_cost_pos=154.8224  d3tw_cost_neg=1182.0439  total_loss=1.9764  char_pool_loss=0.0034  effective_char_pool_weight=0.5000  char_pool_acc_top1=0.9995  char_pool_acc_top5=1.0000  char_pool_valid_chars=2080  char_pool_num_chars=2080  window_size=16  stride=16  window_overlap_mode=no_overlap  num_windows=64  sequence_length=128
Epoch 36, Batch 61, Loss: 1.9764
Epoch 36, Batch 62, Loss: 1.8347
Epoch 36, Batch 63, Loss: 1.9714
Epoch 36, Batch 64, Loss: 2.0278
Epoch 36, Batch 65, Loss: 1.9132
Epoch 36, Batch 66, Loss: 2.0214
Epoch 36, Batch 67, Loss: 2.0124
Epoch 36, Batch 68, Loss: 1.9202
Epoch 36, Batch 69, Loss: 1.9857
Epoch 36, Batch 70, Loss: 1.9133
[DTW] raw: pos=157.4  neg=1183.3  |  prob: pos_wins=0.994 (goal→1.0)  |  gap=-8.015  loss=1.9857
[LOSS] alignment_loss_type=d3tw_char_pool  d3tw_loss=1.9857  d3tw_cost_pos=157.3859  d3tw_cost_neg=1183.3113  total_loss=1.9885  char_pool_loss=0.0055  effective_char_pool_weight=0.5000  char_pool_acc_top1=0.9995  char_pool_acc_top5=1.0000  char_pool_valid_chars=2080  char_pool_num_chars=2080  window_size=16  stride=16  window_overlap_mode=no_overlap  num_windows=64  sequence_length=128
Epoch 36, Batch 71, Loss: 1.9885
Epoch 36, Batch 72, Loss: 2.0775
Epoch 36, Batch 73, Loss: 2.0546
Epoch 36, Batch 74, Loss: 1.9919
Epoch 36, Batch 75, Loss: 1.9341
Epoch 36, Batch 76, Loss: 2.0215
Epoch 36, Batch 77, Loss: 1.9321
Epoch 36, Batch 78, Loss: 2.0285
Epoch 36, Batch 79, Loss: 1.9551
Epoch 36, Batch 80, Loss: 2.0053
[DTW] raw: pos=154.3  neg=1193.4  |  prob: pos_wins=0.995 (goal→1.0)  |  gap=-8.118  loss=1.8823
[LOSS] alignment_loss_type=d3tw_char_pool  d3tw_loss=1.8823  d3tw_cost_pos=154.2836  d3tw_cost_neg=1193.3684  total_loss=1.8859  char_pool_loss=0.0072  effective_char_pool_weight=0.5000  char_pool_acc_top1=0.9995  char_pool_acc_top5=0.9995  char_pool_valid_chars=2080  char_pool_num_chars=2080  window_size=16  stride=16  window_overlap_mode=no_overlap  num_windows=64  sequence_length=128
Epoch 36, Batch 81, Loss: 1.8859
Epoch 36, Batch 82, Loss: 1.9890
Epoch 36, Batch 83, Loss: 1.9559
Epoch 36, Batch 84, Loss: 1.9482
Epoch 36, Batch 85, Loss: 1.9435
Epoch 36, Batch 86, Loss: 2.0377
Epoch 36, Batch 87, Loss: 2.0597
Epoch 36, Batch 88, Loss: 1.9054
Epoch 36, Batch 89, Loss: 1.9486
Epoch 36, Batch 90, Loss: 1.9691
[DTW] raw: pos=157.3  neg=1180.4  |  prob: pos_wins=0.995 (goal→1.0)  |  gap=-7.993  loss=2.0094
[LOSS] alignment_loss_type=d3tw_char_pool  d3tw_loss=2.0094  d3tw_cost_pos=157.2527  d3tw_cost_neg=1180.3551  total_loss=2.0100  char_pool_loss=0.0011  effective_char_pool_weight=0.5000  char_pool_acc_top1=0.9990  char_pool_acc_top5=1.0000  char_pool_valid_chars=2080  char_pool_num_chars=2080  window_size=16  stride=16  window_overlap_mode=no_overlap  num_windows=64  sequence_length=128
Epoch 36, Batch 91, Loss: 2.0100
Epoch 36, Batch 92, Loss: 1.9463
Epoch 36, Batch 93, Loss: 1.9777
Epoch 36, Batch 94, Loss: 1.9926
Epoch 36, Batch 95, Loss: 1.9694
Epoch 36, Batch 96, Loss: 2.0018
Epoch 36, Batch 97, Loss: 2.0290
Epoch 36, Batch 98, Loss: 1.9172
Epoch 36, Batch 99, Loss: 1.9060
Epoch 36, Batch 100, Loss: 2.0573
[DTW] raw: pos=150.8  neg=1181.9  |  prob: pos_wins=0.995 (goal→1.0)  |  gap=-8.055  loss=1.9453
[LOSS] alignment_loss_type=d3tw_char_pool  d3tw_loss=1.9453  d3tw_cost_pos=150.7644  d3tw_cost_neg=1181.8549  total_loss=1.9454  char_pool_loss=0.0002  effective_char_pool_weight=0.5000  char_pool_acc_top1=1.0000  char_pool_acc_top5=1.0000  char_pool_valid_chars=2080  char_pool_num_chars=2080  window_size=16  stride=16  window_overlap_mode=no_overlap  num_windows=64  sequence_length=128
Epoch 36, Batch 101, Loss: 1.9454
Epoch 36, Batch 102, Loss: 1.8851
Epoch 36, Batch 103, Loss: 1.9487
Epoch 36, Batch 104, Loss: 2.1169
Epoch 36, Batch 105, Loss: 1.9073
Epoch 36, Batch 106, Loss: 1.9905
Epoch 36, Batch 107, Loss: 2.0008
Epoch 36, Batch 108, Loss: 1.8187
Epoch 36, Batch 109, Loss: 1.9576
Epoch 36, Batch 110, Loss: 2.0439
[DTW] raw: pos=156.9  neg=1200.6  |  prob: pos_wins=0.995 (goal→1.0)  |  gap=-8.154  loss=1.8462
[LOSS] alignment_loss_type=d3tw_char_pool  d3tw_loss=1.8462  d3tw_cost_pos=156.8687  d3tw_cost_neg=1200.6196  total_loss=1.8495  char_pool_loss=0.0066  effective_char_pool_weight=0.5000  char_pool_acc_top1=0.9986  char_pool_acc_top5=1.0000  char_pool_valid_chars=2080  char_pool_num_chars=2080  window_size=16  stride=16  window_overlap_mode=no_overlap  num_windows=64  sequence_length=128
Epoch 36, Batch 111, Loss: 1.8495
Epoch 36, Batch 112, Loss: 1.9171
Epoch 36, Batch 113, Loss: 1.8628
Epoch 36, Batch 114, Loss: 1.8956
Epoch 36, Batch 115, Loss: 2.1047
Epoch 36, Batch 116, Loss: 1.9458
Epoch 36, Batch 117, Loss: 1.8820
Epoch 36, Batch 118, Loss: 1.9308
Epoch 36, Batch 119, Loss: 2.0112
Epoch 36, Batch 120, Loss: 1.9703
[DTW] raw: pos=155.0  neg=1180.9  |  prob: pos_wins=0.994 (goal→1.0)  |  gap=-8.015  loss=1.9852
[LOSS] alignment_loss_type=d3tw_char_pool  d3tw_loss=1.9852  d3tw_cost_pos=155.0215  d3tw_cost_neg=1180.9031  total_loss=1.9856  char_pool_loss=0.0008  effective_char_pool_weight=0.5000  char_pool_acc_top1=0.9995  char_pool_acc_top5=1.0000  char_pool_valid_chars=2080  char_pool_num_chars=2080  window_size=16  stride=16  window_overlap_mode=no_overlap  num_windows=64  sequence_length=128
Epoch 36, Batch 121, Loss: 1.9856
Epoch 36, Batch 122, Loss: 1.9288
Epoch 36, Batch 123, Loss: 1.9363
Epoch 36, Batch 124, Loss: 2.0509
Epoch 36, Batch 125, Loss: 1.8868
Epoch 36, Batch 126, Loss: 1.9199
Epoch 36, Batch 127, Loss: 1.9046
Epoch 36, Batch 128, Loss: 1.9258
Epoch 36, Batch 129, Loss: 1.9460
Epoch 36, Batch 130, Loss: 1.8835
[DTW] raw: pos=152.8  neg=1185.3  |  prob: pos_wins=0.995 (goal→1.0)  |  gap=-8.066  loss=1.9365
[LOSS] alignment_loss_type=d3tw_char_pool  d3tw_loss=1.9365  d3tw_cost_pos=152.7914  d3tw_cost_neg=1185.2998  total_loss=1.9398  char_pool_loss=0.0067  effective_char_pool_weight=0.5000  char_pool_acc_top1=0.9995  char_pool_acc_top5=0.9995  char_pool_valid_chars=2080  char_pool_num_chars=2080  window_size=16  stride=16  window_overlap_mode=no_overlap  num_windows=64  sequence_length=128
Epoch 36, Batch 131, Loss: 1.9398
Epoch 36, Batch 132, Loss: 1.9658
Epoch 36, Batch 133, Loss: 1.9071
Epoch 36, Batch 134, Loss: 1.9848
Epoch 36, Batch 135, Loss: 1.9919
Epoch 36, Batch 136, Loss: 2.0198
Epoch 36, Batch 137, Loss: 1.9024
Epoch 36, Batch 138, Loss: 1.8135
Epoch 36, Batch 139, Loss: 1.9163
Epoch 36, Batch 140, Loss: 2.0688
[DTW] raw: pos=156.9  neg=1193.7  |  prob: pos_wins=0.993 (goal→1.0)  |  gap=-8.100  loss=1.9000
[LOSS] alignment_loss_type=d3tw_char_pool  d3tw_loss=1.9000  d3tw_cost_pos=156.8692  d3tw_cost_neg=1193.7236  total_loss=1.9002  char_pool_loss=0.0004  effective_char_pool_weight=0.5000  char_pool_acc_top1=1.0000  char_pool_acc_top5=1.0000  char_pool_valid_chars=2080  char_pool_num_chars=2080  window_size=16  stride=16  window_overlap_mode=no_overlap  num_windows=64  sequence_length=128
Epoch 36, Batch 141, Loss: 1.9002
Epoch 36, Batch 142, Loss: 1.9423
Epoch 36, Batch 143, Loss: 2.0162
Epoch 36, Batch 144, Loss: 2.0124
Epoch 36, Batch 145, Loss: 1.9995
Epoch 36, Batch 146, Loss: 1.9148
Epoch 36, Batch 147, Loss: 1.9872
Epoch 36, Batch 148, Loss: 1.9221
Epoch 36, Batch 149, Loss: 1.8492
Epoch 36, Batch 150, Loss: 2.0016
[DTW] raw: pos=158.0  neg=1193.2  |  prob: pos_wins=0.995 (goal→1.0)  |  gap=-8.087  loss=1.9152
[LOSS] alignment_loss_type=d3tw_char_pool  d3tw_loss=1.9152  d3tw_cost_pos=157.9927  d3tw_cost_neg=1193.1559  total_loss=1.9185  char_pool_loss=0.0066  effective_char_pool_weight=0.5000  char_pool_acc_top1=0.9990  char_pool_acc_top5=1.0000  char_pool_valid_chars=2080  char_pool_num_chars=2080  window_size=16  stride=16  window_overlap_mode=no_overlap  num_windows=64  sequence_length=128
Epoch 36, Batch 151, Loss: 1.9185
Epoch 36, Batch 152, Loss: 1.7950
Epoch 36, Batch 153, Loss: 1.9575
Epoch 36, Batch 154, Loss: 1.8985
Epoch 36, Batch 155, Loss: 1.9847
Epoch 36, Batch 156, Loss: 1.9024
Epoch 36, Batch 157, Loss: 1.9835
Epoch 36, Batch 158, Loss: 2.0191
Epoch 36, Batch 159, Loss: 1.9120
Epoch 36, Batch 160, Loss: 1.9351
[DTW] raw: pos=154.2  neg=1198.4  |  prob: pos_wins=0.995 (goal→1.0)  |  gap=-8.158  loss=1.8456
[LOSS] alignment_loss_type=d3tw_char_pool  d3tw_loss=1.8456  d3tw_cost_pos=154.2091  d3tw_cost_neg=1198.3738  total_loss=1.8493  char_pool_loss=0.0074  effective_char_pool_weight=0.5000  char_pool_acc_top1=0.9990  char_pool_acc_top5=0.9995  char_pool_valid_chars=2080  char_pool_num_chars=2080  window_size=16  stride=16  window_overlap_mode=no_overlap  num_windows=64  sequence_length=128
Epoch 36, Batch 161, Loss: 1.8493
Epoch 36, Batch 162, Loss: 2.0453
Epoch 36, Batch 163, Loss: 1.9738
Epoch 36, Batch 164, Loss: 1.9516
Epoch 36, Batch 165, Loss: 2.0093
Epoch 36, Batch 166, Loss: 1.8692
Epoch 36, Batch 167, Loss: 1.8672
Epoch 36, Batch 168, Loss: 1.9426
Epoch 36, Batch 169, Loss: 1.9714
Epoch 36, Batch 170, Loss: 1.9868
[DTW] raw: pos=156.8  neg=1184.4  |  prob: pos_wins=0.995 (goal→1.0)  |  gap=-8.028  loss=1.9721
[LOSS] alignment_loss_type=d3tw_char_pool  d3tw_loss=1.9721  d3tw_cost_pos=156.7768  d3tw_cost_neg=1184.3523  total_loss=1.9783  char_pool_loss=0.0124  effective_char_pool_weight=0.5000  char_pool_acc_top1=0.9986  char_pool_acc_top5=1.0000  char_pool_valid_chars=2080  char_pool_num_chars=2080  window_size=16  stride=16  window_overlap_mode=no_overlap  num_windows=64  sequence_length=128
Epoch 36, Batch 171, Loss: 1.9783
Epoch 36, Batch 172, Loss: 2.0869
Epoch 36, Batch 173, Loss: 1.9743
Epoch 36, Batch 174, Loss: 1.9291
Epoch 36, Batch 175, Loss: 1.8620
Epoch 36, Batch 176, Loss: 1.9844
Epoch 36, Batch 177, Loss: 1.9143
Epoch 36, Batch 178, Loss: 1.9464
Epoch 36, Batch 179, Loss: 1.9669
Epoch 36, Batch 180, Loss: 2.0224
[DTW] raw: pos=155.5  neg=1179.6  |  prob: pos_wins=0.994 (goal→1.0)  |  gap=-8.001  loss=2.0007
[LOSS] alignment_loss_type=d3tw_char_pool  d3tw_loss=2.0007  d3tw_cost_pos=155.5092  d3tw_cost_neg=1179.6284  total_loss=2.0051  char_pool_loss=0.0087  effective_char_pool_weight=0.5000  char_pool_acc_top1=0.9990  char_pool_acc_top5=0.9995  char_pool_valid_chars=2080  char_pool_num_chars=2080  window_size=16  stride=16  window_overlap_mode=no_overlap  num_windows=64  sequence_length=128
Epoch 36, Batch 181, Loss: 2.0051
Epoch 36, Batch 182, Loss: 1.9568
Epoch 36, Batch 183, Loss: 2.0140
Epoch 36, Batch 184, Loss: 1.8135
Epoch 36, Batch 185, Loss: 1.9262
Epoch 36, Batch 186, Loss: 2.0166
Epoch 36, Batch 187, Loss: 2.0367
Epoch 36, Batch 188, Loss: 2.0165
Epoch 36 - Train Loss: 1.9581
[DTW] raw: pos=158.1  neg=1189.3  |  prob: pos_wins=0.995 (goal→1.0)  |  gap=-8.057  loss=1.9450
[LOSS] alignment_loss_type=d3tw_char_pool  d3tw_loss=1.9450  d3tw_cost_pos=158.0638  d3tw_cost_neg=1189.3000  total_loss=1.9635  char_pool_loss=0.0371  effective_char_pool_weight=0.5000  char_pool_acc_top1=0.9971  char_pool_acc_top5=0.9976  char_pool_valid_chars=2080  char_pool_num_chars=2080  window_size=16  stride=16  window_overlap_mode=no_overlap  num_windows=64  sequence_length=128
[DTW] raw: pos=159.1  neg=1195.9  |  prob: pos_wins=0.995 (goal→1.0)  |  gap=-8.100  loss=1.9003
[LOSS] alignment_loss_type=d3tw_char_pool  d3tw_loss=1.9003  d3tw_cost_pos=159.1297  d3tw_cost_neg=1195.9238  total_loss=1.9120  char_pool_loss=0.0235  effective_char_pool_weight=0.5000  char_pool_acc_top1=0.9981  char_pool_acc_top5=0.9986  char_pool_valid_chars=2080  char_pool_num_chars=2080  window_size=16  stride=16  window_overlap_mode=no_overlap  num_windows=64  sequence_length=128
[DTW] raw: pos=159.1  neg=1186.1  |  prob: pos_wins=0.993 (goal→1.0)  |  gap=-8.023  loss=1.9779
[LOSS] alignment_loss_type=d3tw_char_pool  d3tw_loss=1.9779  d3tw_cost_pos=159.1141  d3tw_cost_neg=1186.0625  total_loss=1.9826  char_pool_loss=0.0094  effective_char_pool_weight=0.5000  char_pool_acc_top1=0.9981  char_pool_acc_top5=1.0000  char_pool_valid_chars=2080  char_pool_num_chars=2080  window_size=16  stride=16  window_overlap_mode=no_overlap  num_windows=64  sequence_length=128
[DTW] raw: pos=155.8  neg=1195.2  |  prob: pos_wins=0.996 (goal→1.0)  |  gap=-8.121  loss=1.8810
[LOSS] alignment_loss_type=d3tw_char_pool  d3tw_loss=1.8810  d3tw_cost_pos=155.8040  d3tw_cost_neg=1195.2452  total_loss=1.8887  char_pool_loss=0.0155  effective_char_pool_weight=0.5000  char_pool_acc_top1=0.9986  char_pool_acc_top5=0.9995  char_pool_valid_chars=2080  char_pool_num_chars=2080  window_size=16  stride=16  window_overlap_mode=no_overlap  num_windows=64  sequence_length=128
[DTW] raw: pos=155.1  neg=1182.9  |  prob: pos_wins=0.995 (goal→1.0)  |  gap=-8.030  loss=1.9702
[LOSS] alignment_loss_type=d3tw_char_pool  d3tw_loss=1.9702  d3tw_cost_pos=155.1084  d3tw_cost_neg=1182.9137  total_loss=1.9806  char_pool_loss=0.0209  effective_char_pool_weight=0.5000  char_pool_acc_top1=0.9971  char_pool_acc_top5=0.9990  char_pool_valid_chars=2080  char_pool_num_chars=2080  window_size=16  stride=16  window_overlap_mode=no_overlap  num_windows=64  sequence_length=128
[DTW] raw: pos=154.8  neg=1182.9  |  prob: pos_wins=0.994 (goal→1.0)  |  gap=-8.032  loss=1.9695
[LOSS] alignment_loss_type=d3tw_char_pool  d3tw_loss=1.9695  d3tw_cost_pos=154.8256  d3tw_cost_neg=1182.9237  total_loss=1.9735  char_pool_loss=0.0081  effective_char_pool_weight=0.5000  char_pool_acc_top1=0.9990  char_pool_acc_top5=0.9995  char_pool_valid_chars=2080  char_pool_num_chars=2080  window_size=16  stride=16  window_overlap_mode=no_overlap  num_windows=64  sequence_length=128
[DTW] raw: pos=155.3  neg=1204.6  |  prob: pos_wins=0.995 (goal→1.0)  |  gap=-8.198  loss=1.8029
[LOSS] alignment_loss_type=d3tw_char_pool  d3tw_loss=1.8029  d3tw_cost_pos=155.2886  d3tw_cost_neg=1204.6028  total_loss=1.8165  char_pool_loss=0.0272  effective_char_pool_weight=0.5000  char_pool_acc_top1=0.9976  char_pool_acc_top5=0.9986  char_pool_valid_chars=2080  char_pool_num_chars=2080  window_size=16  stride=16  window_overlap_mode=no_overlap  num_windows=64  sequence_length=128
Epoch 36 - Validation Loss: 1.9438
Epoch 36 completed in 13m 51.15s
Epoch 36 - Peak GPU memory: 2267.0 MB
============================================================
Epoch 37 - Soft-DTW gamma: 0.100000
[DTW] raw: pos=153.6  neg=1198.6  |  prob: pos_wins=0.995 (goal→1.0)  |  gap=-8.164  loss=1.8373
[LOSS] alignment_loss_type=d3tw_char_pool  d3tw_loss=1.8373  d3tw_cost_pos=153.6129  d3tw_cost_neg=1198.6003  total_loss=1.8456  char_pool_loss=0.0166  effective_char_pool_weight=0.5000  char_pool_acc_top1=0.9981  char_pool_acc_top5=0.9995  char_pool_valid_chars=2080  char_pool_num_chars=2080  window_size=16  stride=16  window_overlap_mode=no_overlap  num_windows=64  sequence_length=128
Epoch 37, Batch 1, Loss: 1.8456
Epoch 37, Batch 2, Loss: 1.9966
Epoch 37, Batch 3, Loss: 2.0097
Epoch 37, Batch 4, Loss: 1.9373
Epoch 37, Batch 5, Loss: 1.9824
Epoch 37, Batch 6, Loss: 1.8713
Epoch 37, Batch 7, Loss: 1.9253
Epoch 37, Batch 8, Loss: 1.8722
Epoch 37, Batch 9, Loss: 1.9931
Epoch 37, Batch 10, Loss: 1.9178
[DTW] raw: pos=156.0  neg=1194.5  |  prob: pos_wins=0.995 (goal→1.0)  |  gap=-8.113  loss=1.8883
[LOSS] alignment_loss_type=d3tw_char_pool  d3tw_loss=1.8883  d3tw_cost_pos=156.0136  d3tw_cost_neg=1194.5215  total_loss=1.8951  char_pool_loss=0.0136  effective_char_pool_weight=0.5000  char_pool_acc_top1=0.9986  char_pool_acc_top5=0.9995  char_pool_valid_chars=2080  char_pool_num_chars=2080  window_size=16  stride=16  window_overlap_mode=no_overlap  num_windows=64  sequence_length=128
Epoch 37, Batch 11, Loss: 1.8951
Epoch 37, Batch 12, Loss: 1.9865
Epoch 37, Batch 13, Loss: 1.9061
Epoch 37, Batch 14, Loss: 1.8419
Epoch 37, Batch 15, Loss: 2.0985
Epoch 37, Batch 16, Loss: 2.0584
Epoch 37, Batch 17, Loss: 2.0478
Epoch 37, Batch 18, Loss: 1.9536
Epoch 37, Batch 19, Loss: 1.8945
Epoch 37, Batch 20, Loss: 2.0092
[DTW] raw: pos=154.5  neg=1181.1  |  prob: pos_wins=0.994 (goal→1.0)  |  gap=-8.020  loss=1.9818
[LOSS] alignment_loss_type=d3tw_char_pool  d3tw_loss=1.9818  d3tw_cost_pos=154.5406  d3tw_cost_neg=1181.0654  total_loss=1.9855  char_pool_loss=0.0074  effective_char_pool_weight=0.5000  char_pool_acc_top1=0.9995  char_pool_acc_top5=0.9995  char_pool_valid_chars=2080  char_pool_num_chars=2080  window_size=16  stride=16  window_overlap_mode=no_overlap  num_windows=64  sequence_length=128
Epoch 37, Batch 21, Loss: 1.9855
Epoch 37, Batch 22, Loss: 1.9411
Epoch 37, Batch 23, Loss: 1.8305
Epoch 37, Batch 24, Loss: 1.8901
Epoch 37, Batch 25, Loss: 1.9063
Epoch 37, Batch 26, Loss: 1.9270
Epoch 37, Batch 27, Loss: 1.8448
Epoch 37, Batch 28, Loss: 1.9514
Epoch 37, Batch 29, Loss: 1.9807
Epoch 37, Batch 30, Loss: 2.0095
[DTW] raw: pos=154.1  neg=1193.0  |  prob: pos_wins=0.995 (goal→1.0)  |  gap=-8.116  loss=1.8846
[LOSS] alignment_loss_type=d3tw_char_pool  d3tw_loss=1.8846  d3tw_cost_pos=154.1098  d3tw_cost_neg=1192.9595  total_loss=1.8849  char_pool_loss=0.0008  effective_char_pool_weight=0.5000  char_pool_acc_top1=0.9995  char_pool_acc_top5=1.0000  char_pool_valid_chars=2080  char_pool_num_chars=2080  window_size=16  stride=16  window_overlap_mode=no_overlap  num_windows=64  sequence_length=128
Epoch 37, Batch 31, Loss: 1.8849
Epoch 37, Batch 32, Loss: 1.8687
Epoch 37, Batch 33, Loss: 1.9199
Epoch 37, Batch 34, Loss: 1.9073
Epoch 37, Batch 35, Loss: 1.9353
Epoch 37, Batch 36, Loss: 1.8554
Epoch 37, Batch 37, Loss: 1.9866
Epoch 37, Batch 38, Loss: 1.9156
Epoch 37, Batch 39, Loss: 1.8963
Epoch 37, Batch 40, Loss: 2.0230
[DTW] raw: pos=153.1  neg=1182.1  |  prob: pos_wins=0.995 (goal→1.0)  |  gap=-8.039  loss=1.9611
[LOSS] alignment_loss_type=d3tw_char_pool  d3tw_loss=1.9611  d3tw_cost_pos=153.1042  d3tw_cost_neg=1182.0635  total_loss=1.9616  char_pool_loss=0.0009  effective_char_pool_weight=0.5000  char_pool_acc_top1=0.9995  char_pool_acc_top5=1.0000  char_pool_valid_chars=2080  char_pool_num_chars=2080  window_size=16  stride=16  window_overlap_mode=no_overlap  num_windows=64  sequence_length=128
Epoch 37, Batch 41, Loss: 1.9616
Epoch 37, Batch 42, Loss: 1.8974
Epoch 37, Batch 43, Loss: 1.9461
Epoch 37, Batch 44, Loss: 1.9180
Epoch 37, Batch 45, Loss: 1.8477
Epoch 37, Batch 46, Loss: 1.9240
Epoch 37, Batch 47, Loss: 1.9986
Epoch 37, Batch 48, Loss: 1.9807
Epoch 37, Batch 49, Loss: 2.0209
Epoch 37, Batch 50, Loss: 1.9673
[DTW] raw: pos=157.0  neg=1177.6  |  prob: pos_wins=0.994 (goal→1.0)  |  gap=-7.973  loss=2.0281
[LOSS] alignment_loss_type=d3tw_char_pool  d3tw_loss=2.0281  d3tw_cost_pos=156.9582  d3tw_cost_neg=1177.5630  total_loss=2.0286  char_pool_loss=0.0011  effective_char_pool_weight=0.5000  char_pool_acc_top1=0.9990  char_pool_acc_top5=1.0000  char_pool_valid_chars=2080  char_pool_num_chars=2080  window_size=16  stride=16  window_overlap_mode=no_overlap  num_windows=64  sequence_length=128
Epoch 37, Batch 51, Loss: 2.0286
Epoch 37, Batch 52, Loss: 2.1084
Epoch 37, Batch 53, Loss: 1.9773
Epoch 37, Batch 54, Loss: 1.9416
Epoch 37, Batch 55, Loss: 1.9851
Epoch 37, Batch 56, Loss: 2.0391
Epoch 37, Batch 57, Loss: 1.9754
Epoch 37, Batch 58, Loss: 1.9471
Epoch 37, Batch 59, Loss: 2.0193
Epoch 37, Batch 60, Loss: 2.0023
[DTW] raw: pos=152.7  neg=1193.6  |  prob: pos_wins=0.996 (goal→1.0)  |  gap=-8.132  loss=1.8689
[LOSS] alignment_loss_type=d3tw_char_pool  d3tw_loss=1.8689  d3tw_cost_pos=152.7224  d3tw_cost_neg=1193.5874  total_loss=1.8749  char_pool_loss=0.0120  effective_char_pool_weight=0.5000  char_pool_acc_top1=0.9986  char_pool_acc_top5=0.9995  char_pool_valid_chars=2080  char_pool_num_chars=2080  window_size=16  stride=16  window_overlap_mode=no_overlap  num_windows=64  sequence_length=128
Epoch 37, Batch 61, Loss: 1.8749
Epoch 37, Batch 62, Loss: 1.8871
Epoch 37, Batch 63, Loss: 1.9184
Epoch 37, Batch 64, Loss: 2.0158
Epoch 37, Batch 65, Loss: 1.9953
Epoch 37, Batch 66, Loss: 1.9751
Epoch 37, Batch 67, Loss: 2.0153
Epoch 37, Batch 68, Loss: 1.9763
Epoch 37, Batch 69, Loss: 2.0510
Epoch 37, Batch 70, Loss: 2.0171
[DTW] raw: pos=155.0  neg=1183.7  |  prob: pos_wins=0.995 (goal→1.0)  |  gap=-8.037  loss=1.9634
[LOSS] alignment_loss_type=d3tw_char_pool  d3tw_loss=1.9634  d3tw_cost_pos=154.9836  d3tw_cost_neg=1183.6560  total_loss=1.9638  char_pool_loss=0.0008  effective_char_pool_weight=0.5000  char_pool_acc_top1=0.9995  char_pool_acc_top5=1.0000  char_pool_valid_chars=2080  char_pool_num_chars=2080  window_size=16  stride=16  window_overlap_mode=no_overlap  num_windows=64  sequence_length=128
Epoch 37, Batch 71, Loss: 1.9638
Epoch 37, Batch 72, Loss: 2.0344
Epoch 37, Batch 73, Loss: 2.0185
Epoch 37, Batch 74, Loss: 1.8884
Epoch 37, Batch 75, Loss: 1.8651
Epoch 37, Batch 76, Loss: 2.0251
Epoch 37, Batch 77, Loss: 1.9485
Epoch 37, Batch 78, Loss: 1.9834
Epoch 37, Batch 79, Loss: 1.9459
Epoch 37, Batch 80, Loss: 1.9535
[DTW] raw: pos=155.4  neg=1193.3  |  prob: pos_wins=0.995 (goal→1.0)  |  gap=-8.109  loss=1.8927
[LOSS] alignment_loss_type=d3tw_char_pool  d3tw_loss=1.8927  d3tw_cost_pos=155.3763  d3tw_cost_neg=1193.2725  total_loss=1.9021  char_pool_loss=0.0190  effective_char_pool_weight=0.5000  char_pool_acc_top1=0.9981  char_pool_acc_top5=0.9990  char_pool_valid_chars=2080  char_pool_num_chars=2080  window_size=16  stride=16  window_overlap_mode=no_overlap  num_windows=64  sequence_length=128
Epoch 37, Batch 81, Loss: 1.9021
Epoch 37, Batch 82, Loss: 1.9681
Epoch 37, Batch 83, Loss: 1.9777
Epoch 37, Batch 84, Loss: 1.9998
Epoch 37, Batch 85, Loss: 1.9327
Epoch 37, Batch 86, Loss: 1.8187
Epoch 37, Batch 87, Loss: 1.9451
Epoch 37, Batch 88, Loss: 1.9148
Epoch 37, Batch 89, Loss: 1.9252
Epoch 37, Batch 90, Loss: 1.9502
[DTW] raw: pos=158.3  neg=1172.6  |  prob: pos_wins=0.994 (goal→1.0)  |  gap=-7.924  loss=2.0758
[LOSS] alignment_loss_type=d3tw_char_pool  d3tw_loss=2.0758  d3tw_cost_pos=158.2879  d3tw_cost_neg=1172.5967  total_loss=2.0777  char_pool_loss=0.0039  effective_char_pool_weight=0.5000  char_pool_acc_top1=0.9981  char_pool_acc_top5=1.0000  char_pool_valid_chars=2080  char_pool_num_chars=2080  window_size=16  stride=16  window_overlap_mode=no_overlap  num_windows=64  sequence_length=128
Epoch 37, Batch 91, Loss: 2.0777
Epoch 37, Batch 92, Loss: 1.9243
Epoch 37, Batch 93, Loss: 2.0063
Epoch 37, Batch 94, Loss: 2.0502
Epoch 37, Batch 95, Loss: 2.0588
Epoch 37, Batch 96, Loss: 1.9589
Epoch 37, Batch 97, Loss: 1.9607
Epoch 37, Batch 98, Loss: 1.9578
Epoch 37, Batch 99, Loss: 1.9991
Epoch 37, Batch 100, Loss: 2.0400
[DTW] raw: pos=157.0  neg=1177.7  |  prob: pos_wins=0.995 (goal→1.0)  |  gap=-7.974  loss=2.0264
[LOSS] alignment_loss_type=d3tw_char_pool  d3tw_loss=2.0264  d3tw_cost_pos=156.9962  d3tw_cost_neg=1177.7058  total_loss=2.0265  char_pool_loss=0.0003  effective_char_pool_weight=0.5000  char_pool_acc_top1=1.0000  char_pool_acc_top5=1.0000  char_pool_valid_chars=2080  char_pool_num_chars=2080  window_size=16  stride=16  window_overlap_mode=no_overlap  num_windows=64  sequence_length=128
Epoch 37, Batch 101, Loss: 2.0265
Epoch 37, Batch 102, Loss: 1.9842
Epoch 37, Batch 103, Loss: 2.0392
Epoch 37, Batch 104, Loss: 2.0685
Epoch 37, Batch 105, Loss: 1.9579
Epoch 37, Batch 106, Loss: 1.9264
Epoch 37, Batch 107, Loss: 1.9412
Epoch 37, Batch 108, Loss: 1.9503
Epoch 37, Batch 109, Loss: 1.8729
Epoch 37, Batch 110, Loss: 2.0790
[DTW] raw: pos=154.0  neg=1191.4  |  prob: pos_wins=0.995 (goal→1.0)  |  gap=-8.105  loss=1.8960
[LOSS] alignment_loss_type=d3tw_char_pool  d3tw_loss=1.8960  d3tw_cost_pos=153.9606  d3tw_cost_neg=1191.4143  total_loss=1.8979  char_pool_loss=0.0039  effective_char_pool_weight=0.5000  char_pool_acc_top1=0.9995  char_pool_acc_top5=1.0000  char_pool_valid_chars=2080  char_pool_num_chars=2080  window_size=16  stride=16  window_overlap_mode=no_overlap  num_windows=64  sequence_length=128
Epoch 37, Batch 111, Loss: 1.8979
Epoch 37, Batch 112, Loss: 1.8942
Epoch 37, Batch 113, Loss: 1.8608
Epoch 37, Batch 114, Loss: 1.8492
Epoch 37, Batch 115, Loss: 2.0167
Epoch 37, Batch 116, Loss: 2.0135
Epoch 37, Batch 117, Loss: 1.9031
Epoch 37, Batch 118, Loss: 1.8923
Epoch 37, Batch 119, Loss: 2.1559
Epoch 37, Batch 120, Loss: 1.9221
[DTW] raw: pos=156.4  neg=1187.3  |  prob: pos_wins=0.995 (goal→1.0)  |  gap=-8.054  loss=1.9461
[LOSS] alignment_loss_type=d3tw_char_pool  d3tw_loss=1.9461  d3tw_cost_pos=156.3917  d3tw_cost_neg=1187.2758  total_loss=1.9528  char_pool_loss=0.0133  effective_char_pool_weight=0.5000  char_pool_acc_top1=0.9976  char_pool_acc_top5=0.9995  char_pool_valid_chars=2080  char_pool_num_chars=2080  window_size=16  stride=16  window_overlap_mode=no_overlap  num_windows=64  sequence_length=128
Epoch 37, Batch 121, Loss: 1.9528
Epoch 37, Batch 122, Loss: 1.9505
Epoch 37, Batch 123, Loss: 1.8723
Epoch 37, Batch 124, Loss: 1.9022
Epoch 37, Batch 125, Loss: 1.9670
Epoch 37, Batch 126, Loss: 1.9127
Epoch 37, Batch 127, Loss: 1.9702
Epoch 37, Batch 128, Loss: 1.8884
Epoch 37, Batch 129, Loss: 1.9930
Epoch 37, Batch 130, Loss: 2.0203
[DTW] raw: pos=155.0  neg=1175.6  |  prob: pos_wins=0.994 (goal→1.0)  |  gap=-7.973  loss=2.0275
[LOSS] alignment_loss_type=d3tw_char_pool  d3tw_loss=2.0275  d3tw_cost_pos=155.0216  d3tw_cost_neg=1175.5612  total_loss=2.0289  char_pool_loss=0.0030  effective_char_pool_weight=0.5000  char_pool_acc_top1=0.9986  char_pool_acc_top5=1.0000  char_pool_valid_chars=2080  char_pool_num_chars=2080  window_size=16  stride=16  window_overlap_mode=no_overlap  num_windows=64  sequence_length=128
Epoch 37, Batch 131, Loss: 2.0289
Epoch 37, Batch 132, Loss: 2.0206
Epoch 37, Batch 133, Loss: 2.0355
Epoch 37, Batch 134, Loss: 1.9095
Epoch 37, Batch 135, Loss: 1.9399
Epoch 37, Batch 136, Loss: 1.8136
Epoch 37, Batch 137, Loss: 1.9345
Epoch 37, Batch 138, Loss: 1.9674
Epoch 37, Batch 139, Loss: 2.0502
Epoch 37, Batch 140, Loss: 1.9487
[DTW] raw: pos=154.4  neg=1185.6  |  prob: pos_wins=0.995 (goal→1.0)  |  gap=-8.056  loss=1.9459
[LOSS] alignment_loss_type=d3tw_char_pool  d3tw_loss=1.9459  d3tw_cost_pos=154.3942  d3tw_cost_neg=1185.5701  total_loss=1.9559  char_pool_loss=0.0198  effective_char_pool_weight=0.5000  char_pool_acc_top1=0.9971  char_pool_acc_top5=0.9990  char_pool_valid_chars=2080  char_pool_num_chars=2080  window_size=16  stride=16  window_overlap_mode=no_overlap  num_windows=64  sequence_length=128
Epoch 37, Batch 141, Loss: 1.9559
Epoch 37, Batch 142, Loss: 1.9700
Epoch 37, Batch 143, Loss: 1.8704
Epoch 37, Batch 144, Loss: 1.9031
Epoch 37, Batch 145, Loss: 1.9995
Epoch 37, Batch 146, Loss: 1.9042
Epoch 37, Batch 147, Loss: 1.8147
Epoch 37, Batch 148, Loss: 2.0349
Epoch 37, Batch 149, Loss: 1.8934
Epoch 37, Batch 150, Loss: 1.9284
[DTW] raw: pos=152.0  neg=1198.4  |  prob: pos_wins=0.996 (goal→1.0)  |  gap=-8.175  loss=1.8252
[LOSS] alignment_loss_type=d3tw_char_pool  d3tw_loss=1.8252  d3tw_cost_pos=151.9599  d3tw_cost_neg=1198.3722  total_loss=1.8330  char_pool_loss=0.0155  effective_char_pool_weight=0.5000  char_pool_acc_top1=0.9981  char_pool_acc_top5=0.9995  char_pool_valid_chars=2080  char_pool_num_chars=2080  window_size=16  stride=16  window_overlap_mode=no_overlap  num_windows=64  sequence_length=128
Epoch 37, Batch 151, Loss: 1.8330
Epoch 37, Batch 152, Loss: 1.9830
Epoch 37, Batch 153, Loss: 1.9784
Epoch 37, Batch 154, Loss: 1.9741
Epoch 37, Batch 155, Loss: 2.0428
Epoch 37, Batch 156, Loss: 1.9267
Epoch 37, Batch 157, Loss: 1.9555
Epoch 37, Batch 158, Loss: 1.9726
Epoch 37, Batch 159, Loss: 2.0954
Epoch 37, Batch 160, Loss: 2.0277
[DTW] raw: pos=158.2  neg=1190.6  |  prob: pos_wins=0.995 (goal→1.0)  |  gap=-8.066  loss=1.9355
[LOSS] alignment_loss_type=d3tw_char_pool  d3tw_loss=1.9355  d3tw_cost_pos=158.1715  d3tw_cost_neg=1190.6281  total_loss=1.9386  char_pool_loss=0.0061  effective_char_pool_weight=0.5000  char_pool_acc_top1=0.9986  char_pool_acc_top5=1.0000  char_pool_valid_chars=2080  char_pool_num_chars=2080  window_size=16  stride=16  window_overlap_mode=no_overlap  num_windows=64  sequence_length=128
Epoch 37, Batch 161, Loss: 1.9386
Epoch 37, Batch 162, Loss: 1.9339
Epoch 37, Batch 163, Loss: 1.9233
Epoch 37, Batch 164, Loss: 2.0677
Epoch 37, Batch 165, Loss: 1.8381
Epoch 37, Batch 166, Loss: 1.9247
Epoch 37, Batch 167, Loss: 1.9476
Epoch 37, Batch 168, Loss: 1.9532
Epoch 37, Batch 169, Loss: 1.9183
Epoch 37, Batch 170, Loss: 1.9754
[DTW] raw: pos=153.6  neg=1179.8  |  prob: pos_wins=0.995 (goal→1.0)  |  gap=-8.018  loss=1.9831
[LOSS] alignment_loss_type=d3tw_char_pool  d3tw_loss=1.9831  d3tw_cost_pos=153.5979  d3tw_cost_neg=1179.8403  total_loss=1.9833  char_pool_loss=0.0005  effective_char_pool_weight=0.5000  char_pool_acc_top1=0.9995  char_pool_acc_top5=1.0000  char_pool_valid_chars=2080  char_pool_num_chars=2080  window_size=16  stride=16  window_overlap_mode=no_overlap  num_windows=64  sequence_length=128
Epoch 37, Batch 171, Loss: 1.9833
Epoch 37, Batch 172, Loss: 2.0073
Epoch 37, Batch 173, Loss: 2.0444
Epoch 37, Batch 174, Loss: 2.0444
Epoch 37, Batch 175, Loss: 2.0272
Epoch 37, Batch 176, Loss: 1.9464
Epoch 37, Batch 177, Loss: 2.0449
Epoch 37, Batch 178, Loss: 1.9785
Epoch 37, Batch 179, Loss: 1.9193
Epoch 37, Batch 180, Loss: 1.8958
[DTW] raw: pos=152.3  neg=1187.5  |  prob: pos_wins=0.995 (goal→1.0)  |  gap=-8.088  loss=1.9145
[LOSS] alignment_loss_type=d3tw_char_pool  d3tw_loss=1.9145  d3tw_cost_pos=152.2814  d3tw_cost_neg=1187.5203  total_loss=1.9199  char_pool_loss=0.0106  effective_char_pool_weight=0.5000  char_pool_acc_top1=0.9981  char_pool_acc_top5=0.9995  char_pool_valid_chars=2080  char_pool_num_chars=2080  window_size=16  stride=16  window_overlap_mode=no_overlap  num_windows=64  sequence_length=128
Epoch 37, Batch 181, Loss: 1.9199
Epoch 37, Batch 182, Loss: 1.9655
Epoch 37, Batch 183, Loss: 1.8535
Epoch 37, Batch 184, Loss: 1.9414
Epoch 37, Batch 185, Loss: 2.0731
Epoch 37, Batch 186, Loss: 1.9321
Epoch 37, Batch 187, Loss: 1.9775
Epoch 37, Batch 188, Loss: 1.9678
Epoch 37 - Train Loss: 1.9577
[DTW] raw: pos=159.1  neg=1178.4  |  prob: pos_wins=0.994 (goal→1.0)  |  gap=-7.963  loss=2.0367
[LOSS] alignment_loss_type=d3tw_char_pool  d3tw_loss=2.0367  d3tw_cost_pos=159.1372  d3tw_cost_neg=1178.4406  total_loss=2.0544  char_pool_loss=0.0355  effective_char_pool_weight=0.5000  char_pool_acc_top1=0.9971  char_pool_acc_top5=0.9976  char_pool_valid_chars=2080  char_pool_num_chars=2080  window_size=16  stride=16  window_overlap_mode=no_overlap  num_windows=64  sequence_length=128
[DTW] raw: pos=158.9  neg=1183.3  |  prob: pos_wins=0.994 (goal→1.0)  |  gap=-8.003  loss=1.9970
[LOSS] alignment_loss_type=d3tw_char_pool  d3tw_loss=1.9970  d3tw_cost_pos=158.9239  d3tw_cost_neg=1183.2886  total_loss=2.0051  char_pool_loss=0.0162  effective_char_pool_weight=0.5000  char_pool_acc_top1=0.9986  char_pool_acc_top5=0.9990  char_pool_valid_chars=2080  char_pool_num_chars=2080  window_size=16  stride=16  window_overlap_mode=no_overlap  num_windows=64  sequence_length=128
[DTW] raw: pos=158.8  neg=1193.5  |  prob: pos_wins=0.995 (goal→1.0)  |  gap=-8.084  loss=1.9182
[LOSS] alignment_loss_type=d3tw_char_pool  d3tw_loss=1.9182  d3tw_cost_pos=158.8178  d3tw_cost_neg=1193.5100  total_loss=1.9212  char_pool_loss=0.0060  effective_char_pool_weight=0.5000  char_pool_acc_top1=0.9990  char_pool_acc_top5=1.0000  char_pool_valid_chars=2080  char_pool_num_chars=2080  window_size=16  stride=16  window_overlap_mode=no_overlap  num_windows=64  sequence_length=128
[DTW] raw: pos=156.7  neg=1187.7  |  prob: pos_wins=0.994 (goal→1.0)  |  gap=-8.054  loss=1.9455
[LOSS] alignment_loss_type=d3tw_char_pool  d3tw_loss=1.9455  d3tw_cost_pos=156.7148  d3tw_cost_neg=1187.6895  total_loss=1.9587  char_pool_loss=0.0265  effective_char_pool_weight=0.5000  char_pool_acc_top1=0.9976  char_pool_acc_top5=0.9990  char_pool_valid_chars=2080  char_pool_num_chars=2080  window_size=16  stride=16  window_overlap_mode=no_overlap  num_windows=64  sequence_length=128
[DTW] raw: pos=154.3  neg=1191.0  |  prob: pos_wins=0.995 (goal→1.0)  |  gap=-8.099  loss=1.9011
[LOSS] alignment_loss_type=d3tw_char_pool  d3tw_loss=1.9011  d3tw_cost_pos=154.3301  d3tw_cost_neg=1190.9924  total_loss=1.9044  char_pool_loss=0.0065  effective_char_pool_weight=0.5000  char_pool_acc_top1=0.9995  char_pool_acc_top5=0.9995  char_pool_valid_chars=2080  char_pool_num_chars=2080  window_size=16  stride=16  window_overlap_mode=no_overlap  num_windows=64  sequence_length=128
[DTW] raw: pos=155.5  neg=1185.7  |  prob: pos_wins=0.995 (goal→1.0)  |  gap=-8.048  loss=1.9562
[LOSS] alignment_loss_type=d3tw_char_pool  d3tw_loss=1.9562  d3tw_cost_pos=155.5032  d3tw_cost_neg=1185.6594  total_loss=1.9606  char_pool_loss=0.0087  effective_char_pool_weight=0.5000  char_pool_acc_top1=0.9990  char_pool_acc_top5=0.9995  char_pool_valid_chars=2080  char_pool_num_chars=2080  window_size=16  stride=16  window_overlap_mode=no_overlap  num_windows=64  sequence_length=128
[DTW] raw: pos=153.4  neg=1192.1  |  prob: pos_wins=0.995 (goal→1.0)  |  gap=-8.114  loss=1.8865
[LOSS] alignment_loss_type=d3tw_char_pool  d3tw_loss=1.8865  d3tw_cost_pos=153.4045  d3tw_cost_neg=1192.0542  total_loss=1.8891  char_pool_loss=0.0052  effective_char_pool_weight=0.5000  char_pool_acc_top1=0.9986  char_pool_acc_top5=1.0000  char_pool_valid_chars=2080  char_pool_num_chars=2080  window_size=16  stride=16  window_overlap_mode=no_overlap  num_windows=64  sequence_length=128
Epoch 37 - Validation Loss: 1.9658
Epoch 37 completed in 13m 53.62s
Epoch 37 - Peak GPU memory: 2267.0 MB
============================================================
Epoch 38 - Soft-DTW gamma: 0.100000
[DTW] raw: pos=158.0  neg=1189.9  |  prob: pos_wins=0.995 (goal→1.0)  |  gap=-8.062  loss=1.9390
[LOSS] alignment_loss_type=d3tw_char_pool  d3tw_loss=1.9390  d3tw_cost_pos=158.0049  d3tw_cost_neg=1189.9037  total_loss=1.9390  char_pool_loss=0.0001  effective_char_pool_weight=0.5000  char_pool_acc_top1=1.0000  char_pool_acc_top5=1.0000  char_pool_valid_chars=2080  char_pool_num_chars=2080  window_size=16  stride=16  window_overlap_mode=no_overlap  num_windows=64  sequence_length=128
Epoch 38, Batch 1, Loss: 1.9390
Epoch 38, Batch 2, Loss: 1.9745
Epoch 38, Batch 3, Loss: 1.9919
Epoch 38, Batch 4, Loss: 2.0638
Epoch 38, Batch 5, Loss: 1.9858
Epoch 38, Batch 6, Loss: 2.0240
Epoch 38, Batch 7, Loss: 1.9006
Epoch 38, Batch 8, Loss: 1.9914
Epoch 38, Batch 9, Loss: 1.9566
Epoch 38, Batch 10, Loss: 1.9279
[DTW] raw: pos=155.7  neg=1199.2  |  prob: pos_wins=0.995 (goal→1.0)  |  gap=-8.153  loss=1.8484
[LOSS] alignment_loss_type=d3tw_char_pool  d3tw_loss=1.8484  d3tw_cost_pos=155.6995  d3tw_cost_neg=1199.2295  total_loss=1.8523  char_pool_loss=0.0077  effective_char_pool_weight=0.5000  char_pool_acc_top1=0.9990  char_pool_acc_top5=0.9995  char_pool_valid_chars=2080  char_pool_num_chars=2080  window_size=16  stride=16  window_overlap_mode=no_overlap  num_windows=64  sequence_length=128
Epoch 38, Batch 11, Loss: 1.8523
Epoch 38, Batch 12, Loss: 1.8806
Epoch 38, Batch 13, Loss: 1.9297
Epoch 38, Batch 14, Loss: 2.0423
Epoch 38, Batch 15, Loss: 1.8655
Epoch 38, Batch 16, Loss: 1.9298
Epoch 38, Batch 17, Loss: 1.8369
Epoch 38, Batch 18, Loss: 1.8411
Epoch 38, Batch 19, Loss: 1.9388
Epoch 38, Batch 20, Loss: 1.9128
[DTW] raw: pos=159.2  neg=1188.0  |  prob: pos_wins=0.995 (goal→1.0)  |  gap=-8.038  loss=1.9634
[LOSS] alignment_loss_type=d3tw_char_pool  d3tw_loss=1.9634  d3tw_cost_pos=159.2066  d3tw_cost_neg=1188.0356  total_loss=1.9641  char_pool_loss=0.0013  effective_char_pool_weight=0.5000  char_pool_acc_top1=0.9995  char_pool_acc_top5=1.0000  char_pool_valid_chars=2080  char_pool_num_chars=2080  window_size=16  stride=16  window_overlap_mode=no_overlap  num_windows=64  sequence_length=128
Epoch 38, Batch 21, Loss: 1.9641
Epoch 38, Batch 22, Loss: 1.7849
Epoch 38, Batch 23, Loss: 1.9200
Epoch 38, Batch 24, Loss: 1.8730
Epoch 38, Batch 25, Loss: 1.9908
Epoch 38, Batch 26, Loss: 2.0607
Epoch 38, Batch 27, Loss: 1.9803
Epoch 38, Batch 28, Loss: 1.9837
Epoch 38, Batch 29, Loss: 1.9807
Epoch 38, Batch 30, Loss: 1.8328
[DTW] raw: pos=155.9  neg=1191.3  |  prob: pos_wins=0.995 (goal→1.0)  |  gap=-8.089  loss=1.9121
[LOSS] alignment_loss_type=d3tw_char_pool  d3tw_loss=1.9121  d3tw_cost_pos=155.8918  d3tw_cost_neg=1191.2510  total_loss=1.9167  char_pool_loss=0.0092  effective_char_pool_weight=0.5000  char_pool_acc_top1=0.9990  char_pool_acc_top5=1.0000  char_pool_valid_chars=2080  char_pool_num_chars=2080  window_size=16  stride=16  window_overlap_mode=no_overlap  num_windows=64  sequence_length=128
Epoch 38, Batch 31, Loss: 1.9167
Epoch 38, Batch 32, Loss: 1.9969
Epoch 38, Batch 33, Loss: 1.8435
Epoch 38, Batch 34, Loss: 2.0213
Epoch 38, Batch 35, Loss: 1.9762
Epoch 38, Batch 36, Loss: 1.8833
Epoch 38, Batch 37, Loss: 2.0313
Epoch 38, Batch 38, Loss: 1.9760
Epoch 38, Batch 39, Loss: 1.8555
Epoch 38, Batch 40, Loss: 1.9433
[DTW] raw: pos=152.8  neg=1195.5  |  prob: pos_wins=0.995 (goal→1.0)  |  gap=-8.146  loss=1.8538
[LOSS] alignment_loss_type=d3tw_char_pool  d3tw_loss=1.8538  d3tw_cost_pos=152.7723  d3tw_cost_neg=1195.4673  total_loss=1.8620  char_pool_loss=0.0163  effective_char_pool_weight=0.5000  char_pool_acc_top1=0.9986  char_pool_acc_top5=0.9990  char_pool_valid_chars=2080  char_pool_num_chars=2080  window_size=16  stride=16  window_overlap_mode=no_overlap  num_windows=64  sequence_length=128
Epoch 38, Batch 41, Loss: 1.8620
Epoch 38, Batch 42, Loss: 1.9880
Epoch 38, Batch 43, Loss: 1.8882
Epoch 38, Batch 44, Loss: 2.1228
Epoch 38, Batch 45, Loss: 1.9505
Epoch 38, Batch 46, Loss: 1.8806
Epoch 38, Batch 47, Loss: 2.0170
Epoch 38, Batch 48, Loss: 2.0129
Epoch 38, Batch 49, Loss: 1.9113
Epoch 38, Batch 50, Loss: 1.9082
[DTW] raw: pos=156.2  neg=1180.3  |  prob: pos_wins=0.995 (goal→1.0)  |  gap=-8.001  loss=1.9995
[LOSS] alignment_loss_type=d3tw_char_pool  d3tw_loss=1.9995  d3tw_cost_pos=156.2033  d3tw_cost_neg=1180.3218  total_loss=2.0001  char_pool_loss=0.0013  effective_char_pool_weight=0.5000  char_pool_acc_top1=0.9990  char_pool_acc_top5=1.0000  char_pool_valid_chars=2080  char_pool_num_chars=2080  window_size=16  stride=16  window_overlap_mode=no_overlap  num_windows=64  sequence_length=128
Epoch 38, Batch 51, Loss: 2.0001
Epoch 38, Batch 52, Loss: 2.0771
Epoch 38, Batch 53, Loss: 1.9953
Epoch 38, Batch 54, Loss: 1.9657
Epoch 38, Batch 55, Loss: 1.8128
Epoch 38, Batch 56, Loss: 1.9044
Epoch 38, Batch 57, Loss: 1.9901
Epoch 38, Batch 58, Loss: 1.9488
Epoch 38, Batch 59, Loss: 2.0302
Epoch 38, Batch 60, Loss: 1.9963
[DTW] raw: pos=155.6  neg=1187.0  |  prob: pos_wins=0.995 (goal→1.0)  |  gap=-8.058  loss=1.9464
[LOSS] alignment_loss_type=d3tw_char_pool  d3tw_loss=1.9464  d3tw_cost_pos=155.6062  d3tw_cost_neg=1186.9723  total_loss=1.9499  char_pool_loss=0.0070  effective_char_pool_weight=0.5000  char_pool_acc_top1=0.9995  char_pool_acc_top5=0.9995  char_pool_valid_chars=2080  char_pool_num_chars=2080  window_size=16  stride=16  window_overlap_mode=no_overlap  num_windows=64  sequence_length=128
Epoch 38, Batch 61, Loss: 1.9499
Epoch 38, Batch 62, Loss: 1.9971
Epoch 38, Batch 63, Loss: 1.9706
Epoch 38, Batch 64, Loss: 1.9081
Epoch 38, Batch 65, Loss: 1.9564
Epoch 38, Batch 66, Loss: 1.9099
Epoch 38, Batch 67, Loss: 1.9331
Epoch 38, Batch 68, Loss: 1.8983
Epoch 38, Batch 69, Loss: 1.9545
Epoch 38, Batch 70, Loss: 2.1083
[DTW] raw: pos=158.0  neg=1185.2  |  prob: pos_wins=0.995 (goal→1.0)  |  gap=-8.025  loss=1.9774
[LOSS] alignment_loss_type=d3tw_char_pool  d3tw_loss=1.9774  d3tw_cost_pos=158.0469  d3tw_cost_neg=1185.2186  total_loss=1.9811  char_pool_loss=0.0074  effective_char_pool_weight=0.5000  char_pool_acc_top1=0.9990  char_pool_acc_top5=0.9995  char_pool_valid_chars=2080  char_pool_num_chars=2080  window_size=16  stride=16  window_overlap_mode=no_overlap  num_windows=64  sequence_length=128
Epoch 38, Batch 71, Loss: 1.9811
Epoch 38, Batch 72, Loss: 2.0116
Epoch 38, Batch 73, Loss: 1.9111
Epoch 38, Batch 74, Loss: 1.9393
Epoch 38, Batch 75, Loss: 1.9443
Epoch 38, Batch 76, Loss: 1.8861
Epoch 38, Batch 77, Loss: 1.9705
Epoch 38, Batch 78, Loss: 1.9656
Epoch 38, Batch 79, Loss: 1.9826
Epoch 38, Batch 80, Loss: 1.9852
[DTW] raw: pos=155.4  neg=1184.1  |  prob: pos_wins=0.995 (goal→1.0)  |  gap=-8.037  loss=1.9652
[LOSS] alignment_loss_type=d3tw_char_pool  d3tw_loss=1.9652  d3tw_cost_pos=155.4094  d3tw_cost_neg=1184.1021  total_loss=1.9663  char_pool_loss=0.0022  effective_char_pool_weight=0.5000  char_pool_acc_top1=0.9995  char_pool_acc_top5=1.0000  char_pool_valid_chars=2080  char_pool_num_chars=2080  window_size=16  stride=16  window_overlap_mode=no_overlap  num_windows=64  sequence_length=128
Epoch 38, Batch 81, Loss: 1.9663
Epoch 38, Batch 82, Loss: 1.9745
Epoch 38, Batch 83, Loss: 1.8908
Epoch 38, Batch 84, Loss: 1.9581
Epoch 38, Batch 85, Loss: 1.9734
Epoch 38, Batch 86, Loss: 1.9653
Epoch 38, Batch 87, Loss: 1.8987
Epoch 38, Batch 88, Loss: 1.9143
Epoch 38, Batch 89, Loss: 2.0268
Epoch 38, Batch 90, Loss: 2.1216
[DTW] raw: pos=155.3  neg=1176.6  |  prob: pos_wins=0.995 (goal→1.0)  |  gap=-7.979  loss=2.0239
[LOSS] alignment_loss_type=d3tw_char_pool  d3tw_loss=2.0239  d3tw_cost_pos=155.2654  d3tw_cost_neg=1176.5854  total_loss=2.0388  char_pool_loss=0.0299  effective_char_pool_weight=0.5000  char_pool_acc_top1=0.9971  char_pool_acc_top5=0.9986  char_pool_valid_chars=2080  char_pool_num_chars=2080  window_size=16  stride=16  window_overlap_mode=no_overlap  num_windows=64  sequence_length=128
Epoch 38, Batch 91, Loss: 2.0388
Epoch 38, Batch 92, Loss: 2.0148
Epoch 38, Batch 93, Loss: 2.0174
Epoch 38, Batch 94, Loss: 1.8892
Epoch 38, Batch 95, Loss: 1.9278
Epoch 38, Batch 96, Loss: 1.9828
Epoch 38, Batch 97, Loss: 1.9113
Epoch 38, Batch 98, Loss: 2.0325
Epoch 38, Batch 99, Loss: 1.9285
Epoch 38, Batch 100, Loss: 2.0013
[DTW] raw: pos=154.6  neg=1186.5  |  prob: pos_wins=0.995 (goal→1.0)  |  gap=-8.062  loss=1.9388
[LOSS] alignment_loss_type=d3tw_char_pool  d3tw_loss=1.9388  d3tw_cost_pos=154.6253  d3tw_cost_neg=1186.5236  total_loss=1.9452  char_pool_loss=0.0130  effective_char_pool_weight=0.5000  char_pool_acc_top1=0.9986  char_pool_acc_top5=1.0000  char_pool_valid_chars=2080  char_pool_num_chars=2080  window_size=16  stride=16  window_overlap_mode=no_overlap  num_windows=64  sequence_length=128
Epoch 38, Batch 101, Loss: 1.9452
Epoch 38, Batch 102, Loss: 1.9332
Epoch 38, Batch 103, Loss: 2.0645
Epoch 38, Batch 104, Loss: 1.9111
Epoch 38, Batch 105, Loss: 2.0748
Epoch 38, Batch 106, Loss: 2.0227
Epoch 38, Batch 107, Loss: 1.8975
Epoch 38, Batch 108, Loss: 1.9627
Epoch 38, Batch 109, Loss: 1.9020
Epoch 38, Batch 110, Loss: 1.8748
[DTW] raw: pos=156.1  neg=1193.3  |  prob: pos_wins=0.995 (goal→1.0)  |  gap=-8.103  loss=1.9002
[LOSS] alignment_loss_type=d3tw_char_pool  d3tw_loss=1.9002  d3tw_cost_pos=156.1465  d3tw_cost_neg=1193.2686  total_loss=1.9046  char_pool_loss=0.0086  effective_char_pool_weight=0.5000  char_pool_acc_top1=0.9990  char_pool_acc_top5=0.9995  char_pool_valid_chars=2080  char_pool_num_chars=2080  window_size=16  stride=16  window_overlap_mode=no_overlap  num_windows=64  sequence_length=128
Epoch 38, Batch 111, Loss: 1.9046
Epoch 38, Batch 112, Loss: 1.8975
Epoch 38, Batch 113, Loss: 1.9271
Epoch 38, Batch 114, Loss: 2.0165
Epoch 38, Batch 115, Loss: 2.0184
Epoch 38, Batch 116, Loss: 1.8315
Epoch 38, Batch 117, Loss: 1.9428
Epoch 38, Batch 118, Loss: 1.9782
Epoch 38, Batch 119, Loss: 2.0136
Epoch 38, Batch 120, Loss: 1.9391
[DTW] raw: pos=153.4  neg=1190.2  |  prob: pos_wins=0.995 (goal→1.0)  |  gap=-8.100  loss=1.9041
[LOSS] alignment_loss_type=d3tw_char_pool  d3tw_loss=1.9041  d3tw_cost_pos=153.4040  d3tw_cost_neg=1190.1672  total_loss=1.9078  char_pool_loss=0.0073  effective_char_pool_weight=0.5000  char_pool_acc_top1=0.9995  char_pool_acc_top5=0.9995  char_pool_valid_chars=2080  char_pool_num_chars=2080  window_size=16  stride=16  window_overlap_mode=no_overlap  num_windows=64  sequence_length=128
Epoch 38, Batch 121, Loss: 1.9078
Epoch 38, Batch 122, Loss: 1.8985
Epoch 38, Batch 123, Loss: 2.0497
Epoch 38, Batch 124, Loss: 1.9142
Epoch 38, Batch 125, Loss: 1.8538
Epoch 38, Batch 126, Loss: 1.9129
Epoch 38, Batch 127, Loss: 1.8639
Epoch 38, Batch 128, Loss: 1.9065
Epoch 38, Batch 129, Loss: 1.8888
Epoch 38, Batch 130, Loss: 1.8736
[DTW] raw: pos=154.5  neg=1193.5  |  prob: pos_wins=0.995 (goal→1.0)  |  gap=-8.117  loss=1.8842
[LOSS] alignment_loss_type=d3tw_char_pool  d3tw_loss=1.8842  d3tw_cost_pos=154.4821  d3tw_cost_neg=1193.4906  total_loss=1.8889  char_pool_loss=0.0094  effective_char_pool_weight=0.5000  char_pool_acc_top1=0.9986  char_pool_acc_top5=0.9995  char_pool_valid_chars=2080  char_pool_num_chars=2080  window_size=16  stride=16  window_overlap_mode=no_overlap  num_windows=64  sequence_length=128
Epoch 38, Batch 131, Loss: 1.8889
Epoch 38, Batch 132, Loss: 1.9381
Epoch 38, Batch 133, Loss: 1.7818
Epoch 38, Batch 134, Loss: 2.0157
Epoch 38, Batch 135, Loss: 1.8197
Epoch 38, Batch 136, Loss: 2.0344
Epoch 38, Batch 137, Loss: 1.9443
Epoch 38, Batch 138, Loss: 2.0441
Epoch 38, Batch 139, Loss: 2.0109
Epoch 38, Batch 140, Loss: 1.9127
[DTW] raw: pos=155.8  neg=1177.7  |  prob: pos_wins=0.995 (goal→1.0)  |  gap=-7.983  loss=2.0167
[LOSS] alignment_loss_type=d3tw_char_pool  d3tw_loss=2.0167  d3tw_cost_pos=155.8442  d3tw_cost_neg=1177.6864  total_loss=2.0170  char_pool_loss=0.0005  effective_char_pool_weight=0.5000  char_pool_acc_top1=1.0000  char_pool_acc_top5=1.0000  char_pool_valid_chars=2080  char_pool_num_chars=2080  window_size=16  stride=16  window_overlap_mode=no_overlap  num_windows=64  sequence_length=128
Epoch 38, Batch 141, Loss: 2.0170
Epoch 38, Batch 142, Loss: 2.0440
Epoch 38, Batch 143, Loss: 2.0428
Epoch 38, Batch 144, Loss: 1.9709
Epoch 38, Batch 145, Loss: 1.9703
Epoch 38, Batch 146, Loss: 1.9559
Epoch 38, Batch 147, Loss: 2.0416
Epoch 38, Batch 148, Loss: 1.9129
Epoch 38, Batch 149, Loss: 1.9485
Epoch 38, Batch 150, Loss: 2.0562
[DTW] raw: pos=155.2  neg=1195.2  |  prob: pos_wins=0.996 (goal→1.0)  |  gap=-8.125  loss=1.8786
[LOSS] alignment_loss_type=d3tw_char_pool  d3tw_loss=1.8786  d3tw_cost_pos=155.1973  d3tw_cost_neg=1195.1519  total_loss=1.8802  char_pool_loss=0.0033  effective_char_pool_weight=0.5000  char_pool_acc_top1=0.9995  char_pool_acc_top5=1.0000  char_pool_valid_chars=2080  char_pool_num_chars=2080  window_size=16  stride=16  window_overlap_mode=no_overlap  num_windows=64  sequence_length=128
Epoch 38, Batch 151, Loss: 1.8802
Epoch 38, Batch 152, Loss: 1.8688
Epoch 38, Batch 153, Loss: 1.9747
Epoch 38, Batch 154, Loss: 1.9821
Epoch 38, Batch 155, Loss: 1.8903
Epoch 38, Batch 156, Loss: 1.9633
Epoch 38, Batch 157, Loss: 1.9066
Epoch 38, Batch 158, Loss: 1.9968
Epoch 38, Batch 159, Loss: 1.9695
Epoch 38, Batch 160, Loss: 1.9037
[DTW] raw: pos=154.2  neg=1197.8  |  prob: pos_wins=0.995 (goal→1.0)  |  gap=-8.153  loss=1.8506
[LOSS] alignment_loss_type=d3tw_char_pool  d3tw_loss=1.8506  d3tw_cost_pos=154.1781  d3tw_cost_neg=1197.7954  total_loss=1.8542  char_pool_loss=0.0071  effective_char_pool_weight=0.5000  char_pool_acc_top1=0.9986  char_pool_acc_top5=1.0000  char_pool_valid_chars=2080  char_pool_num_chars=2080  window_size=16  stride=16  window_overlap_mode=no_overlap  num_windows=64  sequence_length=128
Epoch 38, Batch 161, Loss: 1.8542
Epoch 38, Batch 162, Loss: 1.9583
Epoch 38, Batch 163, Loss: 1.9878
Epoch 38, Batch 164, Loss: 2.0106
Epoch 38, Batch 165, Loss: 1.9245
Epoch 38, Batch 166, Loss: 2.0116
Epoch 38, Batch 167, Loss: 1.9701
Epoch 38, Batch 168, Loss: 1.9529
Epoch 38, Batch 169, Loss: 1.9748
Epoch 38, Batch 170, Loss: 2.0520
[DTW] raw: pos=153.3  neg=1193.6  |  prob: pos_wins=0.995 (goal→1.0)  |  gap=-8.127  loss=1.8781
[LOSS] alignment_loss_type=d3tw_char_pool  d3tw_loss=1.8781  d3tw_cost_pos=153.2744  d3tw_cost_neg=1193.5757  total_loss=1.8863  char_pool_loss=0.0164  effective_char_pool_weight=0.5000  char_pool_acc_top1=0.9976  char_pool_acc_top5=1.0000  char_pool_valid_chars=2080  char_pool_num_chars=2080  window_size=16  stride=16  window_overlap_mode=no_overlap  num_windows=64  sequence_length=128
Epoch 38, Batch 171, Loss: 1.8863
Epoch 38, Batch 172, Loss: 1.9841
Epoch 38, Batch 173, Loss: 1.9481
Epoch 38, Batch 174, Loss: 1.9758
Epoch 38, Batch 175, Loss: 1.8760
Epoch 38, Batch 176, Loss: 1.9548
Epoch 38, Batch 177, Loss: 1.9250
Epoch 38, Batch 178, Loss: 1.9117
Epoch 38, Batch 179, Loss: 1.9760
Epoch 38, Batch 180, Loss: 1.8586
[DTW] raw: pos=158.0  neg=1195.3  |  prob: pos_wins=0.996 (goal→1.0)  |  gap=-8.104  loss=1.8964
[LOSS] alignment_loss_type=d3tw_char_pool  d3tw_loss=1.8964  d3tw_cost_pos=157.9869  d3tw_cost_neg=1195.2883  total_loss=1.8970  char_pool_loss=0.0012  effective_char_pool_weight=0.5000  char_pool_acc_top1=0.9995  char_pool_acc_top5=1.0000  char_pool_valid_chars=2080  char_pool_num_chars=2080  window_size=16  stride=16  window_overlap_mode=no_overlap  num_windows=64  sequence_length=128
Epoch 38, Batch 181, Loss: 1.8970
Epoch 38, Batch 182, Loss: 2.0110
Epoch 38, Batch 183, Loss: 2.0237
Epoch 38, Batch 184, Loss: 1.9590
Epoch 38, Batch 185, Loss: 1.8962
Epoch 38, Batch 186, Loss: 2.0252
Epoch 38, Batch 187, Loss: 1.9048
Epoch 38, Batch 188, Loss: 1.9400
Epoch 38 - Train Loss: 1.9517
[DTW] raw: pos=158.9  neg=1185.3  |  prob: pos_wins=0.995 (goal→1.0)  |  gap=-8.019  loss=1.9814
[LOSS] alignment_loss_type=d3tw_char_pool  d3tw_loss=1.9814  d3tw_cost_pos=158.9398  d3tw_cost_neg=1185.3438  total_loss=2.0004  char_pool_loss=0.0379  effective_char_pool_weight=0.5000  char_pool_acc_top1=0.9971  char_pool_acc_top5=0.9976  char_pool_valid_chars=2080  char_pool_num_chars=2080  window_size=16  stride=16  window_overlap_mode=no_overlap  num_windows=64  sequence_length=128
[DTW] raw: pos=158.5  neg=1191.4  |  prob: pos_wins=0.995 (goal→1.0)  |  gap=-8.069  loss=1.9328
[LOSS] alignment_loss_type=d3tw_char_pool  d3tw_loss=1.9328  d3tw_cost_pos=158.5201  d3tw_cost_neg=1191.3777  total_loss=1.9443  char_pool_loss=0.0231  effective_char_pool_weight=0.5000  char_pool_acc_top1=0.9981  char_pool_acc_top5=0.9986  char_pool_valid_chars=2080  char_pool_num_chars=2080  window_size=16  stride=16  window_overlap_mode=no_overlap  num_windows=64  sequence_length=128
[DTW] raw: pos=159.7  neg=1190.2  |  prob: pos_wins=0.994 (goal→1.0)  |  gap=-8.051  loss=1.9502
[LOSS] alignment_loss_type=d3tw_char_pool  d3tw_loss=1.9502  d3tw_cost_pos=159.6598  d3tw_cost_neg=1190.1791  total_loss=1.9543  char_pool_loss=0.0082  effective_char_pool_weight=0.5000  char_pool_acc_top1=0.9986  char_pool_acc_top5=1.0000  char_pool_valid_chars=2080  char_pool_num_chars=2080  window_size=16  stride=16  window_overlap_mode=no_overlap  num_windows=64  sequence_length=128
[DTW] raw: pos=157.1  neg=1190.2  |  prob: pos_wins=0.995 (goal→1.0)  |  gap=-8.071  loss=1.9320
[LOSS] alignment_loss_type=d3tw_char_pool  d3tw_loss=1.9320  d3tw_cost_pos=157.1446  d3tw_cost_neg=1190.1932  total_loss=1.9484  char_pool_loss=0.0330  effective_char_pool_weight=0.5000  char_pool_acc_top1=0.9962  char_pool_acc_top5=0.9981  char_pool_valid_chars=2080  char_pool_num_chars=2080  window_size=16  stride=16  window_overlap_mode=no_overlap  num_windows=64  sequence_length=128
[DTW] raw: pos=155.6  neg=1188.1  |  prob: pos_wins=0.995 (goal→1.0)  |  gap=-8.067  loss=1.9349
[LOSS] alignment_loss_type=d3tw_char_pool  d3tw_loss=1.9349  d3tw_cost_pos=155.6197  d3tw_cost_neg=1188.1414  total_loss=1.9404  char_pool_loss=0.0110  effective_char_pool_weight=0.5000  char_pool_acc_top1=0.9986  char_pool_acc_top5=0.9995  char_pool_valid_chars=2080  char_pool_num_chars=2080  window_size=16  stride=16  window_overlap_mode=no_overlap  num_windows=64  sequence_length=128
[DTW] raw: pos=155.9  neg=1188.6  |  prob: pos_wins=0.995 (goal→1.0)  |  gap=-8.068  loss=1.9327
[LOSS] alignment_loss_type=d3tw_char_pool  d3tw_loss=1.9327  d3tw_cost_pos=155.8604  d3tw_cost_neg=1188.6251  total_loss=1.9406  char_pool_loss=0.0157  effective_char_pool_weight=0.5000  char_pool_acc_top1=0.9986  char_pool_acc_top5=0.9995  char_pool_valid_chars=2080  char_pool_num_chars=2080  window_size=16  stride=16  window_overlap_mode=no_overlap  num_windows=64  sequence_length=128
[DTW] raw: pos=154.1  neg=1202.5  |  prob: pos_wins=0.996 (goal→1.0)  |  gap=-8.191  loss=1.8132
[LOSS] alignment_loss_type=d3tw_char_pool  d3tw_loss=1.8132  d3tw_cost_pos=154.1311  d3tw_cost_neg=1202.5431  total_loss=1.8163  char_pool_loss=0.0062  effective_char_pool_weight=0.5000  char_pool_acc_top1=0.9981  char_pool_acc_top5=1.0000  char_pool_valid_chars=2080  char_pool_num_chars=2080  window_size=16  stride=16  window_overlap_mode=no_overlap  num_windows=64  sequence_length=128
Epoch 38 - Validation Loss: 1.9615
Epoch 38 completed in 13m 48.71s
Epoch 38 - Peak GPU memory: 2267.0 MB
============================================================
Epoch 39 - Soft-DTW gamma: 0.100000
[DTW] raw: pos=151.4  neg=1187.7  |  prob: pos_wins=0.995 (goal→1.0)  |  gap=-8.096  loss=1.9051
[LOSS] alignment_loss_type=d3tw_char_pool  d3tw_loss=1.9051  d3tw_cost_pos=151.3530  d3tw_cost_neg=1187.6666  total_loss=1.9102  char_pool_loss=0.0102  effective_char_pool_weight=0.5000  char_pool_acc_top1=0.9986  char_pool_acc_top5=0.9995  char_pool_valid_chars=2080  char_pool_num_chars=2080  window_size=16  stride=16  window_overlap_mode=no_overlap  num_windows=64  sequence_length=128
Epoch 39, Batch 1, Loss: 1.9102
Epoch 39, Batch 2, Loss: 1.9766
Epoch 39, Batch 3, Loss: 1.8904
Epoch 39, Batch 4, Loss: 2.0006
Epoch 39, Batch 5, Loss: 1.8540
Epoch 39, Batch 6, Loss: 1.9349
Epoch 39, Batch 7, Loss: 1.9787
Epoch 39, Batch 8, Loss: 1.9988
Epoch 39, Batch 9, Loss: 1.8821
Epoch 39, Batch 10, Loss: 1.8969
[DTW] raw: pos=154.9  neg=1187.9  |  prob: pos_wins=0.995 (goal→1.0)  |  gap=-8.070  loss=1.9320
[LOSS] alignment_loss_type=d3tw_char_pool  d3tw_loss=1.9320  d3tw_cost_pos=154.9240  d3tw_cost_neg=1187.9050  total_loss=1.9328  char_pool_loss=0.0016  effective_char_pool_weight=0.5000  char_pool_acc_top1=0.9995  char_pool_acc_top5=1.0000  char_pool_valid_chars=2080  char_pool_num_chars=2080  window_size=16  stride=16  window_overlap_mode=no_overlap  num_windows=64  sequence_length=128
Epoch 39, Batch 11, Loss: 1.9328
Epoch 39, Batch 12, Loss: 1.9835
Epoch 39, Batch 13, Loss: 1.9042
Epoch 39, Batch 14, Loss: 2.0867
Epoch 39, Batch 15, Loss: 1.9698
Epoch 39, Batch 16, Loss: 2.0374
Epoch 39, Batch 17, Loss: 1.9379
Epoch 39, Batch 18, Loss: 2.0064
Epoch 39, Batch 19, Loss: 1.9679
Epoch 39, Batch 20, Loss: 1.8575
[DTW] raw: pos=155.5  neg=1190.6  |  prob: pos_wins=0.995 (goal→1.0)  |  gap=-8.087  loss=1.9151
[LOSS] alignment_loss_type=d3tw_char_pool  d3tw_loss=1.9151  d3tw_cost_pos=155.4731  d3tw_cost_neg=1190.5671  total_loss=1.9174  char_pool_loss=0.0047  effective_char_pool_weight=0.5000  char_pool_acc_top1=0.9981  char_pool_acc_top5=1.0000  char_pool_valid_chars=2080  char_pool_num_chars=2080  window_size=16  stride=16  window_overlap_mode=no_overlap  num_windows=64  sequence_length=128
Epoch 39, Batch 21, Loss: 1.9174
Epoch 39, Batch 22, Loss: 1.9640
Epoch 39, Batch 23, Loss: 1.9181
Epoch 39, Batch 24, Loss: 2.0110
Epoch 39, Batch 25, Loss: 1.9448
Epoch 39, Batch 26, Loss: 1.9170
Epoch 39, Batch 27, Loss: 1.9484
Epoch 39, Batch 28, Loss: 1.9081
Epoch 39, Batch 29, Loss: 1.9617
Epoch 39, Batch 30, Loss: 1.9568
[DTW] raw: pos=158.2  neg=1190.6  |  prob: pos_wins=0.995 (goal→1.0)  |  gap=-8.066  loss=1.9367
[LOSS] alignment_loss_type=d3tw_char_pool  d3tw_loss=1.9367  d3tw_cost_pos=158.1819  d3tw_cost_neg=1190.6382  total_loss=1.9375  char_pool_loss=0.0015  effective_char_pool_weight=0.5000  char_pool_acc_top1=0.9995  char_pool_acc_top5=1.0000  char_pool_valid_chars=2080  char_pool_num_chars=2080  window_size=16  stride=16  window_overlap_mode=no_overlap  num_windows=64  sequence_length=128
Epoch 39, Batch 31, Loss: 1.9375
Epoch 39, Batch 32, Loss: 1.9606
Epoch 39, Batch 33, Loss: 1.9641
Epoch 39, Batch 34, Loss: 1.8773
Epoch 39, Batch 35, Loss: 1.9949
Epoch 39, Batch 36, Loss: 1.9275
Epoch 39, Batch 37, Loss: 1.8272
Epoch 39, Batch 38, Loss: 2.0050
Epoch 39, Batch 39, Loss: 1.8826
Epoch 39, Batch 40, Loss: 2.0531
[DTW] raw: pos=155.6  neg=1188.0  |  prob: pos_wins=0.995 (goal→1.0)  |  gap=-8.066  loss=1.9337
[LOSS] alignment_loss_type=d3tw_char_pool  d3tw_loss=1.9337  d3tw_cost_pos=155.5635  d3tw_cost_neg=1188.0361  total_loss=1.9353  char_pool_loss=0.0032  effective_char_pool_weight=0.5000  char_pool_acc_top1=0.9995  char_pool_acc_top5=1.0000  char_pool_valid_chars=2080  char_pool_num_chars=2080  window_size=16  stride=16  window_overlap_mode=no_overlap  num_windows=64  sequence_length=128
Epoch 39, Batch 41, Loss: 1.9353
Epoch 39, Batch 42, Loss: 1.9861
Epoch 39, Batch 43, Loss: 1.9646
Epoch 39, Batch 44, Loss: 1.9079
Epoch 39, Batch 45, Loss: 1.9594
Epoch 39, Batch 46, Loss: 1.9448
Epoch 39, Batch 47, Loss: 1.9714
Epoch 39, Batch 48, Loss: 1.9480
Epoch 39, Batch 49, Loss: 1.9539
Epoch 39, Batch 50, Loss: 2.0510
[DTW] raw: pos=153.7  neg=1182.5  |  prob: pos_wins=0.994 (goal→1.0)  |  gap=-8.038  loss=1.9635
[LOSS] alignment_loss_type=d3tw_char_pool  d3tw_loss=1.9635  d3tw_cost_pos=153.7058  d3tw_cost_neg=1182.5449  total_loss=1.9675  char_pool_loss=0.0081  effective_char_pool_weight=0.5000  char_pool_acc_top1=0.9990  char_pool_acc_top5=0.9995  char_pool_valid_chars=2080  char_pool_num_chars=2080  window_size=16  stride=16  window_overlap_mode=no_overlap  num_windows=64  sequence_length=128
Epoch 39, Batch 51, Loss: 1.9675
Epoch 39, Batch 52, Loss: 2.0474
Epoch 39, Batch 53, Loss: 1.9135
Epoch 39, Batch 54, Loss: 1.8800
Epoch 39, Batch 55, Loss: 2.0280
Epoch 39, Batch 56, Loss: 2.0360
Epoch 39, Batch 57, Loss: 2.0083
Epoch 39, Batch 58, Loss: 1.9330
Epoch 39, Batch 59, Loss: 2.0318
Epoch 39, Batch 60, Loss: 1.8692
[DTW] raw: pos=155.8  neg=1180.8  |  prob: pos_wins=0.995 (goal→1.0)  |  gap=-8.008  loss=1.9949
[LOSS] alignment_loss_type=d3tw_char_pool  d3tw_loss=1.9949  d3tw_cost_pos=155.8214  d3tw_cost_neg=1180.8170  total_loss=1.9953  char_pool_loss=0.0008  effective_char_pool_weight=0.5000  char_pool_acc_top1=0.9995  char_pool_acc_top5=1.0000  char_pool_valid_chars=2080  char_pool_num_chars=2080  window_size=16  stride=16  window_overlap_mode=no_overlap  num_windows=64  sequence_length=128
Epoch 39, Batch 61, Loss: 1.9953
Epoch 39, Batch 62, Loss: 1.9004
Epoch 39, Batch 63, Loss: 1.9872
Epoch 39, Batch 64, Loss: 1.9930
Epoch 39, Batch 65, Loss: 2.0720
Epoch 39, Batch 66, Loss: 2.0930
Epoch 39, Batch 67, Loss: 1.9328
Epoch 39, Batch 68, Loss: 1.9602
Epoch 39, Batch 69, Loss: 1.9631
Epoch 39, Batch 70, Loss: 1.9857
[DTW] raw: pos=153.1  neg=1188.2  |  prob: pos_wins=0.995 (goal→1.0)  |  gap=-8.087  loss=1.9218
[LOSS] alignment_loss_type=d3tw_char_pool  d3tw_loss=1.9218  d3tw_cost_pos=153.0858  d3tw_cost_neg=1188.2131  total_loss=1.9228  char_pool_loss=0.0020  effective_char_pool_weight=0.5000  char_pool_acc_top1=0.9995  char_pool_acc_top5=1.0000  char_pool_valid_chars=2080  char_pool_num_chars=2080  window_size=16  stride=16  window_overlap_mode=no_overlap  num_windows=64  sequence_length=128
Epoch 39, Batch 71, Loss: 1.9228
Epoch 39, Batch 72, Loss: 1.9249
Epoch 39, Batch 73, Loss: 1.9073
Epoch 39, Batch 74, Loss: 1.8902
Epoch 39, Batch 75, Loss: 1.8542
Epoch 39, Batch 76, Loss: 1.9214
Epoch 39, Batch 77, Loss: 2.0231
Epoch 39, Batch 78, Loss: 1.8628
Epoch 39, Batch 79, Loss: 1.7881
Epoch 39, Batch 80, Loss: 1.9620
[DTW] raw: pos=152.8  neg=1189.2  |  prob: pos_wins=0.995 (goal→1.0)  |  gap=-8.097  loss=1.9046
[LOSS] alignment_loss_type=d3tw_char_pool  d3tw_loss=1.9046  d3tw_cost_pos=152.8198  d3tw_cost_neg=1189.2129  total_loss=1.9059  char_pool_loss=0.0026  effective_char_pool_weight=0.5000  char_pool_acc_top1=0.9995  char_pool_acc_top5=1.0000  char_pool_valid_chars=2080  char_pool_num_chars=2080  window_size=16  stride=16  window_overlap_mode=no_overlap  num_windows=64  sequence_length=128
Epoch 39, Batch 81, Loss: 1.9059
Epoch 39, Batch 82, Loss: 1.8277
Epoch 39, Batch 83, Loss: 1.9509
Epoch 39, Batch 84, Loss: 1.9805
Epoch 39, Batch 85, Loss: 2.0366
Epoch 39, Batch 86, Loss: 1.9727
Epoch 39, Batch 87, Loss: 1.9071
Epoch 39, Batch 88, Loss: 1.8303
Epoch 39, Batch 89, Loss: 1.8567
Epoch 39, Batch 90, Loss: 2.0279
[DTW] raw: pos=153.3  neg=1177.5  |  prob: pos_wins=0.994 (goal→1.0)  |  gap=-8.001  loss=1.9989
[LOSS] alignment_loss_type=d3tw_char_pool  d3tw_loss=1.9989  d3tw_cost_pos=153.3286  d3tw_cost_neg=1177.4835  total_loss=2.0055  char_pool_loss=0.0131  effective_char_pool_weight=0.5000  char_pool_acc_top1=0.9981  char_pool_acc_top5=0.9995  char_pool_valid_chars=2080  char_pool_num_chars=2080  window_size=16  stride=16  window_overlap_mode=no_overlap  num_windows=64  sequence_length=128
Epoch 39, Batch 91, Loss: 2.0055
Epoch 39, Batch 92, Loss: 2.0984
Epoch 39, Batch 93, Loss: 1.9048
Epoch 39, Batch 94, Loss: 1.8620
Epoch 39, Batch 95, Loss: 1.8968
Epoch 39, Batch 96, Loss: 1.9040
Epoch 39, Batch 97, Loss: 1.9051
Epoch 39, Batch 98, Loss: 2.0206
Epoch 39, Batch 99, Loss: 1.9688
Epoch 39, Batch 100, Loss: 1.9769
[DTW] raw: pos=155.8  neg=1190.8  |  prob: pos_wins=0.995 (goal→1.0)  |  gap=-8.086  loss=1.9151
[LOSS] alignment_loss_type=d3tw_char_pool  d3tw_loss=1.9151  d3tw_cost_pos=155.8277  d3tw_cost_neg=1190.8313  total_loss=1.9151  char_pool_loss=0.0001  effective_char_pool_weight=0.5000  char_pool_acc_top1=1.0000  char_pool_acc_top5=1.0000  char_pool_valid_chars=2080  char_pool_num_chars=2080  window_size=16  stride=16  window_overlap_mode=no_overlap  num_windows=64  sequence_length=128
Epoch 39, Batch 101, Loss: 1.9151
Epoch 39, Batch 102, Loss: 2.0320
Epoch 39, Batch 103, Loss: 1.9405
Epoch 39, Batch 104, Loss: 1.8984
Epoch 39, Batch 105, Loss: 1.9876
Epoch 39, Batch 106, Loss: 1.9024
Epoch 39, Batch 107, Loss: 2.0538
Epoch 39, Batch 108, Loss: 2.0628
Epoch 39, Batch 109, Loss: 1.9617
Epoch 39, Batch 110, Loss: 2.0596
[DTW] raw: pos=154.3  neg=1182.4  |  prob: pos_wins=0.995 (goal→1.0)  |  gap=-8.032  loss=1.9699
[LOSS] alignment_loss_type=d3tw_char_pool  d3tw_loss=1.9699  d3tw_cost_pos=154.3281  d3tw_cost_neg=1182.3898  total_loss=1.9739  char_pool_loss=0.0081  effective_char_pool_weight=0.5000  char_pool_acc_top1=0.9981  char_pool_acc_top5=0.9995  char_pool_valid_chars=2080  char_pool_num_chars=2080  window_size=16  stride=16  window_overlap_mode=no_overlap  num_windows=64  sequence_length=128
Epoch 39, Batch 111, Loss: 1.9739
Epoch 39, Batch 112, Loss: 1.8474
Epoch 39, Batch 113, Loss: 1.9944
Epoch 39, Batch 114, Loss: 2.0269
Epoch 39, Batch 115, Loss: 1.8890
Epoch 39, Batch 116, Loss: 1.9393
Epoch 39, Batch 117, Loss: 1.9800
Epoch 39, Batch 118, Loss: 1.9753
Epoch 39, Batch 119, Loss: 1.8917
Epoch 39, Batch 120, Loss: 1.9725
[DTW] raw: pos=153.4  neg=1173.6  |  prob: pos_wins=0.994 (goal→1.0)  |  gap=-7.970  loss=2.0326
[LOSS] alignment_loss_type=d3tw_char_pool  d3tw_loss=2.0326  d3tw_cost_pos=153.4324  d3tw_cost_neg=1173.6274  total_loss=2.0350  char_pool_loss=0.0046  effective_char_pool_weight=0.5000  char_pool_acc_top1=0.9990  char_pool_acc_top5=1.0000  char_pool_valid_chars=2080  char_pool_num_chars=2080  window_size=16  stride=16  window_overlap_mode=no_overlap  num_windows=64  sequence_length=128
Epoch 39, Batch 121, Loss: 2.0350
Epoch 39, Batch 122, Loss: 1.9885
Epoch 39, Batch 123, Loss: 1.9436
Epoch 39, Batch 124, Loss: 1.8456
Epoch 39, Batch 125, Loss: 1.8846
Epoch 39, Batch 126, Loss: 2.0104
Epoch 39, Batch 127, Loss: 1.9106
Epoch 39, Batch 128, Loss: 1.9453
Epoch 39, Batch 129, Loss: 1.8212
Epoch 39, Batch 130, Loss: 1.9426
[DTW] raw: pos=158.0  neg=1179.1  |  prob: pos_wins=0.994 (goal→1.0)  |  gap=-7.977  loss=2.0249
[LOSS] alignment_loss_type=d3tw_char_pool  d3tw_loss=2.0249  d3tw_cost_pos=157.9778  d3tw_cost_neg=1179.0620  total_loss=2.0284  char_pool_loss=0.0070  effective_char_pool_weight=0.5000  char_pool_acc_top1=0.9995  char_pool_acc_top5=0.9995  char_pool_valid_chars=2080  char_pool_num_chars=2080  window_size=16  stride=16  window_overlap_mode=no_overlap  num_windows=64  sequence_length=128
Epoch 39, Batch 131, Loss: 2.0284
Epoch 39, Batch 132, Loss: 1.9841
Epoch 39, Batch 133, Loss: 1.9442
Epoch 39, Batch 134, Loss: 1.9650
Epoch 39, Batch 135, Loss: 1.9999
Epoch 39, Batch 136, Loss: 1.9916
Epoch 39, Batch 137, Loss: 1.9872
Epoch 39, Batch 138, Loss: 2.1083
Epoch 39, Batch 139, Loss: 2.0643
Epoch 39, Batch 140, Loss: 1.9672
[DTW] raw: pos=158.6  neg=1194.1  |  prob: pos_wins=0.995 (goal→1.0)  |  gap=-8.090  loss=1.9134
[LOSS] alignment_loss_type=d3tw_char_pool  d3tw_loss=1.9134  d3tw_cost_pos=158.6488  d3tw_cost_neg=1194.1318  total_loss=1.9147  char_pool_loss=0.0026  effective_char_pool_weight=0.5000  char_pool_acc_top1=0.9990  char_pool_acc_top5=1.0000  char_pool_valid_chars=2080  char_pool_num_chars=2080  window_size=16  stride=16  window_overlap_mode=no_overlap  num_windows=64  sequence_length=128
Epoch 39, Batch 141, Loss: 1.9147
Epoch 39, Batch 142, Loss: 1.8473
Epoch 39, Batch 143, Loss: 1.9430
Epoch 39, Batch 144, Loss: 2.0068
Epoch 39, Batch 145, Loss: 1.9689
Epoch 39, Batch 146, Loss: 1.9983
Epoch 39, Batch 147, Loss: 1.8997
Epoch 39, Batch 148, Loss: 1.9863
Epoch 39, Batch 149, Loss: 1.9892
Epoch 39, Batch 150, Loss: 1.9997
[DTW] raw: pos=158.3  neg=1186.7  |  prob: pos_wins=0.995 (goal→1.0)  |  gap=-8.035  loss=1.9690
[LOSS] alignment_loss_type=d3tw_char_pool  d3tw_loss=1.9690  d3tw_cost_pos=158.2899  d3tw_cost_neg=1186.7487  total_loss=1.9840  char_pool_loss=0.0301  effective_char_pool_weight=0.5000  char_pool_acc_top1=0.9957  char_pool_acc_top5=0.9986  char_pool_valid_chars=2080  char_pool_num_chars=2080  window_size=16  stride=16  window_overlap_mode=no_overlap  num_windows=64  sequence_length=128
Epoch 39, Batch 151, Loss: 1.9840
Epoch 39, Batch 152, Loss: 1.9349
Epoch 39, Batch 153, Loss: 1.9639
Epoch 39, Batch 154, Loss: 1.9947
Epoch 39, Batch 155, Loss: 2.0034
Epoch 39, Batch 156, Loss: 2.0015
Epoch 39, Batch 157, Loss: 1.9320
Epoch 39, Batch 158, Loss: 2.0007
Epoch 39, Batch 159, Loss: 2.0218
Epoch 39, Batch 160, Loss: 1.8957
[DTW] raw: pos=159.0  neg=1178.8  |  prob: pos_wins=0.994 (goal→1.0)  |  gap=-7.967  loss=2.0359
[LOSS] alignment_loss_type=d3tw_char_pool  d3tw_loss=2.0359  d3tw_cost_pos=159.0090  d3tw_cost_neg=1178.7635  total_loss=2.0364  char_pool_loss=0.0010  effective_char_pool_weight=0.5000  char_pool_acc_top1=0.9990  char_pool_acc_top5=1.0000  char_pool_valid_chars=2080  char_pool_num_chars=2080  window_size=16  stride=16  window_overlap_mode=no_overlap  num_windows=64  sequence_length=128
Epoch 39, Batch 161, Loss: 2.0364
Epoch 39, Batch 162, Loss: 1.9372
Epoch 39, Batch 163, Loss: 1.9494
Epoch 39, Batch 164, Loss: 2.0244
Epoch 39, Batch 165, Loss: 2.0027
Epoch 39, Batch 166, Loss: 1.8806
Epoch 39, Batch 167, Loss: 1.9009
Epoch 39, Batch 168, Loss: 1.9702
Epoch 39, Batch 169, Loss: 1.9341
Epoch 39, Batch 170, Loss: 1.8395
[DTW] raw: pos=151.9  neg=1199.4  |  prob: pos_wins=0.996 (goal→1.0)  |  gap=-8.184  loss=1.8194
[LOSS] alignment_loss_type=d3tw_char_pool  d3tw_loss=1.8194  d3tw_cost_pos=151.8530  d3tw_cost_neg=1199.4153  total_loss=1.8251  char_pool_loss=0.0114  effective_char_pool_weight=0.5000  char_pool_acc_top1=0.9986  char_pool_acc_top5=0.9995  char_pool_valid_chars=2080  char_pool_num_chars=2080  window_size=16  stride=16  window_overlap_mode=no_overlap  num_windows=64  sequence_length=128
Epoch 39, Batch 171, Loss: 1.8251
Epoch 39, Batch 172, Loss: 1.9045
Epoch 39, Batch 173, Loss: 1.9546
Epoch 39, Batch 174, Loss: 1.8951
Epoch 39, Batch 175, Loss: 1.9930
Epoch 39, Batch 176, Loss: 1.9942
Epoch 39, Batch 177, Loss: 1.8694
Epoch 39, Batch 178, Loss: 1.8720
Epoch 39, Batch 179, Loss: 2.0246
Epoch 39, Batch 180, Loss: 1.8991
[DTW] raw: pos=153.2  neg=1187.1  |  prob: pos_wins=0.995 (goal→1.0)  |  gap=-8.077  loss=1.9259
[LOSS] alignment_loss_type=d3tw_char_pool  d3tw_loss=1.9259  d3tw_cost_pos=153.2049  d3tw_cost_neg=1187.1011  total_loss=1.9277  char_pool_loss=0.0036  effective_char_pool_weight=0.5000  char_pool_acc_top1=0.9990  char_pool_acc_top5=1.0000  char_pool_valid_chars=2080  char_pool_num_chars=2080  window_size=16  stride=16  window_overlap_mode=no_overlap  num_windows=64  sequence_length=128
Epoch 39, Batch 181, Loss: 1.9277
Epoch 39, Batch 182, Loss: 2.0481
Epoch 39, Batch 183, Loss: 2.0006
Epoch 39, Batch 184, Loss: 1.8325
Epoch 39, Batch 185, Loss: 1.8158
Epoch 39, Batch 186, Loss: 1.9686
Epoch 39, Batch 187, Loss: 1.8013
Epoch 39, Batch 188, Loss: 2.0366
Epoch 39 - Train Loss: 1.9526
[DTW] raw: pos=159.6  neg=1189.1  |  prob: pos_wins=0.995 (goal→1.0)  |  gap=-8.043  loss=1.9585
[LOSS] alignment_loss_type=d3tw_char_pool  d3tw_loss=1.9585  d3tw_cost_pos=159.6258  d3tw_cost_neg=1189.1179  total_loss=1.9792  char_pool_loss=0.0413  effective_char_pool_weight=0.5000  char_pool_acc_top1=0.9971  char_pool_acc_top5=0.9971  char_pool_valid_chars=2080  char_pool_num_chars=2080  window_size=16  stride=16  window_overlap_mode=no_overlap  num_windows=64  sequence_length=128
[DTW] raw: pos=158.2  neg=1180.7  |  prob: pos_wins=0.994 (goal→1.0)  |  gap=-7.988  loss=2.0130
[LOSS] alignment_loss_type=d3tw_char_pool  d3tw_loss=2.0130  d3tw_cost_pos=158.2457  d3tw_cost_neg=1180.6943  total_loss=2.0212  char_pool_loss=0.0165  effective_char_pool_weight=0.5000  char_pool_acc_top1=0.9986  char_pool_acc_top5=0.9990  char_pool_valid_chars=2080  char_pool_num_chars=2080  window_size=16  stride=16  window_overlap_mode=no_overlap  num_windows=64  sequence_length=128
[DTW] raw: pos=159.0  neg=1197.4  |  prob: pos_wins=0.995 (goal→1.0)  |  gap=-8.112  loss=1.8882
[LOSS] alignment_loss_type=d3tw_char_pool  d3tw_loss=1.8882  d3tw_cost_pos=158.9596  d3tw_cost_neg=1197.3519  total_loss=1.8952  char_pool_loss=0.0142  effective_char_pool_weight=0.5000  char_pool_acc_top1=0.9976  char_pool_acc_top5=1.0000  char_pool_valid_chars=2080  char_pool_num_chars=2080  window_size=16  stride=16  window_overlap_mode=no_overlap  num_windows=64  sequence_length=128
[DTW] raw: pos=157.5  neg=1189.2  |  prob: pos_wins=0.995 (goal→1.0)  |  gap=-8.061  loss=1.9425
[LOSS] alignment_loss_type=d3tw_char_pool  d3tw_loss=1.9425  d3tw_cost_pos=157.4710  d3tw_cost_neg=1189.2378  total_loss=1.9617  char_pool_loss=0.0384  effective_char_pool_weight=0.5000  char_pool_acc_top1=0.9962  char_pool_acc_top5=0.9976  char_pool_valid_chars=2080  char_pool_num_chars=2080  window_size=16  stride=16  window_overlap_mode=no_overlap  num_windows=64  sequence_length=128
[DTW] raw: pos=156.6  neg=1188.5  |  prob: pos_wins=0.995 (goal→1.0)  |  gap=-8.062  loss=1.9390
[LOSS] alignment_loss_type=d3tw_char_pool  d3tw_loss=1.9390  d3tw_cost_pos=156.5938  d3tw_cost_neg=1188.5037  total_loss=1.9492  char_pool_loss=0.0205  effective_char_pool_weight=0.5000  char_pool_acc_top1=0.9981  char_pool_acc_top5=0.9986  char_pool_valid_chars=2080  char_pool_num_chars=2080  window_size=16  stride=16  window_overlap_mode=no_overlap  num_windows=64  sequence_length=128
[DTW] raw: pos=155.9  neg=1181.7  |  prob: pos_wins=0.994 (goal→1.0)  |  gap=-8.014  loss=1.9865
[LOSS] alignment_loss_type=d3tw_char_pool  d3tw_loss=1.9865  d3tw_cost_pos=155.8606  d3tw_cost_neg=1181.6794  total_loss=1.9963  char_pool_loss=0.0196  effective_char_pool_weight=0.5000  char_pool_acc_top1=0.9986  char_pool_acc_top5=0.9986  char_pool_valid_chars=2080  char_pool_num_chars=2080  window_size=16  stride=16  window_overlap_mode=no_overlap  num_windows=64  sequence_length=128
[DTW] raw: pos=153.8  neg=1190.3  |  prob: pos_wins=0.995 (goal→1.0)  |  gap=-8.098  loss=1.9035
[LOSS] alignment_loss_type=d3tw_char_pool  d3tw_loss=1.9035  d3tw_cost_pos=153.7941  d3tw_cost_neg=1190.3401  total_loss=1.9064  char_pool_loss=0.0058  effective_char_pool_weight=0.5000  char_pool_acc_top1=0.9976  char_pool_acc_top5=1.0000  char_pool_valid_chars=2080  char_pool_num_chars=2080  window_size=16  stride=16  window_overlap_mode=no_overlap  num_windows=64  sequence_length=128
Epoch 39 - Validation Loss: 1.9485
Epoch 39 completed in 13m 54.88s
Epoch 39 - Peak GPU memory: 2267.0 MB
============================================================
Epoch 40 - Soft-DTW gamma: 0.100000
[DTW] raw: pos=157.6  neg=1168.1  |  prob: pos_wins=0.993 (goal→1.0)  |  gap=-7.894  loss=2.1056
[LOSS] alignment_loss_type=d3tw_char_pool  d3tw_loss=2.1056  d3tw_cost_pos=157.6216  d3tw_cost_neg=1168.0913  total_loss=2.1132  char_pool_loss=0.0151  effective_char_pool_weight=0.5000  char_pool_acc_top1=0.9981  char_pool_acc_top5=0.9995  char_pool_valid_chars=2080  char_pool_num_chars=2080  window_size=16  stride=16  window_overlap_mode=no_overlap  num_windows=64  sequence_length=128
Epoch 40, Batch 1, Loss: 2.1132
Epoch 40, Batch 2, Loss: 1.9423
Epoch 40, Batch 3, Loss: 1.9042
Epoch 40, Batch 4, Loss: 1.9537
Epoch 40, Batch 5, Loss: 1.9369
Epoch 40, Batch 6, Loss: 1.9134
Epoch 40, Batch 7, Loss: 1.9650
Epoch 40, Batch 8, Loss: 1.9599
Epoch 40, Batch 9, Loss: 1.9182
Epoch 40, Batch 10, Loss: 1.9093
[DTW] raw: pos=156.0  neg=1199.1  |  prob: pos_wins=0.996 (goal→1.0)  |  gap=-8.149  loss=1.8562
[LOSS] alignment_loss_type=d3tw_char_pool  d3tw_loss=1.8562  d3tw_cost_pos=156.0277  d3tw_cost_neg=1199.0632  total_loss=1.8573  char_pool_loss=0.0022  effective_char_pool_weight=0.5000  char_pool_acc_top1=0.9990  char_pool_acc_top5=1.0000  char_pool_valid_chars=2080  char_pool_num_chars=2080  window_size=16  stride=16  window_overlap_mode=no_overlap  num_windows=64  sequence_length=128
Epoch 40, Batch 11, Loss: 1.8573
Epoch 40, Batch 12, Loss: 1.9972
Epoch 40, Batch 13, Loss: 1.9524
Epoch 40, Batch 14, Loss: 1.9825
Epoch 40, Batch 15, Loss: 2.0470
Epoch 40, Batch 16, Loss: 1.8757
Epoch 40, Batch 17, Loss: 2.0271
Epoch 40, Batch 18, Loss: 2.0620
Epoch 40, Batch 19, Loss: 2.0118
Epoch 40, Batch 20, Loss: 1.9596
[DTW] raw: pos=154.6  neg=1183.4  |  prob: pos_wins=0.995 (goal→1.0)  |  gap=-8.038  loss=1.9637
[LOSS] alignment_loss_type=d3tw_char_pool  d3tw_loss=1.9637  d3tw_cost_pos=154.6229  d3tw_cost_neg=1183.4429  total_loss=1.9650  char_pool_loss=0.0025  effective_char_pool_weight=0.5000  char_pool_acc_top1=0.9986  char_pool_acc_top5=1.0000  char_pool_valid_chars=2080  char_pool_num_chars=2080  window_size=16  stride=16  window_overlap_mode=no_overlap  num_windows=64  sequence_length=128
Epoch 40, Batch 21, Loss: 1.9650
Epoch 40, Batch 22, Loss: 2.0326
Epoch 40, Batch 23, Loss: 1.8416
Epoch 40, Batch 24, Loss: 1.9165
Epoch 40, Batch 25, Loss: 1.8879
Epoch 40, Batch 26, Loss: 1.7826
Epoch 40, Batch 27, Loss: 1.9294
Epoch 40, Batch 28, Loss: 2.0157
Epoch 40, Batch 29, Loss: 1.9214
Epoch 40, Batch 30, Loss: 2.0614
[DTW] raw: pos=156.1  neg=1179.5  |  prob: pos_wins=0.995 (goal→1.0)  |  gap=-7.995  loss=2.0059
[LOSS] alignment_loss_type=d3tw_char_pool  d3tw_loss=2.0059  d3tw_cost_pos=156.0613  d3tw_cost_neg=1179.4712  total_loss=2.0098  char_pool_loss=0.0079  effective_char_pool_weight=0.5000  char_pool_acc_top1=0.9990  char_pool_acc_top5=0.9995  char_pool_valid_chars=2080  char_pool_num_chars=2080  window_size=16  stride=16  window_overlap_mode=no_overlap  num_windows=64  sequence_length=128
Epoch 40, Batch 31, Loss: 2.0098
Epoch 40, Batch 32, Loss: 1.9930
Epoch 40, Batch 33, Loss: 1.8804
Epoch 40, Batch 34, Loss: 1.9410
Epoch 40, Batch 35, Loss: 1.9066
Epoch 40, Batch 36, Loss: 1.9543
Epoch 40, Batch 37, Loss: 2.0403
Epoch 40, Batch 38, Loss: 2.0292
Epoch 40, Batch 39, Loss: 1.9178
Epoch 40, Batch 40, Loss: 1.9338
[DTW] raw: pos=155.5  neg=1197.9  |  prob: pos_wins=0.995 (goal→1.0)  |  gap=-8.144  loss=1.8593
[LOSS] alignment_loss_type=d3tw_char_pool  d3tw_loss=1.8593  d3tw_cost_pos=155.4633  d3tw_cost_neg=1197.9034  total_loss=1.8595  char_pool_loss=0.0003  effective_char_pool_weight=0.5000  char_pool_acc_top1=1.0000  char_pool_acc_top5=1.0000  char_pool_valid_chars=2080  char_pool_num_chars=2080  window_size=16  stride=16  window_overlap_mode=no_overlap  num_windows=64  sequence_length=128
Epoch 40, Batch 41, Loss: 1.8595
Epoch 40, Batch 42, Loss: 2.1053
Epoch 40, Batch 43, Loss: 1.8093
Epoch 40, Batch 44, Loss: 1.8137
Epoch 40, Batch 45, Loss: 1.9378
Epoch 40, Batch 46, Loss: 1.9576
Epoch 40, Batch 47, Loss: 1.9502
Epoch 40, Batch 48, Loss: 1.8556
Epoch 40, Batch 49, Loss: 2.0198
Epoch 40, Batch 50, Loss: 2.0925
[DTW] raw: pos=155.9  neg=1187.0  |  prob: pos_wins=0.995 (goal→1.0)  |  gap=-8.056  loss=1.9450
[LOSS] alignment_loss_type=d3tw_char_pool  d3tw_loss=1.9450  d3tw_cost_pos=155.9032  d3tw_cost_neg=1187.0393  total_loss=1.9478  char_pool_loss=0.0056  effective_char_pool_weight=0.5000  char_pool_acc_top1=0.9990  char_pool_acc_top5=1.0000  char_pool_valid_chars=2080  char_pool_num_chars=2080  window_size=16  stride=16  window_overlap_mode=no_overlap  num_windows=64  sequence_length=128
Epoch 40, Batch 51, Loss: 1.9478
Epoch 40, Batch 52, Loss: 2.1234
Epoch 40, Batch 53, Loss: 1.9782
Epoch 40, Batch 54, Loss: 2.1114
Epoch 40, Batch 55, Loss: 1.9252
Epoch 40, Batch 56, Loss: 1.8564
Epoch 40, Batch 57, Loss: 1.9842
Epoch 40, Batch 58, Loss: 1.9296
Epoch 40, Batch 59, Loss: 1.9392
Epoch 40, Batch 60, Loss: 1.9407
[DTW] raw: pos=155.4  neg=1185.0  |  prob: pos_wins=0.994 (goal→1.0)  |  gap=-8.044  loss=1.9571
[LOSS] alignment_loss_type=d3tw_char_pool  d3tw_loss=1.9571  d3tw_cost_pos=155.4095  d3tw_cost_neg=1184.9785  total_loss=1.9702  char_pool_loss=0.0261  effective_char_pool_weight=0.5000  char_pool_acc_top1=0.9981  char_pool_acc_top5=0.9990  char_pool_valid_chars=2080  char_pool_num_chars=2080  window_size=16  stride=16  window_overlap_mode=no_overlap  num_windows=64  sequence_length=128
Epoch 40, Batch 61, Loss: 1.9702
Epoch 40, Batch 62, Loss: 1.9975
Epoch 40, Batch 63, Loss: 2.0203
Epoch 40, Batch 64, Loss: 1.9579
Epoch 40, Batch 65, Loss: 1.9905
Epoch 40, Batch 66, Loss: 2.0282
Epoch 40, Batch 67, Loss: 1.9524
Epoch 40, Batch 68, Loss: 1.9233
Epoch 40, Batch 69, Loss: 1.9359
Epoch 40, Batch 70, Loss: 1.9817
[DTW] raw: pos=151.7  neg=1179.2  |  prob: pos_wins=0.995 (goal→1.0)  |  gap=-8.027  loss=1.9753
[LOSS] alignment_loss_type=d3tw_char_pool  d3tw_loss=1.9753  d3tw_cost_pos=151.7131  d3tw_cost_neg=1179.1960  total_loss=1.9792  char_pool_loss=0.0078  effective_char_pool_weight=0.5000  char_pool_acc_top1=0.9986  char_pool_acc_top5=1.0000  char_pool_valid_chars=2080  char_pool_num_chars=2080  window_size=16  stride=16  window_overlap_mode=no_overlap  num_windows=64  sequence_length=128
Epoch 40, Batch 71, Loss: 1.9792
Epoch 40, Batch 72, Loss: 1.9232
Epoch 40, Batch 73, Loss: 1.9064
Epoch 40, Batch 74, Loss: 1.9342
Epoch 40, Batch 75, Loss: 1.9202
Epoch 40, Batch 76, Loss: 1.9457
Epoch 40, Batch 77, Loss: 1.9348
Epoch 40, Batch 78, Loss: 1.8738
Epoch 40, Batch 79, Loss: 1.9165
Epoch 40, Batch 80, Loss: 1.9903
[DTW] raw: pos=154.7  neg=1189.6  |  prob: pos_wins=0.995 (goal→1.0)  |  gap=-8.086  loss=1.9149
[LOSS] alignment_loss_type=d3tw_char_pool  d3tw_loss=1.9149  d3tw_cost_pos=154.6706  d3tw_cost_neg=1189.6277  total_loss=1.9209  char_pool_loss=0.0120  effective_char_pool_weight=0.5000  char_pool_acc_top1=0.9990  char_pool_acc_top5=0.9995  char_pool_valid_chars=2080  char_pool_num_chars=2080  window_size=16  stride=16  window_overlap_mode=no_overlap  num_windows=64  sequence_length=128
Epoch 40, Batch 81, Loss: 1.9209
Epoch 40, Batch 82, Loss: 2.0212
Epoch 40, Batch 83, Loss: 1.9220
Epoch 40, Batch 84, Loss: 2.0619
Epoch 40, Batch 85, Loss: 1.9385
Epoch 40, Batch 86, Loss: 2.0299
Epoch 40, Batch 87, Loss: 1.9110
Epoch 40, Batch 88, Loss: 1.9763
Epoch 40, Batch 89, Loss: 1.8658
Epoch 40, Batch 90, Loss: 1.9452
[DTW] raw: pos=156.1  neg=1182.8  |  prob: pos_wins=0.994 (goal→1.0)  |  gap=-8.021  loss=1.9862
[LOSS] alignment_loss_type=d3tw_char_pool  d3tw_loss=1.9862  d3tw_cost_pos=156.1183  d3tw_cost_neg=1182.7659  total_loss=1.9944  char_pool_loss=0.0163  effective_char_pool_weight=0.5000  char_pool_acc_top1=0.9981  char_pool_acc_top5=0.9990  char_pool_valid_chars=2080  char_pool_num_chars=2080  window_size=16  stride=16  window_overlap_mode=no_overlap  num_windows=64  sequence_length=128
Epoch 40, Batch 91, Loss: 1.9944
Epoch 40, Batch 92, Loss: 1.9660
Epoch 40, Batch 93, Loss: 1.9998
Epoch 40, Batch 94, Loss: 1.9437
Epoch 40, Batch 95, Loss: 2.0325
Epoch 40, Batch 96, Loss: 1.9409
Epoch 40, Batch 97, Loss: 1.9097
Epoch 40, Batch 98, Loss: 2.0533
Epoch 40, Batch 99, Loss: 1.9424
Epoch 40, Batch 100, Loss: 1.9463
[DTW] raw: pos=151.9  neg=1202.2  |  prob: pos_wins=0.996 (goal→1.0)  |  gap=-8.206  loss=1.7984
[LOSS] alignment_loss_type=d3tw_char_pool  d3tw_loss=1.7984  d3tw_cost_pos=151.9048  d3tw_cost_neg=1202.2462  total_loss=1.8008  char_pool_loss=0.0047  effective_char_pool_weight=0.5000  char_pool_acc_top1=0.9986  char_pool_acc_top5=1.0000  char_pool_valid_chars=2080  char_pool_num_chars=2080  window_size=16  stride=16  window_overlap_mode=no_overlap  num_windows=64  sequence_length=128
Epoch 40, Batch 101, Loss: 1.8008
Epoch 40, Batch 102, Loss: 1.8887
Epoch 40, Batch 103, Loss: 1.9231
Epoch 40, Batch 104, Loss: 1.8781
Epoch 40, Batch 105, Loss: 1.8935
Epoch 40, Batch 106, Loss: 1.9178
Epoch 40, Batch 107, Loss: 1.9924
Epoch 40, Batch 108, Loss: 2.0025
Epoch 40, Batch 109, Loss: 2.0167
Epoch 40, Batch 110, Loss: 1.8576
[DTW] raw: pos=154.8  neg=1190.2  |  prob: pos_wins=0.995 (goal→1.0)  |  gap=-8.089  loss=1.9149
[LOSS] alignment_loss_type=d3tw_char_pool  d3tw_loss=1.9149  d3tw_cost_pos=154.8098  d3tw_cost_neg=1190.1875  total_loss=1.9188  char_pool_loss=0.0079  effective_char_pool_weight=0.5000  char_pool_acc_top1=0.9990  char_pool_acc_top5=0.9995  char_pool_valid_chars=2080  char_pool_num_chars=2080  window_size=16  stride=16  window_overlap_mode=no_overlap  num_windows=64  sequence_length=128
Epoch 40, Batch 111, Loss: 1.9188
Epoch 40, Batch 112, Loss: 1.9767
Epoch 40, Batch 113, Loss: 1.9452
Epoch 40, Batch 114, Loss: 1.9322
Epoch 40, Batch 115, Loss: 1.8917
Epoch 40, Batch 116, Loss: 1.9555
Epoch 40, Batch 117, Loss: 1.8879
Epoch 40, Batch 118, Loss: 2.0548
Epoch 40, Batch 119, Loss: 2.0224
Epoch 40, Batch 120, Loss: 2.0969
[DTW] raw: pos=149.5  neg=1186.5  |  prob: pos_wins=0.995 (goal→1.0)  |  gap=-8.101  loss=1.9029
[LOSS] alignment_loss_type=d3tw_char_pool  d3tw_loss=1.9029  d3tw_cost_pos=149.5282  d3tw_cost_neg=1186.4550  total_loss=1.9035  char_pool_loss=0.0012  effective_char_pool_weight=0.5000  char_pool_acc_top1=0.9995  char_pool_acc_top5=1.0000  char_pool_valid_chars=2080  char_pool_num_chars=2080  window_size=16  stride=16  window_overlap_mode=no_overlap  num_windows=64  sequence_length=128
Epoch 40, Batch 121, Loss: 1.9035
Epoch 40, Batch 122, Loss: 1.8375
Epoch 40, Batch 123, Loss: 1.9778
Epoch 40, Batch 124, Loss: 1.9546
Epoch 40, Batch 125, Loss: 1.9556
Epoch 40, Batch 126, Loss: 1.9543
Epoch 40, Batch 127, Loss: 1.8921
Epoch 40, Batch 128, Loss: 1.8855
Epoch 40, Batch 129, Loss: 1.9448
Epoch 40, Batch 130, Loss: 1.8768
[DTW] raw: pos=154.3  neg=1183.5  |  prob: pos_wins=0.995 (goal→1.0)  |  gap=-8.041  loss=1.9593
[LOSS] alignment_loss_type=d3tw_char_pool  d3tw_loss=1.9593  d3tw_cost_pos=154.2793  d3tw_cost_neg=1183.4817  total_loss=1.9631  char_pool_loss=0.0076  effective_char_pool_weight=0.5000  char_pool_acc_top1=0.9995  char_pool_acc_top5=0.9995  char_pool_valid_chars=2080  char_pool_num_chars=2080  window_size=16  stride=16  window_overlap_mode=no_overlap  num_windows=64  sequence_length=128
Epoch 40, Batch 131, Loss: 1.9631
Epoch 40, Batch 132, Loss: 2.0006
Epoch 40, Batch 133, Loss: 1.9173
Epoch 40, Batch 134, Loss: 2.0125
Epoch 40, Batch 135, Loss: 1.8776
Epoch 40, Batch 136, Loss: 1.8020
Epoch 40, Batch 137, Loss: 1.9954
Epoch 40, Batch 138, Loss: 1.9406
Epoch 40, Batch 139, Loss: 2.0172
Epoch 40, Batch 140, Loss: 2.0237
[DTW] raw: pos=152.8  neg=1201.5  |  prob: pos_wins=0.996 (goal→1.0)  |  gap=-8.193  loss=1.8110
[LOSS] alignment_loss_type=d3tw_char_pool  d3tw_loss=1.8110  d3tw_cost_pos=152.8314  d3tw_cost_neg=1201.4790  total_loss=1.8120  char_pool_loss=0.0021  effective_char_pool_weight=0.5000  char_pool_acc_top1=0.9995  char_pool_acc_top5=1.0000  char_pool_valid_chars=2080  char_pool_num_chars=2080  window_size=16  stride=16  window_overlap_mode=no_overlap  num_windows=64  sequence_length=128
Epoch 40, Batch 141, Loss: 1.8120
Epoch 40, Batch 142, Loss: 1.8880
Epoch 40, Batch 143, Loss: 1.8334
Epoch 40, Batch 144, Loss: 1.8363
Epoch 40, Batch 145, Loss: 1.8056
Epoch 40, Batch 146, Loss: 1.8653
Epoch 40, Batch 147, Loss: 1.8913
Epoch 40, Batch 148, Loss: 1.9183
Epoch 40, Batch 149, Loss: 1.9296
Epoch 40, Batch 150, Loss: 2.0011
[DTW] raw: pos=156.5  neg=1188.7  |  prob: pos_wins=0.995 (goal→1.0)  |  gap=-8.063  loss=1.9387
[LOSS] alignment_loss_type=d3tw_char_pool  d3tw_loss=1.9387  d3tw_cost_pos=156.5310  d3tw_cost_neg=1188.6555  total_loss=1.9406  char_pool_loss=0.0038  effective_char_pool_weight=0.5000  char_pool_acc_top1=0.9990  char_pool_acc_top5=1.0000  char_pool_valid_chars=2080  char_pool_num_chars=2080  window_size=16  stride=16  window_overlap_mode=no_overlap  num_windows=64  sequence_length=128
Epoch 40, Batch 151, Loss: 1.9406
Epoch 40, Batch 152, Loss: 2.0737
Epoch 40, Batch 153, Loss: 1.9595
Epoch 40, Batch 154, Loss: 1.9053
Epoch 40, Batch 155, Loss: 1.9141
Epoch 40, Batch 156, Loss: 1.9369
Epoch 40, Batch 157, Loss: 1.9764
Epoch 40, Batch 158, Loss: 2.0158
Epoch 40, Batch 159, Loss: 2.0234
Epoch 40, Batch 160, Loss: 1.9760
[DTW] raw: pos=155.9  neg=1184.0  |  prob: pos_wins=0.995 (goal→1.0)  |  gap=-8.032  loss=1.9676
[LOSS] alignment_loss_type=d3tw_char_pool  d3tw_loss=1.9676  d3tw_cost_pos=155.8509  d3tw_cost_neg=1183.9890  total_loss=1.9680  char_pool_loss=0.0008  effective_char_pool_weight=0.5000  char_pool_acc_top1=0.9995  char_pool_acc_top5=1.0000  char_pool_valid_chars=2080  char_pool_num_chars=2080  window_size=16  stride=16  window_overlap_mode=no_overlap  num_windows=64  sequence_length=128
Epoch 40, Batch 161, Loss: 1.9680
Epoch 40, Batch 162, Loss: 1.7514
Epoch 40, Batch 163, Loss: 1.9809
Epoch 40, Batch 164, Loss: 2.0702
Epoch 40, Batch 165, Loss: 1.9531
Epoch 40, Batch 166, Loss: 2.0729
Epoch 40, Batch 167, Loss: 1.8642
Epoch 40, Batch 168, Loss: 1.9055
Epoch 40, Batch 169, Loss: 2.0249
Epoch 40, Batch 170, Loss: 2.0639
[DTW] raw: pos=156.7  neg=1182.8  |  prob: pos_wins=0.994 (goal→1.0)  |  gap=-8.016  loss=1.9885
[LOSS] alignment_loss_type=d3tw_char_pool  d3tw_loss=1.9885  d3tw_cost_pos=156.7401  d3tw_cost_neg=1182.7872  total_loss=1.9900  char_pool_loss=0.0031  effective_char_pool_weight=0.5000  char_pool_acc_top1=0.9995  char_pool_acc_top5=1.0000  char_pool_valid_chars=2080  char_pool_num_chars=2080  window_size=16  stride=16  window_overlap_mode=no_overlap  num_windows=64  sequence_length=128
Epoch 40, Batch 171, Loss: 1.9900
Epoch 40, Batch 172, Loss: 1.9582
Epoch 40, Batch 173, Loss: 1.8922
Epoch 40, Batch 174, Loss: 2.0754
Epoch 40, Batch 175, Loss: 1.8269
Epoch 40, Batch 176, Loss: 1.9973
Epoch 40, Batch 177, Loss: 2.0300
Epoch 40, Batch 178, Loss: 1.8626
Epoch 40, Batch 179, Loss: 1.9321
Epoch 40, Batch 180, Loss: 1.9759
[DTW] raw: pos=154.9  neg=1181.6  |  prob: pos_wins=0.995 (goal→1.0)  |  gap=-8.021  loss=1.9786
[LOSS] alignment_loss_type=d3tw_char_pool  d3tw_loss=1.9786  d3tw_cost_pos=154.8745  d3tw_cost_neg=1181.5957  total_loss=1.9831  char_pool_loss=0.0089  effective_char_pool_weight=0.5000  char_pool_acc_top1=0.9986  char_pool_acc_top5=0.9995  char_pool_valid_chars=2080  char_pool_num_chars=2080  window_size=16  stride=16  window_overlap_mode=no_overlap  num_windows=64  sequence_length=128
Epoch 40, Batch 181, Loss: 1.9831
Epoch 40, Batch 182, Loss: 1.9727
Epoch 40, Batch 183, Loss: 1.9886
Epoch 40, Batch 184, Loss: 2.0485
Epoch 40, Batch 185, Loss: 1.9900
Epoch 40, Batch 186, Loss: 2.0052
Epoch 40, Batch 187, Loss: 2.0226
Epoch 40, Batch 188, Loss: 1.8925
Epoch 40 - Train Loss: 1.9520
[DTW] raw: pos=160.1  neg=1173.8  |  prob: pos_wins=0.994 (goal→1.0)  |  gap=-7.919  loss=2.0812
[LOSS] alignment_loss_type=d3tw_char_pool  d3tw_loss=2.0812  d3tw_cost_pos=160.1220  d3tw_cost_neg=1173.7561  total_loss=2.1050  char_pool_loss=0.0475  effective_char_pool_weight=0.5000  char_pool_acc_top1=0.9962  char_pool_acc_top5=0.9971  char_pool_valid_chars=2080  char_pool_num_chars=2080  window_size=16  stride=16  window_overlap_mode=no_overlap  num_windows=64  sequence_length=128
[DTW] raw: pos=158.1  neg=1193.8  |  prob: pos_wins=0.994 (goal→1.0)  |  gap=-8.092  loss=1.9107
[LOSS] alignment_loss_type=d3tw_char_pool  d3tw_loss=1.9107  d3tw_cost_pos=158.0775  d3tw_cost_neg=1193.7925  total_loss=1.9229  char_pool_loss=0.0243  effective_char_pool_weight=0.5000  char_pool_acc_top1=0.9971  char_pool_acc_top5=0.9990  char_pool_valid_chars=2080  char_pool_num_chars=2080  window_size=16  stride=16  window_overlap_mode=no_overlap  num_windows=64  sequence_length=128
[DTW] raw: pos=160.6  neg=1187.9  |  prob: pos_wins=0.995 (goal→1.0)  |  gap=-8.026  loss=1.9767
[LOSS] alignment_loss_type=d3tw_char_pool  d3tw_loss=1.9767  d3tw_cost_pos=160.6139  d3tw_cost_neg=1187.8916  total_loss=1.9876  char_pool_loss=0.0218  effective_char_pool_weight=0.5000  char_pool_acc_top1=0.9981  char_pool_acc_top5=0.9990  char_pool_valid_chars=2080  char_pool_num_chars=2080  window_size=16  stride=16  window_overlap_mode=no_overlap  num_windows=64  sequence_length=128
[DTW] raw: pos=157.9  neg=1182.8  |  prob: pos_wins=0.993 (goal→1.0)  |  gap=-8.007  loss=1.9953
[LOSS] alignment_loss_type=d3tw_char_pool  d3tw_loss=1.9953  d3tw_cost_pos=157.8860  d3tw_cost_neg=1182.8435  total_loss=2.0144  char_pool_loss=0.0381  effective_char_pool_weight=0.5000  char_pool_acc_top1=0.9957  char_pool_acc_top5=0.9981  char_pool_valid_chars=2080  char_pool_num_chars=2080  window_size=16  stride=16  window_overlap_mode=no_overlap  num_windows=64  sequence_length=128
[DTW] raw: pos=157.6  neg=1188.4  |  prob: pos_wins=0.995 (goal→1.0)  |  gap=-8.053  loss=1.9488
[LOSS] alignment_loss_type=d3tw_char_pool  d3tw_loss=1.9488  d3tw_cost_pos=157.5938  d3tw_cost_neg=1188.3672  total_loss=1.9588  char_pool_loss=0.0201  effective_char_pool_weight=0.5000  char_pool_acc_top1=0.9976  char_pool_acc_top5=0.9990  char_pool_valid_chars=2080  char_pool_num_chars=2080  window_size=16  stride=16  window_overlap_mode=no_overlap  num_windows=64  sequence_length=128
[DTW] raw: pos=156.3  neg=1178.5  |  prob: pos_wins=0.995 (goal→1.0)  |  gap=-7.986  loss=2.0143
[LOSS] alignment_loss_type=d3tw_char_pool  d3tw_loss=2.0143  d3tw_cost_pos=156.2885  d3tw_cost_neg=1178.5159  total_loss=2.0234  char_pool_loss=0.0182  effective_char_pool_weight=0.5000  char_pool_acc_top1=0.9986  char_pool_acc_top5=0.9990  char_pool_valid_chars=2080  char_pool_num_chars=2080  window_size=16  stride=16  window_overlap_mode=no_overlap  num_windows=64  sequence_length=128
[DTW] raw: pos=154.1  neg=1189.3  |  prob: pos_wins=0.995 (goal→1.0)  |  gap=-8.087  loss=1.9161
[LOSS] alignment_loss_type=d3tw_char_pool  d3tw_loss=1.9161  d3tw_cost_pos=154.1383  d3tw_cost_neg=1189.2598  total_loss=1.9189  char_pool_loss=0.0056  effective_char_pool_weight=0.5000  char_pool_acc_top1=0.9981  char_pool_acc_top5=1.0000  char_pool_valid_chars=2080  char_pool_num_chars=2080  window_size=16  stride=16  window_overlap_mode=no_overlap  num_windows=64  sequence_length=128
Epoch 40 - Validation Loss: 1.9609
Epoch 40 completed in 13m 48.30s
Epoch 40 - Peak GPU memory: 2267.0 MB
============================================================
Epoch 41 - Soft-DTW gamma: 0.100000
[DTW] raw: pos=159.9  neg=1180.6  |  prob: pos_wins=0.994 (goal→1.0)  |  gap=-7.974  loss=2.0286
[LOSS] alignment_loss_type=d3tw_char_pool  d3tw_loss=2.0286  d3tw_cost_pos=159.9357  d3tw_cost_neg=1180.5927  total_loss=2.0339  char_pool_loss=0.0106  effective_char_pool_weight=0.5000  char_pool_acc_top1=0.9986  char_pool_acc_top5=1.0000  char_pool_valid_chars=2080  char_pool_num_chars=2080  window_size=16  stride=16  window_overlap_mode=no_overlap  num_windows=64  sequence_length=128
Epoch 41, Batch 1, Loss: 2.0339
Epoch 41, Batch 2, Loss: 1.9620
Epoch 41, Batch 3, Loss: 1.8732
Epoch 41, Batch 4, Loss: 1.8980
Epoch 41, Batch 5, Loss: 1.9417
Epoch 41, Batch 6, Loss: 2.0046
Epoch 41, Batch 7, Loss: 1.9035
Epoch 41, Batch 8, Loss: 2.0383
Epoch 41, Batch 9, Loss: 1.9689
Epoch 41, Batch 10, Loss: 1.9252
[DTW] raw: pos=154.6  neg=1190.5  |  prob: pos_wins=0.995 (goal→1.0)  |  gap=-8.093  loss=1.9072
[LOSS] alignment_loss_type=d3tw_char_pool  d3tw_loss=1.9072  d3tw_cost_pos=154.5836  d3tw_cost_neg=1190.4526  total_loss=1.9073  char_pool_loss=0.0003  effective_char_pool_weight=0.5000  char_pool_acc_top1=1.0000  char_pool_acc_top5=1.0000  char_pool_valid_chars=2080  char_pool_num_chars=2080  window_size=16  stride=16  window_overlap_mode=no_overlap  num_windows=64  sequence_length=128
Epoch 41, Batch 11, Loss: 1.9073
Epoch 41, Batch 12, Loss: 1.9956
Epoch 41, Batch 13, Loss: 2.0651
Epoch 41, Batch 14, Loss: 1.8531
Epoch 41, Batch 15, Loss: 1.9121
Epoch 41, Batch 16, Loss: 1.8080
Epoch 41, Batch 17, Loss: 1.9092
Epoch 41, Batch 18, Loss: 2.0269
Epoch 41, Batch 19, Loss: 1.9257
Epoch 41, Batch 20, Loss: 1.8452
[DTW] raw: pos=155.9  neg=1186.5  |  prob: pos_wins=0.995 (goal→1.0)  |  gap=-8.051  loss=1.9504
[LOSS] alignment_loss_type=d3tw_char_pool  d3tw_loss=1.9504  d3tw_cost_pos=155.8838  d3tw_cost_neg=1186.4514  total_loss=1.9597  char_pool_loss=0.0185  effective_char_pool_weight=0.5000  char_pool_acc_top1=0.9976  char_pool_acc_top5=0.9990  char_pool_valid_chars=2080  char_pool_num_chars=2080  window_size=16  stride=16  window_overlap_mode=no_overlap  num_windows=64  sequence_length=128
Epoch 41, Batch 21, Loss: 1.9597
Epoch 41, Batch 22, Loss: 2.0315
Epoch 41, Batch 23, Loss: 1.9174
Epoch 41, Batch 24, Loss: 1.8697
Epoch 41, Batch 25, Loss: 1.9086
Epoch 41, Batch 26, Loss: 2.0124
Epoch 41, Batch 27, Loss: 2.0757
Epoch 41, Batch 28, Loss: 2.0241
Epoch 41, Batch 29, Loss: 1.8882
Epoch 41, Batch 30, Loss: 1.8292
[DTW] raw: pos=150.9  neg=1194.3  |  prob: pos_wins=0.995 (goal→1.0)  |  gap=-8.152  loss=1.8524
[LOSS] alignment_loss_type=d3tw_char_pool  d3tw_loss=1.8524  d3tw_cost_pos=150.9315  d3tw_cost_neg=1194.3315  total_loss=1.8577  char_pool_loss=0.0107  effective_char_pool_weight=0.5000  char_pool_acc_top1=0.9990  char_pool_acc_top5=0.9995  char_pool_valid_chars=2080  char_pool_num_chars=2080  window_size=16  stride=16  window_overlap_mode=no_overlap  num_windows=64  sequence_length=128
Epoch 41, Batch 31, Loss: 1.8577
Epoch 41, Batch 32, Loss: 2.2124
Epoch 41, Batch 33, Loss: 1.9487
Epoch 41, Batch 34, Loss: 2.0432
Epoch 41, Batch 35, Loss: 1.9251
Epoch 41, Batch 36, Loss: 1.9603
Epoch 41, Batch 37, Loss: 2.0050
Epoch 41, Batch 38, Loss: 1.9597
Epoch 41, Batch 39, Loss: 1.8725
Epoch 41, Batch 40, Loss: 2.0534
[DTW] raw: pos=153.0  neg=1193.0  |  prob: pos_wins=0.995 (goal→1.0)  |  gap=-8.125  loss=1.8769
[LOSS] alignment_loss_type=d3tw_char_pool  d3tw_loss=1.8769  d3tw_cost_pos=153.0086  d3tw_cost_neg=1193.0342  total_loss=1.8840  char_pool_loss=0.0142  effective_char_pool_weight=0.5000  char_pool_acc_top1=0.9986  char_pool_acc_top5=0.9990  char_pool_valid_chars=2080  char_pool_num_chars=2080  window_size=16  stride=16  window_overlap_mode=no_overlap  num_windows=64  sequence_length=128
Epoch 41, Batch 41, Loss: 1.8840
Epoch 41, Batch 42, Loss: 2.0119
Epoch 41, Batch 43, Loss: 1.9901
Epoch 41, Batch 44, Loss: 1.9658
Epoch 41, Batch 45, Loss: 1.8853
Epoch 41, Batch 46, Loss: 1.8720
Epoch 41, Batch 47, Loss: 1.9165
Epoch 41, Batch 48, Loss: 1.9524
Epoch 41, Batch 49, Loss: 1.8610
Epoch 41, Batch 50, Loss: 1.7599
[DTW] raw: pos=153.0  neg=1184.0  |  prob: pos_wins=0.995 (goal→1.0)  |  gap=-8.054  loss=1.9480
[LOSS] alignment_loss_type=d3tw_char_pool  d3tw_loss=1.9480  d3tw_cost_pos=153.0286  d3tw_cost_neg=1183.9700  total_loss=1.9490  char_pool_loss=0.0021  effective_char_pool_weight=0.5000  char_pool_acc_top1=0.9995  char_pool_acc_top5=1.0000  char_pool_valid_chars=2080  char_pool_num_chars=2080  window_size=16  stride=16  window_overlap_mode=no_overlap  num_windows=64  sequence_length=128
Epoch 41, Batch 51, Loss: 1.9490
Epoch 41, Batch 52, Loss: 1.8945
Epoch 41, Batch 53, Loss: 1.9637
Epoch 41, Batch 54, Loss: 1.9206
Epoch 41, Batch 55, Loss: 1.9600
Epoch 41, Batch 56, Loss: 1.9843
Epoch 41, Batch 57, Loss: 1.9598
Epoch 41, Batch 58, Loss: 1.9480
Epoch 41, Batch 59, Loss: 1.9826
Epoch 41, Batch 60, Loss: 1.8462
[DTW] raw: pos=153.5  neg=1191.4  |  prob: pos_wins=0.995 (goal→1.0)  |  gap=-8.109  loss=1.8931
[LOSS] alignment_loss_type=d3tw_char_pool  d3tw_loss=1.8931  d3tw_cost_pos=153.5131  d3tw_cost_neg=1191.4120  total_loss=1.8945  char_pool_loss=0.0028  effective_char_pool_weight=0.5000  char_pool_acc_top1=0.9995  char_pool_acc_top5=1.0000  char_pool_valid_chars=2080  char_pool_num_chars=2080  window_size=16  stride=16  window_overlap_mode=no_overlap  num_windows=64  sequence_length=128
Epoch 41, Batch 61, Loss: 1.8945
Epoch 41, Batch 62, Loss: 1.9091
Epoch 41, Batch 63, Loss: 1.9454
Epoch 41, Batch 64, Loss: 1.9485
Epoch 41, Batch 65, Loss: 1.8620
Epoch 41, Batch 66, Loss: 1.9681
Epoch 41, Batch 67, Loss: 1.8615
Epoch 41, Batch 68, Loss: 1.9946
Epoch 41, Batch 69, Loss: 1.9229
Epoch 41, Batch 70, Loss: 1.9154
[DTW] raw: pos=156.0  neg=1175.9  |  prob: pos_wins=0.995 (goal→1.0)  |  gap=-7.968  loss=2.0319
[LOSS] alignment_loss_type=d3tw_char_pool  d3tw_loss=2.0319  d3tw_cost_pos=155.9626  d3tw_cost_neg=1175.8949  total_loss=2.0322  char_pool_loss=0.0006  effective_char_pool_weight=0.5000  char_pool_acc_top1=1.0000  char_pool_acc_top5=1.0000  char_pool_valid_chars=2080  char_pool_num_chars=2080  window_size=16  stride=16  window_overlap_mode=no_overlap  num_windows=64  sequence_length=128
Epoch 41, Batch 71, Loss: 2.0322
Epoch 41, Batch 72, Loss: 1.9946
Epoch 41, Batch 73, Loss: 1.9335
Epoch 41, Batch 74, Loss: 1.9677
Epoch 41, Batch 75, Loss: 1.9646
Epoch 41, Batch 76, Loss: 1.8968
Epoch 41, Batch 77, Loss: 1.8829
Epoch 41, Batch 78, Loss: 1.9996
Epoch 41, Batch 79, Loss: 2.0547
Epoch 41, Batch 80, Loss: 1.9110
[DTW] raw: pos=152.4  neg=1205.2  |  prob: pos_wins=0.996 (goal→1.0)  |  gap=-8.225  loss=1.7790
[LOSS] alignment_loss_type=d3tw_char_pool  d3tw_loss=1.7790  d3tw_cost_pos=152.3727  d3tw_cost_neg=1205.1921  total_loss=1.7803  char_pool_loss=0.0025  effective_char_pool_weight=0.5000  char_pool_acc_top1=0.9995  char_pool_acc_top5=1.0000  char_pool_valid_chars=2080  char_pool_num_chars=2080  window_size=16  stride=16  window_overlap_mode=no_overlap  num_windows=64  sequence_length=128
Epoch 41, Batch 81, Loss: 1.7803
Epoch 41, Batch 82, Loss: 2.0138
Epoch 41, Batch 83, Loss: 1.9342
Epoch 41, Batch 84, Loss: 2.0205
Epoch 41, Batch 85, Loss: 1.9533
Epoch 41, Batch 86, Loss: 1.8649
Epoch 41, Batch 87, Loss: 1.9193
Epoch 41, Batch 88, Loss: 1.9740
Epoch 41, Batch 89, Loss: 1.9627
Epoch 41, Batch 90, Loss: 1.9668
[DTW] raw: pos=156.8  neg=1184.8  |  prob: pos_wins=0.995 (goal→1.0)  |  gap=-8.032  loss=1.9683
[LOSS] alignment_loss_type=d3tw_char_pool  d3tw_loss=1.9683  d3tw_cost_pos=156.7850  d3tw_cost_neg=1184.8365  total_loss=1.9712  char_pool_loss=0.0057  effective_char_pool_weight=0.5000  char_pool_acc_top1=0.9995  char_pool_acc_top5=1.0000  char_pool_valid_chars=2080  char_pool_num_chars=2080  window_size=16  stride=16  window_overlap_mode=no_overlap  num_windows=64  sequence_length=128
Epoch 41, Batch 91, Loss: 1.9712
Epoch 41, Batch 92, Loss: 1.9267
Epoch 41, Batch 93, Loss: 1.9492
Epoch 41, Batch 94, Loss: 1.9896
Epoch 41, Batch 95, Loss: 1.9992
Epoch 41, Batch 96, Loss: 2.0046
Epoch 41, Batch 97, Loss: 1.9044
Epoch 41, Batch 98, Loss: 1.9800
Epoch 41, Batch 99, Loss: 1.8648
Epoch 41, Batch 100, Loss: 1.8712
[DTW] raw: pos=154.5  neg=1185.7  |  prob: pos_wins=0.995 (goal→1.0)  |  gap=-8.056  loss=1.9455
[LOSS] alignment_loss_type=d3tw_char_pool  d3tw_loss=1.9455  d3tw_cost_pos=154.5199  d3tw_cost_neg=1185.7480  total_loss=1.9464  char_pool_loss=0.0018  effective_char_pool_weight=0.5000  char_pool_acc_top1=0.9995  char_pool_acc_top5=1.0000  char_pool_valid_chars=2080  char_pool_num_chars=2080  window_size=16  stride=16  window_overlap_mode=no_overlap  num_windows=64  sequence_length=128
Epoch 41, Batch 101, Loss: 1.9464
Epoch 41, Batch 102, Loss: 2.0235
Epoch 41, Batch 103, Loss: 2.0134
Epoch 41, Batch 104, Loss: 1.8985
Epoch 41, Batch 105, Loss: 1.9420
Epoch 41, Batch 106, Loss: 1.9370
Epoch 41, Batch 107, Loss: 1.9925
Epoch 41, Batch 108, Loss: 1.9444
Epoch 41, Batch 109, Loss: 1.9537
Epoch 41, Batch 110, Loss: 1.8975
[DTW] raw: pos=155.0  neg=1186.8  |  prob: pos_wins=0.995 (goal→1.0)  |  gap=-8.061  loss=1.9425
[LOSS] alignment_loss_type=d3tw_char_pool  d3tw_loss=1.9425  d3tw_cost_pos=155.0300  d3tw_cost_neg=1186.7870  total_loss=1.9488  char_pool_loss=0.0125  effective_char_pool_weight=0.5000  char_pool_acc_top1=0.9981  char_pool_acc_top5=0.9995  char_pool_valid_chars=2080  char_pool_num_chars=2080  window_size=16  stride=16  window_overlap_mode=no_overlap  num_windows=64  sequence_length=128
Epoch 41, Batch 111, Loss: 1.9488
Epoch 41, Batch 112, Loss: 1.9531
Epoch 41, Batch 113, Loss: 1.9482
Epoch 41, Batch 114, Loss: 1.9582
Epoch 41, Batch 115, Loss: 2.0999
Epoch 41, Batch 116, Loss: 2.0330
Epoch 41, Batch 117, Loss: 1.8977
Epoch 41, Batch 118, Loss: 1.8737
Epoch 41, Batch 119, Loss: 1.9390
Epoch 41, Batch 120, Loss: 1.9521
[DTW] raw: pos=156.0  neg=1203.6  |  prob: pos_wins=0.996 (goal→1.0)  |  gap=-8.184  loss=1.8158
[LOSS] alignment_loss_type=d3tw_char_pool  d3tw_loss=1.8158  d3tw_cost_pos=156.0161  d3tw_cost_neg=1203.5828  total_loss=1.8190  char_pool_loss=0.0065  effective_char_pool_weight=0.5000  char_pool_acc_top1=0.9990  char_pool_acc_top5=1.0000  char_pool_valid_chars=2080  char_pool_num_chars=2080  window_size=16  stride=16  window_overlap_mode=no_overlap  num_windows=64  sequence_length=128
Epoch 41, Batch 121, Loss: 1.8190
Epoch 41, Batch 122, Loss: 1.9495
Epoch 41, Batch 123, Loss: 1.9273
Epoch 41, Batch 124, Loss: 1.9606
Epoch 41, Batch 125, Loss: 2.0148
Epoch 41, Batch 126, Loss: 1.9316
Epoch 41, Batch 127, Loss: 1.9486
Epoch 41, Batch 128, Loss: 1.9877
Epoch 41, Batch 129, Loss: 1.8759
Epoch 41, Batch 130, Loss: 1.9717
[DTW] raw: pos=156.8  neg=1178.4  |  prob: pos_wins=0.994 (goal→1.0)  |  gap=-7.982  loss=2.0195
[LOSS] alignment_loss_type=d3tw_char_pool  d3tw_loss=2.0195  d3tw_cost_pos=156.7749  d3tw_cost_neg=1178.4224  total_loss=2.0288  char_pool_loss=0.0186  effective_char_pool_weight=0.5000  char_pool_acc_top1=0.9986  char_pool_acc_top5=0.9990  char_pool_valid_chars=2080  char_pool_num_chars=2080  window_size=16  stride=16  window_overlap_mode=no_overlap  num_windows=64  sequence_length=128
Epoch 41, Batch 131, Loss: 2.0288
Epoch 41, Batch 132, Loss: 1.8269
Epoch 41, Batch 133, Loss: 2.0998
Epoch 41, Batch 134, Loss: 1.9028
Epoch 41, Batch 135, Loss: 1.9763
Epoch 41, Batch 136, Loss: 2.0179
Epoch 41, Batch 137, Loss: 1.9409
Epoch 41, Batch 138, Loss: 1.9156
Epoch 41, Batch 139, Loss: 1.8061
Epoch 41, Batch 140, Loss: 1.9133
[DTW] raw: pos=156.0  neg=1192.7  |  prob: pos_wins=0.995 (goal→1.0)  |  gap=-8.099  loss=1.9022
[LOSS] alignment_loss_type=d3tw_char_pool  d3tw_loss=1.9022  d3tw_cost_pos=156.0091  d3tw_cost_neg=1192.6794  total_loss=1.9068  char_pool_loss=0.0092  effective_char_pool_weight=0.5000  char_pool_acc_top1=0.9990  char_pool_acc_top5=1.0000  char_pool_valid_chars=2080  char_pool_num_chars=2080  window_size=16  stride=16  window_overlap_mode=no_overlap  num_windows=64  sequence_length=128
Epoch 41, Batch 141, Loss: 1.9068
Epoch 41, Batch 142, Loss: 1.9495
Epoch 41, Batch 143, Loss: 2.0576
Epoch 41, Batch 144, Loss: 1.9269
Epoch 41, Batch 145, Loss: 1.9087
Epoch 41, Batch 146, Loss: 2.0421
Epoch 41, Batch 147, Loss: 1.9930
Epoch 41, Batch 148, Loss: 1.9913
Epoch 41, Batch 149, Loss: 1.8559
Epoch 41, Batch 150, Loss: 1.9384
[DTW] raw: pos=154.5  neg=1187.6  |  prob: pos_wins=0.995 (goal→1.0)  |  gap=-8.071  loss=1.9319
[LOSS] alignment_loss_type=d3tw_char_pool  d3tw_loss=1.9319  d3tw_cost_pos=154.5388  d3tw_cost_neg=1187.6125  total_loss=1.9328  char_pool_loss=0.0019  effective_char_pool_weight=0.5000  char_pool_acc_top1=0.9995  char_pool_acc_top5=1.0000  char_pool_valid_chars=2080  char_pool_num_chars=2080  window_size=16  stride=16  window_overlap_mode=no_overlap  num_windows=64  sequence_length=128
Epoch 41, Batch 151, Loss: 1.9328
Epoch 41, Batch 152, Loss: 1.8320
Epoch 41, Batch 153, Loss: 1.9972
Epoch 41, Batch 154, Loss: 1.9800
Epoch 41, Batch 155, Loss: 1.7985
Epoch 41, Batch 156, Loss: 1.9445
Epoch 41, Batch 157, Loss: 1.9715
Epoch 41, Batch 158, Loss: 1.9416
Epoch 41, Batch 159, Loss: 1.9500
Epoch 41, Batch 160, Loss: 1.8572
[DTW] raw: pos=155.6  neg=1174.5  |  prob: pos_wins=0.995 (goal→1.0)  |  gap=-7.960  loss=2.0414
[LOSS] alignment_loss_type=d3tw_char_pool  d3tw_loss=2.0414  d3tw_cost_pos=155.6305  d3tw_cost_neg=1174.4937  total_loss=2.0443  char_pool_loss=0.0057  effective_char_pool_weight=0.5000  char_pool_acc_top1=0.9995  char_pool_acc_top5=1.0000  char_pool_valid_chars=2080  char_pool_num_chars=2080  window_size=16  stride=16  window_overlap_mode=no_overlap  num_windows=64  sequence_length=128
Epoch 41, Batch 161, Loss: 2.0443
Epoch 41, Batch 162, Loss: 1.9152
Epoch 41, Batch 163, Loss: 1.9316
Epoch 41, Batch 164, Loss: 1.8762
Epoch 41, Batch 165, Loss: 1.8367
Epoch 41, Batch 166, Loss: 2.0172
Epoch 41, Batch 167, Loss: 1.9665
Epoch 41, Batch 168, Loss: 1.8008
Epoch 41, Batch 169, Loss: 1.9229
Epoch 41, Batch 170, Loss: 1.9317
[DTW] raw: pos=153.2  neg=1174.4  |  prob: pos_wins=0.994 (goal→1.0)  |  gap=-7.978  loss=2.0220
[LOSS] alignment_loss_type=d3tw_char_pool  d3tw_loss=2.0220  d3tw_cost_pos=153.1931  d3tw_cost_neg=1174.4381  total_loss=2.0234  char_pool_loss=0.0027  effective_char_pool_weight=0.5000  char_pool_acc_top1=0.9995  char_pool_acc_top5=1.0000  char_pool_valid_chars=2080  char_pool_num_chars=2080  window_size=16  stride=16  window_overlap_mode=no_overlap  num_windows=64  sequence_length=128
Epoch 41, Batch 171, Loss: 2.0234
Epoch 41, Batch 172, Loss: 1.9054
Epoch 41, Batch 173, Loss: 1.9251
Epoch 41, Batch 174, Loss: 1.8780
Epoch 41, Batch 175, Loss: 2.0236
Epoch 41, Batch 176, Loss: 1.9714
Epoch 41, Batch 177, Loss: 1.8543
Epoch 41, Batch 178, Loss: 1.8669
Epoch 41, Batch 179, Loss: 1.9737
Epoch 41, Batch 180, Loss: 1.9129
[DTW] raw: pos=153.2  neg=1175.9  |  prob: pos_wins=0.995 (goal→1.0)  |  gap=-7.990  loss=2.0099
[LOSS] alignment_loss_type=d3tw_char_pool  d3tw_loss=2.0099  d3tw_cost_pos=153.1523  d3tw_cost_neg=1175.8730  total_loss=2.0109  char_pool_loss=0.0021  effective_char_pool_weight=0.5000  char_pool_acc_top1=0.9990  char_pool_acc_top5=1.0000  char_pool_valid_chars=2080  char_pool_num_chars=2080  window_size=16  stride=16  window_overlap_mode=no_overlap  num_windows=64  sequence_length=128
Epoch 41, Batch 181, Loss: 2.0109
Epoch 41, Batch 182, Loss: 1.9044
Epoch 41, Batch 183, Loss: 1.9424
Epoch 41, Batch 184, Loss: 1.9808
Epoch 41, Batch 185, Loss: 1.9266
Epoch 41, Batch 186, Loss: 1.9131
Epoch 41, Batch 187, Loss: 2.0107
Epoch 41, Batch 188, Loss: 2.1387
Epoch 41 - Train Loss: 1.9442
[DTW] raw: pos=158.5  neg=1197.3  |  prob: pos_wins=0.994 (goal→1.0)  |  gap=-8.116  loss=1.8871
[LOSS] alignment_loss_type=d3tw_char_pool  d3tw_loss=1.8871  d3tw_cost_pos=158.4786  d3tw_cost_neg=1197.3347  total_loss=1.9014  char_pool_loss=0.0287  effective_char_pool_weight=0.5000  char_pool_acc_top1=0.9976  char_pool_acc_top5=0.9981  char_pool_valid_chars=2080  char_pool_num_chars=2080  window_size=16  stride=16  window_overlap_mode=no_overlap  num_windows=64  sequence_length=128
[DTW] raw: pos=158.1  neg=1186.0  |  prob: pos_wins=0.995 (goal→1.0)  |  gap=-8.031  loss=1.9691
[LOSS] alignment_loss_type=d3tw_char_pool  d3tw_loss=1.9691  d3tw_cost_pos=158.0841  d3tw_cost_neg=1186.0262  total_loss=1.9769  char_pool_loss=0.0155  effective_char_pool_weight=0.5000  char_pool_acc_top1=0.9986  char_pool_acc_top5=0.9990  char_pool_valid_chars=2080  char_pool_num_chars=2080  window_size=16  stride=16  window_overlap_mode=no_overlap  num_windows=64  sequence_length=128
[DTW] raw: pos=160.4  neg=1193.3  |  prob: pos_wins=0.995 (goal→1.0)  |  gap=-8.069  loss=1.9338
[LOSS] alignment_loss_type=d3tw_char_pool  d3tw_loss=1.9338  d3tw_cost_pos=160.4454  d3tw_cost_neg=1193.3030  total_loss=1.9422  char_pool_loss=0.0167  effective_char_pool_weight=0.5000  char_pool_acc_top1=0.9976  char_pool_acc_top5=0.9990  char_pool_valid_chars=2080  char_pool_num_chars=2080  window_size=16  stride=16  window_overlap_mode=no_overlap  num_windows=64  sequence_length=128
[DTW] raw: pos=156.6  neg=1184.1  |  prob: pos_wins=0.995 (goal→1.0)  |  gap=-8.027  loss=1.9741
[LOSS] alignment_loss_type=d3tw_char_pool  d3tw_loss=1.9741  d3tw_cost_pos=156.6484  d3tw_cost_neg=1184.1077  total_loss=1.9930  char_pool_loss=0.0376  effective_char_pool_weight=0.5000  char_pool_acc_top1=0.9962  char_pool_acc_top5=0.9976  char_pool_valid_chars=2080  char_pool_num_chars=2080  window_size=16  stride=16  window_overlap_mode=no_overlap  num_windows=64  sequence_length=128
[DTW] raw: pos=155.8  neg=1200.1  |  prob: pos_wins=0.995 (goal→1.0)  |  gap=-8.159  loss=1.8449
[LOSS] alignment_loss_type=d3tw_char_pool  d3tw_loss=1.8449  d3tw_cost_pos=155.7549  d3tw_cost_neg=1200.0773  total_loss=1.8467  char_pool_loss=0.0035  effective_char_pool_weight=0.5000  char_pool_acc_top1=0.9986  char_pool_acc_top5=1.0000  char_pool_valid_chars=2080  char_pool_num_chars=2080  window_size=16  stride=16  window_overlap_mode=no_overlap  num_windows=64  sequence_length=128
[DTW] raw: pos=155.3  neg=1185.9  |  prob: pos_wins=0.994 (goal→1.0)  |  gap=-8.051  loss=1.9494
[LOSS] alignment_loss_type=d3tw_char_pool  d3tw_loss=1.9494  d3tw_cost_pos=155.3043  d3tw_cost_neg=1185.8867  total_loss=1.9553  char_pool_loss=0.0118  effective_char_pool_weight=0.5000  char_pool_acc_top1=0.9990  char_pool_acc_top5=0.9995  char_pool_valid_chars=2080  char_pool_num_chars=2080  window_size=16  stride=16  window_overlap_mode=no_overlap  num_windows=64  sequence_length=128
[DTW] raw: pos=153.2  neg=1193.7  |  prob: pos_wins=0.995 (goal→1.0)  |  gap=-8.129  loss=1.8736
[LOSS] alignment_loss_type=d3tw_char_pool  d3tw_loss=1.8736  d3tw_cost_pos=153.1522  d3tw_cost_neg=1193.6691  total_loss=1.8759  char_pool_loss=0.0045  effective_char_pool_weight=0.5000  char_pool_acc_top1=0.9990  char_pool_acc_top5=1.0000  char_pool_valid_chars=2080  char_pool_num_chars=2080  window_size=16  stride=16  window_overlap_mode=no_overlap  num_windows=64  sequence_length=128
Epoch 41 - Validation Loss: 1.9346
Epoch 41 completed in 13m 50.93s
Epoch 41 - Peak GPU memory: 2267.0 MB
============================================================
Epoch 42 - Soft-DTW gamma: 0.100000
[DTW] raw: pos=156.5  neg=1165.7  |  prob: pos_wins=0.993 (goal→1.0)  |  gap=-7.884  loss=2.1168
[LOSS] alignment_loss_type=d3tw_char_pool  d3tw_loss=2.1168  d3tw_cost_pos=156.5412  d3tw_cost_neg=1165.7162  total_loss=2.1175  char_pool_loss=0.0014  effective_char_pool_weight=0.5000  char_pool_acc_top1=0.9995  char_pool_acc_top5=1.0000  char_pool_valid_chars=2080  char_pool_num_chars=2080  window_size=16  stride=16  window_overlap_mode=no_overlap  num_windows=64  sequence_length=128
Epoch 42, Batch 1, Loss: 2.1175
Epoch 42, Batch 2, Loss: 1.9851
Epoch 42, Batch 3, Loss: 2.0208
Epoch 42, Batch 4, Loss: 1.9057
Epoch 42, Batch 5, Loss: 1.9765
Epoch 42, Batch 6, Loss: 1.9563
Epoch 42, Batch 7, Loss: 1.9178
Epoch 42, Batch 8, Loss: 1.9137
Epoch 42, Batch 9, Loss: 1.9176
Epoch 42, Batch 10, Loss: 1.9065
[DTW] raw: pos=153.6  neg=1187.2  |  prob: pos_wins=0.995 (goal→1.0)  |  gap=-8.075  loss=1.9259
[LOSS] alignment_loss_type=d3tw_char_pool  d3tw_loss=1.9259  d3tw_cost_pos=153.5611  d3tw_cost_neg=1187.1984  total_loss=1.9261  char_pool_loss=0.0004  effective_char_pool_weight=0.5000  char_pool_acc_top1=1.0000  char_pool_acc_top5=1.0000  char_pool_valid_chars=2080  char_pool_num_chars=2080  window_size=16  stride=16  window_overlap_mode=no_overlap  num_windows=64  sequence_length=128
Epoch 42, Batch 11, Loss: 1.9261
Epoch 42, Batch 12, Loss: 1.8834
Epoch 42, Batch 13, Loss: 1.9338
Epoch 42, Batch 14, Loss: 1.9482
Epoch 42, Batch 15, Loss: 1.9421
Epoch 42, Batch 16, Loss: 1.9379
Epoch 42, Batch 17, Loss: 1.9262
Epoch 42, Batch 18, Loss: 2.0416
Epoch 42, Batch 19, Loss: 1.9932
Epoch 42, Batch 20, Loss: 1.9590
[DTW] raw: pos=157.7  neg=1183.9  |  prob: pos_wins=0.995 (goal→1.0)  |  gap=-8.017  loss=1.9844
[LOSS] alignment_loss_type=d3tw_char_pool  d3tw_loss=1.9844  d3tw_cost_pos=157.7371  d3tw_cost_neg=1183.9456  total_loss=1.9871  char_pool_loss=0.0054  effective_char_pool_weight=0.5000  char_pool_acc_top1=0.9986  char_pool_acc_top5=1.0000  char_pool_valid_chars=2080  char_pool_num_chars=2080  window_size=16  stride=16  window_overlap_mode=no_overlap  num_windows=64  sequence_length=128
Epoch 42, Batch 21, Loss: 1.9871
Epoch 42, Batch 22, Loss: 1.9771
Epoch 42, Batch 23, Loss: 1.9228
Epoch 42, Batch 24, Loss: 1.8927
Epoch 42, Batch 25, Loss: 1.9956
Epoch 42, Batch 26, Loss: 1.8904
Epoch 42, Batch 27, Loss: 1.9557
Epoch 42, Batch 28, Loss: 1.9526
Epoch 42, Batch 29, Loss: 2.1139
Epoch 42, Batch 30, Loss: 1.9369
[DTW] raw: pos=153.2  neg=1195.2  |  prob: pos_wins=0.995 (goal→1.0)  |  gap=-8.141  loss=1.8614
[LOSS] alignment_loss_type=d3tw_char_pool  d3tw_loss=1.8614  d3tw_cost_pos=153.2255  d3tw_cost_neg=1195.2439  total_loss=1.8659  char_pool_loss=0.0089  effective_char_pool_weight=0.5000  char_pool_acc_top1=0.9990  char_pool_acc_top5=0.9995  char_pool_valid_chars=2080  char_pool_num_chars=2080  window_size=16  stride=16  window_overlap_mode=no_overlap  num_windows=64  sequence_length=128
Epoch 42, Batch 31, Loss: 1.8659
Epoch 42, Batch 32, Loss: 1.9298
Epoch 42, Batch 33, Loss: 1.9280
Epoch 42, Batch 34, Loss: 1.9363
Epoch 42, Batch 35, Loss: 1.9521
Epoch 42, Batch 36, Loss: 2.0553
Epoch 42, Batch 37, Loss: 1.9603
Epoch 42, Batch 38, Loss: 1.8515
Epoch 42, Batch 39, Loss: 1.8971
Epoch 42, Batch 40, Loss: 1.8130
[DTW] raw: pos=156.3  neg=1172.5  |  prob: pos_wins=0.994 (goal→1.0)  |  gap=-7.939  loss=2.0656
[LOSS] alignment_loss_type=d3tw_char_pool  d3tw_loss=2.0656  d3tw_cost_pos=156.3056  d3tw_cost_neg=1172.5479  total_loss=2.0657  char_pool_loss=0.0002  effective_char_pool_weight=0.5000  char_pool_acc_top1=1.0000  char_pool_acc_top5=1.0000  char_pool_valid_chars=2080  char_pool_num_chars=2080  window_size=16  stride=16  window_overlap_mode=no_overlap  num_windows=64  sequence_length=128
Epoch 42, Batch 41, Loss: 2.0657
Epoch 42, Batch 42, Loss: 1.9329
Epoch 42, Batch 43, Loss: 1.9531
Epoch 42, Batch 44, Loss: 1.9471
Epoch 42, Batch 45, Loss: 1.9903
Epoch 42, Batch 46, Loss: 2.0272
Epoch 42, Batch 47, Loss: 1.8777
Epoch 42, Batch 48, Loss: 1.8588
Epoch 42, Batch 49, Loss: 1.8920
Epoch 42, Batch 50, Loss: 1.9469
[DTW] raw: pos=155.1  neg=1201.4  |  prob: pos_wins=0.996 (goal→1.0)  |  gap=-8.175  loss=1.8325
[LOSS] alignment_loss_type=d3tw_char_pool  d3tw_loss=1.8325  d3tw_cost_pos=155.0509  d3tw_cost_neg=1201.3933  total_loss=1.8327  char_pool_loss=0.0005  effective_char_pool_weight=0.5000  char_pool_acc_top1=1.0000  char_pool_acc_top5=1.0000  char_pool_valid_chars=2080  char_pool_num_chars=2080  window_size=16  stride=16  window_overlap_mode=no_overlap  num_windows=64  sequence_length=128
Epoch 42, Batch 51, Loss: 1.8327
Epoch 42, Batch 52, Loss: 1.9637
Epoch 42, Batch 53, Loss: 1.9646
Epoch 42, Batch 54, Loss: 1.9762
Epoch 42, Batch 55, Loss: 1.9004
Epoch 42, Batch 56, Loss: 1.9639
Epoch 42, Batch 57, Loss: 1.9859
Epoch 42, Batch 58, Loss: 2.0150
Epoch 42, Batch 59, Loss: 1.8990
Epoch 42, Batch 60, Loss: 1.9801
[DTW] raw: pos=154.6  neg=1186.4  |  prob: pos_wins=0.993 (goal→1.0)  |  gap=-8.061  loss=1.9391
[LOSS] alignment_loss_type=d3tw_char_pool  d3tw_loss=1.9391  d3tw_cost_pos=154.5614  d3tw_cost_neg=1186.3889  total_loss=1.9439  char_pool_loss=0.0096  effective_char_pool_weight=0.5000  char_pool_acc_top1=0.9971  char_pool_acc_top5=1.0000  char_pool_valid_chars=2080  char_pool_num_chars=2080  window_size=16  stride=16  window_overlap_mode=no_overlap  num_windows=64  sequence_length=128
Epoch 42, Batch 61, Loss: 1.9439
Epoch 42, Batch 62, Loss: 1.8982
Epoch 42, Batch 63, Loss: 1.7110
Epoch 42, Batch 64, Loss: 2.0194
Epoch 42, Batch 65, Loss: 1.9908
Epoch 42, Batch 66, Loss: 2.0263
Epoch 42, Batch 67, Loss: 1.8818
Epoch 42, Batch 68, Loss: 1.9688
Epoch 42, Batch 69, Loss: 1.9719
Epoch 42, Batch 70, Loss: 1.9191
[DTW] raw: pos=155.6  neg=1171.0  |  prob: pos_wins=0.994 (goal→1.0)  |  gap=-7.934  loss=2.0663
[LOSS] alignment_loss_type=d3tw_char_pool  d3tw_loss=2.0663  d3tw_cost_pos=155.5536  d3tw_cost_neg=1171.0490  total_loss=2.0666  char_pool_loss=0.0005  effective_char_pool_weight=0.5000  char_pool_acc_top1=1.0000  char_pool_acc_top5=1.0000  char_pool_valid_chars=2080  char_pool_num_chars=2080  window_size=16  stride=16  window_overlap_mode=no_overlap  num_windows=64  sequence_length=128
Epoch 42, Batch 71, Loss: 2.0666
Epoch 42, Batch 72, Loss: 1.8283
Epoch 42, Batch 73, Loss: 2.0529
Epoch 42, Batch 74, Loss: 1.9688
Epoch 42, Batch 75, Loss: 1.9668
Epoch 42, Batch 76, Loss: 1.9273
Epoch 42, Batch 77, Loss: 1.9057
Epoch 42, Batch 78, Loss: 1.8263
Epoch 42, Batch 79, Loss: 1.9663
Epoch 42, Batch 80, Loss: 1.9827
[DTW] raw: pos=155.1  neg=1175.5  |  prob: pos_wins=0.994 (goal→1.0)  |  gap=-7.972  loss=2.0279
[LOSS] alignment_loss_type=d3tw_char_pool  d3tw_loss=2.0279  d3tw_cost_pos=155.0772  d3tw_cost_neg=1175.4968  total_loss=2.0280  char_pool_loss=0.0003  effective_char_pool_weight=0.5000  char_pool_acc_top1=1.0000  char_pool_acc_top5=1.0000  char_pool_valid_chars=2080  char_pool_num_chars=2080  window_size=16  stride=16  window_overlap_mode=no_overlap  num_windows=64  sequence_length=128
Epoch 42, Batch 81, Loss: 2.0280
Epoch 42, Batch 82, Loss: 1.8190
Epoch 42, Batch 83, Loss: 1.8898
Epoch 42, Batch 84, Loss: 1.9235
Epoch 42, Batch 85, Loss: 1.8466
Epoch 42, Batch 86, Loss: 2.0506
Epoch 42, Batch 87, Loss: 1.9341
Epoch 42, Batch 88, Loss: 1.8127
Epoch 42, Batch 89, Loss: 1.9403
Epoch 42, Batch 90, Loss: 1.9148
[DTW] raw: pos=153.7  neg=1193.8  |  prob: pos_wins=0.995 (goal→1.0)  |  gap=-8.125  loss=1.8758
[LOSS] alignment_loss_type=d3tw_char_pool  d3tw_loss=1.8758  d3tw_cost_pos=153.7133  d3tw_cost_neg=1193.7522  total_loss=1.8778  char_pool_loss=0.0041  effective_char_pool_weight=0.5000  char_pool_acc_top1=0.9990  char_pool_acc_top5=1.0000  char_pool_valid_chars=2080  char_pool_num_chars=2080  window_size=16  stride=16  window_overlap_mode=no_overlap  num_windows=64  sequence_length=128
Epoch 42, Batch 91, Loss: 1.8778
Epoch 42, Batch 92, Loss: 1.9348
Epoch 42, Batch 93, Loss: 1.9169
Epoch 42, Batch 94, Loss: 1.9617
Epoch 42, Batch 95, Loss: 1.9263
Epoch 42, Batch 96, Loss: 1.8155
Epoch 42, Batch 97, Loss: 2.0659
Epoch 42, Batch 98, Loss: 1.9710
Epoch 42, Batch 99, Loss: 1.8822
Epoch 42, Batch 100, Loss: 1.8244
[DTW] raw: pos=154.2  neg=1182.7  |  prob: pos_wins=0.995 (goal→1.0)  |  gap=-8.035  loss=1.9656
[LOSS] alignment_loss_type=d3tw_char_pool  d3tw_loss=1.9656  d3tw_cost_pos=154.2267  d3tw_cost_neg=1182.6996  total_loss=1.9702  char_pool_loss=0.0091  effective_char_pool_weight=0.5000  char_pool_acc_top1=0.9990  char_pool_acc_top5=0.9995  char_pool_valid_chars=2080  char_pool_num_chars=2080  window_size=16  stride=16  window_overlap_mode=no_overlap  num_windows=64  sequence_length=128
Epoch 42, Batch 101, Loss: 1.9702
Epoch 42, Batch 102, Loss: 2.0530
Epoch 42, Batch 103, Loss: 1.8672
Epoch 42, Batch 104, Loss: 1.9848
Epoch 42, Batch 105, Loss: 1.8978
Epoch 42, Batch 106, Loss: 1.9343
Epoch 42, Batch 107, Loss: 2.0176
Epoch 42, Batch 108, Loss: 1.8343
Epoch 42, Batch 109, Loss: 1.9333
Epoch 42, Batch 110, Loss: 1.8989
[DTW] raw: pos=152.8  neg=1194.0  |  prob: pos_wins=0.995 (goal→1.0)  |  gap=-8.134  loss=1.8665
[LOSS] alignment_loss_type=d3tw_char_pool  d3tw_loss=1.8665  d3tw_cost_pos=152.7867  d3tw_cost_neg=1193.9731  total_loss=1.8678  char_pool_loss=0.0027  effective_char_pool_weight=0.5000  char_pool_acc_top1=0.9995  char_pool_acc_top5=1.0000  char_pool_valid_chars=2080  char_pool_num_chars=2080  window_size=16  stride=16  window_overlap_mode=no_overlap  num_windows=64  sequence_length=128
Epoch 42, Batch 111, Loss: 1.8678
Epoch 42, Batch 112, Loss: 1.9798
Epoch 42, Batch 113, Loss: 1.9294
Epoch 42, Batch 114, Loss: 1.9164
Epoch 42, Batch 115, Loss: 1.8861
Epoch 42, Batch 116, Loss: 1.9702
Epoch 42, Batch 117, Loss: 1.8131
Epoch 42, Batch 118, Loss: 1.9854
Epoch 42, Batch 119, Loss: 1.8795
Epoch 42, Batch 120, Loss: 2.0018
[DTW] raw: pos=156.1  neg=1183.6  |  prob: pos_wins=0.994 (goal→1.0)  |  gap=-8.027  loss=1.9730
[LOSS] alignment_loss_type=d3tw_char_pool  d3tw_loss=1.9730  d3tw_cost_pos=156.1121  d3tw_cost_neg=1183.5868  total_loss=1.9734  char_pool_loss=0.0008  effective_char_pool_weight=0.5000  char_pool_acc_top1=0.9995  char_pool_acc_top5=1.0000  char_pool_valid_chars=2080  char_pool_num_chars=2080  window_size=16  stride=16  window_overlap_mode=no_overlap  num_windows=64  sequence_length=128
Epoch 42, Batch 121, Loss: 1.9734
Epoch 42, Batch 122, Loss: 1.9773
Epoch 42, Batch 123, Loss: 1.9597
Epoch 42, Batch 124, Loss: 1.8745
Epoch 42, Batch 125, Loss: 1.9959
Epoch 42, Batch 126, Loss: 1.8751
Epoch 42, Batch 127, Loss: 1.8465
Epoch 42, Batch 128, Loss: 1.9810
Epoch 42, Batch 129, Loss: 1.9502
Epoch 42, Batch 130, Loss: 1.9489
[DTW] raw: pos=153.9  neg=1183.3  |  prob: pos_wins=0.995 (goal→1.0)  |  gap=-8.042  loss=1.9604
[LOSS] alignment_loss_type=d3tw_char_pool  d3tw_loss=1.9604  d3tw_cost_pos=153.8858  d3tw_cost_neg=1183.2612  total_loss=1.9608  char_pool_loss=0.0008  effective_char_pool_weight=0.5000  char_pool_acc_top1=0.9995  char_pool_acc_top5=1.0000  char_pool_valid_chars=2080  char_pool_num_chars=2080  window_size=16  stride=16  window_overlap_mode=no_overlap  num_windows=64  sequence_length=128
Epoch 42, Batch 131, Loss: 1.9608
Epoch 42, Batch 132, Loss: 2.0303
Epoch 42, Batch 133, Loss: 1.9152
Epoch 42, Batch 134, Loss: 1.9108
Epoch 42, Batch 135, Loss: 1.9242
Epoch 42, Batch 136, Loss: 1.9575
Epoch 42, Batch 137, Loss: 1.9801
Epoch 42, Batch 138, Loss: 1.8744
Epoch 42, Batch 139, Loss: 1.8502
Epoch 42, Batch 140, Loss: 1.9876
[DTW] raw: pos=154.3  neg=1173.9  |  prob: pos_wins=0.993 (goal→1.0)  |  gap=-7.966  loss=2.0342
[LOSS] alignment_loss_type=d3tw_char_pool  d3tw_loss=2.0342  d3tw_cost_pos=154.3078  d3tw_cost_neg=1173.9165  total_loss=2.0343  char_pool_loss=0.0001  effective_char_pool_weight=0.5000  char_pool_acc_top1=1.0000  char_pool_acc_top5=1.0000  char_pool_valid_chars=2080  char_pool_num_chars=2080  window_size=16  stride=16  window_overlap_mode=no_overlap  num_windows=64  sequence_length=128
Epoch 42, Batch 141, Loss: 2.0343
Epoch 42, Batch 142, Loss: 1.9056
Epoch 42, Batch 143, Loss: 1.8920
Epoch 42, Batch 144, Loss: 1.8853
Epoch 42, Batch 145, Loss: 1.9723
Epoch 42, Batch 146, Loss: 1.9150
Epoch 42, Batch 147, Loss: 1.8685
Epoch 42, Batch 148, Loss: 1.9370
Epoch 42, Batch 149, Loss: 1.9861
Epoch 42, Batch 150, Loss: 2.0173
[DTW] raw: pos=152.8  neg=1193.2  |  prob: pos_wins=0.995 (goal→1.0)  |  gap=-8.128  loss=1.8746
[LOSS] alignment_loss_type=d3tw_char_pool  d3tw_loss=1.8746  d3tw_cost_pos=152.7883  d3tw_cost_neg=1193.1996  total_loss=1.8785  char_pool_loss=0.0078  effective_char_pool_weight=0.5000  char_pool_acc_top1=0.9990  char_pool_acc_top5=1.0000  char_pool_valid_chars=2080  char_pool_num_chars=2080  window_size=16  stride=16  window_overlap_mode=no_overlap  num_windows=64  sequence_length=128
Epoch 42, Batch 151, Loss: 1.8785
Epoch 42, Batch 152, Loss: 1.8783
Epoch 42, Batch 153, Loss: 1.8822
Epoch 42, Batch 154, Loss: 1.9353
Epoch 42, Batch 155, Loss: 1.9877
Epoch 42, Batch 156, Loss: 1.9787
Epoch 42, Batch 157, Loss: 2.0343
Epoch 42, Batch 158, Loss: 2.0509
Epoch 42, Batch 159, Loss: 1.8956
Epoch 42, Batch 160, Loss: 1.8792
[DTW] raw: pos=150.8  neg=1192.1  |  prob: pos_wins=0.995 (goal→1.0)  |  gap=-8.135  loss=1.8651
[LOSS] alignment_loss_type=d3tw_char_pool  d3tw_loss=1.8651  d3tw_cost_pos=150.7606  d3tw_cost_neg=1192.0697  total_loss=1.8700  char_pool_loss=0.0098  effective_char_pool_weight=0.5000  char_pool_acc_top1=0.9986  char_pool_acc_top5=0.9995  char_pool_valid_chars=2080  char_pool_num_chars=2080  window_size=16  stride=16  window_overlap_mode=no_overlap  num_windows=64  sequence_length=128
Epoch 42, Batch 161, Loss: 1.8700
Epoch 42, Batch 162, Loss: 1.9647
Epoch 42, Batch 163, Loss: 1.9876
Epoch 42, Batch 164, Loss: 1.9088
Epoch 42, Batch 165, Loss: 1.9237
Epoch 42, Batch 166, Loss: 1.9615
Epoch 42, Batch 167, Loss: 1.8728
Epoch 42, Batch 168, Loss: 1.9662
Epoch 42, Batch 169, Loss: 1.8620
Epoch 42, Batch 170, Loss: 2.0508
[DTW] raw: pos=151.6  neg=1195.0  |  prob: pos_wins=0.996 (goal→1.0)  |  gap=-8.152  loss=1.8494
[LOSS] alignment_loss_type=d3tw_char_pool  d3tw_loss=1.8494  d3tw_cost_pos=151.5947  d3tw_cost_neg=1195.0085  total_loss=1.8521  char_pool_loss=0.0055  effective_char_pool_weight=0.5000  char_pool_acc_top1=0.9995  char_pool_acc_top5=1.0000  char_pool_valid_chars=2080  char_pool_num_chars=2080  window_size=16  stride=16  window_overlap_mode=no_overlap  num_windows=64  sequence_length=128
Epoch 42, Batch 171, Loss: 1.8521
Epoch 42, Batch 172, Loss: 2.0213
Epoch 42, Batch 173, Loss: 2.0086
Epoch 42, Batch 174, Loss: 1.9563
Epoch 42, Batch 175, Loss: 1.8803
Epoch 42, Batch 176, Loss: 2.0701
Epoch 42, Batch 177, Loss: 2.0071
Epoch 42, Batch 178, Loss: 1.9139
Epoch 42, Batch 179, Loss: 1.9578
Epoch 42, Batch 180, Loss: 1.8351
[DTW] raw: pos=153.2  neg=1194.7  |  prob: pos_wins=0.995 (goal→1.0)  |  gap=-8.136  loss=1.8674
[LOSS] alignment_loss_type=d3tw_char_pool  d3tw_loss=1.8674  d3tw_cost_pos=153.2186  d3tw_cost_neg=1194.6674  total_loss=1.8720  char_pool_loss=0.0091  effective_char_pool_weight=0.5000  char_pool_acc_top1=0.9986  char_pool_acc_top5=0.9995  char_pool_valid_chars=2080  char_pool_num_chars=2080  window_size=16  stride=16  window_overlap_mode=no_overlap  num_windows=64  sequence_length=128
Epoch 42, Batch 181, Loss: 1.8720
Epoch 42, Batch 182, Loss: 1.9284
Epoch 42, Batch 183, Loss: 2.0475
Epoch 42, Batch 184, Loss: 1.8919
Epoch 42, Batch 185, Loss: 1.8683
Epoch 42, Batch 186, Loss: 2.0230
Epoch 42, Batch 187, Loss: 1.9771
Epoch 42, Batch 188, Loss: 1.8207
Epoch 42 - Train Loss: 1.9392
[DTW] raw: pos=158.6  neg=1179.4  |  prob: pos_wins=0.994 (goal→1.0)  |  gap=-7.975  loss=2.0253
[LOSS] alignment_loss_type=d3tw_char_pool  d3tw_loss=2.0253  d3tw_cost_pos=158.5642  d3tw_cost_neg=1179.4169  total_loss=2.0357  char_pool_loss=0.0208  effective_char_pool_weight=0.5000  char_pool_acc_top1=0.9981  char_pool_acc_top5=0.9986  char_pool_valid_chars=2080  char_pool_num_chars=2080  window_size=16  stride=16  window_overlap_mode=no_overlap  num_windows=64  sequence_length=128
[DTW] raw: pos=158.3  neg=1182.7  |  prob: pos_wins=0.994 (goal→1.0)  |  gap=-8.003  loss=1.9968
[LOSS] alignment_loss_type=d3tw_char_pool  d3tw_loss=1.9968  d3tw_cost_pos=158.3405  d3tw_cost_neg=1182.7354  total_loss=2.0023  char_pool_loss=0.0111  effective_char_pool_weight=0.5000  char_pool_acc_top1=0.9981  char_pool_acc_top5=0.9995  char_pool_valid_chars=2080  char_pool_num_chars=2080  window_size=16  stride=16  window_overlap_mode=no_overlap  num_windows=64  sequence_length=128
[DTW] raw: pos=159.9  neg=1191.5  |  prob: pos_wins=0.995 (goal→1.0)  |  gap=-8.059  loss=1.9418
[LOSS] alignment_loss_type=d3tw_char_pool  d3tw_loss=1.9418  d3tw_cost_pos=159.9010  d3tw_cost_neg=1191.4923  total_loss=1.9464  char_pool_loss=0.0093  effective_char_pool_weight=0.5000  char_pool_acc_top1=0.9986  char_pool_acc_top5=1.0000  char_pool_valid_chars=2080  char_pool_num_chars=2080  window_size=16  stride=16  window_overlap_mode=no_overlap  num_windows=64  sequence_length=128
[DTW] raw: pos=157.0  neg=1187.4  |  prob: pos_wins=0.995 (goal→1.0)  |  gap=-8.049  loss=1.9531
[LOSS] alignment_loss_type=d3tw_char_pool  d3tw_loss=1.9531  d3tw_cost_pos=157.0349  d3tw_cost_neg=1187.3596  total_loss=1.9711  char_pool_loss=0.0360  effective_char_pool_weight=0.5000  char_pool_acc_top1=0.9962  char_pool_acc_top5=0.9981  char_pool_valid_chars=2080  char_pool_num_chars=2080  window_size=16  stride=16  window_overlap_mode=no_overlap  num_windows=64  sequence_length=128
[DTW] raw: pos=157.1  neg=1195.6  |  prob: pos_wins=0.995 (goal→1.0)  |  gap=-8.114  loss=1.8911
[LOSS] alignment_loss_type=d3tw_char_pool  d3tw_loss=1.8911  d3tw_cost_pos=157.0951  d3tw_cost_neg=1195.6260  total_loss=1.8921  char_pool_loss=0.0019  effective_char_pool_weight=0.5000  char_pool_acc_top1=0.9995  char_pool_acc_top5=1.0000  char_pool_valid_chars=2080  char_pool_num_chars=2080  window_size=16  stride=16  window_overlap_mode=no_overlap  num_windows=64  sequence_length=128
[DTW] raw: pos=156.4  neg=1182.6  |  prob: pos_wins=0.994 (goal→1.0)  |  gap=-8.017  loss=1.9840
[LOSS] alignment_loss_type=d3tw_char_pool  d3tw_loss=1.9840  d3tw_cost_pos=156.3892  d3tw_cost_neg=1182.5676  total_loss=1.9907  char_pool_loss=0.0135  effective_char_pool_weight=0.5000  char_pool_acc_top1=0.9990  char_pool_acc_top5=0.9990  char_pool_valid_chars=2080  char_pool_num_chars=2080  window_size=16  stride=16  window_overlap_mode=no_overlap  num_windows=64  sequence_length=128
[DTW] raw: pos=153.4  neg=1194.1  |  prob: pos_wins=0.995 (goal→1.0)  |  gap=-8.131  loss=1.8719
[LOSS] alignment_loss_type=d3tw_char_pool  d3tw_loss=1.8719  d3tw_cost_pos=153.3512  d3tw_cost_neg=1194.0691  total_loss=1.8739  char_pool_loss=0.0040  effective_char_pool_weight=0.5000  char_pool_acc_top1=0.9990  char_pool_acc_top5=1.0000  char_pool_valid_chars=2080  char_pool_num_chars=2080  window_size=16  stride=16  window_overlap_mode=no_overlap  num_windows=64  sequence_length=128
Epoch 42 - Validation Loss: 1.9398
Epoch 42 completed in 13m 48.92s
Epoch 42 - Peak GPU memory: 2267.0 MB
============================================================
Epoch 43 - Soft-DTW gamma: 0.100000
[DTW] raw: pos=155.0  neg=1193.7  |  prob: pos_wins=0.995 (goal→1.0)  |  gap=-8.115  loss=1.8876
[LOSS] alignment_loss_type=d3tw_char_pool  d3tw_loss=1.8876  d3tw_cost_pos=155.0191  d3tw_cost_neg=1193.6753  total_loss=1.8929  char_pool_loss=0.0106  effective_char_pool_weight=0.5000  char_pool_acc_top1=0.9986  char_pool_acc_top5=1.0000  char_pool_valid_chars=2080  char_pool_num_chars=2080  window_size=16  stride=16  window_overlap_mode=no_overlap  num_windows=64  sequence_length=128
Epoch 43, Batch 1, Loss: 1.8929
Epoch 43, Batch 2, Loss: 1.9883
Epoch 43, Batch 3, Loss: 1.9810
Epoch 43, Batch 4, Loss: 1.9107
Epoch 43, Batch 5, Loss: 2.0727
Epoch 43, Batch 6, Loss: 1.8891
Epoch 43, Batch 7, Loss: 1.8577
Epoch 43, Batch 8, Loss: 1.9162
Epoch 43, Batch 9, Loss: 1.8663
Epoch 43, Batch 10, Loss: 2.0240
[DTW] raw: pos=153.2  neg=1178.5  |  prob: pos_wins=0.995 (goal→1.0)  |  gap=-8.010  loss=1.9897
[LOSS] alignment_loss_type=d3tw_char_pool  d3tw_loss=1.9897  d3tw_cost_pos=153.1898  d3tw_cost_neg=1178.4995  total_loss=1.9897  char_pool_loss=0.0001  effective_char_pool_weight=0.5000  char_pool_acc_top1=1.0000  char_pool_acc_top5=1.0000  char_pool_valid_chars=2080  char_pool_num_chars=2080  window_size=16  stride=16  window_overlap_mode=no_overlap  num_windows=64  sequence_length=128
Epoch 43, Batch 11, Loss: 1.9897
Epoch 43, Batch 12, Loss: 1.7878
Epoch 43, Batch 13, Loss: 1.8580
Epoch 43, Batch 14, Loss: 2.0221
Epoch 43, Batch 15, Loss: 2.0266
Epoch 43, Batch 16, Loss: 1.9764
Epoch 43, Batch 17, Loss: 1.9911
Epoch 43, Batch 18, Loss: 1.9497
Epoch 43, Batch 19, Loss: 2.0041
Epoch 43, Batch 20, Loss: 1.9174
[DTW] raw: pos=156.2  neg=1189.8  |  prob: pos_wins=0.995 (goal→1.0)  |  gap=-8.075  loss=1.9278
[LOSS] alignment_loss_type=d3tw_char_pool  d3tw_loss=1.9278  d3tw_cost_pos=156.1809  d3tw_cost_neg=1189.8358  total_loss=1.9299  char_pool_loss=0.0043  effective_char_pool_weight=0.5000  char_pool_acc_top1=0.9990  char_pool_acc_top5=1.0000  char_pool_valid_chars=2080  char_pool_num_chars=2080  window_size=16  stride=16  window_overlap_mode=no_overlap  num_windows=64  sequence_length=128
Epoch 43, Batch 21, Loss: 1.9299
Epoch 43, Batch 22, Loss: 1.9867
Epoch 43, Batch 23, Loss: 1.7818
Epoch 43, Batch 24, Loss: 1.8840
Epoch 43, Batch 25, Loss: 2.0317
Epoch 43, Batch 26, Loss: 1.9543
Epoch 43, Batch 27, Loss: 2.0770
Epoch 43, Batch 28, Loss: 1.7686
Epoch 43, Batch 29, Loss: 1.9145
Epoch 43, Batch 30, Loss: 1.9757
[DTW] raw: pos=151.9  neg=1184.0  |  prob: pos_wins=0.995 (goal→1.0)  |  gap=-8.063  loss=1.9368
[LOSS] alignment_loss_type=d3tw_char_pool  d3tw_loss=1.9368  d3tw_cost_pos=151.9125  d3tw_cost_neg=1184.0125  total_loss=1.9379  char_pool_loss=0.0021  effective_char_pool_weight=0.5000  char_pool_acc_top1=0.9995  char_pool_acc_top5=1.0000  char_pool_valid_chars=2080  char_pool_num_chars=2080  window_size=16  stride=16  window_overlap_mode=no_overlap  num_windows=64  sequence_length=128
Epoch 43, Batch 31, Loss: 1.9379
Epoch 43, Batch 32, Loss: 1.9515
Epoch 43, Batch 33, Loss: 2.0077
Epoch 43, Batch 34, Loss: 1.9049
Epoch 43, Batch 35, Loss: 1.9196
Epoch 43, Batch 36, Loss: 1.9293
Epoch 43, Batch 37, Loss: 1.9443
Epoch 43, Batch 38, Loss: 1.9818
Epoch 43, Batch 39, Loss: 1.9940
Epoch 43, Batch 40, Loss: 1.9420
[DTW] raw: pos=152.7  neg=1189.4  |  prob: pos_wins=0.995 (goal→1.0)  |  gap=-8.099  loss=1.9038
[LOSS] alignment_loss_type=d3tw_char_pool  d3tw_loss=1.9038  d3tw_cost_pos=152.7325  d3tw_cost_neg=1189.3816  total_loss=1.9175  char_pool_loss=0.0275  effective_char_pool_weight=0.5000  char_pool_acc_top1=0.9976  char_pool_acc_top5=0.9986  char_pool_valid_chars=2080  char_pool_num_chars=2080  window_size=16  stride=16  window_overlap_mode=no_overlap  num_windows=64  sequence_length=128
Epoch 43, Batch 41, Loss: 1.9175
Epoch 43, Batch 42, Loss: 2.0452
Epoch 43, Batch 43, Loss: 1.9492
Epoch 43, Batch 44, Loss: 1.9366
Epoch 43, Batch 45, Loss: 2.0065
Epoch 43, Batch 46, Loss: 1.8916
Epoch 43, Batch 47, Loss: 1.8041
Epoch 43, Batch 48, Loss: 2.0284
Epoch 43, Batch 49, Loss: 1.8844
Epoch 43, Batch 50, Loss: 2.0231
[DTW] raw: pos=156.0  neg=1178.2  |  prob: pos_wins=0.994 (goal→1.0)  |  gap=-7.986  loss=2.0139
[LOSS] alignment_loss_type=d3tw_char_pool  d3tw_loss=2.0139  d3tw_cost_pos=156.0084  d3tw_cost_neg=1178.2136  total_loss=2.0186  char_pool_loss=0.0093  effective_char_pool_weight=0.5000  char_pool_acc_top1=0.9981  char_pool_acc_top5=0.9995  char_pool_valid_chars=2080  char_pool_num_chars=2080  window_size=16  stride=16  window_overlap_mode=no_overlap  num_windows=64  sequence_length=128
Epoch 43, Batch 51, Loss: 2.0186
Epoch 43, Batch 52, Loss: 1.9040
Epoch 43, Batch 53, Loss: 2.0114
Epoch 43, Batch 54, Loss: 1.9237
Epoch 43, Batch 55, Loss: 1.9538
Epoch 43, Batch 56, Loss: 2.0352
Epoch 43, Batch 57, Loss: 1.9252
Epoch 43, Batch 58, Loss: 1.9275
Epoch 43, Batch 59, Loss: 1.9205
Epoch 43, Batch 60, Loss: 1.9881
[DTW] raw: pos=159.1  neg=1189.9  |  prob: pos_wins=0.995 (goal→1.0)  |  gap=-8.053  loss=1.9467
[LOSS] alignment_loss_type=d3tw_char_pool  d3tw_loss=1.9467  d3tw_cost_pos=159.0986  d3tw_cost_neg=1189.9308  total_loss=1.9501  char_pool_loss=0.0067  effective_char_pool_weight=0.5000  char_pool_acc_top1=0.9995  char_pool_acc_top5=0.9995  char_pool_valid_chars=2080  char_pool_num_chars=2080  window_size=16  stride=16  window_overlap_mode=no_overlap  num_windows=64  sequence_length=128
Epoch 43, Batch 61, Loss: 1.9501
Epoch 43, Batch 62, Loss: 2.0056
Epoch 43, Batch 63, Loss: 1.8690
Epoch 43, Batch 64, Loss: 1.9341
Epoch 43, Batch 65, Loss: 1.9185
Epoch 43, Batch 66, Loss: 1.9816
Epoch 43, Batch 67, Loss: 2.0563
Epoch 43, Batch 68, Loss: 1.9102
Epoch 43, Batch 69, Loss: 2.0176
Epoch 43, Batch 70, Loss: 1.9528
[DTW] raw: pos=153.8  neg=1190.5  |  prob: pos_wins=0.995 (goal→1.0)  |  gap=-8.100  loss=1.9044
[LOSS] alignment_loss_type=d3tw_char_pool  d3tw_loss=1.9044  d3tw_cost_pos=153.7561  d3tw_cost_neg=1190.5009  total_loss=1.9092  char_pool_loss=0.0095  effective_char_pool_weight=0.5000  char_pool_acc_top1=0.9986  char_pool_acc_top5=0.9995  char_pool_valid_chars=2080  char_pool_num_chars=2080  window_size=16  stride=16  window_overlap_mode=no_overlap  num_windows=64  sequence_length=128
Epoch 43, Batch 71, Loss: 1.9092
Epoch 43, Batch 72, Loss: 1.9042
Epoch 43, Batch 73, Loss: 2.0248
Epoch 43, Batch 74, Loss: 2.1438
Epoch 43, Batch 75, Loss: 1.9393
Epoch 43, Batch 76, Loss: 1.9649
Epoch 43, Batch 77, Loss: 1.8858
Epoch 43, Batch 78, Loss: 1.9826
Epoch 43, Batch 79, Loss: 1.9876
Epoch 43, Batch 80, Loss: 1.9954
[DTW] raw: pos=154.3  neg=1183.9  |  prob: pos_wins=0.995 (goal→1.0)  |  gap=-8.044  loss=1.9578
[LOSS] alignment_loss_type=d3tw_char_pool  d3tw_loss=1.9578  d3tw_cost_pos=154.3007  d3tw_cost_neg=1183.9186  total_loss=1.9608  char_pool_loss=0.0060  effective_char_pool_weight=0.5000  char_pool_acc_top1=0.9986  char_pool_acc_top5=1.0000  char_pool_valid_chars=2080  char_pool_num_chars=2080  window_size=16  stride=16  window_overlap_mode=no_overlap  num_windows=64  sequence_length=128
Epoch 43, Batch 81, Loss: 1.9608
Epoch 43, Batch 82, Loss: 1.8731
Epoch 43, Batch 83, Loss: 1.9283
Epoch 43, Batch 84, Loss: 1.9115
Epoch 43, Batch 85, Loss: 1.9786
Epoch 43, Batch 86, Loss: 1.9478
Epoch 43, Batch 87, Loss: 2.0166
Epoch 43, Batch 88, Loss: 2.1122
Epoch 43, Batch 89, Loss: 1.9659
Epoch 43, Batch 90, Loss: 1.9586
[DTW] raw: pos=158.2  neg=1189.6  |  prob: pos_wins=0.995 (goal→1.0)  |  gap=-8.058  loss=1.9447
[LOSS] alignment_loss_type=d3tw_char_pool  d3tw_loss=1.9447  d3tw_cost_pos=158.2165  d3tw_cost_neg=1189.5884  total_loss=1.9448  char_pool_loss=0.0001  effective_char_pool_weight=0.5000  char_pool_acc_top1=1.0000  char_pool_acc_top5=1.0000  char_pool_valid_chars=2080  char_pool_num_chars=2080  window_size=16  stride=16  window_overlap_mode=no_overlap  num_windows=64  sequence_length=128
Epoch 43, Batch 91, Loss: 1.9448
Epoch 43, Batch 92, Loss: 1.9647
Epoch 43, Batch 93, Loss: 1.8760
Epoch 43, Batch 94, Loss: 1.9431
Epoch 43, Batch 95, Loss: 1.9407
Epoch 43, Batch 96, Loss: 1.9349
Epoch 43, Batch 97, Loss: 2.0345
Epoch 43, Batch 98, Loss: 1.9959
Epoch 43, Batch 99, Loss: 1.9103
Epoch 43, Batch 100, Loss: 1.9943
[DTW] raw: pos=157.7  neg=1188.2  |  prob: pos_wins=0.995 (goal→1.0)  |  gap=-8.051  loss=1.9507
[LOSS] alignment_loss_type=d3tw_char_pool  d3tw_loss=1.9507  d3tw_cost_pos=157.6545  d3tw_cost_neg=1188.1605  total_loss=1.9541  char_pool_loss=0.0067  effective_char_pool_weight=0.5000  char_pool_acc_top1=0.9990  char_pool_acc_top5=0.9995  char_pool_valid_chars=2080  char_pool_num_chars=2080  window_size=16  stride=16  window_overlap_mode=no_overlap  num_windows=64  sequence_length=128
Epoch 43, Batch 101, Loss: 1.9541
Epoch 43, Batch 102, Loss: 1.8152
Epoch 43, Batch 103, Loss: 1.8749
Epoch 43, Batch 104, Loss: 1.9346
Epoch 43, Batch 105, Loss: 1.8834
Epoch 43, Batch 106, Loss: 1.7973
Epoch 43, Batch 107, Loss: 1.9296
Epoch 43, Batch 108, Loss: 1.9395
Epoch 43, Batch 109, Loss: 1.9293
Epoch 43, Batch 110, Loss: 1.9107
[DTW] raw: pos=148.8  neg=1188.5  |  prob: pos_wins=0.995 (goal→1.0)  |  gap=-8.122  loss=1.8800
[LOSS] alignment_loss_type=d3tw_char_pool  d3tw_loss=1.8800  d3tw_cost_pos=148.8094  d3tw_cost_neg=1188.4763  total_loss=1.8800  char_pool_loss=0.0001  effective_char_pool_weight=0.5000  char_pool_acc_top1=1.0000  char_pool_acc_top5=1.0000  char_pool_valid_chars=2080  char_pool_num_chars=2080  window_size=16  stride=16  window_overlap_mode=no_overlap  num_windows=64  sequence_length=128
Epoch 43, Batch 111, Loss: 1.8800
Epoch 43, Batch 112, Loss: 1.8930
Epoch 43, Batch 113, Loss: 1.9817
Epoch 43, Batch 114, Loss: 1.8801
Epoch 43, Batch 115, Loss: 1.9165
Epoch 43, Batch 116, Loss: 1.9904
Epoch 43, Batch 117, Loss: 1.9264
Epoch 43, Batch 118, Loss: 1.8526
Epoch 43, Batch 119, Loss: 1.9997
Epoch 43, Batch 120, Loss: 1.9675
[DTW] raw: pos=153.5  neg=1193.4  |  prob: pos_wins=0.995 (goal→1.0)  |  gap=-8.124  loss=1.8781
[LOSS] alignment_loss_type=d3tw_char_pool  d3tw_loss=1.8781  d3tw_cost_pos=153.5133  d3tw_cost_neg=1193.3848  total_loss=1.8819  char_pool_loss=0.0076  effective_char_pool_weight=0.5000  char_pool_acc_top1=0.9995  char_pool_acc_top5=0.9995  char_pool_valid_chars=2080  char_pool_num_chars=2080  window_size=16  stride=16  window_overlap_mode=no_overlap  num_windows=64  sequence_length=128
Epoch 43, Batch 121, Loss: 1.8819
Epoch 43, Batch 122, Loss: 1.9151
Epoch 43, Batch 123, Loss: 1.7401
Epoch 43, Batch 124, Loss: 1.8888
Epoch 43, Batch 125, Loss: 1.9189
Epoch 43, Batch 126, Loss: 2.0461
Epoch 43, Batch 127, Loss: 1.9862
Epoch 43, Batch 128, Loss: 2.0804
Epoch 43, Batch 129, Loss: 2.0839
Epoch 43, Batch 130, Loss: 1.9951
[DTW] raw: pos=152.8  neg=1184.7  |  prob: pos_wins=0.994 (goal→1.0)  |  gap=-8.062  loss=1.9393
[LOSS] alignment_loss_type=d3tw_char_pool  d3tw_loss=1.9393  d3tw_cost_pos=152.8053  d3tw_cost_neg=1184.6918  total_loss=1.9414  char_pool_loss=0.0043  effective_char_pool_weight=0.5000  char_pool_acc_top1=0.9990  char_pool_acc_top5=1.0000  char_pool_valid_chars=2080  char_pool_num_chars=2080  window_size=16  stride=16  window_overlap_mode=no_overlap  num_windows=64  sequence_length=128
Epoch 43, Batch 131, Loss: 1.9414
Epoch 43, Batch 132, Loss: 1.9736
Epoch 43, Batch 133, Loss: 1.9682
Epoch 43, Batch 134, Loss: 1.9394
Epoch 43, Batch 135, Loss: 2.0129
Epoch 43, Batch 136, Loss: 1.9389
Epoch 43, Batch 137, Loss: 1.9289
Epoch 43, Batch 138, Loss: 1.8414
Epoch 43, Batch 139, Loss: 1.8817
Epoch 43, Batch 140, Loss: 1.8675
[DTW] raw: pos=147.9  neg=1196.2  |  prob: pos_wins=0.996 (goal→1.0)  |  gap=-8.190  loss=1.8109
[LOSS] alignment_loss_type=d3tw_char_pool  d3tw_loss=1.8109  d3tw_cost_pos=147.8642  d3tw_cost_neg=1196.2190  total_loss=1.8117  char_pool_loss=0.0017  effective_char_pool_weight=0.5000  char_pool_acc_top1=0.9990  char_pool_acc_top5=1.0000  char_pool_valid_chars=2080  char_pool_num_chars=2080  window_size=16  stride=16  window_overlap_mode=no_overlap  num_windows=64  sequence_length=128
Epoch 43, Batch 141, Loss: 1.8117
Epoch 43, Batch 142, Loss: 1.9130
Epoch 43, Batch 143, Loss: 1.9023
Epoch 43, Batch 144, Loss: 1.9013
Epoch 43, Batch 145, Loss: 1.9451
Epoch 43, Batch 146, Loss: 1.8561
Epoch 43, Batch 147, Loss: 2.0469
Epoch 43, Batch 148, Loss: 1.9805
Epoch 43, Batch 149, Loss: 1.8090
Epoch 43, Batch 150, Loss: 1.8792
[DTW] raw: pos=155.6  neg=1193.7  |  prob: pos_wins=0.995 (goal→1.0)  |  gap=-8.110  loss=1.8912
[LOSS] alignment_loss_type=d3tw_char_pool  d3tw_loss=1.8912  d3tw_cost_pos=155.6103  d3tw_cost_neg=1193.7076  total_loss=1.8913  char_pool_loss=0.0002  effective_char_pool_weight=0.5000  char_pool_acc_top1=1.0000  char_pool_acc_top5=1.0000  char_pool_valid_chars=2080  char_pool_num_chars=2080  window_size=16  stride=16  window_overlap_mode=no_overlap  num_windows=64  sequence_length=128
Epoch 43, Batch 151, Loss: 1.8913
Epoch 43, Batch 152, Loss: 1.9215
Epoch 43, Batch 153, Loss: 1.9038
Epoch 43, Batch 154, Loss: 1.9524
Epoch 43, Batch 155, Loss: 2.1027
Epoch 43, Batch 156, Loss: 1.9210
Epoch 43, Batch 157, Loss: 2.0320
Epoch 43, Batch 158, Loss: 1.9343
Epoch 43, Batch 159, Loss: 1.9878
Epoch 43, Batch 160, Loss: 1.9478
[DTW] raw: pos=154.7  neg=1187.5  |  prob: pos_wins=0.995 (goal→1.0)  |  gap=-8.068  loss=1.9317
[LOSS] alignment_loss_type=d3tw_char_pool  d3tw_loss=1.9317  d3tw_cost_pos=154.7278  d3tw_cost_neg=1187.4733  total_loss=1.9326  char_pool_loss=0.0018  effective_char_pool_weight=0.5000  char_pool_acc_top1=0.9990  char_pool_acc_top5=1.0000  char_pool_valid_chars=2080  char_pool_num_chars=2080  window_size=16  stride=16  window_overlap_mode=no_overlap  num_windows=64  sequence_length=128
Epoch 43, Batch 161, Loss: 1.9326
Epoch 43, Batch 162, Loss: 1.9816
Epoch 43, Batch 163, Loss: 1.8841
Epoch 43, Batch 164, Loss: 1.9400
Epoch 43, Batch 165, Loss: 1.9607
Epoch 43, Batch 166, Loss: 1.8690
Epoch 43, Batch 167, Loss: 1.9366
Epoch 43, Batch 168, Loss: 1.9199
Epoch 43, Batch 169, Loss: 1.9561
Epoch 43, Batch 170, Loss: 1.9638
[DTW] raw: pos=152.0  neg=1178.3  |  prob: pos_wins=0.994 (goal→1.0)  |  gap=-8.018  loss=1.9842
[LOSS] alignment_loss_type=d3tw_char_pool  d3tw_loss=1.9842  d3tw_cost_pos=151.9857  d3tw_cost_neg=1178.2860  total_loss=1.9851  char_pool_loss=0.0018  effective_char_pool_weight=0.5000  char_pool_acc_top1=0.9995  char_pool_acc_top5=1.0000  char_pool_valid_chars=2080  char_pool_num_chars=2080  window_size=16  stride=16  window_overlap_mode=no_overlap  num_windows=64  sequence_length=128
Epoch 43, Batch 171, Loss: 1.9851
Epoch 43, Batch 172, Loss: 1.8375
Epoch 43, Batch 173, Loss: 1.9083
Epoch 43, Batch 174, Loss: 1.9637
Epoch 43, Batch 175, Loss: 1.9519
Epoch 43, Batch 176, Loss: 1.8373
Epoch 43, Batch 177, Loss: 1.9673
Epoch 43, Batch 178, Loss: 2.0048
Epoch 43, Batch 179, Loss: 1.8597
Epoch 43, Batch 180, Loss: 1.9981
[DTW] raw: pos=155.6  neg=1181.0  |  prob: pos_wins=0.994 (goal→1.0)  |  gap=-8.011  loss=1.9902
[LOSS] alignment_loss_type=d3tw_char_pool  d3tw_loss=1.9902  d3tw_cost_pos=155.5564  d3tw_cost_neg=1180.9956  total_loss=1.9912  char_pool_loss=0.0021  effective_char_pool_weight=0.5000  char_pool_acc_top1=0.9990  char_pool_acc_top5=1.0000  char_pool_valid_chars=2080  char_pool_num_chars=2080  window_size=16  stride=16  window_overlap_mode=no_overlap  num_windows=64  sequence_length=128
Epoch 43, Batch 181, Loss: 1.9912
Epoch 43, Batch 182, Loss: 1.9027
Epoch 43, Batch 183, Loss: 1.9492
Epoch 43, Batch 184, Loss: 1.9617
Epoch 43, Batch 185, Loss: 1.9870
Epoch 43, Batch 186, Loss: 1.9929
Epoch 43, Batch 187, Loss: 1.8613
Epoch 43, Batch 188, Loss: 1.8813
Epoch 43 - Train Loss: 1.9429
[DTW] raw: pos=159.1  neg=1200.3  |  prob: pos_wins=0.995 (goal→1.0)  |  gap=-8.134  loss=1.8714
[LOSS] alignment_loss_type=d3tw_char_pool  d3tw_loss=1.8714  d3tw_cost_pos=159.1105  d3tw_cost_neg=1200.2662  total_loss=1.8878  char_pool_loss=0.0327  effective_char_pool_weight=0.5000  char_pool_acc_top1=0.9971  char_pool_acc_top5=0.9981  char_pool_valid_chars=2080  char_pool_num_chars=2080  window_size=16  stride=16  window_overlap_mode=no_overlap  num_windows=64  sequence_length=128
[DTW] raw: pos=160.4  neg=1190.5  |  prob: pos_wins=0.995 (goal→1.0)  |  gap=-8.047  loss=1.9552
[LOSS] alignment_loss_type=d3tw_char_pool  d3tw_loss=1.9552  d3tw_cost_pos=160.4425  d3tw_cost_neg=1190.4958  total_loss=1.9677  char_pool_loss=0.0250  effective_char_pool_weight=0.5000  char_pool_acc_top1=0.9976  char_pool_acc_top5=0.9986  char_pool_valid_chars=2080  char_pool_num_chars=2080  window_size=16  stride=16  window_overlap_mode=no_overlap  num_windows=64  sequence_length=128
[DTW] raw: pos=160.3  neg=1195.1  |  prob: pos_wins=0.995 (goal→1.0)  |  gap=-8.084  loss=1.9182
[LOSS] alignment_loss_type=d3tw_char_pool  d3tw_loss=1.9182  d3tw_cost_pos=160.3450  d3tw_cost_neg=1195.1460  total_loss=1.9261  char_pool_loss=0.0159  effective_char_pool_weight=0.5000  char_pool_acc_top1=0.9981  char_pool_acc_top5=0.9990  char_pool_valid_chars=2080  char_pool_num_chars=2080  window_size=16  stride=16  window_overlap_mode=no_overlap  num_windows=64  sequence_length=128
[DTW] raw: pos=156.6  neg=1185.0  |  prob: pos_wins=0.995 (goal→1.0)  |  gap=-8.034  loss=1.9699
[LOSS] alignment_loss_type=d3tw_char_pool  d3tw_loss=1.9699  d3tw_cost_pos=156.6448  d3tw_cost_neg=1184.9729  total_loss=1.9884  char_pool_loss=0.0369  effective_char_pool_weight=0.5000  char_pool_acc_top1=0.9952  char_pool_acc_top5=0.9990  char_pool_valid_chars=2080  char_pool_num_chars=2080  window_size=16  stride=16  window_overlap_mode=no_overlap  num_windows=64  sequence_length=128
[DTW] raw: pos=156.7  neg=1194.4  |  prob: pos_wins=0.995 (goal→1.0)  |  gap=-8.107  loss=1.8938
[LOSS] alignment_loss_type=d3tw_char_pool  d3tw_loss=1.8938  d3tw_cost_pos=156.6864  d3tw_cost_neg=1194.4401  total_loss=1.8946  char_pool_loss=0.0017  effective_char_pool_weight=0.5000  char_pool_acc_top1=0.9995  char_pool_acc_top5=1.0000  char_pool_valid_chars=2080  char_pool_num_chars=2080  window_size=16  stride=16  window_overlap_mode=no_overlap  num_windows=64  sequence_length=128
[DTW] raw: pos=155.9  neg=1183.5  |  prob: pos_wins=0.995 (goal→1.0)  |  gap=-8.028  loss=1.9722
[LOSS] alignment_loss_type=d3tw_char_pool  d3tw_loss=1.9722  d3tw_cost_pos=155.9090  d3tw_cost_neg=1183.5029  total_loss=1.9790  char_pool_loss=0.0136  effective_char_pool_weight=0.5000  char_pool_acc_top1=0.9990  char_pool_acc_top5=0.9990  char_pool_valid_chars=2080  char_pool_num_chars=2080  window_size=16  stride=16  window_overlap_mode=no_overlap  num_windows=64  sequence_length=128
[DTW] raw: pos=154.0  neg=1187.2  |  prob: pos_wins=0.995 (goal→1.0)  |  gap=-8.072  loss=1.9289
[LOSS] alignment_loss_type=d3tw_char_pool  d3tw_loss=1.9289  d3tw_cost_pos=153.9860  d3tw_cost_neg=1187.1901  total_loss=1.9326  char_pool_loss=0.0075  effective_char_pool_weight=0.5000  char_pool_acc_top1=0.9981  char_pool_acc_top5=1.0000  char_pool_valid_chars=2080  char_pool_num_chars=2080  window_size=16  stride=16  window_overlap_mode=no_overlap  num_windows=64  sequence_length=128
Epoch 43 - Validation Loss: 1.9477
Epoch 43 completed in 13m 44.95s
Epoch 43 - Peak GPU memory: 2267.0 MB
============================================================
Epoch 44 - Soft-DTW gamma: 0.100000
[DTW] raw: pos=152.5  neg=1196.5  |  prob: pos_wins=0.995 (goal→1.0)  |  gap=-8.156  loss=1.8460
[LOSS] alignment_loss_type=d3tw_char_pool  d3tw_loss=1.8460  d3tw_cost_pos=152.4766  d3tw_cost_neg=1196.5007  total_loss=1.8487  char_pool_loss=0.0056  effective_char_pool_weight=0.5000  char_pool_acc_top1=0.9995  char_pool_acc_top5=1.0000  char_pool_valid_chars=2080  char_pool_num_chars=2080  window_size=16  stride=16  window_overlap_mode=no_overlap  num_windows=64  sequence_length=128
Epoch 44, Batch 1, Loss: 1.8487
Epoch 44, Batch 2, Loss: 1.9399
Epoch 44, Batch 3, Loss: 2.0021
Epoch 44, Batch 4, Loss: 1.8760
Epoch 44, Batch 5, Loss: 1.9062
Epoch 44, Batch 6, Loss: 1.9694
Epoch 44, Batch 7, Loss: 1.9183
Epoch 44, Batch 8, Loss: 2.0178
Epoch 44, Batch 9, Loss: 2.0148
Epoch 44, Batch 10, Loss: 1.8100
[DTW] raw: pos=153.8  neg=1194.4  |  prob: pos_wins=0.995 (goal→1.0)  |  gap=-8.129  loss=1.8718
[LOSS] alignment_loss_type=d3tw_char_pool  d3tw_loss=1.8718  d3tw_cost_pos=153.8357  d3tw_cost_neg=1194.3505  total_loss=1.8746  char_pool_loss=0.0056  effective_char_pool_weight=0.5000  char_pool_acc_top1=0.9990  char_pool_acc_top5=1.0000  char_pool_valid_chars=2080  char_pool_num_chars=2080  window_size=16  stride=16  window_overlap_mode=no_overlap  num_windows=64  sequence_length=128
Epoch 44, Batch 11, Loss: 1.8746
Epoch 44, Batch 12, Loss: 1.9536
Epoch 44, Batch 13, Loss: 1.8699
Epoch 44, Batch 14, Loss: 1.9965
Epoch 44, Batch 15, Loss: 1.9532
Epoch 44, Batch 16, Loss: 1.8832
Epoch 44, Batch 17, Loss: 2.0210
Epoch 44, Batch 18, Loss: 1.9278
Epoch 44, Batch 19, Loss: 1.9933
Epoch 44, Batch 20, Loss: 1.9838
[DTW] raw: pos=154.7  neg=1193.0  |  prob: pos_wins=0.995 (goal→1.0)  |  gap=-8.112  loss=1.8906
[LOSS] alignment_loss_type=d3tw_char_pool  d3tw_loss=1.8906  d3tw_cost_pos=154.6626  d3tw_cost_neg=1193.0211  total_loss=1.8936  char_pool_loss=0.0060  effective_char_pool_weight=0.5000  char_pool_acc_top1=0.9995  char_pool_acc_top5=1.0000  char_pool_valid_chars=2080  char_pool_num_chars=2080  window_size=16  stride=16  window_overlap_mode=no_overlap  num_windows=64  sequence_length=128
Epoch 44, Batch 21, Loss: 1.8936
Epoch 44, Batch 22, Loss: 1.9395
Epoch 44, Batch 23, Loss: 1.8629
Epoch 44, Batch 24, Loss: 1.9881
Epoch 44, Batch 25, Loss: 2.0374
Epoch 44, Batch 26, Loss: 1.9757
Epoch 44, Batch 27, Loss: 1.9917
Epoch 44, Batch 28, Loss: 1.8636
Epoch 44, Batch 29, Loss: 1.8969
Epoch 44, Batch 30, Loss: 1.9487
[DTW] raw: pos=157.6  neg=1191.8  |  prob: pos_wins=0.995 (goal→1.0)  |  gap=-8.080  loss=1.9203
[LOSS] alignment_loss_type=d3tw_char_pool  d3tw_loss=1.9203  d3tw_cost_pos=157.6273  d3tw_cost_neg=1191.8242  total_loss=1.9292  char_pool_loss=0.0178  effective_char_pool_weight=0.5000  char_pool_acc_top1=0.9981  char_pool_acc_top5=0.9990  char_pool_valid_chars=2080  char_pool_num_chars=2080  window_size=16  stride=16  window_overlap_mode=no_overlap  num_windows=64  sequence_length=128
Epoch 44, Batch 31, Loss: 1.9292
Epoch 44, Batch 32, Loss: 1.9295
Epoch 44, Batch 33, Loss: 2.0050
Epoch 44, Batch 34, Loss: 2.0004
Epoch 44, Batch 35, Loss: 1.9165
Epoch 44, Batch 36, Loss: 1.8954
Epoch 44, Batch 37, Loss: 1.9077
Epoch 44, Batch 38, Loss: 1.8417
Epoch 44, Batch 39, Loss: 2.0329
Epoch 44, Batch 40, Loss: 1.9574
[DTW] raw: pos=155.5  neg=1188.6  |  prob: pos_wins=0.994 (goal→1.0)  |  gap=-8.071  loss=1.9302
[LOSS] alignment_loss_type=d3tw_char_pool  d3tw_loss=1.9302  d3tw_cost_pos=155.4784  d3tw_cost_neg=1188.5889  total_loss=1.9364  char_pool_loss=0.0124  effective_char_pool_weight=0.5000  char_pool_acc_top1=0.9981  char_pool_acc_top5=0.9995  char_pool_valid_chars=2080  char_pool_num_chars=2080  window_size=16  stride=16  window_overlap_mode=no_overlap  num_windows=64  sequence_length=128
Epoch 44, Batch 41, Loss: 1.9364
Epoch 44, Batch 42, Loss: 1.9151
Epoch 44, Batch 43, Loss: 1.8820
Epoch 44, Batch 44, Loss: 1.9204
Epoch 44, Batch 45, Loss: 1.9401
Epoch 44, Batch 46, Loss: 1.8963
Epoch 44, Batch 47, Loss: 1.9975
Epoch 44, Batch 48, Loss: 1.8504
Epoch 44, Batch 49, Loss: 1.9114
Epoch 44, Batch 50, Loss: 1.8483
[DTW] raw: pos=155.4  neg=1190.3  |  prob: pos_wins=0.994 (goal→1.0)  |  gap=-8.085  loss=1.9169
[LOSS] alignment_loss_type=d3tw_char_pool  d3tw_loss=1.9169  d3tw_cost_pos=155.3997  d3tw_cost_neg=1190.3345  total_loss=1.9187  char_pool_loss=0.0037  effective_char_pool_weight=0.5000  char_pool_acc_top1=0.9990  char_pool_acc_top5=1.0000  char_pool_valid_chars=2080  char_pool_num_chars=2080  window_size=16  stride=16  window_overlap_mode=no_overlap  num_windows=64  sequence_length=128
Epoch 44, Batch 51, Loss: 1.9187
Epoch 44, Batch 52, Loss: 1.8408
Epoch 44, Batch 53, Loss: 1.8785
Epoch 44, Batch 54, Loss: 2.0476
Epoch 44, Batch 55, Loss: 1.9637
Epoch 44, Batch 56, Loss: 1.9514
Epoch 44, Batch 57, Loss: 1.9402
Epoch 44, Batch 58, Loss: 2.0048
Epoch 44, Batch 59, Loss: 1.9319
Epoch 44, Batch 60, Loss: 1.9986
[DTW] raw: pos=156.5  neg=1173.4  |  prob: pos_wins=0.994 (goal→1.0)  |  gap=-7.945  loss=2.0556
[LOSS] alignment_loss_type=d3tw_char_pool  d3tw_loss=2.0556  d3tw_cost_pos=156.5110  d3tw_cost_neg=1173.4329  total_loss=2.0583  char_pool_loss=0.0053  effective_char_pool_weight=0.5000  char_pool_acc_top1=0.9990  char_pool_acc_top5=1.0000  char_pool_valid_chars=2080  char_pool_num_chars=2080  window_size=16  stride=16  window_overlap_mode=no_overlap  num_windows=64  sequence_length=128
Epoch 44, Batch 61, Loss: 2.0583
Epoch 44, Batch 62, Loss: 1.8498
Epoch 44, Batch 63, Loss: 1.8915
Epoch 44, Batch 64, Loss: 1.9526
Epoch 44, Batch 65, Loss: 1.8681
Epoch 44, Batch 66, Loss: 2.0160
Epoch 44, Batch 67, Loss: 1.9338
Epoch 44, Batch 68, Loss: 1.9010
Epoch 44, Batch 69, Loss: 2.0036
Epoch 44, Batch 70, Loss: 1.9823
[DTW] raw: pos=156.2  neg=1187.8  |  prob: pos_wins=0.995 (goal→1.0)  |  gap=-8.059  loss=1.9419
[LOSS] alignment_loss_type=d3tw_char_pool  d3tw_loss=1.9419  d3tw_cost_pos=156.1646  d3tw_cost_neg=1187.7549  total_loss=1.9422  char_pool_loss=0.0006  effective_char_pool_weight=0.5000  char_pool_acc_top1=1.0000  char_pool_acc_top5=1.0000  char_pool_valid_chars=2080  char_pool_num_chars=2080  window_size=16  stride=16  window_overlap_mode=no_overlap  num_windows=64  sequence_length=128
Epoch 44, Batch 71, Loss: 1.9422
Epoch 44, Batch 72, Loss: 1.9260
Epoch 44, Batch 73, Loss: 2.0068
Epoch 44, Batch 74, Loss: 1.9926
Epoch 44, Batch 75, Loss: 1.8861
Epoch 44, Batch 76, Loss: 2.0022
Epoch 44, Batch 77, Loss: 2.0312
Epoch 44, Batch 78, Loss: 1.9400
Epoch 44, Batch 79, Loss: 1.8509
Epoch 44, Batch 80, Loss: 2.0071
[DTW] raw: pos=156.0  neg=1186.2  |  prob: pos_wins=0.995 (goal→1.0)  |  gap=-8.049  loss=1.9521
[LOSS] alignment_loss_type=d3tw_char_pool  d3tw_loss=1.9521  d3tw_cost_pos=156.0197  d3tw_cost_neg=1186.2363  total_loss=1.9524  char_pool_loss=0.0006  effective_char_pool_weight=0.5000  char_pool_acc_top1=1.0000  char_pool_acc_top5=1.0000  char_pool_valid_chars=2080  char_pool_num_chars=2080  window_size=16  stride=16  window_overlap_mode=no_overlap  num_windows=64  sequence_length=128
Epoch 44, Batch 81, Loss: 1.9524
Epoch 44, Batch 82, Loss: 1.9356
Epoch 44, Batch 83, Loss: 1.9627
Epoch 44, Batch 84, Loss: 1.9301
Epoch 44, Batch 85, Loss: 1.9252
Epoch 44, Batch 86, Loss: 1.9527
Epoch 44, Batch 87, Loss: 2.0067
Epoch 44, Batch 88, Loss: 1.9262
Epoch 44, Batch 89, Loss: 1.9369
Epoch 44, Batch 90, Loss: 1.9777
[DTW] raw: pos=156.6  neg=1178.4  |  prob: pos_wins=0.995 (goal→1.0)  |  gap=-7.983  loss=2.0175
[LOSS] alignment_loss_type=d3tw_char_pool  d3tw_loss=2.0175  d3tw_cost_pos=156.5803  d3tw_cost_neg=1178.3645  total_loss=2.0198  char_pool_loss=0.0046  effective_char_pool_weight=0.5000  char_pool_acc_top1=0.9990  char_pool_acc_top5=1.0000  char_pool_valid_chars=2080  char_pool_num_chars=2080  window_size=16  stride=16  window_overlap_mode=no_overlap  num_windows=64  sequence_length=128
Epoch 44, Batch 91, Loss: 2.0198
Epoch 44, Batch 92, Loss: 2.0005
Epoch 44, Batch 93, Loss: 1.9960
Epoch 44, Batch 94, Loss: 1.8796
Epoch 44, Batch 95, Loss: 1.8623
Epoch 44, Batch 96, Loss: 1.9090
Epoch 44, Batch 97, Loss: 1.8653
Epoch 44, Batch 98, Loss: 1.8880
Epoch 44, Batch 99, Loss: 1.9336
Epoch 44, Batch 100, Loss: 1.8575
[DTW] raw: pos=155.0  neg=1183.1  |  prob: pos_wins=0.995 (goal→1.0)  |  gap=-8.032  loss=1.9684
[LOSS] alignment_loss_type=d3tw_char_pool  d3tw_loss=1.9684  d3tw_cost_pos=154.9878  d3tw_cost_neg=1183.1212  total_loss=1.9691  char_pool_loss=0.0014  effective_char_pool_weight=0.5000  char_pool_acc_top1=0.9995  char_pool_acc_top5=1.0000  char_pool_valid_chars=2080  char_pool_num_chars=2080  window_size=16  stride=16  window_overlap_mode=no_overlap  num_windows=64  sequence_length=128
Epoch 44, Batch 101, Loss: 1.9691
Epoch 44, Batch 102, Loss: 1.8171
Epoch 44, Batch 103, Loss: 1.8661
Epoch 44, Batch 104, Loss: 1.8409
Epoch 44, Batch 105, Loss: 1.9022
Epoch 44, Batch 106, Loss: 1.9557
Epoch 44, Batch 107, Loss: 1.9000
Epoch 44, Batch 108, Loss: 1.9231
Epoch 44, Batch 109, Loss: 1.9257
Epoch 44, Batch 110, Loss: 1.9418
[DTW] raw: pos=157.8  neg=1183.3  |  prob: pos_wins=0.995 (goal→1.0)  |  gap=-8.012  loss=1.9876
[LOSS] alignment_loss_type=d3tw_char_pool  d3tw_loss=1.9876  d3tw_cost_pos=157.7586  d3tw_cost_neg=1183.3353  total_loss=1.9890  char_pool_loss=0.0028  effective_char_pool_weight=0.5000  char_pool_acc_top1=0.9986  char_pool_acc_top5=1.0000  char_pool_valid_chars=2080  char_pool_num_chars=2080  window_size=16  stride=16  window_overlap_mode=no_overlap  num_windows=64  sequence_length=128
Epoch 44, Batch 111, Loss: 1.9890
Epoch 44, Batch 112, Loss: 1.9011
Epoch 44, Batch 113, Loss: 1.9924
Epoch 44, Batch 114, Loss: 2.0228
Epoch 44, Batch 115, Loss: 2.0177
Epoch 44, Batch 116, Loss: 1.9969
Epoch 44, Batch 117, Loss: 2.0037
Epoch 44, Batch 118, Loss: 1.9446
Epoch 44, Batch 119, Loss: 1.9694
Epoch 44, Batch 120, Loss: 1.8661
[DTW] raw: pos=158.9  neg=1183.9  |  prob: pos_wins=0.995 (goal→1.0)  |  gap=-8.008  loss=1.9924
[LOSS] alignment_loss_type=d3tw_char_pool  d3tw_loss=1.9924  d3tw_cost_pos=158.9168  d3tw_cost_neg=1183.9319  total_loss=1.9927  char_pool_loss=0.0005  effective_char_pool_weight=0.5000  char_pool_acc_top1=0.9995  char_pool_acc_top5=1.0000  char_pool_valid_chars=2080  char_pool_num_chars=2080  window_size=16  stride=16  window_overlap_mode=no_overlap  num_windows=64  sequence_length=128
Epoch 44, Batch 121, Loss: 1.9927
Epoch 44, Batch 122, Loss: 1.8615
Epoch 44, Batch 123, Loss: 1.9549
Epoch 44, Batch 124, Loss: 1.8743
Epoch 44, Batch 125, Loss: 1.9744
Epoch 44, Batch 126, Loss: 2.0728
Epoch 44, Batch 127, Loss: 1.9482
Epoch 44, Batch 128, Loss: 1.9516
Epoch 44, Batch 129, Loss: 1.8868
Epoch 44, Batch 130, Loss: 1.8586
[DTW] raw: pos=155.0  neg=1192.3  |  prob: pos_wins=0.995 (goal→1.0)  |  gap=-8.104  loss=1.8988
[LOSS] alignment_loss_type=d3tw_char_pool  d3tw_loss=1.8988  d3tw_cost_pos=155.0310  d3tw_cost_neg=1192.3114  total_loss=1.9018  char_pool_loss=0.0061  effective_char_pool_weight=0.5000  char_pool_acc_top1=0.9990  char_pool_acc_top5=1.0000  char_pool_valid_chars=2080  char_pool_num_chars=2080  window_size=16  stride=16  window_overlap_mode=no_overlap  num_windows=64  sequence_length=128
Epoch 44, Batch 131, Loss: 1.9018
Epoch 44, Batch 132, Loss: 1.9365
Epoch 44, Batch 133, Loss: 1.9005
Epoch 44, Batch 134, Loss: 2.0498
Epoch 44, Batch 135, Loss: 2.0082
Epoch 44, Batch 136, Loss: 1.9000
Epoch 44, Batch 137, Loss: 1.9084
Epoch 44, Batch 138, Loss: 2.0558
Epoch 44, Batch 139, Loss: 1.9149
Epoch 44, Batch 140, Loss: 1.9213
[DTW] raw: pos=156.2  neg=1190.8  |  prob: pos_wins=0.995 (goal→1.0)  |  gap=-8.083  loss=1.9195
[LOSS] alignment_loss_type=d3tw_char_pool  d3tw_loss=1.9195  d3tw_cost_pos=156.1742  d3tw_cost_neg=1190.8159  total_loss=1.9219  char_pool_loss=0.0049  effective_char_pool_weight=0.5000  char_pool_acc_top1=0.9995  char_pool_acc_top5=1.0000  char_pool_valid_chars=2080  char_pool_num_chars=2080  window_size=16  stride=16  window_overlap_mode=no_overlap  num_windows=64  sequence_length=128
Epoch 44, Batch 141, Loss: 1.9219
Epoch 44, Batch 142, Loss: 1.9039
Epoch 44, Batch 143, Loss: 1.9515
Epoch 44, Batch 144, Loss: 1.9455
Epoch 44, Batch 145, Loss: 1.9710
Epoch 44, Batch 146, Loss: 1.9343
Epoch 44, Batch 147, Loss: 1.9280
Epoch 44, Batch 148, Loss: 2.0331
Epoch 44, Batch 149, Loss: 1.8673
Epoch 44, Batch 150, Loss: 1.8851
[DTW] raw: pos=154.5  neg=1185.2  |  prob: pos_wins=0.994 (goal→1.0)  |  gap=-8.052  loss=1.9497
[LOSS] alignment_loss_type=d3tw_char_pool  d3tw_loss=1.9497  d3tw_cost_pos=154.5097  d3tw_cost_neg=1185.1761  total_loss=1.9502  char_pool_loss=0.0010  effective_char_pool_weight=0.5000  char_pool_acc_top1=0.9995  char_pool_acc_top5=1.0000  char_pool_valid_chars=2080  char_pool_num_chars=2080  window_size=16  stride=16  window_overlap_mode=no_overlap  num_windows=64  sequence_length=128
Epoch 44, Batch 151, Loss: 1.9502
Epoch 44, Batch 152, Loss: 1.9237
Epoch 44, Batch 153, Loss: 1.8644
Epoch 44, Batch 154, Loss: 1.9156
Epoch 44, Batch 155, Loss: 1.8893
Epoch 44, Batch 156, Loss: 1.9312
Epoch 44, Batch 157, Loss: 1.9078
Epoch 44, Batch 158, Loss: 2.0418
Epoch 44, Batch 159, Loss: 1.8192
Epoch 44, Batch 160, Loss: 2.0172
[DTW] raw: pos=154.5  neg=1181.2  |  prob: pos_wins=0.995 (goal→1.0)  |  gap=-8.021  loss=1.9799
[LOSS] alignment_loss_type=d3tw_char_pool  d3tw_loss=1.9799  d3tw_cost_pos=154.5237  d3tw_cost_neg=1181.1899  total_loss=1.9826  char_pool_loss=0.0054  effective_char_pool_weight=0.5000  char_pool_acc_top1=0.9990  char_pool_acc_top5=1.0000  char_pool_valid_chars=2080  char_pool_num_chars=2080  window_size=16  stride=16  window_overlap_mode=no_overlap  num_windows=64  sequence_length=128
Epoch 44, Batch 161, Loss: 1.9826
Epoch 44, Batch 162, Loss: 1.9373
Epoch 44, Batch 163, Loss: 2.0086
Epoch 44, Batch 164, Loss: 1.9994
Epoch 44, Batch 165, Loss: 1.8922
Epoch 44, Batch 166, Loss: 1.9577
Epoch 44, Batch 167, Loss: 2.0794
Epoch 44, Batch 168, Loss: 1.9474
Epoch 44, Batch 169, Loss: 1.9368
Epoch 44, Batch 170, Loss: 1.9165
[DTW] raw: pos=153.7  neg=1189.1  |  prob: pos_wins=0.995 (goal→1.0)  |  gap=-8.089  loss=1.9148
[LOSS] alignment_loss_type=d3tw_char_pool  d3tw_loss=1.9148  d3tw_cost_pos=153.6618  d3tw_cost_neg=1189.0791  total_loss=1.9176  char_pool_loss=0.0058  effective_char_pool_weight=0.5000  char_pool_acc_top1=0.9990  char_pool_acc_top5=1.0000  char_pool_valid_chars=2080  char_pool_num_chars=2080  window_size=16  stride=16  window_overlap_mode=no_overlap  num_windows=64  sequence_length=128
Epoch 44, Batch 171, Loss: 1.9176
Epoch 44, Batch 172, Loss: 1.9773
Epoch 44, Batch 173, Loss: 1.9607
Epoch 44, Batch 174, Loss: 2.0025
Epoch 44, Batch 175, Loss: 1.9835
Epoch 44, Batch 176, Loss: 1.9943
Epoch 44, Batch 177, Loss: 1.9899
Epoch 44, Batch 178, Loss: 2.0080
Epoch 44, Batch 179, Loss: 1.8602
Epoch 44, Batch 180, Loss: 1.9039
[DTW] raw: pos=157.2  neg=1180.7  |  prob: pos_wins=0.993 (goal→1.0)  |  gap=-7.996  loss=2.0062
[LOSS] alignment_loss_type=d3tw_char_pool  d3tw_loss=2.0062  d3tw_cost_pos=157.2089  d3tw_cost_neg=1180.6909  total_loss=2.0115  char_pool_loss=0.0105  effective_char_pool_weight=0.5000  char_pool_acc_top1=0.9986  char_pool_acc_top5=1.0000  char_pool_valid_chars=2080  char_pool_num_chars=2080  window_size=16  stride=16  window_overlap_mode=no_overlap  num_windows=64  sequence_length=128
Epoch 44, Batch 181, Loss: 2.0115
Epoch 44, Batch 182, Loss: 2.0000
Epoch 44, Batch 183, Loss: 1.9304
Epoch 44, Batch 184, Loss: 1.8463
Epoch 44, Batch 185, Loss: 1.8920
Epoch 44, Batch 186, Loss: 1.8916
Epoch 44, Batch 187, Loss: 1.9638
Epoch 44, Batch 188, Loss: 1.8856
Epoch 44 - Train Loss: 1.9405
[DTW] raw: pos=159.1  neg=1186.3  |  prob: pos_wins=0.995 (goal→1.0)  |  gap=-8.025  loss=1.9752
[LOSS] alignment_loss_type=d3tw_char_pool  d3tw_loss=1.9752  d3tw_cost_pos=159.0983  d3tw_cost_neg=1186.2841  total_loss=1.9925  char_pool_loss=0.0346  effective_char_pool_weight=0.5000  char_pool_acc_top1=0.9971  char_pool_acc_top5=0.9981  char_pool_valid_chars=2080  char_pool_num_chars=2080  window_size=16  stride=16  window_overlap_mode=no_overlap  num_windows=64  sequence_length=128
[DTW] raw: pos=158.4  neg=1201.8  |  prob: pos_wins=0.995 (goal→1.0)  |  gap=-8.152  loss=1.8493
[LOSS] alignment_loss_type=d3tw_char_pool  d3tw_loss=1.8493  d3tw_cost_pos=158.3569  d3tw_cost_neg=1201.7698  total_loss=1.8544  char_pool_loss=0.0102  effective_char_pool_weight=0.5000  char_pool_acc_top1=0.9986  char_pool_acc_top5=0.9995  char_pool_valid_chars=2080  char_pool_num_chars=2080  window_size=16  stride=16  window_overlap_mode=no_overlap  num_windows=64  sequence_length=128
[DTW] raw: pos=160.4  neg=1188.6  |  prob: pos_wins=0.995 (goal→1.0)  |  gap=-8.033  loss=1.9694
[LOSS] alignment_loss_type=d3tw_char_pool  d3tw_loss=1.9694  d3tw_cost_pos=160.3721  d3tw_cost_neg=1188.6252  total_loss=1.9777  char_pool_loss=0.0166  effective_char_pool_weight=0.5000  char_pool_acc_top1=0.9976  char_pool_acc_top5=0.9995  char_pool_valid_chars=2080  char_pool_num_chars=2080  window_size=16  stride=16  window_overlap_mode=no_overlap  num_windows=64  sequence_length=128
[DTW] raw: pos=157.9  neg=1186.8  |  prob: pos_wins=0.995 (goal→1.0)  |  gap=-8.038  loss=1.9629
[LOSS] alignment_loss_type=d3tw_char_pool  d3tw_loss=1.9629  d3tw_cost_pos=157.9269  d3tw_cost_neg=1186.8269  total_loss=1.9842  char_pool_loss=0.0425  effective_char_pool_weight=0.5000  char_pool_acc_top1=0.9957  char_pool_acc_top5=0.9986  char_pool_valid_chars=2080  char_pool_num_chars=2080  window_size=16  stride=16  window_overlap_mode=no_overlap  num_windows=64  sequence_length=128
[DTW] raw: pos=157.1  neg=1195.4  |  prob: pos_wins=0.995 (goal→1.0)  |  gap=-8.112  loss=1.8895
[LOSS] alignment_loss_type=d3tw_char_pool  d3tw_loss=1.8895  d3tw_cost_pos=157.0756  d3tw_cost_neg=1195.3699  total_loss=1.8903  char_pool_loss=0.0017  effective_char_pool_weight=0.5000  char_pool_acc_top1=0.9990  char_pool_acc_top5=1.0000  char_pool_valid_chars=2080  char_pool_num_chars=2080  window_size=16  stride=16  window_overlap_mode=no_overlap  num_windows=64  sequence_length=128
[DTW] raw: pos=155.9  neg=1186.3  |  prob: pos_wins=0.995 (goal→1.0)  |  gap=-8.050  loss=1.9499
[LOSS] alignment_loss_type=d3tw_char_pool  d3tw_loss=1.9499  d3tw_cost_pos=155.8683  d3tw_cost_neg=1186.3196  total_loss=1.9566  char_pool_loss=0.0134  effective_char_pool_weight=0.5000  char_pool_acc_top1=0.9990  char_pool_acc_top5=0.9990  char_pool_valid_chars=2080  char_pool_num_chars=2080  window_size=16  stride=16  window_overlap_mode=no_overlap  num_windows=64  sequence_length=128
[DTW] raw: pos=154.4  neg=1190.1  |  prob: pos_wins=0.995 (goal→1.0)  |  gap=-8.092  loss=1.9103
[LOSS] alignment_loss_type=d3tw_char_pool  d3tw_loss=1.9103  d3tw_cost_pos=154.4046  d3tw_cost_neg=1190.1187  total_loss=1.9139  char_pool_loss=0.0074  effective_char_pool_weight=0.5000  char_pool_acc_top1=0.9986  char_pool_acc_top5=1.0000  char_pool_valid_chars=2080  char_pool_num_chars=2080  window_size=16  stride=16  window_overlap_mode=no_overlap  num_windows=64  sequence_length=128
Epoch 44 - Validation Loss: 1.9376
Epoch 44 completed in 13m 52.35s
Epoch 44 - Peak GPU memory: 2267.0 MB
============================================================
Epoch 45 - Soft-DTW gamma: 0.100000
[DTW] raw: pos=154.2  neg=1167.1  |  prob: pos_wins=0.994 (goal→1.0)  |  gap=-7.914  loss=2.0863
[LOSS] alignment_loss_type=d3tw_char_pool  d3tw_loss=2.0863  d3tw_cost_pos=154.1557  d3tw_cost_neg=1167.1145  total_loss=2.0863  char_pool_loss=0.0002  effective_char_pool_weight=0.5000  char_pool_acc_top1=1.0000  char_pool_acc_top5=1.0000  char_pool_valid_chars=2080  char_pool_num_chars=2080  window_size=16  stride=16  window_overlap_mode=no_overlap  num_windows=64  sequence_length=128
Epoch 45, Batch 1, Loss: 2.0863
Epoch 45, Batch 2, Loss: 1.8743
Epoch 45, Batch 3, Loss: 1.9848
Epoch 45, Batch 4, Loss: 1.9611
Epoch 45, Batch 5, Loss: 1.9823
Epoch 45, Batch 6, Loss: 1.8534
Epoch 45, Batch 7, Loss: 1.9879
Epoch 45, Batch 8, Loss: 1.9571
Epoch 45, Batch 9, Loss: 1.8886
Epoch 45, Batch 10, Loss: 1.9936
[DTW] raw: pos=151.9  neg=1189.2  |  prob: pos_wins=0.994 (goal→1.0)  |  gap=-8.104  loss=1.9009
[LOSS] alignment_loss_type=d3tw_char_pool  d3tw_loss=1.9009  d3tw_cost_pos=151.8699  d3tw_cost_neg=1189.1597  total_loss=1.9030  char_pool_loss=0.0043  effective_char_pool_weight=0.5000  char_pool_acc_top1=0.9995  char_pool_acc_top5=1.0000  char_pool_valid_chars=2080  char_pool_num_chars=2080  window_size=16  stride=16  window_overlap_mode=no_overlap  num_windows=64  sequence_length=128
Epoch 45, Batch 11, Loss: 1.9030
Epoch 45, Batch 12, Loss: 1.9150
Epoch 45, Batch 13, Loss: 1.8965
Epoch 45, Batch 14, Loss: 1.8667
Epoch 45, Batch 15, Loss: 1.9379
Epoch 45, Batch 16, Loss: 1.8927
Epoch 45, Batch 17, Loss: 1.9363
Epoch 45, Batch 18, Loss: 1.9126
Epoch 45, Batch 19, Loss: 1.9614
Epoch 45, Batch 20, Loss: 2.0192
[DTW] raw: pos=151.3  neg=1188.0  |  prob: pos_wins=0.995 (goal→1.0)  |  gap=-8.099  loss=1.9018
[LOSS] alignment_loss_type=d3tw_char_pool  d3tw_loss=1.9018  d3tw_cost_pos=151.3194  d3tw_cost_neg=1187.9849  total_loss=1.9019  char_pool_loss=0.0001  effective_char_pool_weight=0.5000  char_pool_acc_top1=1.0000  char_pool_acc_top5=1.0000  char_pool_valid_chars=2080  char_pool_num_chars=2080  window_size=16  stride=16  window_overlap_mode=no_overlap  num_windows=64  sequence_length=128
Epoch 45, Batch 21, Loss: 1.9019
Epoch 45, Batch 22, Loss: 1.8164
Epoch 45, Batch 23, Loss: 1.9577
Epoch 45, Batch 24, Loss: 1.9720
Epoch 45, Batch 25, Loss: 1.8814
Epoch 45, Batch 26, Loss: 1.9111
Epoch 45, Batch 27, Loss: 2.1210
Epoch 45, Batch 28, Loss: 1.9438
Epoch 45, Batch 29, Loss: 1.9502
Epoch 45, Batch 30, Loss: 1.9357
[DTW] raw: pos=153.2  neg=1185.7  |  prob: pos_wins=0.995 (goal→1.0)  |  gap=-8.067  loss=1.9337
[LOSS] alignment_loss_type=d3tw_char_pool  d3tw_loss=1.9337  d3tw_cost_pos=153.1581  d3tw_cost_neg=1185.7258  total_loss=1.9338  char_pool_loss=0.0002  effective_char_pool_weight=0.5000  char_pool_acc_top1=1.0000  char_pool_acc_top5=1.0000  char_pool_valid_chars=2080  char_pool_num_chars=2080  window_size=16  stride=16  window_overlap_mode=no_overlap  num_windows=64  sequence_length=128
Epoch 45, Batch 31, Loss: 1.9338
Epoch 45, Batch 32, Loss: 2.0303
Epoch 45, Batch 33, Loss: 1.8737
Epoch 45, Batch 34, Loss: 1.9171
Epoch 45, Batch 35, Loss: 1.9604
Epoch 45, Batch 36, Loss: 1.9668
Epoch 45, Batch 37, Loss: 1.9726
Epoch 45, Batch 38, Loss: 2.0330
Epoch 45, Batch 39, Loss: 2.0260
Epoch 45, Batch 40, Loss: 1.9219
[DTW] raw: pos=153.4  neg=1178.1  |  prob: pos_wins=0.995 (goal→1.0)  |  gap=-8.006  loss=1.9963
[LOSS] alignment_loss_type=d3tw_char_pool  d3tw_loss=1.9963  d3tw_cost_pos=153.3536  d3tw_cost_neg=1178.0715  total_loss=1.9966  char_pool_loss=0.0007  effective_char_pool_weight=0.5000  char_pool_acc_top1=0.9995  char_pool_acc_top5=1.0000  char_pool_valid_chars=2080  char_pool_num_chars=2080  window_size=16  stride=16  window_overlap_mode=no_overlap  num_windows=64  sequence_length=128
Epoch 45, Batch 41, Loss: 1.9966
Epoch 45, Batch 42, Loss: 1.9407
Epoch 45, Batch 43, Loss: 1.8527
Epoch 45, Batch 44, Loss: 1.9966
Epoch 45, Batch 45, Loss: 1.9336
Epoch 45, Batch 46, Loss: 1.9059
Epoch 45, Batch 47, Loss: 1.8723
Epoch 45, Batch 48, Loss: 1.8969
Epoch 45, Batch 49, Loss: 1.8939
Epoch 45, Batch 50, Loss: 1.9715
[DTW] raw: pos=154.1  neg=1199.4  |  prob: pos_wins=0.995 (goal→1.0)  |  gap=-8.166  loss=1.8374
[LOSS] alignment_loss_type=d3tw_char_pool  d3tw_loss=1.8374  d3tw_cost_pos=154.1163  d3tw_cost_neg=1199.3816  total_loss=1.8379  char_pool_loss=0.0010  effective_char_pool_weight=0.5000  char_pool_acc_top1=0.9990  char_pool_acc_top5=1.0000  char_pool_valid_chars=2080  char_pool_num_chars=2080  window_size=16  stride=16  window_overlap_mode=no_overlap  num_windows=64  sequence_length=128
Epoch 45, Batch 51, Loss: 1.8379
Epoch 45, Batch 52, Loss: 2.0025
Epoch 45, Batch 53, Loss: 1.9367
Epoch 45, Batch 54, Loss: 2.0179
Epoch 45, Batch 55, Loss: 1.9067
Epoch 45, Batch 56, Loss: 1.9088
Epoch 45, Batch 57, Loss: 1.9428
Epoch 45, Batch 58, Loss: 1.9316
Epoch 45, Batch 59, Loss: 2.0893
Epoch 45, Batch 60, Loss: 1.9471
[DTW] raw: pos=154.0  neg=1197.9  |  prob: pos_wins=0.996 (goal→1.0)  |  gap=-8.156  loss=1.8458
[LOSS] alignment_loss_type=d3tw_char_pool  d3tw_loss=1.8458  d3tw_cost_pos=153.9995  d3tw_cost_neg=1197.9172  total_loss=1.8458  char_pool_loss=0.0001  effective_char_pool_weight=0.5000  char_pool_acc_top1=1.0000  char_pool_acc_top5=1.0000  char_pool_valid_chars=2080  char_pool_num_chars=2080  window_size=16  stride=16  window_overlap_mode=no_overlap  num_windows=64  sequence_length=128
Epoch 45, Batch 61, Loss: 1.8458
Epoch 45, Batch 62, Loss: 1.9585
Epoch 45, Batch 63, Loss: 1.9283
Epoch 45, Batch 64, Loss: 1.8762
Epoch 45, Batch 65, Loss: 2.0020
Epoch 45, Batch 66, Loss: 1.9329
Epoch 45, Batch 67, Loss: 1.9127
Epoch 45, Batch 68, Loss: 1.9741
Epoch 45, Batch 69, Loss: 1.9398
Epoch 45, Batch 70, Loss: 1.9856
[DTW] raw: pos=153.6  neg=1184.1  |  prob: pos_wins=0.995 (goal→1.0)  |  gap=-8.050  loss=1.9508
[LOSS] alignment_loss_type=d3tw_char_pool  d3tw_loss=1.9508  d3tw_cost_pos=153.6349  d3tw_cost_neg=1184.0656  total_loss=1.9584  char_pool_loss=0.0151  effective_char_pool_weight=0.5000  char_pool_acc_top1=0.9990  char_pool_acc_top5=0.9990  char_pool_valid_chars=2080  char_pool_num_chars=2080  window_size=16  stride=16  window_overlap_mode=no_overlap  num_windows=64  sequence_length=128
Epoch 45, Batch 71, Loss: 1.9584
Epoch 45, Batch 72, Loss: 1.9059
Epoch 45, Batch 73, Loss: 1.9622
Epoch 45, Batch 74, Loss: 1.9701
Epoch 45, Batch 75, Loss: 1.9634
Epoch 45, Batch 76, Loss: 2.0061
Epoch 45, Batch 77, Loss: 1.9469
Epoch 45, Batch 78, Loss: 1.9143
Epoch 45, Batch 79, Loss: 1.8905
Epoch 45, Batch 80, Loss: 1.9473
[DTW] raw: pos=154.7  neg=1175.3  |  prob: pos_wins=0.994 (goal→1.0)  |  gap=-7.974  loss=2.0283
[LOSS] alignment_loss_type=d3tw_char_pool  d3tw_loss=2.0283  d3tw_cost_pos=154.6723  d3tw_cost_neg=1175.3152  total_loss=2.0294  char_pool_loss=0.0023  effective_char_pool_weight=0.5000  char_pool_acc_top1=0.9995  char_pool_acc_top5=1.0000  char_pool_valid_chars=2080  char_pool_num_chars=2080  window_size=16  stride=16  window_overlap_mode=no_overlap  num_windows=64  sequence_length=128
Epoch 45, Batch 81, Loss: 2.0294
Epoch 45, Batch 82, Loss: 1.9605
Epoch 45, Batch 83, Loss: 1.9601
Epoch 45, Batch 84, Loss: 1.9693
Epoch 45, Batch 85, Loss: 1.8673
Epoch 45, Batch 86, Loss: 1.9470
Epoch 45, Batch 87, Loss: 1.8686
Epoch 45, Batch 88, Loss: 1.9806
Epoch 45, Batch 89, Loss: 1.8219
Epoch 45, Batch 90, Loss: 1.8341
[DTW] raw: pos=153.1  neg=1189.6  |  prob: pos_wins=0.994 (goal→1.0)  |  gap=-8.098  loss=1.9033
[LOSS] alignment_loss_type=d3tw_char_pool  d3tw_loss=1.9033  d3tw_cost_pos=153.1125  d3tw_cost_neg=1189.6208  total_loss=1.9035  char_pool_loss=0.0004  effective_char_pool_weight=0.5000  char_pool_acc_top1=1.0000  char_pool_acc_top5=1.0000  char_pool_valid_chars=2080  char_pool_num_chars=2080  window_size=16  stride=16  window_overlap_mode=no_overlap  num_windows=64  sequence_length=128
Epoch 45, Batch 91, Loss: 1.9035
Epoch 45, Batch 92, Loss: 1.8486
Epoch 45, Batch 93, Loss: 1.8945
Epoch 45, Batch 94, Loss: 1.8355
Epoch 45, Batch 95, Loss: 1.9391
Epoch 45, Batch 96, Loss: 1.9310
Epoch 45, Batch 97, Loss: 1.9642
Epoch 45, Batch 98, Loss: 1.8375
Epoch 45, Batch 99, Loss: 2.0672
Epoch 45, Batch 100, Loss: 1.9260
[DTW] raw: pos=155.7  neg=1178.8  |  prob: pos_wins=0.994 (goal→1.0)  |  gap=-7.994  loss=2.0065
[LOSS] alignment_loss_type=d3tw_char_pool  d3tw_loss=2.0065  d3tw_cost_pos=155.6647  d3tw_cost_neg=1178.8496  total_loss=2.0123  char_pool_loss=0.0115  effective_char_pool_weight=0.5000  char_pool_acc_top1=0.9976  char_pool_acc_top5=0.9995  char_pool_valid_chars=2080  char_pool_num_chars=2080  window_size=16  stride=16  window_overlap_mode=no_overlap  num_windows=64  sequence_length=128
Epoch 45, Batch 101, Loss: 2.0123
Epoch 45, Batch 102, Loss: 1.9991
Epoch 45, Batch 103, Loss: 1.8927
Epoch 45, Batch 104, Loss: 1.9053
Epoch 45, Batch 105, Loss: 1.9564
Epoch 45, Batch 106, Loss: 2.0174
Epoch 45, Batch 107, Loss: 1.9953
Epoch 45, Batch 108, Loss: 1.8946
Epoch 45, Batch 109, Loss: 1.9835
Epoch 45, Batch 110, Loss: 1.9792
[DTW] raw: pos=156.8  neg=1194.3  |  prob: pos_wins=0.995 (goal→1.0)  |  gap=-8.106  loss=1.8966
[LOSS] alignment_loss_type=d3tw_char_pool  d3tw_loss=1.8966  d3tw_cost_pos=156.7806  d3tw_cost_neg=1194.3439  total_loss=1.8969  char_pool_loss=0.0005  effective_char_pool_weight=0.5000  char_pool_acc_top1=0.9995  char_pool_acc_top5=1.0000  char_pool_valid_chars=2080  char_pool_num_chars=2080  window_size=16  stride=16  window_overlap_mode=no_overlap  num_windows=64  sequence_length=128
Epoch 45, Batch 111, Loss: 1.8969
Epoch 45, Batch 112, Loss: 1.8551
Epoch 45, Batch 113, Loss: 1.9436
Epoch 45, Batch 114, Loss: 2.0202
Epoch 45, Batch 115, Loss: 1.8692
Epoch 45, Batch 116, Loss: 1.9660
Epoch 45, Batch 117, Loss: 1.9660
Epoch 45, Batch 118, Loss: 2.0022
Epoch 45, Batch 119, Loss: 1.8627
Epoch 45, Batch 120, Loss: 1.9019
[DTW] raw: pos=159.4  neg=1183.0  |  prob: pos_wins=0.994 (goal→1.0)  |  gap=-7.997  loss=2.0038
[LOSS] alignment_loss_type=d3tw_char_pool  d3tw_loss=2.0038  d3tw_cost_pos=159.3820  d3tw_cost_neg=1183.0176  total_loss=2.0085  char_pool_loss=0.0093  effective_char_pool_weight=0.5000  char_pool_acc_top1=0.9986  char_pool_acc_top5=0.9995  char_pool_valid_chars=2080  char_pool_num_chars=2080  window_size=16  stride=16  window_overlap_mode=no_overlap  num_windows=64  sequence_length=128
Epoch 45, Batch 121, Loss: 2.0085
Epoch 45, Batch 122, Loss: 1.7670
Epoch 45, Batch 123, Loss: 1.8966
Epoch 45, Batch 124, Loss: 1.9269
Epoch 45, Batch 125, Loss: 1.9164
Epoch 45, Batch 126, Loss: 1.9415
Epoch 45, Batch 127, Loss: 1.9181
Epoch 45, Batch 128, Loss: 1.9657
Epoch 45, Batch 129, Loss: 1.9164
Epoch 45, Batch 130, Loss: 1.9512
[DTW] raw: pos=156.0  neg=1185.1  |  prob: pos_wins=0.995 (goal→1.0)  |  gap=-8.040  loss=1.9621
[LOSS] alignment_loss_type=d3tw_char_pool  d3tw_loss=1.9621  d3tw_cost_pos=155.9690  d3tw_cost_neg=1185.0646  total_loss=1.9623  char_pool_loss=0.0004  effective_char_pool_weight=0.5000  char_pool_acc_top1=1.0000  char_pool_acc_top5=1.0000  char_pool_valid_chars=2080  char_pool_num_chars=2080  window_size=16  stride=16  window_overlap_mode=no_overlap  num_windows=64  sequence_length=128
Epoch 45, Batch 131, Loss: 1.9623
Epoch 45, Batch 132, Loss: 1.9325
Epoch 45, Batch 133, Loss: 1.9203
Epoch 45, Batch 134, Loss: 1.8719
Epoch 45, Batch 135, Loss: 2.0525
Epoch 45, Batch 136, Loss: 1.9665
Epoch 45, Batch 137, Loss: 1.8579
Epoch 45, Batch 138, Loss: 1.9308
Epoch 45, Batch 139, Loss: 1.8621
Epoch 45, Batch 140, Loss: 1.8853
[DTW] raw: pos=155.8  neg=1174.8  |  prob: pos_wins=0.994 (goal→1.0)  |  gap=-7.961  loss=2.0435
[LOSS] alignment_loss_type=d3tw_char_pool  d3tw_loss=2.0435  d3tw_cost_pos=155.8377  d3tw_cost_neg=1174.8306  total_loss=2.0440  char_pool_loss=0.0010  effective_char_pool_weight=0.5000  char_pool_acc_top1=0.9995  char_pool_acc_top5=1.0000  char_pool_valid_chars=2080  char_pool_num_chars=2080  window_size=16  stride=16  window_overlap_mode=no_overlap  num_windows=64  sequence_length=128
Epoch 45, Batch 141, Loss: 2.0440
Epoch 45, Batch 142, Loss: 1.8428
Epoch 45, Batch 143, Loss: 1.9640
Epoch 45, Batch 144, Loss: 1.9173
Epoch 45, Batch 145, Loss: 1.9292
Epoch 45, Batch 146, Loss: 1.9142
Epoch 45, Batch 147, Loss: 1.9284
Epoch 45, Batch 148, Loss: 1.8850
Epoch 45, Batch 149, Loss: 1.9172
Epoch 45, Batch 150, Loss: 1.8959
[DTW] raw: pos=160.4  neg=1192.3  |  prob: pos_wins=0.995 (goal→1.0)  |  gap=-8.062  loss=1.9394
[LOSS] alignment_loss_type=d3tw_char_pool  d3tw_loss=1.9394  d3tw_cost_pos=160.4490  d3tw_cost_neg=1192.3376  total_loss=1.9399  char_pool_loss=0.0010  effective_char_pool_weight=0.5000  char_pool_acc_top1=0.9990  char_pool_acc_top5=1.0000  char_pool_valid_chars=2080  char_pool_num_chars=2080  window_size=16  stride=16  window_overlap_mode=no_overlap  num_windows=64  sequence_length=128
Epoch 45, Batch 151, Loss: 1.9399
Epoch 45, Batch 152, Loss: 1.9531
Epoch 45, Batch 153, Loss: 1.9631
Epoch 45, Batch 154, Loss: 1.8261
Epoch 45, Batch 155, Loss: 1.9716
Epoch 45, Batch 156, Loss: 2.0550
Epoch 45, Batch 157, Loss: 1.9802
Epoch 45, Batch 158, Loss: 1.9485
Epoch 45, Batch 159, Loss: 2.0134
Epoch 45, Batch 160, Loss: 1.9239
[DTW] raw: pos=155.7  neg=1188.1  |  prob: pos_wins=0.994 (goal→1.0)  |  gap=-8.066  loss=1.9361
[LOSS] alignment_loss_type=d3tw_char_pool  d3tw_loss=1.9361  d3tw_cost_pos=155.6515  d3tw_cost_neg=1188.0609  total_loss=1.9394  char_pool_loss=0.0066  effective_char_pool_weight=0.5000  char_pool_acc_top1=0.9995  char_pool_acc_top5=0.9995  char_pool_valid_chars=2080  char_pool_num_chars=2080  window_size=16  stride=16  window_overlap_mode=no_overlap  num_windows=64  sequence_length=128
Epoch 45, Batch 161, Loss: 1.9394
Epoch 45, Batch 162, Loss: 1.9927
Epoch 45, Batch 163, Loss: 2.0481
Epoch 45, Batch 164, Loss: 1.9921
Epoch 45, Batch 165, Loss: 2.0235
Epoch 45, Batch 166, Loss: 1.8296
Epoch 45, Batch 167, Loss: 1.8696
Epoch 45, Batch 168, Loss: 2.0299
Epoch 45, Batch 169, Loss: 1.9475
Epoch 45, Batch 170, Loss: 2.0029
[DTW] raw: pos=153.0  neg=1192.1  |  prob: pos_wins=0.995 (goal→1.0)  |  gap=-8.118  loss=1.8822
[LOSS] alignment_loss_type=d3tw_char_pool  d3tw_loss=1.8822  d3tw_cost_pos=153.0030  d3tw_cost_neg=1192.1211  total_loss=1.8825  char_pool_loss=0.0006  effective_char_pool_weight=0.5000  char_pool_acc_top1=1.0000  char_pool_acc_top5=1.0000  char_pool_valid_chars=2080  char_pool_num_chars=2080  window_size=16  stride=16  window_overlap_mode=no_overlap  num_windows=64  sequence_length=128
Epoch 45, Batch 171, Loss: 1.8825
Epoch 45, Batch 172, Loss: 1.9592
Epoch 45, Batch 173, Loss: 1.9394
Epoch 45, Batch 174, Loss: 1.9412
Epoch 45, Batch 175, Loss: 1.9187
Epoch 45, Batch 176, Loss: 1.9905
Epoch 45, Batch 177, Loss: 1.8728
Epoch 45, Batch 178, Loss: 1.9048
Epoch 45, Batch 179, Loss: 2.0519
Epoch 45, Batch 180, Loss: 1.8605
[DTW] raw: pos=153.7  neg=1193.8  |  prob: pos_wins=0.995 (goal→1.0)  |  gap=-8.126  loss=1.8757
[LOSS] alignment_loss_type=d3tw_char_pool  d3tw_loss=1.8757  d3tw_cost_pos=153.6587  d3tw_cost_neg=1193.8007  total_loss=1.8761  char_pool_loss=0.0008  effective_char_pool_weight=0.5000  char_pool_acc_top1=1.0000  char_pool_acc_top5=1.0000  char_pool_valid_chars=2080  char_pool_num_chars=2080  window_size=16  stride=16  window_overlap_mode=no_overlap  num_windows=64  sequence_length=128
Epoch 45, Batch 181, Loss: 1.8761
Epoch 45, Batch 182, Loss: 1.9740
Epoch 45, Batch 183, Loss: 1.9697
Epoch 45, Batch 184, Loss: 1.9048
Epoch 45, Batch 185, Loss: 1.9891
Epoch 45, Batch 186, Loss: 1.9447
Epoch 45, Batch 187, Loss: 1.9600
Epoch 45, Batch 188, Loss: 1.8968
Epoch 45 - Train Loss: 1.9389
[DTW] raw: pos=159.8  neg=1189.9  |  prob: pos_wins=0.995 (goal→1.0)  |  gap=-8.048  loss=1.9524
[LOSS] alignment_loss_type=d3tw_char_pool  d3tw_loss=1.9524  d3tw_cost_pos=159.8034  d3tw_cost_neg=1189.9175  total_loss=1.9705  char_pool_loss=0.0362  effective_char_pool_weight=0.5000  char_pool_acc_top1=0.9971  char_pool_acc_top5=0.9981  char_pool_valid_chars=2080  char_pool_num_chars=2080  window_size=16  stride=16  window_overlap_mode=no_overlap  num_windows=64  sequence_length=128
[DTW] raw: pos=158.8  neg=1199.3  |  prob: pos_wins=0.995 (goal→1.0)  |  gap=-8.129  loss=1.8710
[LOSS] alignment_loss_type=d3tw_char_pool  d3tw_loss=1.8710  d3tw_cost_pos=158.7538  d3tw_cost_neg=1199.2839  total_loss=1.8757  char_pool_loss=0.0094  effective_char_pool_weight=0.5000  char_pool_acc_top1=0.9990  char_pool_acc_top5=0.9995  char_pool_valid_chars=2080  char_pool_num_chars=2080  window_size=16  stride=16  window_overlap_mode=no_overlap  num_windows=64  sequence_length=128
[DTW] raw: pos=159.5  neg=1197.5  |  prob: pos_wins=0.995 (goal→1.0)  |  gap=-8.109  loss=1.8974
[LOSS] alignment_loss_type=d3tw_char_pool  d3tw_loss=1.8974  d3tw_cost_pos=159.4586  d3tw_cost_neg=1197.4620  total_loss=1.8989  char_pool_loss=0.0029  effective_char_pool_weight=0.5000  char_pool_acc_top1=0.9986  char_pool_acc_top5=1.0000  char_pool_valid_chars=2080  char_pool_num_chars=2080  window_size=16  stride=16  window_overlap_mode=no_overlap  num_windows=64  sequence_length=128
[DTW] raw: pos=157.3  neg=1175.9  |  prob: pos_wins=0.994 (goal→1.0)  |  gap=-7.958  loss=2.0420
[LOSS] alignment_loss_type=d3tw_char_pool  d3tw_loss=2.0420  d3tw_cost_pos=157.2888  d3tw_cost_neg=1175.9221  total_loss=2.0657  char_pool_loss=0.0473  effective_char_pool_weight=0.5000  char_pool_acc_top1=0.9952  char_pool_acc_top5=0.9981  char_pool_valid_chars=2080  char_pool_num_chars=2080  window_size=16  stride=16  window_overlap_mode=no_overlap  num_windows=64  sequence_length=128
[DTW] raw: pos=156.3  neg=1192.6  |  prob: pos_wins=0.995 (goal→1.0)  |  gap=-8.095  loss=1.9071
[LOSS] alignment_loss_type=d3tw_char_pool  d3tw_loss=1.9071  d3tw_cost_pos=156.3314  d3tw_cost_neg=1192.5538  total_loss=1.9087  char_pool_loss=0.0033  effective_char_pool_weight=0.5000  char_pool_acc_top1=0.9986  char_pool_acc_top5=1.0000  char_pool_valid_chars=2080  char_pool_num_chars=2080  window_size=16  stride=16  window_overlap_mode=no_overlap  num_windows=64  sequence_length=128
[DTW] raw: pos=155.8  neg=1186.2  |  prob: pos_wins=0.995 (goal→1.0)  |  gap=-8.050  loss=1.9510
[LOSS] alignment_loss_type=d3tw_char_pool  d3tw_loss=1.9510  d3tw_cost_pos=155.7765  d3tw_cost_neg=1186.1572  total_loss=1.9577  char_pool_loss=0.0134  effective_char_pool_weight=0.5000  char_pool_acc_top1=0.9990  char_pool_acc_top5=0.9990  char_pool_valid_chars=2080  char_pool_num_chars=2080  window_size=16  stride=16  window_overlap_mode=no_overlap  num_windows=64  sequence_length=128
[DTW] raw: pos=154.0  neg=1185.8  |  prob: pos_wins=0.995 (goal→1.0)  |  gap=-8.060  loss=1.9403
[LOSS] alignment_loss_type=d3tw_char_pool  d3tw_loss=1.9403  d3tw_cost_pos=154.0469  d3tw_cost_neg=1185.7651  total_loss=1.9436  char_pool_loss=0.0067  effective_char_pool_weight=0.5000  char_pool_acc_top1=0.9986  char_pool_acc_top5=1.0000  char_pool_valid_chars=2080  char_pool_num_chars=2080  window_size=16  stride=16  window_overlap_mode=no_overlap  num_windows=64  sequence_length=128
Epoch 45 - Validation Loss: 1.9483
Epoch 45 completed in 13m 58.59s
Epoch 45 - Peak GPU memory: 2267.0 MB
============================================================
Epoch 46 - Soft-DTW gamma: 0.100000
[DTW] raw: pos=152.7  neg=1185.2  |  prob: pos_wins=0.995 (goal→1.0)  |  gap=-8.066  loss=1.9358
[LOSS] alignment_loss_type=d3tw_char_pool  d3tw_loss=1.9358  d3tw_cost_pos=152.7464  d3tw_cost_neg=1185.2351  total_loss=1.9361  char_pool_loss=0.0007  effective_char_pool_weight=0.5000  char_pool_acc_top1=0.9995  char_pool_acc_top5=1.0000  char_pool_valid_chars=2080  char_pool_num_chars=2080  window_size=16  stride=16  window_overlap_mode=no_overlap  num_windows=64  sequence_length=128
Epoch 46, Batch 1, Loss: 1.9361
Epoch 46, Batch 2, Loss: 2.0627
Epoch 46, Batch 3, Loss: 2.0407
Epoch 46, Batch 4, Loss: 1.9054
Epoch 46, Batch 5, Loss: 1.9351
Epoch 46, Batch 6, Loss: 1.9297
Epoch 46, Batch 7, Loss: 1.8901
Epoch 46, Batch 8, Loss: 1.8947
Epoch 46, Batch 9, Loss: 1.8599
Epoch 46, Batch 10, Loss: 1.9180
[DTW] raw: pos=154.0  neg=1186.2  |  prob: pos_wins=0.995 (goal→1.0)  |  gap=-8.065  loss=1.9356
[LOSS] alignment_loss_type=d3tw_char_pool  d3tw_loss=1.9356  d3tw_cost_pos=153.9695  d3tw_cost_neg=1186.2324  total_loss=1.9356  char_pool_loss=0.0001  effective_char_pool_weight=0.5000  char_pool_acc_top1=1.0000  char_pool_acc_top5=1.0000  char_pool_valid_chars=2080  char_pool_num_chars=2080  window_size=16  stride=16  window_overlap_mode=no_overlap  num_windows=64  sequence_length=128
Epoch 46, Batch 11, Loss: 1.9356
Epoch 46, Batch 12, Loss: 1.8606
Epoch 46, Batch 13, Loss: 1.9491
Epoch 46, Batch 14, Loss: 1.9898
Epoch 46, Batch 15, Loss: 1.8981
Epoch 46, Batch 16, Loss: 1.8665
Epoch 46, Batch 17, Loss: 1.9833
Epoch 46, Batch 18, Loss: 1.9702
Epoch 46, Batch 19, Loss: 1.9595
Epoch 46, Batch 20, Loss: 1.9666
[DTW] raw: pos=158.9  neg=1188.9  |  prob: pos_wins=0.995 (goal→1.0)  |  gap=-8.046  loss=1.9536
[LOSS] alignment_loss_type=d3tw_char_pool  d3tw_loss=1.9536  d3tw_cost_pos=158.9437  d3tw_cost_neg=1188.8650  total_loss=1.9537  char_pool_loss=0.0001  effective_char_pool_weight=0.5000  char_pool_acc_top1=1.0000  char_pool_acc_top5=1.0000  char_pool_valid_chars=2080  char_pool_num_chars=2080  window_size=16  stride=16  window_overlap_mode=no_overlap  num_windows=64  sequence_length=128
Epoch 46, Batch 21, Loss: 1.9537
Epoch 46, Batch 22, Loss: 1.9271
Epoch 46, Batch 23, Loss: 1.8984
Epoch 46, Batch 24, Loss: 1.9504
Epoch 46, Batch 25, Loss: 1.9846
Epoch 46, Batch 26, Loss: 1.9934
Epoch 46, Batch 27, Loss: 1.8868
Epoch 46, Batch 28, Loss: 1.9338
Epoch 46, Batch 29, Loss: 1.8512
Epoch 46, Batch 30, Loss: 1.9049
[DTW] raw: pos=153.1  neg=1179.8  |  prob: pos_wins=0.994 (goal→1.0)  |  gap=-8.021  loss=1.9791
[LOSS] alignment_loss_type=d3tw_char_pool  d3tw_loss=1.9791  d3tw_cost_pos=153.0872  d3tw_cost_neg=1179.8292  total_loss=1.9800  char_pool_loss=0.0017  effective_char_pool_weight=0.5000  char_pool_acc_top1=0.9995  char_pool_acc_top5=1.0000  char_pool_valid_chars=2080  char_pool_num_chars=2080  window_size=16  stride=16  window_overlap_mode=no_overlap  num_windows=64  sequence_length=128
Epoch 46, Batch 31, Loss: 1.9800
Epoch 46, Batch 32, Loss: 2.0513
Epoch 46, Batch 33, Loss: 1.9644
Epoch 46, Batch 34, Loss: 1.9671
Epoch 46, Batch 35, Loss: 1.9240
Epoch 46, Batch 36, Loss: 1.8289
Epoch 46, Batch 37, Loss: 1.8037
Epoch 46, Batch 38, Loss: 1.9005
Epoch 46, Batch 39, Loss: 1.9885
Epoch 46, Batch 40, Loss: 1.9900
[DTW] raw: pos=161.3  neg=1188.6  |  prob: pos_wins=0.995 (goal→1.0)  |  gap=-8.026  loss=1.9768
[LOSS] alignment_loss_type=d3tw_char_pool  d3tw_loss=1.9768  d3tw_cost_pos=161.2525  d3tw_cost_neg=1188.6301  total_loss=1.9773  char_pool_loss=0.0009  effective_char_pool_weight=0.5000  char_pool_acc_top1=0.9995  char_pool_acc_top5=1.0000  char_pool_valid_chars=2080  char_pool_num_chars=2080  window_size=16  stride=16  window_overlap_mode=no_overlap  num_windows=64  sequence_length=128
Epoch 46, Batch 41, Loss: 1.9773
Epoch 46, Batch 42, Loss: 1.9167
Epoch 46, Batch 43, Loss: 1.9550
Epoch 46, Batch 44, Loss: 2.0456
Epoch 46, Batch 45, Loss: 1.8805
Epoch 46, Batch 46, Loss: 2.0362
Epoch 46, Batch 47, Loss: 1.9919
Epoch 46, Batch 48, Loss: 1.9403
Epoch 46, Batch 49, Loss: 1.8170
Epoch 46, Batch 50, Loss: 1.8849
[DTW] raw: pos=153.4  neg=1186.4  |  prob: pos_wins=0.995 (goal→1.0)  |  gap=-8.070  loss=1.9321
[LOSS] alignment_loss_type=d3tw_char_pool  d3tw_loss=1.9321  d3tw_cost_pos=153.4235  d3tw_cost_neg=1186.4424  total_loss=1.9330  char_pool_loss=0.0018  effective_char_pool_weight=0.5000  char_pool_acc_top1=0.9990  char_pool_acc_top5=1.0000  char_pool_valid_chars=2080  char_pool_num_chars=2080  window_size=16  stride=16  window_overlap_mode=no_overlap  num_windows=64  sequence_length=128
Epoch 46, Batch 51, Loss: 1.9330
Epoch 46, Batch 52, Loss: 1.9985
Epoch 46, Batch 53, Loss: 1.9237
Epoch 46, Batch 54, Loss: 1.9932
Epoch 46, Batch 55, Loss: 1.9175
Epoch 46, Batch 56, Loss: 1.8638
Epoch 46, Batch 57, Loss: 1.9892
Epoch 46, Batch 58, Loss: 1.9454
Epoch 46, Batch 59, Loss: 2.0095
Epoch 46, Batch 60, Loss: 1.9648
[DTW] raw: pos=157.1  neg=1174.1  |  prob: pos_wins=0.994 (goal→1.0)  |  gap=-7.945  loss=2.0576
[LOSS] alignment_loss_type=d3tw_char_pool  d3tw_loss=2.0576  d3tw_cost_pos=157.0555  d3tw_cost_neg=1174.0793  total_loss=2.0607  char_pool_loss=0.0062  effective_char_pool_weight=0.5000  char_pool_acc_top1=0.9986  char_pool_acc_top5=1.0000  char_pool_valid_chars=2080  char_pool_num_chars=2080  window_size=16  stride=16  window_overlap_mode=no_overlap  num_windows=64  sequence_length=128
Epoch 46, Batch 61, Loss: 2.0607
Epoch 46, Batch 62, Loss: 1.9858
Epoch 46, Batch 63, Loss: 1.9787
Epoch 46, Batch 64, Loss: 1.9285
Epoch 46, Batch 65, Loss: 1.8945
Epoch 46, Batch 66, Loss: 1.9444
Epoch 46, Batch 67, Loss: 1.9396
Epoch 46, Batch 68, Loss: 1.8679
Epoch 46, Batch 69, Loss: 1.9176
Epoch 46, Batch 70, Loss: 1.9093
[DTW] raw: pos=154.0  neg=1190.7  |  prob: pos_wins=0.995 (goal→1.0)  |  gap=-8.099  loss=1.9019
[LOSS] alignment_loss_type=d3tw_char_pool  d3tw_loss=1.9019  d3tw_cost_pos=154.0310  d3tw_cost_neg=1190.7197  total_loss=1.9031  char_pool_loss=0.0024  effective_char_pool_weight=0.5000  char_pool_acc_top1=0.9995  char_pool_acc_top5=1.0000  char_pool_valid_chars=2080  char_pool_num_chars=2080  window_size=16  stride=16  window_overlap_mode=no_overlap  num_windows=64  sequence_length=128
Epoch 46, Batch 71, Loss: 1.9031
Epoch 46, Batch 72, Loss: 2.0067
Epoch 46, Batch 73, Loss: 1.9468
Epoch 46, Batch 74, Loss: 1.9316
Epoch 46, Batch 75, Loss: 2.0268
Epoch 46, Batch 76, Loss: 1.8537
Epoch 46, Batch 77, Loss: 1.9700
Epoch 46, Batch 78, Loss: 1.8297
Epoch 46, Batch 79, Loss: 1.9646
Epoch 46, Batch 80, Loss: 1.9388
[DTW] raw: pos=151.8  neg=1191.2  |  prob: pos_wins=0.995 (goal→1.0)  |  gap=-8.120  loss=1.8837
[LOSS] alignment_loss_type=d3tw_char_pool  d3tw_loss=1.8837  d3tw_cost_pos=151.8038  d3tw_cost_neg=1191.1904  total_loss=1.8926  char_pool_loss=0.0179  effective_char_pool_weight=0.5000  char_pool_acc_top1=0.9976  char_pool_acc_top5=0.9995  char_pool_valid_chars=2080  char_pool_num_chars=2080  window_size=16  stride=16  window_overlap_mode=no_overlap  num_windows=64  sequence_length=128
Epoch 46, Batch 81, Loss: 1.8926
Epoch 46, Batch 82, Loss: 2.0079
Epoch 46, Batch 83, Loss: 2.0060
Epoch 46, Batch 84, Loss: 1.8935
Epoch 46, Batch 85, Loss: 1.9133
Epoch 46, Batch 86, Loss: 2.0046
Epoch 46, Batch 87, Loss: 1.8149
Epoch 46, Batch 88, Loss: 1.8455
Epoch 46, Batch 89, Loss: 1.9414
Epoch 46, Batch 90, Loss: 1.9279
[DTW] raw: pos=156.6  neg=1187.8  |  prob: pos_wins=0.995 (goal→1.0)  |  gap=-8.056  loss=1.9457
[LOSS] alignment_loss_type=d3tw_char_pool  d3tw_loss=1.9457  d3tw_cost_pos=156.6412  d3tw_cost_neg=1187.8224  total_loss=1.9491  char_pool_loss=0.0067  effective_char_pool_weight=0.5000  char_pool_acc_top1=0.9995  char_pool_acc_top5=0.9995  char_pool_valid_chars=2080  char_pool_num_chars=2080  window_size=16  stride=16  window_overlap_mode=no_overlap  num_windows=64  sequence_length=128
Epoch 46, Batch 91, Loss: 1.9491
Epoch 46, Batch 92, Loss: 1.8179
Epoch 46, Batch 93, Loss: 2.0015
Epoch 46, Batch 94, Loss: 2.0400
Epoch 46, Batch 95, Loss: 1.9821
Epoch 46, Batch 96, Loss: 1.9264
Epoch 46, Batch 97, Loss: 1.9684
Epoch 46, Batch 98, Loss: 1.8825
Epoch 46, Batch 99, Loss: 1.8981
Epoch 46, Batch 100, Loss: 1.9469
[DTW] raw: pos=159.1  neg=1181.6  |  prob: pos_wins=0.994 (goal→1.0)  |  gap=-7.988  loss=2.0123
[LOSS] alignment_loss_type=d3tw_char_pool  d3tw_loss=2.0123  d3tw_cost_pos=159.1338  d3tw_cost_neg=1181.5747  total_loss=2.0151  char_pool_loss=0.0057  effective_char_pool_weight=0.5000  char_pool_acc_top1=0.9995  char_pool_acc_top5=1.0000  char_pool_valid_chars=2080  char_pool_num_chars=2080  window_size=16  stride=16  window_overlap_mode=no_overlap  num_windows=64  sequence_length=128
Epoch 46, Batch 101, Loss: 2.0151
Epoch 46, Batch 102, Loss: 1.9103
Epoch 46, Batch 103, Loss: 1.8604
Epoch 46, Batch 104, Loss: 1.8532
Epoch 46, Batch 105, Loss: 1.9682
Epoch 46, Batch 106, Loss: 1.9606
Epoch 46, Batch 107, Loss: 1.9009
Epoch 46, Batch 108, Loss: 1.9346
Epoch 46, Batch 109, Loss: 1.9654
Epoch 46, Batch 110, Loss: 1.9464
[DTW] raw: pos=155.1  neg=1176.5  |  prob: pos_wins=0.995 (goal→1.0)  |  gap=-7.980  loss=2.0220
[LOSS] alignment_loss_type=d3tw_char_pool  d3tw_loss=2.0220  d3tw_cost_pos=155.0834  d3tw_cost_neg=1176.5110  total_loss=2.0232  char_pool_loss=0.0022  effective_char_pool_weight=0.5000  char_pool_acc_top1=0.9990  char_pool_acc_top5=1.0000  char_pool_valid_chars=2080  char_pool_num_chars=2080  window_size=16  stride=16  window_overlap_mode=no_overlap  num_windows=64  sequence_length=128
Epoch 46, Batch 111, Loss: 2.0232
Epoch 46, Batch 112, Loss: 1.8892
Epoch 46, Batch 113, Loss: 1.8854
Epoch 46, Batch 114, Loss: 1.9783
Epoch 46, Batch 115, Loss: 1.9284
Epoch 46, Batch 116, Loss: 1.9740
Epoch 46, Batch 117, Loss: 1.9754
Epoch 46, Batch 118, Loss: 1.9748
Epoch 46, Batch 119, Loss: 1.9720
Epoch 46, Batch 120, Loss: 1.9807
[DTW] raw: pos=151.8  neg=1196.7  |  prob: pos_wins=0.995 (goal→1.0)  |  gap=-8.163  loss=1.8385
[LOSS] alignment_loss_type=d3tw_char_pool  d3tw_loss=1.8385  d3tw_cost_pos=151.8169  d3tw_cost_neg=1196.7195  total_loss=1.8399  char_pool_loss=0.0028  effective_char_pool_weight=0.5000  char_pool_acc_top1=0.9986  char_pool_acc_top5=1.0000  char_pool_valid_chars=2080  char_pool_num_chars=2080  window_size=16  stride=16  window_overlap_mode=no_overlap  num_windows=64  sequence_length=128
Epoch 46, Batch 121, Loss: 1.8399
Epoch 46, Batch 122, Loss: 1.9892
Epoch 46, Batch 123, Loss: 1.9847
Epoch 46, Batch 124, Loss: 1.9691
Epoch 46, Batch 125, Loss: 1.8462
Epoch 46, Batch 126, Loss: 1.8384
Epoch 46, Batch 127, Loss: 1.9402
Epoch 46, Batch 128, Loss: 1.9683
Epoch 46, Batch 129, Loss: 2.1386
Epoch 46, Batch 130, Loss: 1.9073
[DTW] raw: pos=154.5  neg=1201.5  |  prob: pos_wins=0.996 (goal→1.0)  |  gap=-8.180  loss=1.8250
[LOSS] alignment_loss_type=d3tw_char_pool  d3tw_loss=1.8250  d3tw_cost_pos=154.4648  d3tw_cost_neg=1201.4739  total_loss=1.8284  char_pool_loss=0.0069  effective_char_pool_weight=0.5000  char_pool_acc_top1=0.9995  char_pool_acc_top5=0.9995  char_pool_valid_chars=2080  char_pool_num_chars=2080  window_size=16  stride=16  window_overlap_mode=no_overlap  num_windows=64  sequence_length=128
Epoch 46, Batch 131, Loss: 1.8284
Epoch 46, Batch 132, Loss: 1.8986
Epoch 46, Batch 133, Loss: 1.9128
Epoch 46, Batch 134, Loss: 1.9815
Epoch 46, Batch 135, Loss: 1.9064
Epoch 46, Batch 136, Loss: 1.9064
Epoch 46, Batch 137, Loss: 1.9830
Epoch 46, Batch 138, Loss: 1.8220
Epoch 46, Batch 139, Loss: 1.9323
Epoch 46, Batch 140, Loss: 1.8106
[DTW] raw: pos=155.5  neg=1183.9  |  prob: pos_wins=0.995 (goal→1.0)  |  gap=-8.034  loss=1.9670
[LOSS] alignment_loss_type=d3tw_char_pool  d3tw_loss=1.9670  d3tw_cost_pos=155.5402  d3tw_cost_neg=1183.8623  total_loss=1.9689  char_pool_loss=0.0038  effective_char_pool_weight=0.5000  char_pool_acc_top1=0.9995  char_pool_acc_top5=1.0000  char_pool_valid_chars=2080  char_pool_num_chars=2080  window_size=16  stride=16  window_overlap_mode=no_overlap  num_windows=64  sequence_length=128
Epoch 46, Batch 141, Loss: 1.9689
Epoch 46, Batch 142, Loss: 1.9014
Epoch 46, Batch 143, Loss: 1.9372
Epoch 46, Batch 144, Loss: 1.9166
Epoch 46, Batch 145, Loss: 1.9207
Epoch 46, Batch 146, Loss: 1.9378
Epoch 46, Batch 147, Loss: 1.9143
Epoch 46, Batch 148, Loss: 1.9175
Epoch 46, Batch 149, Loss: 1.8592
Epoch 46, Batch 150, Loss: 1.9844
[DTW] raw: pos=156.9  neg=1192.9  |  prob: pos_wins=0.993 (goal→1.0)  |  gap=-8.093  loss=1.9079
[LOSS] alignment_loss_type=d3tw_char_pool  d3tw_loss=1.9079  d3tw_cost_pos=156.9418  d3tw_cost_neg=1192.8691  total_loss=1.9089  char_pool_loss=0.0021  effective_char_pool_weight=0.5000  char_pool_acc_top1=0.9990  char_pool_acc_top5=1.0000  char_pool_valid_chars=2080  char_pool_num_chars=2080  window_size=16  stride=16  window_overlap_mode=no_overlap  num_windows=64  sequence_length=128
Epoch 46, Batch 151, Loss: 1.9089
Epoch 46, Batch 152, Loss: 2.0458
Epoch 46, Batch 153, Loss: 1.9255
Epoch 46, Batch 154, Loss: 1.8248
Epoch 46, Batch 155, Loss: 2.0094
Epoch 46, Batch 156, Loss: 1.9391
Epoch 46, Batch 157, Loss: 1.7586
Epoch 46, Batch 158, Loss: 1.9502
Epoch 46, Batch 159, Loss: 1.9802
Epoch 46, Batch 160, Loss: 1.8442
[DTW] raw: pos=156.4  neg=1193.1  |  prob: pos_wins=0.996 (goal→1.0)  |  gap=-8.099  loss=1.9037
[LOSS] alignment_loss_type=d3tw_char_pool  d3tw_loss=1.9037  d3tw_cost_pos=156.3955  d3tw_cost_neg=1193.0732  total_loss=1.9081  char_pool_loss=0.0089  effective_char_pool_weight=0.5000  char_pool_acc_top1=0.9981  char_pool_acc_top5=0.9995  char_pool_valid_chars=2080  char_pool_num_chars=2080  window_size=16  stride=16  window_overlap_mode=no_overlap  num_windows=64  sequence_length=128
Epoch 46, Batch 161, Loss: 1.9081
Epoch 46, Batch 162, Loss: 1.9257
Epoch 46, Batch 163, Loss: 1.9887
Epoch 46, Batch 164, Loss: 1.9862
Epoch 46, Batch 165, Loss: 1.8826
Epoch 46, Batch 166, Loss: 1.9849
Epoch 46, Batch 167, Loss: 1.9294
Epoch 46, Batch 168, Loss: 1.9330
Epoch 46, Batch 169, Loss: 1.9751
Epoch 46, Batch 170, Loss: 1.9548
[DTW] raw: pos=155.8  neg=1178.3  |  prob: pos_wins=0.994 (goal→1.0)  |  gap=-7.988  loss=2.0127
[LOSS] alignment_loss_type=d3tw_char_pool  d3tw_loss=2.0127  d3tw_cost_pos=155.7936  d3tw_cost_neg=1178.2634  total_loss=2.0153  char_pool_loss=0.0052  effective_char_pool_weight=0.5000  char_pool_acc_top1=0.9995  char_pool_acc_top5=1.0000  char_pool_valid_chars=2080  char_pool_num_chars=2080  window_size=16  stride=16  window_overlap_mode=no_overlap  num_windows=64  sequence_length=128
Epoch 46, Batch 171, Loss: 2.0153
Epoch 46, Batch 172, Loss: 1.9190
Epoch 46, Batch 173, Loss: 1.9928
Epoch 46, Batch 174, Loss: 2.0023
Epoch 46, Batch 175, Loss: 1.9204
Epoch 46, Batch 176, Loss: 1.9433
Epoch 46, Batch 177, Loss: 1.9570
Epoch 46, Batch 178, Loss: 1.8138
Epoch 46, Batch 179, Loss: 1.8742
Epoch 46, Batch 180, Loss: 1.9467
[DTW] raw: pos=157.4  neg=1194.6  |  prob: pos_wins=0.995 (goal→1.0)  |  gap=-8.103  loss=1.8984
[LOSS] alignment_loss_type=d3tw_char_pool  d3tw_loss=1.8984  d3tw_cost_pos=157.3944  d3tw_cost_neg=1194.6204  total_loss=1.9000  char_pool_loss=0.0033  effective_char_pool_weight=0.5000  char_pool_acc_top1=0.9986  char_pool_acc_top5=1.0000  char_pool_valid_chars=2080  char_pool_num_chars=2080  window_size=16  stride=16  window_overlap_mode=no_overlap  num_windows=64  sequence_length=128
Epoch 46, Batch 181, Loss: 1.9000
Epoch 46, Batch 182, Loss: 2.0229
Epoch 46, Batch 183, Loss: 1.9241
Epoch 46, Batch 184, Loss: 1.9671
Epoch 46, Batch 185, Loss: 2.0425
Epoch 46, Batch 186, Loss: 1.8978
Epoch 46, Batch 187, Loss: 1.8837
Epoch 46, Batch 188, Loss: 1.7709
Epoch 46 - Train Loss: 1.9356
[DTW] raw: pos=159.9  neg=1179.6  |  prob: pos_wins=0.994 (goal→1.0)  |  gap=-7.967  loss=2.0347
[LOSS] alignment_loss_type=d3tw_char_pool  d3tw_loss=2.0347  d3tw_cost_pos=159.8659  d3tw_cost_neg=1179.5964  total_loss=2.0520  char_pool_loss=0.0346  effective_char_pool_weight=0.5000  char_pool_acc_top1=0.9971  char_pool_acc_top5=0.9981  char_pool_valid_chars=2080  char_pool_num_chars=2080  window_size=16  stride=16  window_overlap_mode=no_overlap  num_windows=64  sequence_length=128
[DTW] raw: pos=158.7  neg=1190.1  |  prob: pos_wins=0.995 (goal→1.0)  |  gap=-8.058  loss=1.9437
[LOSS] alignment_loss_type=d3tw_char_pool  d3tw_loss=1.9437  d3tw_cost_pos=158.6828  d3tw_cost_neg=1190.0786  total_loss=1.9493  char_pool_loss=0.0113  effective_char_pool_weight=0.5000  char_pool_acc_top1=0.9986  char_pool_acc_top5=0.9995  char_pool_valid_chars=2080  char_pool_num_chars=2080  window_size=16  stride=16  window_overlap_mode=no_overlap  num_windows=64  sequence_length=128
[DTW] raw: pos=159.9  neg=1191.7  |  prob: pos_wins=0.994 (goal→1.0)  |  gap=-8.061  loss=1.9396
[LOSS] alignment_loss_type=d3tw_char_pool  d3tw_loss=1.9396  d3tw_cost_pos=159.8940  d3tw_cost_neg=1191.7258  total_loss=1.9435  char_pool_loss=0.0078  effective_char_pool_weight=0.5000  char_pool_acc_top1=0.9981  char_pool_acc_top5=1.0000  char_pool_valid_chars=2080  char_pool_num_chars=2080  window_size=16  stride=16  window_overlap_mode=no_overlap  num_windows=64  sequence_length=128
[DTW] raw: pos=156.8  neg=1192.5  |  prob: pos_wins=0.995 (goal→1.0)  |  gap=-8.091  loss=1.9102
[LOSS] alignment_loss_type=d3tw_char_pool  d3tw_loss=1.9102  d3tw_cost_pos=156.7842  d3tw_cost_neg=1192.4684  total_loss=1.9310  char_pool_loss=0.0416  effective_char_pool_weight=0.5000  char_pool_acc_top1=0.9952  char_pool_acc_top5=0.9981  char_pool_valid_chars=2080  char_pool_num_chars=2080  window_size=16  stride=16  window_overlap_mode=no_overlap  num_windows=64  sequence_length=128
[DTW] raw: pos=156.3  neg=1193.5  |  prob: pos_wins=0.995 (goal→1.0)  |  gap=-8.102  loss=1.9006
[LOSS] alignment_loss_type=d3tw_char_pool  d3tw_loss=1.9006  d3tw_cost_pos=156.3469  d3tw_cost_neg=1193.4569  total_loss=1.9012  char_pool_loss=0.0012  effective_char_pool_weight=0.5000  char_pool_acc_top1=0.9995  char_pool_acc_top5=1.0000  char_pool_valid_chars=2080  char_pool_num_chars=2080  window_size=16  stride=16  window_overlap_mode=no_overlap  num_windows=64  sequence_length=128
[DTW] raw: pos=155.8  neg=1189.8  |  prob: pos_wins=0.995 (goal→1.0)  |  gap=-8.078  loss=1.9229
[LOSS] alignment_loss_type=d3tw_char_pool  d3tw_loss=1.9229  d3tw_cost_pos=155.7833  d3tw_cost_neg=1189.8069  total_loss=1.9295  char_pool_loss=0.0133  effective_char_pool_weight=0.5000  char_pool_acc_top1=0.9990  char_pool_acc_top5=0.9990  char_pool_valid_chars=2080  char_pool_num_chars=2080  window_size=16  stride=16  window_overlap_mode=no_overlap  num_windows=64  sequence_length=128
[DTW] raw: pos=153.5  neg=1193.0  |  prob: pos_wins=0.995 (goal→1.0)  |  gap=-8.121  loss=1.8838
[LOSS] alignment_loss_type=d3tw_char_pool  d3tw_loss=1.8838  d3tw_cost_pos=153.5019  d3tw_cost_neg=1193.0061  total_loss=1.8861  char_pool_loss=0.0046  effective_char_pool_weight=0.5000  char_pool_acc_top1=0.9990  char_pool_acc_top5=1.0000  char_pool_valid_chars=2080  char_pool_num_chars=2080  window_size=16  stride=16  window_overlap_mode=no_overlap  num_windows=64  sequence_length=128
Epoch 46 - Validation Loss: 1.9450
Epoch 46 completed in 13m 59.43s
Epoch 46 - Peak GPU memory: 2267.0 MB
============================================================
Epoch 47 - Soft-DTW gamma: 0.100000
[DTW] raw: pos=155.6  neg=1195.6  |  prob: pos_wins=0.995 (goal→1.0)  |  gap=-8.125  loss=1.8762
[LOSS] alignment_loss_type=d3tw_char_pool  d3tw_loss=1.8762  d3tw_cost_pos=155.6308  d3tw_cost_neg=1195.5928  total_loss=1.8764  char_pool_loss=0.0002  effective_char_pool_weight=0.5000  char_pool_acc_top1=1.0000  char_pool_acc_top5=1.0000  char_pool_valid_chars=2080  char_pool_num_chars=2080  window_size=16  stride=16  window_overlap_mode=no_overlap  num_windows=64  sequence_length=128
Epoch 47, Batch 1, Loss: 1.8764
Epoch 47, Batch 2, Loss: 1.9017
Epoch 47, Batch 3, Loss: 2.0158
Epoch 47, Batch 4, Loss: 2.0276
Epoch 47, Batch 5, Loss: 1.8486
Epoch 47, Batch 6, Loss: 1.9784
Epoch 47, Batch 7, Loss: 1.8123
Epoch 47, Batch 8, Loss: 1.9389
Epoch 47, Batch 9, Loss: 2.0435
Epoch 47, Batch 10, Loss: 2.0288
[DTW] raw: pos=155.2  neg=1201.2  |  prob: pos_wins=0.995 (goal→1.0)  |  gap=-8.172  loss=1.8287
[LOSS] alignment_loss_type=d3tw_char_pool  d3tw_loss=1.8287  d3tw_cost_pos=155.2248  d3tw_cost_neg=1201.2190  total_loss=1.8288  char_pool_loss=0.0003  effective_char_pool_weight=0.5000  char_pool_acc_top1=1.0000  char_pool_acc_top5=1.0000  char_pool_valid_chars=2080  char_pool_num_chars=2080  window_size=16  stride=16  window_overlap_mode=no_overlap  num_windows=64  sequence_length=128
Epoch 47, Batch 11, Loss: 1.8288
Epoch 47, Batch 12, Loss: 1.8861
Epoch 47, Batch 13, Loss: 1.8697
Epoch 47, Batch 14, Loss: 1.7238
Epoch 47, Batch 15, Loss: 2.0551
Epoch 47, Batch 16, Loss: 1.8933
Epoch 47, Batch 17, Loss: 1.8651
Epoch 47, Batch 18, Loss: 2.0200
Epoch 47, Batch 19, Loss: 1.9073
Epoch 47, Batch 20, Loss: 1.8548
[DTW] raw: pos=156.0  neg=1186.4  |  prob: pos_wins=0.995 (goal→1.0)  |  gap=-8.050  loss=1.9508
[LOSS] alignment_loss_type=d3tw_char_pool  d3tw_loss=1.9508  d3tw_cost_pos=156.0384  d3tw_cost_neg=1186.3994  total_loss=1.9542  char_pool_loss=0.0068  effective_char_pool_weight=0.5000  char_pool_acc_top1=0.9995  char_pool_acc_top5=0.9995  char_pool_valid_chars=2080  char_pool_num_chars=2080  window_size=16  stride=16  window_overlap_mode=no_overlap  num_windows=64  sequence_length=128
Epoch 47, Batch 21, Loss: 1.9542
Epoch 47, Batch 22, Loss: 1.9161
Epoch 47, Batch 23, Loss: 1.9807
Epoch 47, Batch 24, Loss: 1.9261
Epoch 47, Batch 25, Loss: 1.9195
Epoch 47, Batch 26, Loss: 1.8374
Epoch 47, Batch 27, Loss: 1.9859
Epoch 47, Batch 28, Loss: 1.9262
Epoch 47, Batch 29, Loss: 1.9006
Epoch 47, Batch 30, Loss: 1.9650
[DTW] raw: pos=156.3  neg=1193.1  |  prob: pos_wins=0.995 (goal→1.0)  |  gap=-8.100  loss=1.9001
[LOSS] alignment_loss_type=d3tw_char_pool  d3tw_loss=1.9001  d3tw_cost_pos=156.2648  d3tw_cost_neg=1193.0969  total_loss=1.9023  char_pool_loss=0.0042  effective_char_pool_weight=0.5000  char_pool_acc_top1=0.9990  char_pool_acc_top5=1.0000  char_pool_valid_chars=2080  char_pool_num_chars=2080  window_size=16  stride=16  window_overlap_mode=no_overlap  num_windows=64  sequence_length=128
Epoch 47, Batch 31, Loss: 1.9023
Epoch 47, Batch 32, Loss: 1.9126
Epoch 47, Batch 33, Loss: 2.0395
Epoch 47, Batch 34, Loss: 1.7413
Epoch 47, Batch 35, Loss: 1.9490
Epoch 47, Batch 36, Loss: 1.8681
Epoch 47, Batch 37, Loss: 1.9297
Epoch 47, Batch 38, Loss: 1.8688
Epoch 47, Batch 39, Loss: 1.8100
Epoch 47, Batch 40, Loss: 1.9268
[DTW] raw: pos=152.5  neg=1198.0  |  prob: pos_wins=0.995 (goal→1.0)  |  gap=-8.167  loss=1.8335
[LOSS] alignment_loss_type=d3tw_char_pool  d3tw_loss=1.8335  d3tw_cost_pos=152.5182  d3tw_cost_neg=1197.9543  total_loss=1.8409  char_pool_loss=0.0147  effective_char_pool_weight=0.5000  char_pool_acc_top1=0.9990  char_pool_acc_top5=0.9990  char_pool_valid_chars=2080  char_pool_num_chars=2080  window_size=16  stride=16  window_overlap_mode=no_overlap  num_windows=64  sequence_length=128
Epoch 47, Batch 41, Loss: 1.8409
Epoch 47, Batch 42, Loss: 1.9309
Epoch 47, Batch 43, Loss: 1.9410
Epoch 47, Batch 44, Loss: 1.9227
Epoch 47, Batch 45, Loss: 1.8798
Epoch 47, Batch 46, Loss: 1.9345
Epoch 47, Batch 47, Loss: 1.9453
Epoch 47, Batch 48, Loss: 1.8283
Epoch 47, Batch 49, Loss: 1.8780
Epoch 47, Batch 50, Loss: 1.9524
[DTW] raw: pos=157.5  neg=1199.9  |  prob: pos_wins=0.996 (goal→1.0)  |  gap=-8.144  loss=1.8561
[LOSS] alignment_loss_type=d3tw_char_pool  d3tw_loss=1.8561  d3tw_cost_pos=157.4722  d3tw_cost_neg=1199.8785  total_loss=1.8585  char_pool_loss=0.0047  effective_char_pool_weight=0.5000  char_pool_acc_top1=0.9995  char_pool_acc_top5=1.0000  char_pool_valid_chars=2080  char_pool_num_chars=2080  window_size=16  stride=16  window_overlap_mode=no_overlap  num_windows=64  sequence_length=128
Epoch 47, Batch 51, Loss: 1.8585
Epoch 47, Batch 52, Loss: 1.9173
Epoch 47, Batch 53, Loss: 1.8959
Epoch 47, Batch 54, Loss: 1.8773
Epoch 47, Batch 55, Loss: 2.0516
Epoch 47, Batch 56, Loss: 1.9148
Epoch 47, Batch 57, Loss: 1.9044
Epoch 47, Batch 58, Loss: 1.9045
Epoch 47, Batch 59, Loss: 1.8985
Epoch 47, Batch 60, Loss: 2.0127
[DTW] raw: pos=150.4  neg=1179.9  |  prob: pos_wins=0.995 (goal→1.0)  |  gap=-8.043  loss=1.9602
[LOSS] alignment_loss_type=d3tw_char_pool  d3tw_loss=1.9602  d3tw_cost_pos=150.3666  d3tw_cost_neg=1179.9087  total_loss=1.9603  char_pool_loss=0.0001  effective_char_pool_weight=0.5000  char_pool_acc_top1=1.0000  char_pool_acc_top5=1.0000  char_pool_valid_chars=2080  char_pool_num_chars=2080  window_size=16  stride=16  window_overlap_mode=no_overlap  num_windows=64  sequence_length=128
Epoch 47, Batch 61, Loss: 1.9603
Epoch 47, Batch 62, Loss: 1.8691
Epoch 47, Batch 63, Loss: 1.9231
Epoch 47, Batch 64, Loss: 1.9506
Epoch 47, Batch 65, Loss: 1.9782
Epoch 47, Batch 66, Loss: 1.9281
Epoch 47, Batch 67, Loss: 1.9833
Epoch 47, Batch 68, Loss: 1.9351
Epoch 47, Batch 69, Loss: 2.0326
Epoch 47, Batch 70, Loss: 1.9473
[DTW] raw: pos=152.7  neg=1190.1  |  prob: pos_wins=0.994 (goal→1.0)  |  gap=-8.105  loss=1.8973
[LOSS] alignment_loss_type=d3tw_char_pool  d3tw_loss=1.8973  d3tw_cost_pos=152.7011  d3tw_cost_neg=1190.1183  total_loss=1.9031  char_pool_loss=0.0116  effective_char_pool_weight=0.5000  char_pool_acc_top1=0.9986  char_pool_acc_top5=0.9995  char_pool_valid_chars=2080  char_pool_num_chars=2080  window_size=16  stride=16  window_overlap_mode=no_overlap  num_windows=64  sequence_length=128
Epoch 47, Batch 71, Loss: 1.9031
Epoch 47, Batch 72, Loss: 1.9442
Epoch 47, Batch 73, Loss: 2.0226
Epoch 47, Batch 74, Loss: 1.8544
Epoch 47, Batch 75, Loss: 1.9356
Epoch 47, Batch 76, Loss: 1.9234
Epoch 47, Batch 77, Loss: 1.9130
Epoch 47, Batch 78, Loss: 1.8806
Epoch 47, Batch 79, Loss: 1.8889
Epoch 47, Batch 80, Loss: 1.9206
[DTW] raw: pos=154.3  neg=1194.9  |  prob: pos_wins=0.995 (goal→1.0)  |  gap=-8.130  loss=1.8703
[LOSS] alignment_loss_type=d3tw_char_pool  d3tw_loss=1.8703  d3tw_cost_pos=154.3089  d3tw_cost_neg=1194.8972  total_loss=1.8704  char_pool_loss=0.0002  effective_char_pool_weight=0.5000  char_pool_acc_top1=1.0000  char_pool_acc_top5=1.0000  char_pool_valid_chars=2080  char_pool_num_chars=2080  window_size=16  stride=16  window_overlap_mode=no_overlap  num_windows=64  sequence_length=128
Epoch 47, Batch 81, Loss: 1.8704
Epoch 47, Batch 82, Loss: 1.8697
Epoch 47, Batch 83, Loss: 1.8856
Epoch 47, Batch 84, Loss: 2.0144
Epoch 47, Batch 85, Loss: 1.8819
Epoch 47, Batch 86, Loss: 1.9934
Epoch 47, Batch 87, Loss: 1.8650
Epoch 47, Batch 88, Loss: 1.8433
Epoch 47, Batch 89, Loss: 2.0181
Epoch 47, Batch 90, Loss: 1.9781
[DTW] raw: pos=149.2  neg=1198.0  |  prob: pos_wins=0.996 (goal→1.0)  |  gap=-8.194  loss=1.8064
[LOSS] alignment_loss_type=d3tw_char_pool  d3tw_loss=1.8064  d3tw_cost_pos=149.2001  d3tw_cost_neg=1198.0098  total_loss=1.8069  char_pool_loss=0.0011  effective_char_pool_weight=0.5000  char_pool_acc_top1=0.9995  char_pool_acc_top5=1.0000  char_pool_valid_chars=2080  char_pool_num_chars=2080  window_size=16  stride=16  window_overlap_mode=no_overlap  num_windows=64  sequence_length=128
Epoch 47, Batch 91, Loss: 1.8069
Epoch 47, Batch 92, Loss: 1.9942
Epoch 47, Batch 93, Loss: 1.8413
Epoch 47, Batch 94, Loss: 1.8595
Epoch 47, Batch 95, Loss: 1.9802
Epoch 47, Batch 96, Loss: 1.8734
Epoch 47, Batch 97, Loss: 2.0159
Epoch 47, Batch 98, Loss: 2.0566
Epoch 47, Batch 99, Loss: 1.9920
Epoch 47, Batch 100, Loss: 1.9427
[DTW] raw: pos=156.0  neg=1175.4  |  prob: pos_wins=0.995 (goal→1.0)  |  gap=-7.964  loss=2.0366
[LOSS] alignment_loss_type=d3tw_char_pool  d3tw_loss=2.0366  d3tw_cost_pos=155.9568  d3tw_cost_neg=1175.3605  total_loss=2.0402  char_pool_loss=0.0074  effective_char_pool_weight=0.5000  char_pool_acc_top1=0.9995  char_pool_acc_top5=0.9995  char_pool_valid_chars=2080  char_pool_num_chars=2080  window_size=16  stride=16  window_overlap_mode=no_overlap  num_windows=64  sequence_length=128
Epoch 47, Batch 101, Loss: 2.0402
Epoch 47, Batch 102, Loss: 1.9266
Epoch 47, Batch 103, Loss: 1.8765
Epoch 47, Batch 104, Loss: 1.8795
Epoch 47, Batch 105, Loss: 1.8618
Epoch 47, Batch 106, Loss: 2.0472
Epoch 47, Batch 107, Loss: 1.9121
Epoch 47, Batch 108, Loss: 2.1203
Epoch 47, Batch 109, Loss: 1.9351
Epoch 47, Batch 110, Loss: 1.7983
[DTW] raw: pos=153.9  neg=1195.6  |  prob: pos_wins=0.995 (goal→1.0)  |  gap=-8.138  loss=1.8620
[LOSS] alignment_loss_type=d3tw_char_pool  d3tw_loss=1.8620  d3tw_cost_pos=153.9308  d3tw_cost_neg=1195.6344  total_loss=1.8651  char_pool_loss=0.0063  effective_char_pool_weight=0.5000  char_pool_acc_top1=0.9995  char_pool_acc_top5=1.0000  char_pool_valid_chars=2080  char_pool_num_chars=2080  window_size=16  stride=16  window_overlap_mode=no_overlap  num_windows=64  sequence_length=128
Epoch 47, Batch 111, Loss: 1.8651
Epoch 47, Batch 112, Loss: 1.8691
Epoch 47, Batch 113, Loss: 1.9432
Epoch 47, Batch 114, Loss: 1.9757
Epoch 47, Batch 115, Loss: 1.8520
Epoch 47, Batch 116, Loss: 1.9326
Epoch 47, Batch 117, Loss: 1.9394
Epoch 47, Batch 118, Loss: 1.9222
Epoch 47, Batch 119, Loss: 1.9189
Epoch 47, Batch 120, Loss: 1.9619
[DTW] raw: pos=154.2  neg=1191.4  |  prob: pos_wins=0.995 (goal→1.0)  |  gap=-8.103  loss=1.8966
[LOSS] alignment_loss_type=d3tw_char_pool  d3tw_loss=1.8966  d3tw_cost_pos=154.1695  d3tw_cost_neg=1191.4066  total_loss=1.8968  char_pool_loss=0.0004  effective_char_pool_weight=0.5000  char_pool_acc_top1=1.0000  char_pool_acc_top5=1.0000  char_pool_valid_chars=2080  char_pool_num_chars=2080  window_size=16  stride=16  window_overlap_mode=no_overlap  num_windows=64  sequence_length=128
Epoch 47, Batch 121, Loss: 1.8968
Epoch 47, Batch 122, Loss: 1.8484
Epoch 47, Batch 123, Loss: 1.8710
Epoch 47, Batch 124, Loss: 1.8720
Epoch 47, Batch 125, Loss: 1.9572
Epoch 47, Batch 126, Loss: 1.8840
Epoch 47, Batch 127, Loss: 1.8952
Epoch 47, Batch 128, Loss: 1.8496
Epoch 47, Batch 129, Loss: 1.9741
Epoch 47, Batch 130, Loss: 1.9278
[DTW] raw: pos=154.2  neg=1196.6  |  prob: pos_wins=0.995 (goal→1.0)  |  gap=-8.144  loss=1.8574
[LOSS] alignment_loss_type=d3tw_char_pool  d3tw_loss=1.8574  d3tw_cost_pos=154.2236  d3tw_cost_neg=1196.6205  total_loss=1.8583  char_pool_loss=0.0018  effective_char_pool_weight=0.5000  char_pool_acc_top1=0.9995  char_pool_acc_top5=1.0000  char_pool_valid_chars=2080  char_pool_num_chars=2080  window_size=16  stride=16  window_overlap_mode=no_overlap  num_windows=64  sequence_length=128
Epoch 47, Batch 131, Loss: 1.8583
Epoch 47, Batch 132, Loss: 1.8830
Epoch 47, Batch 133, Loss: 1.9210
Epoch 47, Batch 134, Loss: 1.8721
Epoch 47, Batch 135, Loss: 2.0280
Epoch 47, Batch 136, Loss: 1.8709
Epoch 47, Batch 137, Loss: 1.9054
Epoch 47, Batch 138, Loss: 1.9614
Epoch 47, Batch 139, Loss: 1.8933
Epoch 47, Batch 140, Loss: 1.9914
[DTW] raw: pos=154.1  neg=1184.7  |  prob: pos_wins=0.994 (goal→1.0)  |  gap=-8.051  loss=1.9540
[LOSS] alignment_loss_type=d3tw_char_pool  d3tw_loss=1.9540  d3tw_cost_pos=154.1440  d3tw_cost_neg=1184.7311  total_loss=1.9544  char_pool_loss=0.0007  effective_char_pool_weight=0.5000  char_pool_acc_top1=0.9995  char_pool_acc_top5=1.0000  char_pool_valid_chars=2080  char_pool_num_chars=2080  window_size=16  stride=16  window_overlap_mode=no_overlap  num_windows=64  sequence_length=128
Epoch 47, Batch 141, Loss: 1.9544
Epoch 47, Batch 142, Loss: 1.9873
Epoch 47, Batch 143, Loss: 1.8827
Epoch 47, Batch 144, Loss: 1.9252
Epoch 47, Batch 145, Loss: 1.9330
Epoch 47, Batch 146, Loss: 1.9526
Epoch 47, Batch 147, Loss: 1.9679
Epoch 47, Batch 148, Loss: 2.0266
Epoch 47, Batch 149, Loss: 1.9280
Epoch 47, Batch 150, Loss: 1.9620
[DTW] raw: pos=151.6  neg=1176.5  |  prob: pos_wins=0.995 (goal→1.0)  |  gap=-8.007  loss=1.9942
[LOSS] alignment_loss_type=d3tw_char_pool  d3tw_loss=1.9942  d3tw_cost_pos=151.5677  d3tw_cost_neg=1176.4993  total_loss=1.9950  char_pool_loss=0.0017  effective_char_pool_weight=0.5000  char_pool_acc_top1=0.9995  char_pool_acc_top5=1.0000  char_pool_valid_chars=2080  char_pool_num_chars=2080  window_size=16  stride=16  window_overlap_mode=no_overlap  num_windows=64  sequence_length=128
Epoch 47, Batch 151, Loss: 1.9950
Epoch 47, Batch 152, Loss: 1.9395
Epoch 47, Batch 153, Loss: 1.9705
Epoch 47, Batch 154, Loss: 2.0237
Epoch 47, Batch 155, Loss: 1.9696
Epoch 47, Batch 156, Loss: 1.8739
Epoch 47, Batch 157, Loss: 2.0340
Epoch 47, Batch 158, Loss: 1.9633
Epoch 47, Batch 159, Loss: 2.0217
Epoch 47, Batch 160, Loss: 1.8305
[DTW] raw: pos=153.9  neg=1179.5  |  prob: pos_wins=0.993 (goal→1.0)  |  gap=-8.013  loss=1.9911
[LOSS] alignment_loss_type=d3tw_char_pool  d3tw_loss=1.9911  d3tw_cost_pos=153.8550  d3tw_cost_neg=1179.5028  total_loss=1.9914  char_pool_loss=0.0007  effective_char_pool_weight=0.5000  char_pool_acc_top1=0.9995  char_pool_acc_top5=1.0000  char_pool_valid_chars=2080  char_pool_num_chars=2080  window_size=16  stride=16  window_overlap_mode=no_overlap  num_windows=64  sequence_length=128
Epoch 47, Batch 161, Loss: 1.9914
Epoch 47, Batch 162, Loss: 1.9574
Epoch 47, Batch 163, Loss: 2.0270
Epoch 47, Batch 164, Loss: 1.9164
Epoch 47, Batch 165, Loss: 1.8713
Epoch 47, Batch 166, Loss: 1.9233
Epoch 47, Batch 167, Loss: 2.0385
Epoch 47, Batch 168, Loss: 2.0696
Epoch 47, Batch 169, Loss: 1.9652
Epoch 47, Batch 170, Loss: 1.8299
[DTW] raw: pos=157.6  neg=1191.0  |  prob: pos_wins=0.995 (goal→1.0)  |  gap=-8.074  loss=1.9289
[LOSS] alignment_loss_type=d3tw_char_pool  d3tw_loss=1.9289  d3tw_cost_pos=157.5658  d3tw_cost_neg=1191.0463  total_loss=1.9291  char_pool_loss=0.0003  effective_char_pool_weight=0.5000  char_pool_acc_top1=1.0000  char_pool_acc_top5=1.0000  char_pool_valid_chars=2080  char_pool_num_chars=2080  window_size=16  stride=16  window_overlap_mode=no_overlap  num_windows=64  sequence_length=128
Epoch 47, Batch 171, Loss: 1.9291
Epoch 47, Batch 172, Loss: 1.8940
Epoch 47, Batch 173, Loss: 1.9550
Epoch 47, Batch 174, Loss: 1.9826
Epoch 47, Batch 175, Loss: 1.8881
Epoch 47, Batch 176, Loss: 1.9088
Epoch 47, Batch 177, Loss: 1.9318
Epoch 47, Batch 178, Loss: 1.9998
Epoch 47, Batch 179, Loss: 1.9498
Epoch 47, Batch 180, Loss: 1.8600
[DTW] raw: pos=151.0  neg=1184.5  |  prob: pos_wins=0.995 (goal→1.0)  |  gap=-8.075  loss=1.9286
[LOSS] alignment_loss_type=d3tw_char_pool  d3tw_loss=1.9286  d3tw_cost_pos=150.9718  d3tw_cost_neg=1184.5216  total_loss=1.9318  char_pool_loss=0.0065  effective_char_pool_weight=0.5000  char_pool_acc_top1=0.9995  char_pool_acc_top5=1.0000  char_pool_valid_chars=2080  char_pool_num_chars=2080  window_size=16  stride=16  window_overlap_mode=no_overlap  num_windows=64  sequence_length=128
Epoch 47, Batch 181, Loss: 1.9318
Epoch 47, Batch 182, Loss: 1.9237
Epoch 47, Batch 183, Loss: 1.8986
Epoch 47, Batch 184, Loss: 1.9014
Epoch 47, Batch 185, Loss: 1.9757
Epoch 47, Batch 186, Loss: 2.0237
Epoch 47, Batch 187, Loss: 2.0041
Epoch 47, Batch 188, Loss: 1.9851
Epoch 47 - Train Loss: 1.9288
[DTW] raw: pos=159.9  neg=1196.6  |  prob: pos_wins=0.995 (goal→1.0)  |  gap=-8.099  loss=1.9031
[LOSS] alignment_loss_type=d3tw_char_pool  d3tw_loss=1.9031  d3tw_cost_pos=159.8598  d3tw_cost_neg=1196.5640  total_loss=1.9213  char_pool_loss=0.0364  effective_char_pool_weight=0.5000  char_pool_acc_top1=0.9971  char_pool_acc_top5=0.9976  char_pool_valid_chars=2080  char_pool_num_chars=2080  window_size=16  stride=16  window_overlap_mode=no_overlap  num_windows=64  sequence_length=128
[DTW] raw: pos=159.4  neg=1198.4  |  prob: pos_wins=0.995 (goal→1.0)  |  gap=-8.118  loss=1.8844
[LOSS] alignment_loss_type=d3tw_char_pool  d3tw_loss=1.8844  d3tw_cost_pos=159.3858  d3tw_cost_neg=1198.4448  total_loss=1.8944  char_pool_loss=0.0201  effective_char_pool_weight=0.5000  char_pool_acc_top1=0.9981  char_pool_acc_top5=0.9990  char_pool_valid_chars=2080  char_pool_num_chars=2080  window_size=16  stride=16  window_overlap_mode=no_overlap  num_windows=64  sequence_length=128
[DTW] raw: pos=160.3  neg=1197.6  |  prob: pos_wins=0.994 (goal→1.0)  |  gap=-8.103  loss=1.9029
[LOSS] alignment_loss_type=d3tw_char_pool  d3tw_loss=1.9029  d3tw_cost_pos=160.3169  d3tw_cost_neg=1197.5587  total_loss=1.9067  char_pool_loss=0.0075  effective_char_pool_weight=0.5000  char_pool_acc_top1=0.9976  char_pool_acc_top5=1.0000  char_pool_valid_chars=2080  char_pool_num_chars=2080  window_size=16  stride=16  window_overlap_mode=no_overlap  num_windows=64  sequence_length=128
[DTW] raw: pos=157.3  neg=1185.2  |  prob: pos_wins=0.994 (goal→1.0)  |  gap=-8.031  loss=1.9702
[LOSS] alignment_loss_type=d3tw_char_pool  d3tw_loss=1.9702  d3tw_cost_pos=157.2955  d3tw_cost_neg=1185.2151  total_loss=1.9952  char_pool_loss=0.0500  effective_char_pool_weight=0.5000  char_pool_acc_top1=0.9952  char_pool_acc_top5=0.9981  char_pool_valid_chars=2080  char_pool_num_chars=2080  window_size=16  stride=16  window_overlap_mode=no_overlap  num_windows=64  sequence_length=128
[DTW] raw: pos=156.6  neg=1205.5  |  prob: pos_wins=0.996 (goal→1.0)  |  gap=-8.195  loss=1.8102
[LOSS] alignment_loss_type=d3tw_char_pool  d3tw_loss=1.8102  d3tw_cost_pos=156.5612  d3tw_cost_neg=1205.4724  total_loss=1.8118  char_pool_loss=0.0032  effective_char_pool_weight=0.5000  char_pool_acc_top1=0.9990  char_pool_acc_top5=1.0000  char_pool_valid_chars=2080  char_pool_num_chars=2080  window_size=16  stride=16  window_overlap_mode=no_overlap  num_windows=64  sequence_length=128
[DTW] raw: pos=156.0  neg=1176.0  |  prob: pos_wins=0.994 (goal→1.0)  |  gap=-7.969  loss=2.0311
[LOSS] alignment_loss_type=d3tw_char_pool  d3tw_loss=2.0311  d3tw_cost_pos=156.0350  d3tw_cost_neg=1176.0394  total_loss=2.0381  char_pool_loss=0.0139  effective_char_pool_weight=0.5000  char_pool_acc_top1=0.9990  char_pool_acc_top5=0.9990  char_pool_valid_chars=2080  char_pool_num_chars=2080  window_size=16  stride=16  window_overlap_mode=no_overlap  num_windows=64  sequence_length=128
[DTW] raw: pos=154.0  neg=1191.0  |  prob: pos_wins=0.995 (goal→1.0)  |  gap=-8.102  loss=1.8983
[LOSS] alignment_loss_type=d3tw_char_pool  d3tw_loss=1.8983  d3tw_cost_pos=153.9586  d3tw_cost_neg=1190.9575  total_loss=1.9018  char_pool_loss=0.0069  effective_char_pool_weight=0.5000  char_pool_acc_top1=0.9986  char_pool_acc_top5=1.0000  char_pool_valid_chars=2080  char_pool_num_chars=2080  window_size=16  stride=16  window_overlap_mode=no_overlap  num_windows=64  sequence_length=128
Epoch 47 - Validation Loss: 1.9399
Epoch 47 completed in 13m 56.35s
Epoch 47 - Peak GPU memory: 2267.0 MB
============================================================
Epoch 48 - Soft-DTW gamma: 0.100000
[DTW] raw: pos=151.9  neg=1191.1  |  prob: pos_wins=0.995 (goal→1.0)  |  gap=-8.119  loss=1.8813
[LOSS] alignment_loss_type=d3tw_char_pool  d3tw_loss=1.8813  d3tw_cost_pos=151.9035  d3tw_cost_neg=1191.1257  total_loss=1.8844  char_pool_loss=0.0061  effective_char_pool_weight=0.5000  char_pool_acc_top1=0.9990  char_pool_acc_top5=1.0000  char_pool_valid_chars=2080  char_pool_num_chars=2080  window_size=16  stride=16  window_overlap_mode=no_overlap  num_windows=64  sequence_length=128
Epoch 48, Batch 1, Loss: 1.8844
Epoch 48, Batch 2, Loss: 1.9727
Epoch 48, Batch 3, Loss: 1.9857
Epoch 48, Batch 4, Loss: 1.9544
Epoch 48, Batch 5, Loss: 2.0165
Epoch 48, Batch 6, Loss: 1.9142
Epoch 48, Batch 7, Loss: 1.8715
Epoch 48, Batch 8, Loss: 1.7946
Epoch 48, Batch 9, Loss: 1.9312
Epoch 48, Batch 10, Loss: 1.9243
[DTW] raw: pos=157.2  neg=1190.2  |  prob: pos_wins=0.995 (goal→1.0)  |  gap=-8.071  loss=1.9300
[LOSS] alignment_loss_type=d3tw_char_pool  d3tw_loss=1.9300  d3tw_cost_pos=157.1847  d3tw_cost_neg=1190.2114  total_loss=1.9338  char_pool_loss=0.0076  effective_char_pool_weight=0.5000  char_pool_acc_top1=0.9995  char_pool_acc_top5=0.9995  char_pool_valid_chars=2080  char_pool_num_chars=2080  window_size=16  stride=16  window_overlap_mode=no_overlap  num_windows=64  sequence_length=128
Epoch 48, Batch 11, Loss: 1.9338
Epoch 48, Batch 12, Loss: 1.8250
Epoch 48, Batch 13, Loss: 1.9069
Epoch 48, Batch 14, Loss: 1.9894
Epoch 48, Batch 15, Loss: 1.9485
Epoch 48, Batch 16, Loss: 1.9524
Epoch 48, Batch 17, Loss: 1.8848
Epoch 48, Batch 18, Loss: 1.8844
Epoch 48, Batch 19, Loss: 1.8779
Epoch 48, Batch 20, Loss: 1.8352
[DTW] raw: pos=153.4  neg=1191.0  |  prob: pos_wins=0.995 (goal→1.0)  |  gap=-8.106  loss=1.8954
[LOSS] alignment_loss_type=d3tw_char_pool  d3tw_loss=1.8954  d3tw_cost_pos=153.4021  d3tw_cost_neg=1190.9564  total_loss=1.8955  char_pool_loss=0.0002  effective_char_pool_weight=0.5000  char_pool_acc_top1=1.0000  char_pool_acc_top5=1.0000  char_pool_valid_chars=2080  char_pool_num_chars=2080  window_size=16  stride=16  window_overlap_mode=no_overlap  num_windows=64  sequence_length=128
Epoch 48, Batch 21, Loss: 1.8955
Epoch 48, Batch 22, Loss: 1.9065
Epoch 48, Batch 23, Loss: 2.0002
Epoch 48, Batch 24, Loss: 1.9159
Epoch 48, Batch 25, Loss: 1.9745
Epoch 48, Batch 26, Loss: 1.9283
Epoch 48, Batch 27, Loss: 2.0227
Epoch 48, Batch 28, Loss: 1.8735
Epoch 48, Batch 29, Loss: 1.8582
Epoch 48, Batch 30, Loss: 1.9769
[DTW] raw: pos=152.8  neg=1196.0  |  prob: pos_wins=0.995 (goal→1.0)  |  gap=-8.150  loss=1.8545
[LOSS] alignment_loss_type=d3tw_char_pool  d3tw_loss=1.8545  d3tw_cost_pos=152.7861  d3tw_cost_neg=1195.9646  total_loss=1.8546  char_pool_loss=0.0001  effective_char_pool_weight=0.5000  char_pool_acc_top1=1.0000  char_pool_acc_top5=1.0000  char_pool_valid_chars=2080  char_pool_num_chars=2080  window_size=16  stride=16  window_overlap_mode=no_overlap  num_windows=64  sequence_length=128
Epoch 48, Batch 31, Loss: 1.8546
Epoch 48, Batch 32, Loss: 2.0177
Epoch 48, Batch 33, Loss: 1.8859
Epoch 48, Batch 34, Loss: 1.8735
Epoch 48, Batch 35, Loss: 1.9833
Epoch 48, Batch 36, Loss: 1.9496
Epoch 48, Batch 37, Loss: 1.8517
Epoch 48, Batch 38, Loss: 1.9219
Epoch 48, Batch 39, Loss: 1.9471
Epoch 48, Batch 40, Loss: 2.0394
[DTW] raw: pos=155.1  neg=1191.8  |  prob: pos_wins=0.995 (goal→1.0)  |  gap=-8.099  loss=1.9022
[LOSS] alignment_loss_type=d3tw_char_pool  d3tw_loss=1.9022  d3tw_cost_pos=155.1065  d3tw_cost_neg=1191.8302  total_loss=1.9026  char_pool_loss=0.0007  effective_char_pool_weight=0.5000  char_pool_acc_top1=1.0000  char_pool_acc_top5=1.0000  char_pool_valid_chars=2080  char_pool_num_chars=2080  window_size=16  stride=16  window_overlap_mode=no_overlap  num_windows=64  sequence_length=128
Epoch 48, Batch 41, Loss: 1.9026
Epoch 48, Batch 42, Loss: 1.9033
Epoch 48, Batch 43, Loss: 1.9417
Epoch 48, Batch 44, Loss: 2.0087
Epoch 48, Batch 45, Loss: 1.9776
Epoch 48, Batch 46, Loss: 1.9700
Epoch 48, Batch 47, Loss: 2.0564
Epoch 48, Batch 48, Loss: 1.8790
Epoch 48, Batch 49, Loss: 1.8604
Epoch 48, Batch 50, Loss: 1.9412
[DTW] raw: pos=152.7  neg=1204.9  |  prob: pos_wins=0.996 (goal→1.0)  |  gap=-8.220  loss=1.7796
[LOSS] alignment_loss_type=d3tw_char_pool  d3tw_loss=1.7796  d3tw_cost_pos=152.7109  d3tw_cost_neg=1204.9060  total_loss=1.7832  char_pool_loss=0.0072  effective_char_pool_weight=0.5000  char_pool_acc_top1=0.9995  char_pool_acc_top5=0.9995  char_pool_valid_chars=2080  char_pool_num_chars=2080  window_size=16  stride=16  window_overlap_mode=no_overlap  num_windows=64  sequence_length=128
Epoch 48, Batch 51, Loss: 1.7832
Epoch 48, Batch 52, Loss: 1.8942
Epoch 48, Batch 53, Loss: 1.9924
Epoch 48, Batch 54, Loss: 1.9878
Epoch 48, Batch 55, Loss: 2.0444
Epoch 48, Batch 56, Loss: 2.0157
Epoch 48, Batch 57, Loss: 1.8382
Epoch 48, Batch 58, Loss: 1.8892
Epoch 48, Batch 59, Loss: 1.8852
Epoch 48, Batch 60, Loss: 1.8921
[DTW] raw: pos=155.9  neg=1182.0  |  prob: pos_wins=0.995 (goal→1.0)  |  gap=-8.016  loss=1.9846
[LOSS] alignment_loss_type=d3tw_char_pool  d3tw_loss=1.9846  d3tw_cost_pos=155.9075  d3tw_cost_neg=1181.9728  total_loss=1.9852  char_pool_loss=0.0013  effective_char_pool_weight=0.5000  char_pool_acc_top1=0.9990  char_pool_acc_top5=1.0000  char_pool_valid_chars=2080  char_pool_num_chars=2080  window_size=16  stride=16  window_overlap_mode=no_overlap  num_windows=64  sequence_length=128
Epoch 48, Batch 61, Loss: 1.9852
Epoch 48, Batch 62, Loss: 1.9601
Epoch 48, Batch 63, Loss: 1.9723
Epoch 48, Batch 64, Loss: 1.9478
Epoch 48, Batch 65, Loss: 1.8649
Epoch 48, Batch 66, Loss: 1.9144
Epoch 48, Batch 67, Loss: 1.9736
Epoch 48, Batch 68, Loss: 2.0119
Epoch 48, Batch 69, Loss: 1.9422
Epoch 48, Batch 70, Loss: 1.9699
[DTW] raw: pos=153.2  neg=1202.5  |  prob: pos_wins=0.995 (goal→1.0)  |  gap=-8.198  loss=1.8025
[LOSS] alignment_loss_type=d3tw_char_pool  d3tw_loss=1.8025  d3tw_cost_pos=153.1849  d3tw_cost_neg=1202.5308  total_loss=1.8042  char_pool_loss=0.0033  effective_char_pool_weight=0.5000  char_pool_acc_top1=0.9990  char_pool_acc_top5=1.0000  char_pool_valid_chars=2080  char_pool_num_chars=2080  window_size=16  stride=16  window_overlap_mode=no_overlap  num_windows=64  sequence_length=128
Epoch 48, Batch 71, Loss: 1.8042
Epoch 48, Batch 72, Loss: 2.0304
Epoch 48, Batch 73, Loss: 1.8100
Epoch 48, Batch 74, Loss: 1.9382
Epoch 48, Batch 75, Loss: 1.9521
Epoch 48, Batch 76, Loss: 2.0662
Epoch 48, Batch 77, Loss: 1.9560
Epoch 48, Batch 78, Loss: 1.7209
Epoch 48, Batch 79, Loss: 2.0024
Epoch 48, Batch 80, Loss: 1.8998
[DTW] raw: pos=150.7  neg=1195.9  |  prob: pos_wins=0.996 (goal→1.0)  |  gap=-8.166  loss=1.8348
[LOSS] alignment_loss_type=d3tw_char_pool  d3tw_loss=1.8348  d3tw_cost_pos=150.7455  d3tw_cost_neg=1195.9456  total_loss=1.8423  char_pool_loss=0.0150  effective_char_pool_weight=0.5000  char_pool_acc_top1=0.9990  char_pool_acc_top5=0.9990  char_pool_valid_chars=2080  char_pool_num_chars=2080  window_size=16  stride=16  window_overlap_mode=no_overlap  num_windows=64  sequence_length=128
Epoch 48, Batch 81, Loss: 1.8423
Epoch 48, Batch 82, Loss: 1.9128
Epoch 48, Batch 83, Loss: 1.9430
Epoch 48, Batch 84, Loss: 1.9380
Epoch 48, Batch 85, Loss: 1.9306
Epoch 48, Batch 86, Loss: 1.8676
Epoch 48, Batch 87, Loss: 1.9072
Epoch 48, Batch 88, Loss: 1.8807
Epoch 48, Batch 89, Loss: 1.9413
Epoch 48, Batch 90, Loss: 1.9041
[DTW] raw: pos=153.9  neg=1196.2  |  prob: pos_wins=0.995 (goal→1.0)  |  gap=-8.143  loss=1.8582
[LOSS] alignment_loss_type=d3tw_char_pool  d3tw_loss=1.8582  d3tw_cost_pos=153.9137  d3tw_cost_neg=1196.2307  total_loss=1.8594  char_pool_loss=0.0023  effective_char_pool_weight=0.5000  char_pool_acc_top1=0.9990  char_pool_acc_top5=1.0000  char_pool_valid_chars=2080  char_pool_num_chars=2080  window_size=16  stride=16  window_overlap_mode=no_overlap  num_windows=64  sequence_length=128
Epoch 48, Batch 91, Loss: 1.8594
Epoch 48, Batch 92, Loss: 1.9801
Epoch 48, Batch 93, Loss: 1.9656
Epoch 48, Batch 94, Loss: 1.9035
Epoch 48, Batch 95, Loss: 1.9226
Epoch 48, Batch 96, Loss: 1.8522
Epoch 48, Batch 97, Loss: 1.8524
Epoch 48, Batch 98, Loss: 1.9694
Epoch 48, Batch 99, Loss: 1.8599
Epoch 48, Batch 100, Loss: 1.9339
[DTW] raw: pos=153.4  neg=1190.1  |  prob: pos_wins=0.996 (goal→1.0)  |  gap=-8.099  loss=1.9024
[LOSS] alignment_loss_type=d3tw_char_pool  d3tw_loss=1.9024  d3tw_cost_pos=153.4217  d3tw_cost_neg=1190.0696  total_loss=1.9054  char_pool_loss=0.0062  effective_char_pool_weight=0.5000  char_pool_acc_top1=0.9990  char_pool_acc_top5=1.0000  char_pool_valid_chars=2080  char_pool_num_chars=2080  window_size=16  stride=16  window_overlap_mode=no_overlap  num_windows=64  sequence_length=128
Epoch 48, Batch 101, Loss: 1.9054
Epoch 48, Batch 102, Loss: 1.9920
Epoch 48, Batch 103, Loss: 2.0401
Epoch 48, Batch 104, Loss: 1.9734
Epoch 48, Batch 105, Loss: 1.9024
Epoch 48, Batch 106, Loss: 2.0139
Epoch 48, Batch 107, Loss: 1.9267
Epoch 48, Batch 108, Loss: 1.9127
Epoch 48, Batch 109, Loss: 1.9831
Epoch 48, Batch 110, Loss: 2.0651
[DTW] raw: pos=154.8  neg=1185.6  |  prob: pos_wins=0.995 (goal→1.0)  |  gap=-8.053  loss=1.9501
[LOSS] alignment_loss_type=d3tw_char_pool  d3tw_loss=1.9501  d3tw_cost_pos=154.8019  d3tw_cost_neg=1185.6060  total_loss=1.9530  char_pool_loss=0.0059  effective_char_pool_weight=0.5000  char_pool_acc_top1=0.9995  char_pool_acc_top5=1.0000  char_pool_valid_chars=2080  char_pool_num_chars=2080  window_size=16  stride=16  window_overlap_mode=no_overlap  num_windows=64  sequence_length=128
Epoch 48, Batch 111, Loss: 1.9530
Epoch 48, Batch 112, Loss: 2.0876
Epoch 48, Batch 113, Loss: 1.9234
Epoch 48, Batch 114, Loss: 1.9899
Epoch 48, Batch 115, Loss: 1.9328
Epoch 48, Batch 116, Loss: 2.0523
Epoch 48, Batch 117, Loss: 2.0291
Epoch 48, Batch 118, Loss: 1.8797
Epoch 48, Batch 119, Loss: 1.9490
Epoch 48, Batch 120, Loss: 1.8972
[DTW] raw: pos=155.4  neg=1184.4  |  prob: pos_wins=0.995 (goal→1.0)  |  gap=-8.039  loss=1.9614
[LOSS] alignment_loss_type=d3tw_char_pool  d3tw_loss=1.9614  d3tw_cost_pos=155.3915  d3tw_cost_neg=1184.3730  total_loss=1.9614  char_pool_loss=0.0001  effective_char_pool_weight=0.5000  char_pool_acc_top1=1.0000  char_pool_acc_top5=1.0000  char_pool_valid_chars=2080  char_pool_num_chars=2080  window_size=16  stride=16  window_overlap_mode=no_overlap  num_windows=64  sequence_length=128
Epoch 48, Batch 121, Loss: 1.9614
Epoch 48, Batch 122, Loss: 1.8671
Epoch 48, Batch 123, Loss: 1.9755
Epoch 48, Batch 124, Loss: 1.9244
Epoch 48, Batch 125, Loss: 1.9364
Epoch 48, Batch 126, Loss: 1.9590
Epoch 48, Batch 127, Loss: 2.0067
Epoch 48, Batch 128, Loss: 1.9524
Epoch 48, Batch 129, Loss: 1.8989
Epoch 48, Batch 130, Loss: 1.7926
[DTW] raw: pos=151.2  neg=1181.8  |  prob: pos_wins=0.995 (goal→1.0)  |  gap=-8.052  loss=1.9486
[LOSS] alignment_loss_type=d3tw_char_pool  d3tw_loss=1.9486  d3tw_cost_pos=151.2456  d3tw_cost_neg=1181.8440  total_loss=1.9506  char_pool_loss=0.0042  effective_char_pool_weight=0.5000  char_pool_acc_top1=0.9995  char_pool_acc_top5=1.0000  char_pool_valid_chars=2080  char_pool_num_chars=2080  window_size=16  stride=16  window_overlap_mode=no_overlap  num_windows=64  sequence_length=128
Epoch 48, Batch 131, Loss: 1.9506
Epoch 48, Batch 132, Loss: 1.9189
Epoch 48, Batch 133, Loss: 1.9515
Epoch 48, Batch 134, Loss: 1.9993
Epoch 48, Batch 135, Loss: 1.9319
Epoch 48, Batch 136, Loss: 1.8388
Epoch 48, Batch 137, Loss: 1.8433
Epoch 48, Batch 138, Loss: 1.9436
Epoch 48, Batch 139, Loss: 1.9749
Epoch 48, Batch 140, Loss: 1.9320
[DTW] raw: pos=150.0  neg=1191.9  |  prob: pos_wins=0.995 (goal→1.0)  |  gap=-8.140  loss=1.8648
[LOSS] alignment_loss_type=d3tw_char_pool  d3tw_loss=1.8648  d3tw_cost_pos=150.0034  d3tw_cost_neg=1191.9216  total_loss=1.8652  char_pool_loss=0.0009  effective_char_pool_weight=0.5000  char_pool_acc_top1=0.9990  char_pool_acc_top5=1.0000  char_pool_valid_chars=2080  char_pool_num_chars=2080  window_size=16  stride=16  window_overlap_mode=no_overlap  num_windows=64  sequence_length=128
Epoch 48, Batch 141, Loss: 1.8652
Epoch 48, Batch 142, Loss: 1.8716
Epoch 48, Batch 143, Loss: 1.9016
Epoch 48, Batch 144, Loss: 1.8931
Epoch 48, Batch 145, Loss: 2.0299
Epoch 48, Batch 146, Loss: 1.8616
Epoch 48, Batch 147, Loss: 1.8943
Epoch 48, Batch 148, Loss: 2.0048
Epoch 48, Batch 149, Loss: 1.9838
Epoch 48, Batch 150, Loss: 1.8651
[DTW] raw: pos=149.6  neg=1171.9  |  prob: pos_wins=0.994 (goal→1.0)  |  gap=-7.986  loss=2.0180
[LOSS] alignment_loss_type=d3tw_char_pool  d3tw_loss=2.0180  d3tw_cost_pos=149.6354  d3tw_cost_neg=1171.8529  total_loss=2.0184  char_pool_loss=0.0008  effective_char_pool_weight=0.5000  char_pool_acc_top1=0.9995  char_pool_acc_top5=1.0000  char_pool_valid_chars=2080  char_pool_num_chars=2080  window_size=16  stride=16  window_overlap_mode=no_overlap  num_windows=64  sequence_length=128
Epoch 48, Batch 151, Loss: 2.0184
Epoch 48, Batch 152, Loss: 1.9104
Epoch 48, Batch 153, Loss: 2.0996
Epoch 48, Batch 154, Loss: 2.0144
Epoch 48, Batch 155, Loss: 1.9617
Epoch 48, Batch 156, Loss: 1.9555
Epoch 48, Batch 157, Loss: 1.8615
Epoch 48, Batch 158, Loss: 1.8566
Epoch 48, Batch 159, Loss: 2.0294
Epoch 48, Batch 160, Loss: 1.9633
[DTW] raw: pos=154.4  neg=1181.1  |  prob: pos_wins=0.994 (goal→1.0)  |  gap=-8.021  loss=1.9790
[LOSS] alignment_loss_type=d3tw_char_pool  d3tw_loss=1.9790  d3tw_cost_pos=154.3915  d3tw_cost_neg=1181.1130  total_loss=1.9801  char_pool_loss=0.0020  effective_char_pool_weight=0.5000  char_pool_acc_top1=0.9995  char_pool_acc_top5=1.0000  char_pool_valid_chars=2080  char_pool_num_chars=2080  window_size=16  stride=16  window_overlap_mode=no_overlap  num_windows=64  sequence_length=128
Epoch 48, Batch 161, Loss: 1.9801
Epoch 48, Batch 162, Loss: 1.9962
Epoch 48, Batch 163, Loss: 1.8238
Epoch 48, Batch 164, Loss: 1.9959
Epoch 48, Batch 165, Loss: 1.9003
Epoch 48, Batch 166, Loss: 1.8234
Epoch 48, Batch 167, Loss: 1.9197
Epoch 48, Batch 168, Loss: 1.8857
Epoch 48, Batch 169, Loss: 1.9620
Epoch 48, Batch 170, Loss: 1.8423
[DTW] raw: pos=152.7  neg=1186.1  |  prob: pos_wins=0.995 (goal→1.0)  |  gap=-8.073  loss=1.9276
[LOSS] alignment_loss_type=d3tw_char_pool  d3tw_loss=1.9276  d3tw_cost_pos=152.7495  d3tw_cost_neg=1186.0857  total_loss=1.9295  char_pool_loss=0.0039  effective_char_pool_weight=0.5000  char_pool_acc_top1=0.9986  char_pool_acc_top5=1.0000  char_pool_valid_chars=2080  char_pool_num_chars=2080  window_size=16  stride=16  window_overlap_mode=no_overlap  num_windows=64  sequence_length=128
Epoch 48, Batch 171, Loss: 1.9295
Epoch 48, Batch 172, Loss: 1.9271
Epoch 48, Batch 173, Loss: 1.8726
Epoch 48, Batch 174, Loss: 1.9213
Epoch 48, Batch 175, Loss: 1.9040
Epoch 48, Batch 176, Loss: 2.0112
Epoch 48, Batch 177, Loss: 1.8979
Epoch 48, Batch 178, Loss: 1.8364
Epoch 48, Batch 179, Loss: 1.8805
Epoch 48, Batch 180, Loss: 1.9010
[DTW] raw: pos=154.7  neg=1177.9  |  prob: pos_wins=0.995 (goal→1.0)  |  gap=-7.994  loss=2.0063
[LOSS] alignment_loss_type=d3tw_char_pool  d3tw_loss=2.0063  d3tw_cost_pos=154.6687  d3tw_cost_neg=1177.8906  total_loss=2.0073  char_pool_loss=0.0020  effective_char_pool_weight=0.5000  char_pool_acc_top1=0.9990  char_pool_acc_top5=1.0000  char_pool_valid_chars=2080  char_pool_num_chars=2080  window_size=16  stride=16  window_overlap_mode=no_overlap  num_windows=64  sequence_length=128
Epoch 48, Batch 181, Loss: 2.0073
Epoch 48, Batch 182, Loss: 2.1058
Epoch 48, Batch 183, Loss: 1.8896
Epoch 48, Batch 184, Loss: 1.7727
Epoch 48, Batch 185, Loss: 1.9243
Epoch 48, Batch 186, Loss: 1.8872
Epoch 48, Batch 187, Loss: 1.8875
Epoch 48, Batch 188, Loss: 1.9051
Epoch 48 - Train Loss: 1.9304
[DTW] raw: pos=159.4  neg=1185.6  |  prob: pos_wins=0.995 (goal→1.0)  |  gap=-8.018  loss=1.9861
[LOSS] alignment_loss_type=d3tw_char_pool  d3tw_loss=1.9861  d3tw_cost_pos=159.3737  d3tw_cost_neg=1185.6243  total_loss=2.0039  char_pool_loss=0.0356  effective_char_pool_weight=0.5000  char_pool_acc_top1=0.9971  char_pool_acc_top5=0.9976  char_pool_valid_chars=2080  char_pool_num_chars=2080  window_size=16  stride=16  window_overlap_mode=no_overlap  num_windows=64  sequence_length=128
[DTW] raw: pos=159.2  neg=1196.0  |  prob: pos_wins=0.995 (goal→1.0)  |  gap=-8.100  loss=1.9014
[LOSS] alignment_loss_type=d3tw_char_pool  d3tw_loss=1.9014  d3tw_cost_pos=159.1705  d3tw_cost_neg=1195.9841  total_loss=1.9105  char_pool_loss=0.0181  effective_char_pool_weight=0.5000  char_pool_acc_top1=0.9981  char_pool_acc_top5=0.9995  char_pool_valid_chars=2080  char_pool_num_chars=2080  window_size=16  stride=16  window_overlap_mode=no_overlap  num_windows=64  sequence_length=128
[DTW] raw: pos=160.1  neg=1193.0  |  prob: pos_wins=0.995 (goal→1.0)  |  gap=-8.069  loss=1.9321
[LOSS] alignment_loss_type=d3tw_char_pool  d3tw_loss=1.9321  d3tw_cost_pos=160.1240  d3tw_cost_neg=1193.0181  total_loss=1.9352  char_pool_loss=0.0062  effective_char_pool_weight=0.5000  char_pool_acc_top1=0.9976  char_pool_acc_top5=1.0000  char_pool_valid_chars=2080  char_pool_num_chars=2080  window_size=16  stride=16  window_overlap_mode=no_overlap  num_windows=64  sequence_length=128
[DTW] raw: pos=157.0  neg=1181.0  |  prob: pos_wins=0.995 (goal→1.0)  |  gap=-8.000  loss=2.0000
[LOSS] alignment_loss_type=d3tw_char_pool  d3tw_loss=2.0000  d3tw_cost_pos=156.9764  d3tw_cost_neg=1180.9980  total_loss=2.0214  char_pool_loss=0.0429  effective_char_pool_weight=0.5000  char_pool_acc_top1=0.9957  char_pool_acc_top5=0.9986  char_pool_valid_chars=2080  char_pool_num_chars=2080  window_size=16  stride=16  window_overlap_mode=no_overlap  num_windows=64  sequence_length=128
[DTW] raw: pos=156.3  neg=1187.3  |  prob: pos_wins=0.995 (goal→1.0)  |  gap=-8.055  loss=1.9460
[LOSS] alignment_loss_type=d3tw_char_pool  d3tw_loss=1.9460  d3tw_cost_pos=156.2608  d3tw_cost_neg=1187.2744  total_loss=1.9478  char_pool_loss=0.0037  effective_char_pool_weight=0.5000  char_pool_acc_top1=0.9990  char_pool_acc_top5=1.0000  char_pool_valid_chars=2080  char_pool_num_chars=2080  window_size=16  stride=16  window_overlap_mode=no_overlap  num_windows=64  sequence_length=128
[DTW] raw: pos=155.6  neg=1196.4  |  prob: pos_wins=0.995 (goal→1.0)  |  gap=-8.131  loss=1.8749
[LOSS] alignment_loss_type=d3tw_char_pool  d3tw_loss=1.8749  d3tw_cost_pos=155.6221  d3tw_cost_neg=1196.3873  total_loss=1.8817  char_pool_loss=0.0134  effective_char_pool_weight=0.5000  char_pool_acc_top1=0.9990  char_pool_acc_top5=0.9990  char_pool_valid_chars=2080  char_pool_num_chars=2080  window_size=16  stride=16  window_overlap_mode=no_overlap  num_windows=64  sequence_length=128
[DTW] raw: pos=154.0  neg=1194.2  |  prob: pos_wins=0.994 (goal→1.0)  |  gap=-8.127  loss=1.8731
[LOSS] alignment_loss_type=d3tw_char_pool  d3tw_loss=1.8731  d3tw_cost_pos=153.9565  d3tw_cost_neg=1194.2128  total_loss=1.8766  char_pool_loss=0.0070  effective_char_pool_weight=0.5000  char_pool_acc_top1=0.9986  char_pool_acc_top5=1.0000  char_pool_valid_chars=2080  char_pool_num_chars=2080  window_size=16  stride=16  window_overlap_mode=no_overlap  num_windows=64  sequence_length=128
Epoch 48 - Validation Loss: 1.9453
Epoch 48 completed in 14m 2.26s
Epoch 48 - Peak GPU memory: 2267.0 MB
============================================================
Epoch 49 - Soft-DTW gamma: 0.100000
[DTW] raw: pos=152.2  neg=1191.4  |  prob: pos_wins=0.995 (goal→1.0)  |  gap=-8.119  loss=1.8818
[LOSS] alignment_loss_type=d3tw_char_pool  d3tw_loss=1.8818  d3tw_cost_pos=152.1676  d3tw_cost_neg=1191.3512  total_loss=1.8821  char_pool_loss=0.0006  effective_char_pool_weight=0.5000  char_pool_acc_top1=0.9995  char_pool_acc_top5=1.0000  char_pool_valid_chars=2080  char_pool_num_chars=2080  window_size=16  stride=16  window_overlap_mode=no_overlap  num_windows=64  sequence_length=128
Epoch 49, Batch 1, Loss: 1.8821
Epoch 49, Batch 2, Loss: 1.8927
Epoch 49, Batch 3, Loss: 1.8988
Epoch 49, Batch 4, Loss: 1.9662
Epoch 49, Batch 5, Loss: 1.9965
Epoch 49, Batch 6, Loss: 1.9865
Epoch 49, Batch 7, Loss: 1.9590
Epoch 49, Batch 8, Loss: 1.9469
Epoch 49, Batch 9, Loss: 1.9882
Epoch 49, Batch 10, Loss: 2.0311
[DTW] raw: pos=155.8  neg=1188.7  |  prob: pos_wins=0.995 (goal→1.0)  |  gap=-8.070  loss=1.9319
[LOSS] alignment_loss_type=d3tw_char_pool  d3tw_loss=1.9319  d3tw_cost_pos=155.7989  d3tw_cost_neg=1188.7261  total_loss=1.9321  char_pool_loss=0.0004  effective_char_pool_weight=0.5000  char_pool_acc_top1=1.0000  char_pool_acc_top5=1.0000  char_pool_valid_chars=2080  char_pool_num_chars=2080  window_size=16  stride=16  window_overlap_mode=no_overlap  num_windows=64  sequence_length=128
Epoch 49, Batch 11, Loss: 1.9321
Epoch 49, Batch 12, Loss: 1.8754
Epoch 49, Batch 13, Loss: 2.0150
Epoch 49, Batch 14, Loss: 1.9831
Epoch 49, Batch 15, Loss: 1.9821
Epoch 49, Batch 16, Loss: 1.8585
Epoch 49, Batch 17, Loss: 1.9725
Epoch 49, Batch 18, Loss: 1.8494
Epoch 49, Batch 19, Loss: 1.9342
Epoch 49, Batch 20, Loss: 1.9329
[DTW] raw: pos=153.3  neg=1193.7  |  prob: pos_wins=0.996 (goal→1.0)  |  gap=-8.128  loss=1.8747
[LOSS] alignment_loss_type=d3tw_char_pool  d3tw_loss=1.8747  d3tw_cost_pos=153.2809  d3tw_cost_neg=1193.6664  total_loss=1.8792  char_pool_loss=0.0089  effective_char_pool_weight=0.5000  char_pool_acc_top1=0.9990  char_pool_acc_top5=1.0000  char_pool_valid_chars=2080  char_pool_num_chars=2080  window_size=16  stride=16  window_overlap_mode=no_overlap  num_windows=64  sequence_length=128
Epoch 49, Batch 21, Loss: 1.8792
Epoch 49, Batch 22, Loss: 1.8266
Epoch 49, Batch 23, Loss: 1.9441
Epoch 49, Batch 24, Loss: 1.9380
Epoch 49, Batch 25, Loss: 2.0346
Epoch 49, Batch 26, Loss: 1.9101
Epoch 49, Batch 27, Loss: 1.9936
Epoch 49, Batch 28, Loss: 1.9358
Epoch 49, Batch 29, Loss: 1.8864
Epoch 49, Batch 30, Loss: 2.0662
[DTW] raw: pos=153.4  neg=1187.3  |  prob: pos_wins=0.995 (goal→1.0)  |  gap=-8.077  loss=1.9261
[LOSS] alignment_loss_type=d3tw_char_pool  d3tw_loss=1.9261  d3tw_cost_pos=153.4424  d3tw_cost_neg=1187.2803  total_loss=1.9265  char_pool_loss=0.0008  effective_char_pool_weight=0.5000  char_pool_acc_top1=0.9995  char_pool_acc_top5=1.0000  char_pool_valid_chars=2080  char_pool_num_chars=2080  window_size=16  stride=16  window_overlap_mode=no_overlap  num_windows=64  sequence_length=128
Epoch 49, Batch 31, Loss: 1.9265
Epoch 49, Batch 32, Loss: 1.9769
Epoch 49, Batch 33, Loss: 1.9123
Epoch 49, Batch 34, Loss: 1.8383
Epoch 49, Batch 35, Loss: 1.8283
Epoch 49, Batch 36, Loss: 1.9475
Epoch 49, Batch 37, Loss: 1.9214
Epoch 49, Batch 38, Loss: 1.9030
Epoch 49, Batch 39, Loss: 1.7821
Epoch 49, Batch 40, Loss: 2.0236
[DTW] raw: pos=154.6  neg=1172.6  |  prob: pos_wins=0.994 (goal→1.0)  |  gap=-7.953  loss=2.0466
[LOSS] alignment_loss_type=d3tw_char_pool  d3tw_loss=2.0466  d3tw_cost_pos=154.6001  d3tw_cost_neg=1172.6306  total_loss=2.0503  char_pool_loss=0.0073  effective_char_pool_weight=0.5000  char_pool_acc_top1=0.9990  char_pool_acc_top5=0.9995  char_pool_valid_chars=2080  char_pool_num_chars=2080  window_size=16  stride=16  window_overlap_mode=no_overlap  num_windows=64  sequence_length=128
Epoch 49, Batch 41, Loss: 2.0503
Epoch 49, Batch 42, Loss: 2.0167
Epoch 49, Batch 43, Loss: 1.9489
Epoch 49, Batch 44, Loss: 1.9071
Epoch 49, Batch 45, Loss: 1.9571
Epoch 49, Batch 46, Loss: 1.9820
Epoch 49, Batch 47, Loss: 1.9061
Epoch 49, Batch 48, Loss: 1.9562
Epoch 49, Batch 49, Loss: 1.8291
Epoch 49, Batch 50, Loss: 2.0345
[DTW] raw: pos=149.7  neg=1189.0  |  prob: pos_wins=0.995 (goal→1.0)  |  gap=-8.119  loss=1.8825
[LOSS] alignment_loss_type=d3tw_char_pool  d3tw_loss=1.8825  d3tw_cost_pos=149.7474  d3tw_cost_neg=1189.0413  total_loss=1.8825  char_pool_loss=0.0001  effective_char_pool_weight=0.5000  char_pool_acc_top1=1.0000  char_pool_acc_top5=1.0000  char_pool_valid_chars=2080  char_pool_num_chars=2080  window_size=16  stride=16  window_overlap_mode=no_overlap  num_windows=64  sequence_length=128
Epoch 49, Batch 51, Loss: 1.8825
Epoch 49, Batch 52, Loss: 2.0370
Epoch 49, Batch 53, Loss: 1.8911
Epoch 49, Batch 54, Loss: 1.9624
Epoch 49, Batch 55, Loss: 1.8667
Epoch 49, Batch 56, Loss: 1.9684
Epoch 49, Batch 57, Loss: 1.9779
Epoch 49, Batch 58, Loss: 1.8462
Epoch 49, Batch 59, Loss: 1.9351
Epoch 49, Batch 60, Loss: 1.9706
[DTW] raw: pos=154.1  neg=1199.7  |  prob: pos_wins=0.996 (goal→1.0)  |  gap=-8.169  loss=1.8330
[LOSS] alignment_loss_type=d3tw_char_pool  d3tw_loss=1.8330  d3tw_cost_pos=154.0802  d3tw_cost_neg=1199.7379  total_loss=1.8331  char_pool_loss=0.0002  effective_char_pool_weight=0.5000  char_pool_acc_top1=1.0000  char_pool_acc_top5=1.0000  char_pool_valid_chars=2080  char_pool_num_chars=2080  window_size=16  stride=16  window_overlap_mode=no_overlap  num_windows=64  sequence_length=128
Epoch 49, Batch 61, Loss: 1.8331
Epoch 49, Batch 62, Loss: 1.9656
Epoch 49, Batch 63, Loss: 1.9968
Epoch 49, Batch 64, Loss: 2.0407
Epoch 49, Batch 65, Loss: 1.8113
Epoch 49, Batch 66, Loss: 1.9026
Epoch 49, Batch 67, Loss: 1.9917
Epoch 49, Batch 68, Loss: 1.9906
Epoch 49, Batch 69, Loss: 1.8818
Epoch 49, Batch 70, Loss: 1.8756
[DTW] raw: pos=153.8  neg=1192.4  |  prob: pos_wins=0.995 (goal→1.0)  |  gap=-8.114  loss=1.8890
[LOSS] alignment_loss_type=d3tw_char_pool  d3tw_loss=1.8890  d3tw_cost_pos=153.7733  d3tw_cost_neg=1192.3826  total_loss=1.8921  char_pool_loss=0.0062  effective_char_pool_weight=0.5000  char_pool_acc_top1=0.9995  char_pool_acc_top5=0.9995  char_pool_valid_chars=2080  char_pool_num_chars=2080  window_size=16  stride=16  window_overlap_mode=no_overlap  num_windows=64  sequence_length=128
Epoch 49, Batch 71, Loss: 1.8921
Epoch 49, Batch 72, Loss: 1.9156
Epoch 49, Batch 73, Loss: 1.9464
Epoch 49, Batch 74, Loss: 1.8502
Epoch 49, Batch 75, Loss: 1.9589
Epoch 49, Batch 76, Loss: 1.9801
Epoch 49, Batch 77, Loss: 1.9051
Epoch 49, Batch 78, Loss: 1.9969
Epoch 49, Batch 79, Loss: 1.9069
Epoch 49, Batch 80, Loss: 1.9090
[DTW] raw: pos=157.5  neg=1194.5  |  prob: pos_wins=0.995 (goal→1.0)  |  gap=-8.101  loss=1.9022
[LOSS] alignment_loss_type=d3tw_char_pool  d3tw_loss=1.9022  d3tw_cost_pos=157.5451  d3tw_cost_neg=1194.4636  total_loss=1.9064  char_pool_loss=0.0083  effective_char_pool_weight=0.5000  char_pool_acc_top1=0.9990  char_pool_acc_top5=1.0000  char_pool_valid_chars=2080  char_pool_num_chars=2080  window_size=16  stride=16  window_overlap_mode=no_overlap  num_windows=64  sequence_length=128
Epoch 49, Batch 81, Loss: 1.9064
Epoch 49, Batch 82, Loss: 1.8860
Epoch 49, Batch 83, Loss: 1.9698
Epoch 49, Batch 84, Loss: 1.8631
Epoch 49, Batch 85, Loss: 1.8922
Epoch 49, Batch 86, Loss: 2.0140
Epoch 49, Batch 87, Loss: 1.8543
Epoch 49, Batch 88, Loss: 1.9438
Epoch 49, Batch 89, Loss: 1.8823
Epoch 49, Batch 90, Loss: 1.9997
[DTW] raw: pos=155.4  neg=1187.3  |  prob: pos_wins=0.995 (goal→1.0)  |  gap=-8.062  loss=1.9403
[LOSS] alignment_loss_type=d3tw_char_pool  d3tw_loss=1.9403  d3tw_cost_pos=155.3936  d3tw_cost_neg=1187.2832  total_loss=1.9443  char_pool_loss=0.0080  effective_char_pool_weight=0.5000  char_pool_acc_top1=0.9995  char_pool_acc_top5=0.9995  char_pool_valid_chars=2080  char_pool_num_chars=2080  window_size=16  stride=16  window_overlap_mode=no_overlap  num_windows=64  sequence_length=128
Epoch 49, Batch 91, Loss: 1.9443
Epoch 49, Batch 92, Loss: 1.9282
Epoch 49, Batch 93, Loss: 2.0376
Epoch 49, Batch 94, Loss: 1.9636
Epoch 49, Batch 95, Loss: 1.9844
Epoch 49, Batch 96, Loss: 1.8360
Epoch 49, Batch 97, Loss: 2.0385
Epoch 49, Batch 98, Loss: 1.9340
Epoch 49, Batch 99, Loss: 1.8605
Epoch 49, Batch 100, Loss: 1.8733
[DTW] raw: pos=151.9  neg=1188.3  |  prob: pos_wins=0.994 (goal→1.0)  |  gap=-8.097  loss=1.9055
[LOSS] alignment_loss_type=d3tw_char_pool  d3tw_loss=1.9055  d3tw_cost_pos=151.8745  d3tw_cost_neg=1188.3074  total_loss=1.9055  char_pool_loss=0.0001  effective_char_pool_weight=0.5000  char_pool_acc_top1=1.0000  char_pool_acc_top5=1.0000  char_pool_valid_chars=2080  char_pool_num_chars=2080  window_size=16  stride=16  window_overlap_mode=no_overlap  num_windows=64  sequence_length=128
Epoch 49, Batch 101, Loss: 1.9055
Epoch 49, Batch 102, Loss: 1.9703
Epoch 49, Batch 103, Loss: 1.9647
Epoch 49, Batch 104, Loss: 1.8761
Epoch 49, Batch 105, Loss: 1.7443
Epoch 49, Batch 106, Loss: 1.8220
Epoch 49, Batch 107, Loss: 1.9179
Epoch 49, Batch 108, Loss: 1.8987
Epoch 49, Batch 109, Loss: 2.0181
Epoch 49, Batch 110, Loss: 1.9530
[DTW] raw: pos=156.5  neg=1176.7  |  prob: pos_wins=0.995 (goal→1.0)  |  gap=-7.971  loss=2.0314
[LOSS] alignment_loss_type=d3tw_char_pool  d3tw_loss=2.0314  d3tw_cost_pos=156.4709  d3tw_cost_neg=1176.7375  total_loss=2.0370  char_pool_loss=0.0112  effective_char_pool_weight=0.5000  char_pool_acc_top1=0.9976  char_pool_acc_top5=1.0000  char_pool_valid_chars=2080  char_pool_num_chars=2080  window_size=16  stride=16  window_overlap_mode=no_overlap  num_windows=64  sequence_length=128
Epoch 49, Batch 111, Loss: 2.0370
Epoch 49, Batch 112, Loss: 1.9403
Epoch 49, Batch 113, Loss: 1.9534
Epoch 49, Batch 114, Loss: 1.8405
Epoch 49, Batch 115, Loss: 1.9728
Epoch 49, Batch 116, Loss: 1.8448
Epoch 49, Batch 117, Loss: 1.9327
Epoch 49, Batch 118, Loss: 1.9923
Epoch 49, Batch 119, Loss: 1.9153
Epoch 49, Batch 120, Loss: 1.9072
[DTW] raw: pos=153.8  neg=1197.7  |  prob: pos_wins=0.996 (goal→1.0)  |  gap=-8.155  loss=1.8461
[LOSS] alignment_loss_type=d3tw_char_pool  d3tw_loss=1.8461  d3tw_cost_pos=153.8277  d3tw_cost_neg=1197.7250  total_loss=1.8464  char_pool_loss=0.0006  effective_char_pool_weight=0.5000  char_pool_acc_top1=1.0000  char_pool_acc_top5=1.0000  char_pool_valid_chars=2080  char_pool_num_chars=2080  window_size=16  stride=16  window_overlap_mode=no_overlap  num_windows=64  sequence_length=128
Epoch 49, Batch 121, Loss: 1.8464
Epoch 49, Batch 122, Loss: 2.0046
Epoch 49, Batch 123, Loss: 2.0073
Epoch 49, Batch 124, Loss: 2.0204
Epoch 49, Batch 125, Loss: 1.9489
Epoch 49, Batch 126, Loss: 1.9750
Epoch 49, Batch 127, Loss: 1.9699
Epoch 49, Batch 128, Loss: 1.8997
Epoch 49, Batch 129, Loss: 1.9392
Epoch 49, Batch 130, Loss: 1.8718
[DTW] raw: pos=155.1  neg=1200.3  |  prob: pos_wins=0.995 (goal→1.0)  |  gap=-8.166  loss=1.8345
[LOSS] alignment_loss_type=d3tw_char_pool  d3tw_loss=1.8345  d3tw_cost_pos=155.0630  d3tw_cost_neg=1200.2986  total_loss=1.8348  char_pool_loss=0.0005  effective_char_pool_weight=0.5000  char_pool_acc_top1=0.9995  char_pool_acc_top5=1.0000  char_pool_valid_chars=2080  char_pool_num_chars=2080  window_size=16  stride=16  window_overlap_mode=no_overlap  num_windows=64  sequence_length=128
Epoch 49, Batch 131, Loss: 1.8348
Epoch 49, Batch 132, Loss: 1.9483
Epoch 49, Batch 133, Loss: 1.9264
Epoch 49, Batch 134, Loss: 1.8365
Epoch 49, Batch 135, Loss: 1.9390
Epoch 49, Batch 136, Loss: 2.0622
Epoch 49, Batch 137, Loss: 1.9514
Epoch 49, Batch 138, Loss: 2.0018
Epoch 49, Batch 139, Loss: 1.8964
Epoch 49, Batch 140, Loss: 1.8567
[DTW] raw: pos=152.6  neg=1185.0  |  prob: pos_wins=0.995 (goal→1.0)  |  gap=-8.065  loss=1.9354
[LOSS] alignment_loss_type=d3tw_char_pool  d3tw_loss=1.9354  d3tw_cost_pos=152.6301  d3tw_cost_neg=1184.9722  total_loss=1.9357  char_pool_loss=0.0006  effective_char_pool_weight=0.5000  char_pool_acc_top1=1.0000  char_pool_acc_top5=1.0000  char_pool_valid_chars=2080  char_pool_num_chars=2080  window_size=16  stride=16  window_overlap_mode=no_overlap  num_windows=64  sequence_length=128
Epoch 49, Batch 141, Loss: 1.9357
Epoch 49, Batch 142, Loss: 1.9532
Epoch 49, Batch 143, Loss: 1.9697
Epoch 49, Batch 144, Loss: 1.9327
Epoch 49, Batch 145, Loss: 1.8616
Epoch 49, Batch 146, Loss: 1.8432
Epoch 49, Batch 147, Loss: 1.9363
Epoch 49, Batch 148, Loss: 1.8529
Epoch 49, Batch 149, Loss: 1.9749
Epoch 49, Batch 150, Loss: 1.9207
[DTW] raw: pos=155.9  neg=1182.8  |  prob: pos_wins=0.994 (goal→1.0)  |  gap=-8.023  loss=1.9797
[LOSS] alignment_loss_type=d3tw_char_pool  d3tw_loss=1.9797  d3tw_cost_pos=155.8935  d3tw_cost_neg=1182.8439  total_loss=1.9828  char_pool_loss=0.0061  effective_char_pool_weight=0.5000  char_pool_acc_top1=0.9995  char_pool_acc_top5=0.9995  char_pool_valid_chars=2080  char_pool_num_chars=2080  window_size=16  stride=16  window_overlap_mode=no_overlap  num_windows=64  sequence_length=128
Epoch 49, Batch 151, Loss: 1.9828
Epoch 49, Batch 152, Loss: 1.9463
Epoch 49, Batch 153, Loss: 1.9061
Epoch 49, Batch 154, Loss: 1.8613
Epoch 49, Batch 155, Loss: 1.9653
Epoch 49, Batch 156, Loss: 2.0689
Epoch 49, Batch 157, Loss: 1.9039
Epoch 49, Batch 158, Loss: 1.9159
Epoch 49, Batch 159, Loss: 1.9125
Epoch 49, Batch 160, Loss: 1.9199
[DTW] raw: pos=152.3  neg=1196.5  |  prob: pos_wins=0.996 (goal→1.0)  |  gap=-8.158  loss=1.8452
[LOSS] alignment_loss_type=d3tw_char_pool  d3tw_loss=1.8452  d3tw_cost_pos=152.2950  d3tw_cost_neg=1196.5107  total_loss=1.8455  char_pool_loss=0.0006  effective_char_pool_weight=0.5000  char_pool_acc_top1=0.9995  char_pool_acc_top5=1.0000  char_pool_valid_chars=2080  char_pool_num_chars=2080  window_size=16  stride=16  window_overlap_mode=no_overlap  num_windows=64  sequence_length=128
Epoch 49, Batch 161, Loss: 1.8455
Epoch 49, Batch 162, Loss: 1.8587
Epoch 49, Batch 163, Loss: 2.0425
Epoch 49, Batch 164, Loss: 1.9930
Epoch 49, Batch 165, Loss: 1.9700
Epoch 49, Batch 166, Loss: 2.0656
Epoch 49, Batch 167, Loss: 1.9968
Epoch 49, Batch 168, Loss: 1.8821
Epoch 49, Batch 169, Loss: 1.9185
Epoch 49, Batch 170, Loss: 1.9080
[DTW] raw: pos=151.8  neg=1192.3  |  prob: pos_wins=0.994 (goal→1.0)  |  gap=-8.129  loss=1.8721
[LOSS] alignment_loss_type=d3tw_char_pool  d3tw_loss=1.8721  d3tw_cost_pos=151.8148  d3tw_cost_neg=1192.2906  total_loss=1.8722  char_pool_loss=0.0002  effective_char_pool_weight=0.5000  char_pool_acc_top1=1.0000  char_pool_acc_top5=1.0000  char_pool_valid_chars=2080  char_pool_num_chars=2080  window_size=16  stride=16  window_overlap_mode=no_overlap  num_windows=64  sequence_length=128
Epoch 49, Batch 171, Loss: 1.8722
Epoch 49, Batch 172, Loss: 2.0274
Epoch 49, Batch 173, Loss: 1.8326
Epoch 49, Batch 174, Loss: 1.9259
Epoch 49, Batch 175, Loss: 1.9595
Epoch 49, Batch 176, Loss: 1.9345
Epoch 49, Batch 177, Loss: 1.9834
Epoch 49, Batch 178, Loss: 1.9096
Epoch 49, Batch 179, Loss: 1.9785
Epoch 49, Batch 180, Loss: 2.0062
[DTW] raw: pos=156.3  neg=1182.0  |  prob: pos_wins=0.995 (goal→1.0)  |  gap=-8.013  loss=1.9867
[LOSS] alignment_loss_type=d3tw_char_pool  d3tw_loss=1.9867  d3tw_cost_pos=156.3360  d3tw_cost_neg=1182.0299  total_loss=1.9887  char_pool_loss=0.0042  effective_char_pool_weight=0.5000  char_pool_acc_top1=0.9995  char_pool_acc_top5=1.0000  char_pool_valid_chars=2080  char_pool_num_chars=2080  window_size=16  stride=16  window_overlap_mode=no_overlap  num_windows=64  sequence_length=128
Epoch 49, Batch 181, Loss: 1.9887
Epoch 49, Batch 182, Loss: 1.9801
Epoch 49, Batch 183, Loss: 1.9172
Epoch 49, Batch 184, Loss: 1.9804
Epoch 49, Batch 185, Loss: 1.8610
Epoch 49, Batch 186, Loss: 1.8851
Epoch 49, Batch 187, Loss: 1.9830
Epoch 49, Batch 188, Loss: 2.0801
Epoch 49 - Train Loss: 1.9348
[DTW] raw: pos=159.8  neg=1188.0  |  prob: pos_wins=0.994 (goal→1.0)  |  gap=-8.033  loss=1.9695
[LOSS] alignment_loss_type=d3tw_char_pool  d3tw_loss=1.9695  d3tw_cost_pos=159.7635  d3tw_cost_neg=1187.9756  total_loss=1.9881  char_pool_loss=0.0370  effective_char_pool_weight=0.5000  char_pool_acc_top1=0.9971  char_pool_acc_top5=0.9976  char_pool_valid_chars=2080  char_pool_num_chars=2080  window_size=16  stride=16  window_overlap_mode=no_overlap  num_windows=64  sequence_length=128
[DTW] raw: pos=159.1  neg=1190.5  |  prob: pos_wins=0.994 (goal→1.0)  |  gap=-8.058  loss=1.9422
[LOSS] alignment_loss_type=d3tw_char_pool  d3tw_loss=1.9422  d3tw_cost_pos=159.0739  d3tw_cost_neg=1190.4639  total_loss=1.9504  char_pool_loss=0.0165  effective_char_pool_weight=0.5000  char_pool_acc_top1=0.9981  char_pool_acc_top5=0.9995  char_pool_valid_chars=2080  char_pool_num_chars=2080  window_size=16  stride=16  window_overlap_mode=no_overlap  num_windows=64  sequence_length=128
[DTW] raw: pos=160.6  neg=1203.1  |  prob: pos_wins=0.995 (goal→1.0)  |  gap=-8.144  loss=1.8606
[LOSS] alignment_loss_type=d3tw_char_pool  d3tw_loss=1.8606  d3tw_cost_pos=160.6067  d3tw_cost_neg=1203.0544  total_loss=1.8682  char_pool_loss=0.0151  effective_char_pool_weight=0.5000  char_pool_acc_top1=0.9981  char_pool_acc_top5=0.9995  char_pool_valid_chars=2080  char_pool_num_chars=2080  window_size=16  stride=16  window_overlap_mode=no_overlap  num_windows=64  sequence_length=128
[DTW] raw: pos=157.0  neg=1181.9  |  prob: pos_wins=0.994 (goal→1.0)  |  gap=-8.007  loss=1.9926
[LOSS] alignment_loss_type=d3tw_char_pool  d3tw_loss=1.9926  d3tw_cost_pos=157.0001  d3tw_cost_neg=1181.9341  total_loss=2.0135  char_pool_loss=0.0419  effective_char_pool_weight=0.5000  char_pool_acc_top1=0.9952  char_pool_acc_top5=0.9981  char_pool_valid_chars=2080  char_pool_num_chars=2080  window_size=16  stride=16  window_overlap_mode=no_overlap  num_windows=64  sequence_length=128
[DTW] raw: pos=156.5  neg=1196.0  |  prob: pos_wins=0.995 (goal→1.0)  |  gap=-8.122  loss=1.8819
[LOSS] alignment_loss_type=d3tw_char_pool  d3tw_loss=1.8819  d3tw_cost_pos=156.4679  d3tw_cost_neg=1196.0249  total_loss=1.8844  char_pool_loss=0.0051  effective_char_pool_weight=0.5000  char_pool_acc_top1=0.9981  char_pool_acc_top5=1.0000  char_pool_valid_chars=2080  char_pool_num_chars=2080  window_size=16  stride=16  window_overlap_mode=no_overlap  num_windows=64  sequence_length=128
[DTW] raw: pos=155.7  neg=1185.0  |  prob: pos_wins=0.995 (goal→1.0)  |  gap=-8.041  loss=1.9634
[LOSS] alignment_loss_type=d3tw_char_pool  d3tw_loss=1.9634  d3tw_cost_pos=155.7231  d3tw_cost_neg=1185.0111  total_loss=1.9702  char_pool_loss=0.0136  effective_char_pool_weight=0.5000  char_pool_acc_top1=0.9990  char_pool_acc_top5=0.9990  char_pool_valid_chars=2080  char_pool_num_chars=2080  window_size=16  stride=16  window_overlap_mode=no_overlap  num_windows=64  sequence_length=128
[DTW] raw: pos=154.0  neg=1188.8  |  prob: pos_wins=0.995 (goal→1.0)  |  gap=-8.085  loss=1.9164
[LOSS] alignment_loss_type=d3tw_char_pool  d3tw_loss=1.9164  d3tw_cost_pos=153.9609  d3tw_cost_neg=1188.8081  total_loss=1.9189  char_pool_loss=0.0051  effective_char_pool_weight=0.5000  char_pool_acc_top1=0.9990  char_pool_acc_top5=1.0000  char_pool_valid_chars=2080  char_pool_num_chars=2080  window_size=16  stride=16  window_overlap_mode=no_overlap  num_windows=64  sequence_length=128
Epoch 49 - Validation Loss: 1.9336
Epoch 49 completed in 13m 53.48s
Epoch 49 - Peak GPU memory: 2267.0 MB
============================================================
Epoch 50 - Soft-DTW gamma: 0.100000
[DTW] raw: pos=149.5  neg=1193.4  |  prob: pos_wins=0.995 (goal→1.0)  |  gap=-8.155  loss=1.8464
[LOSS] alignment_loss_type=d3tw_char_pool  d3tw_loss=1.8464  d3tw_cost_pos=149.5080  d3tw_cost_neg=1193.3853  total_loss=1.8464  char_pool_loss=0.0001  effective_char_pool_weight=0.5000  char_pool_acc_top1=1.0000  char_pool_acc_top5=1.0000  char_pool_valid_chars=2080  char_pool_num_chars=2080  window_size=16  stride=16  window_overlap_mode=no_overlap  num_windows=64  sequence_length=128
Epoch 50, Batch 1, Loss: 1.8464
Epoch 50, Batch 2, Loss: 1.9446
Epoch 50, Batch 3, Loss: 1.9616
Epoch 50, Batch 4, Loss: 1.9459
Epoch 50, Batch 5, Loss: 1.9583
Epoch 50, Batch 6, Loss: 1.8987
Epoch 50, Batch 7, Loss: 1.8264
Epoch 50, Batch 8, Loss: 1.9905
Epoch 50, Batch 9, Loss: 2.0065
Epoch 50, Batch 10, Loss: 1.9619
[DTW] raw: pos=153.6  neg=1193.5  |  prob: pos_wins=0.995 (goal→1.0)  |  gap=-8.124  loss=1.8766
[LOSS] alignment_loss_type=d3tw_char_pool  d3tw_loss=1.8766  d3tw_cost_pos=153.6191  d3tw_cost_neg=1193.5059  total_loss=1.8768  char_pool_loss=0.0003  effective_char_pool_weight=0.5000  char_pool_acc_top1=1.0000  char_pool_acc_top5=1.0000  char_pool_valid_chars=2080  char_pool_num_chars=2080  window_size=16  stride=16  window_overlap_mode=no_overlap  num_windows=64  sequence_length=128
Epoch 50, Batch 11, Loss: 1.8768
Epoch 50, Batch 12, Loss: 2.0137
Epoch 50, Batch 13, Loss: 1.9215
Epoch 50, Batch 14, Loss: 1.8225
Epoch 50, Batch 15, Loss: 1.9423
Epoch 50, Batch 16, Loss: 1.9688
Epoch 50, Batch 17, Loss: 2.0137
Epoch 50, Batch 18, Loss: 1.9046
Epoch 50, Batch 19, Loss: 1.9360
Epoch 50, Batch 20, Loss: 2.0746
[DTW] raw: pos=154.7  neg=1192.4  |  prob: pos_wins=0.995 (goal→1.0)  |  gap=-8.107  loss=1.8956
[LOSS] alignment_loss_type=d3tw_char_pool  d3tw_loss=1.8956  d3tw_cost_pos=154.6927  d3tw_cost_neg=1192.3745  total_loss=1.8980  char_pool_loss=0.0047  effective_char_pool_weight=0.5000  char_pool_acc_top1=0.9990  char_pool_acc_top5=1.0000  char_pool_valid_chars=2080  char_pool_num_chars=2080  window_size=16  stride=16  window_overlap_mode=no_overlap  num_windows=64  sequence_length=128
Epoch 50, Batch 21, Loss: 1.8980
Epoch 50, Batch 22, Loss: 1.9687
Epoch 50, Batch 23, Loss: 1.9882
Epoch 50, Batch 24, Loss: 1.8695
Epoch 50, Batch 25, Loss: 1.8691
Epoch 50, Batch 26, Loss: 1.8694
Epoch 50, Batch 27, Loss: 1.8037
Epoch 50, Batch 28, Loss: 1.9324
Epoch 50, Batch 29, Loss: 1.9324
Epoch 50, Batch 30, Loss: 1.8740
[DTW] raw: pos=153.9  neg=1193.5  |  prob: pos_wins=0.995 (goal→1.0)  |  gap=-8.122  loss=1.8795
[LOSS] alignment_loss_type=d3tw_char_pool  d3tw_loss=1.8795  d3tw_cost_pos=153.8636  d3tw_cost_neg=1193.4907  total_loss=1.8799  char_pool_loss=0.0008  effective_char_pool_weight=0.5000  char_pool_acc_top1=0.9995  char_pool_acc_top5=1.0000  char_pool_valid_chars=2080  char_pool_num_chars=2080  window_size=16  stride=16  window_overlap_mode=no_overlap  num_windows=64  sequence_length=128
Epoch 50, Batch 31, Loss: 1.8799
Epoch 50, Batch 32, Loss: 1.8783
Epoch 50, Batch 33, Loss: 1.9360
Epoch 50, Batch 34, Loss: 1.9661
Epoch 50, Batch 35, Loss: 1.8595
Epoch 50, Batch 36, Loss: 1.7689
Epoch 50, Batch 37, Loss: 1.8836
Epoch 50, Batch 38, Loss: 1.9635
Epoch 50, Batch 39, Loss: 1.9221
Epoch 50, Batch 40, Loss: 1.9281
[DTW] raw: pos=154.8  neg=1184.7  |  prob: pos_wins=0.995 (goal→1.0)  |  gap=-8.046  loss=1.9578
[LOSS] alignment_loss_type=d3tw_char_pool  d3tw_loss=1.9578  d3tw_cost_pos=154.8118  d3tw_cost_neg=1184.6990  total_loss=1.9586  char_pool_loss=0.0017  effective_char_pool_weight=0.5000  char_pool_acc_top1=0.9995  char_pool_acc_top5=1.0000  char_pool_valid_chars=2080  char_pool_num_chars=2080  window_size=16  stride=16  window_overlap_mode=no_overlap  num_windows=64  sequence_length=128
Epoch 50, Batch 41, Loss: 1.9586
Epoch 50, Batch 42, Loss: 1.9814
Epoch 50, Batch 43, Loss: 1.9606
Epoch 50, Batch 44, Loss: 1.8772
Epoch 50, Batch 45, Loss: 1.9151
Epoch 50, Batch 46, Loss: 1.8774
Epoch 50, Batch 47, Loss: 1.8980
Epoch 50, Batch 48, Loss: 1.8081
Epoch 50, Batch 49, Loss: 1.8847
Epoch 50, Batch 50, Loss: 1.9551
[DTW] raw: pos=155.4  neg=1193.9  |  prob: pos_wins=0.995 (goal→1.0)  |  gap=-8.113  loss=1.8875
[LOSS] alignment_loss_type=d3tw_char_pool  d3tw_loss=1.8875  d3tw_cost_pos=155.3733  d3tw_cost_neg=1193.8743  total_loss=1.8876  char_pool_loss=0.0003  effective_char_pool_weight=0.5000  char_pool_acc_top1=1.0000  char_pool_acc_top5=1.0000  char_pool_valid_chars=2080  char_pool_num_chars=2080  window_size=16  stride=16  window_overlap_mode=no_overlap  num_windows=64  sequence_length=128
Epoch 50, Batch 51, Loss: 1.8876
Epoch 50, Batch 52, Loss: 1.9451
Epoch 50, Batch 53, Loss: 2.0241
Epoch 50, Batch 54, Loss: 1.9598
Epoch 50, Batch 55, Loss: 1.9070
Epoch 50, Batch 56, Loss: 1.9716
Epoch 50, Batch 57, Loss: 1.8600
Epoch 50, Batch 58, Loss: 1.8886
Epoch 50, Batch 59, Loss: 1.8647
Epoch 50, Batch 60, Loss: 1.9329
[DTW] raw: pos=153.9  neg=1188.6  |  prob: pos_wins=0.995 (goal→1.0)  |  gap=-8.084  loss=1.9169
[LOSS] alignment_loss_type=d3tw_char_pool  d3tw_loss=1.9169  d3tw_cost_pos=153.8629  d3tw_cost_neg=1188.6285  total_loss=1.9176  char_pool_loss=0.0013  effective_char_pool_weight=0.5000  char_pool_acc_top1=0.9990  char_pool_acc_top5=1.0000  char_pool_valid_chars=2080  char_pool_num_chars=2080  window_size=16  stride=16  window_overlap_mode=no_overlap  num_windows=64  sequence_length=128
Epoch 50, Batch 61, Loss: 1.9176
Epoch 50, Batch 62, Loss: 1.8730
Epoch 50, Batch 63, Loss: 1.9843
Epoch 50, Batch 64, Loss: 1.9992
Epoch 50, Batch 65, Loss: 2.0274
Epoch 50, Batch 66, Loss: 2.0481
Epoch 50, Batch 67, Loss: 2.0183
Epoch 50, Batch 68, Loss: 1.9492
Epoch 50, Batch 69, Loss: 1.9344
Epoch 50, Batch 70, Loss: 1.9283
[DTW] raw: pos=154.1  neg=1188.1  |  prob: pos_wins=0.995 (goal→1.0)  |  gap=-8.078  loss=1.9231
[LOSS] alignment_loss_type=d3tw_char_pool  d3tw_loss=1.9231  d3tw_cost_pos=154.0865  d3tw_cost_neg=1188.1320  total_loss=1.9252  char_pool_loss=0.0042  effective_char_pool_weight=0.5000  char_pool_acc_top1=0.9990  char_pool_acc_top5=1.0000  char_pool_valid_chars=2080  char_pool_num_chars=2080  window_size=16  stride=16  window_overlap_mode=no_overlap  num_windows=64  sequence_length=128
Epoch 50, Batch 71, Loss: 1.9252
Epoch 50, Batch 72, Loss: 1.9092
Epoch 50, Batch 73, Loss: 1.8948
Epoch 50, Batch 74, Loss: 1.9098
Epoch 50, Batch 75, Loss: 1.9188
Epoch 50, Batch 76, Loss: 1.8747
Epoch 50, Batch 77, Loss: 1.9115
Epoch 50, Batch 78, Loss: 1.8619
Epoch 50, Batch 79, Loss: 1.9132
Epoch 50, Batch 80, Loss: 1.9226
[DTW] raw: pos=157.2  neg=1174.0  |  prob: pos_wins=0.994 (goal→1.0)  |  gap=-7.943  loss=2.0604
[LOSS] alignment_loss_type=d3tw_char_pool  d3tw_loss=2.0604  d3tw_cost_pos=157.2042  d3tw_cost_neg=1173.9613  total_loss=2.0605  char_pool_loss=0.0003  effective_char_pool_weight=0.5000  char_pool_acc_top1=1.0000  char_pool_acc_top5=1.0000  char_pool_valid_chars=2080  char_pool_num_chars=2080  window_size=16  stride=16  window_overlap_mode=no_overlap  num_windows=64  sequence_length=128
Epoch 50, Batch 81, Loss: 2.0605
Epoch 50, Batch 82, Loss: 1.9717
Epoch 50, Batch 83, Loss: 1.9013
Epoch 50, Batch 84, Loss: 1.8916
Epoch 50, Batch 85, Loss: 1.8767
Epoch 50, Batch 86, Loss: 1.8884
Epoch 50, Batch 87, Loss: 1.9332
Epoch 50, Batch 88, Loss: 2.0199
Epoch 50, Batch 89, Loss: 1.9658
Epoch 50, Batch 90, Loss: 1.8723
[DTW] raw: pos=153.3  neg=1178.9  |  prob: pos_wins=0.995 (goal→1.0)  |  gap=-8.013  loss=1.9879
[LOSS] alignment_loss_type=d3tw_char_pool  d3tw_loss=1.9879  d3tw_cost_pos=153.2929  d3tw_cost_neg=1178.9045  total_loss=1.9916  char_pool_loss=0.0074  effective_char_pool_weight=0.5000  char_pool_acc_top1=0.9995  char_pool_acc_top5=0.9995  char_pool_valid_chars=2080  char_pool_num_chars=2080  window_size=16  stride=16  window_overlap_mode=no_overlap  num_windows=64  sequence_length=128
Epoch 50, Batch 91, Loss: 1.9916
Epoch 50, Batch 92, Loss: 1.9179
Epoch 50, Batch 93, Loss: 1.9567
Epoch 50, Batch 94, Loss: 1.9090
Epoch 50, Batch 95, Loss: 1.8606
Epoch 50, Batch 96, Loss: 1.9354
Epoch 50, Batch 97, Loss: 1.8842
Epoch 50, Batch 98, Loss: 1.9011
Epoch 50, Batch 99, Loss: 1.9380
Epoch 50, Batch 100, Loss: 1.9671
[DTW] raw: pos=152.8  neg=1179.6  |  prob: pos_wins=0.994 (goal→1.0)  |  gap=-8.022  loss=1.9791
[LOSS] alignment_loss_type=d3tw_char_pool  d3tw_loss=1.9791  d3tw_cost_pos=152.7918  d3tw_cost_neg=1179.5569  total_loss=1.9796  char_pool_loss=0.0009  effective_char_pool_weight=0.5000  char_pool_acc_top1=0.9995  char_pool_acc_top5=1.0000  char_pool_valid_chars=2080  char_pool_num_chars=2080  window_size=16  stride=16  window_overlap_mode=no_overlap  num_windows=64  sequence_length=128
Epoch 50, Batch 101, Loss: 1.9796
Epoch 50, Batch 102, Loss: 1.8655
Epoch 50, Batch 103, Loss: 1.9410
Epoch 50, Batch 104, Loss: 1.9606
Epoch 50, Batch 105, Loss: 1.9677
Epoch 50, Batch 106, Loss: 1.9011
Epoch 50, Batch 107, Loss: 1.9873
Epoch 50, Batch 108, Loss: 2.0026
Epoch 50, Batch 109, Loss: 1.9146
Epoch 50, Batch 110, Loss: 1.9018
[DTW] raw: pos=155.3  neg=1172.3  |  prob: pos_wins=0.994 (goal→1.0)  |  gap=-7.945  loss=2.0547
[LOSS] alignment_loss_type=d3tw_char_pool  d3tw_loss=2.0547  d3tw_cost_pos=155.2534  d3tw_cost_neg=1172.2740  total_loss=2.0548  char_pool_loss=0.0002  effective_char_pool_weight=0.5000  char_pool_acc_top1=1.0000  char_pool_acc_top5=1.0000  char_pool_valid_chars=2080  char_pool_num_chars=2080  window_size=16  stride=16  window_overlap_mode=no_overlap  num_windows=64  sequence_length=128
Epoch 50, Batch 111, Loss: 2.0548
Epoch 50, Batch 112, Loss: 1.9378
Epoch 50, Batch 113, Loss: 1.9950
Epoch 50, Batch 114, Loss: 1.8972
Epoch 50, Batch 115, Loss: 1.9564
Epoch 50, Batch 116, Loss: 2.0932
Epoch 50, Batch 117, Loss: 1.9387
Epoch 50, Batch 118, Loss: 1.9501
Epoch 50, Batch 119, Loss: 1.8839
Epoch 50, Batch 120, Loss: 1.8998
[DTW] raw: pos=154.9  neg=1191.2  |  prob: pos_wins=0.995 (goal→1.0)  |  gap=-8.096  loss=1.9050
[LOSS] alignment_loss_type=d3tw_char_pool  d3tw_loss=1.9050  d3tw_cost_pos=154.9018  d3tw_cost_neg=1191.1877  total_loss=1.9051  char_pool_loss=0.0001  effective_char_pool_weight=0.5000  char_pool_acc_top1=1.0000  char_pool_acc_top5=1.0000  char_pool_valid_chars=2080  char_pool_num_chars=2080  window_size=16  stride=16  window_overlap_mode=no_overlap  num_windows=64  sequence_length=128
Epoch 50, Batch 121, Loss: 1.9051
Epoch 50, Batch 122, Loss: 1.8939
Epoch 50, Batch 123, Loss: 1.9395
Epoch 50, Batch 124, Loss: 1.9025
Epoch 50, Batch 125, Loss: 1.9163
Epoch 50, Batch 126, Loss: 1.8928
Epoch 50, Batch 127, Loss: 2.0080
Epoch 50, Batch 128, Loss: 1.9779
Epoch 50, Batch 129, Loss: 1.9700
Epoch 50, Batch 130, Loss: 1.9053
[DTW] raw: pos=155.9  neg=1181.3  |  prob: pos_wins=0.995 (goal→1.0)  |  gap=-8.012  loss=1.9884
[LOSS] alignment_loss_type=d3tw_char_pool  d3tw_loss=1.9884  d3tw_cost_pos=155.8688  d3tw_cost_neg=1181.3467  total_loss=1.9910  char_pool_loss=0.0052  effective_char_pool_weight=0.5000  char_pool_acc_top1=0.9986  char_pool_acc_top5=1.0000  char_pool_valid_chars=2080  char_pool_num_chars=2080  window_size=16  stride=16  window_overlap_mode=no_overlap  num_windows=64  sequence_length=128
Epoch 50, Batch 131, Loss: 1.9910
Epoch 50, Batch 132, Loss: 1.8658
Epoch 50, Batch 133, Loss: 1.9744
Epoch 50, Batch 134, Loss: 1.9286
Epoch 50, Batch 135, Loss: 1.9965
Epoch 50, Batch 136, Loss: 1.8747
Epoch 50, Batch 137, Loss: 1.8675
Epoch 50, Batch 138, Loss: 1.8848
Epoch 50, Batch 139, Loss: 1.8917
Epoch 50, Batch 140, Loss: 1.9733
[DTW] raw: pos=153.5  neg=1182.4  |  prob: pos_wins=0.994 (goal→1.0)  |  gap=-8.039  loss=1.9641
[LOSS] alignment_loss_type=d3tw_char_pool  d3tw_loss=1.9641  d3tw_cost_pos=153.4694  d3tw_cost_neg=1182.4099  total_loss=1.9642  char_pool_loss=0.0001  effective_char_pool_weight=0.5000  char_pool_acc_top1=1.0000  char_pool_acc_top5=1.0000  char_pool_valid_chars=2080  char_pool_num_chars=2080  window_size=16  stride=16  window_overlap_mode=no_overlap  num_windows=64  sequence_length=128
Epoch 50, Batch 141, Loss: 1.9642
Epoch 50, Batch 142, Loss: 1.7506
Epoch 50, Batch 143, Loss: 1.8877
Epoch 50, Batch 144, Loss: 2.0231
Epoch 50, Batch 145, Loss: 1.9355
Epoch 50, Batch 146, Loss: 1.8284
Epoch 50, Batch 147, Loss: 1.8606
Epoch 50, Batch 148, Loss: 2.0076
Epoch 50, Batch 149, Loss: 1.8999
Epoch 50, Batch 150, Loss: 1.9379
[DTW] raw: pos=159.6  neg=1183.3  |  prob: pos_wins=0.994 (goal→1.0)  |  gap=-7.998  loss=2.0030
[LOSS] alignment_loss_type=d3tw_char_pool  d3tw_loss=2.0030  d3tw_cost_pos=159.5694  d3tw_cost_neg=1183.3038  total_loss=2.0034  char_pool_loss=0.0008  effective_char_pool_weight=0.5000  char_pool_acc_top1=0.9995  char_pool_acc_top5=1.0000  char_pool_valid_chars=2080  char_pool_num_chars=2080  window_size=16  stride=16  window_overlap_mode=no_overlap  num_windows=64  sequence_length=128
Epoch 50, Batch 151, Loss: 2.0034
Epoch 50, Batch 152, Loss: 1.7653
Epoch 50, Batch 153, Loss: 1.9556
Epoch 50, Batch 154, Loss: 1.9858
Epoch 50, Batch 155, Loss: 1.8943
Epoch 50, Batch 156, Loss: 2.0085
Epoch 50, Batch 157, Loss: 1.9131
Epoch 50, Batch 158, Loss: 2.0342
Epoch 50, Batch 159, Loss: 1.8460
Epoch 50, Batch 160, Loss: 1.9624
[DTW] raw: pos=153.2  neg=1186.1  |  prob: pos_wins=0.995 (goal→1.0)  |  gap=-8.070  loss=1.9316
[LOSS] alignment_loss_type=d3tw_char_pool  d3tw_loss=1.9316  d3tw_cost_pos=153.2078  d3tw_cost_neg=1186.1108  total_loss=1.9323  char_pool_loss=0.0015  effective_char_pool_weight=0.5000  char_pool_acc_top1=0.9995  char_pool_acc_top5=1.0000  char_pool_valid_chars=2080  char_pool_num_chars=2080  window_size=16  stride=16  window_overlap_mode=no_overlap  num_windows=64  sequence_length=128
Epoch 50, Batch 161, Loss: 1.9323
Epoch 50, Batch 162, Loss: 2.0137
Epoch 50, Batch 163, Loss: 1.8927
Epoch 50, Batch 164, Loss: 1.9543
Epoch 50, Batch 165, Loss: 1.9346
Epoch 50, Batch 166, Loss: 1.8726
Epoch 50, Batch 167, Loss: 1.8467
Epoch 50, Batch 168, Loss: 2.0714
Epoch 50, Batch 169, Loss: 1.9701
Epoch 50, Batch 170, Loss: 1.9044
[DTW] raw: pos=150.8  neg=1185.3  |  prob: pos_wins=0.995 (goal→1.0)  |  gap=-8.082  loss=1.9190
[LOSS] alignment_loss_type=d3tw_char_pool  d3tw_loss=1.9190  d3tw_cost_pos=150.8360  d3tw_cost_neg=1185.3098  total_loss=1.9221  char_pool_loss=0.0062  effective_char_pool_weight=0.5000  char_pool_acc_top1=0.9995  char_pool_acc_top5=1.0000  char_pool_valid_chars=2080  char_pool_num_chars=2080  window_size=16  stride=16  window_overlap_mode=no_overlap  num_windows=64  sequence_length=128
Epoch 50, Batch 171, Loss: 1.9221
Epoch 50, Batch 172, Loss: 1.9689
Epoch 50, Batch 173, Loss: 2.0014
Epoch 50, Batch 174, Loss: 1.8235
Epoch 50, Batch 175, Loss: 1.8849
Epoch 50, Batch 176, Loss: 1.9509
Epoch 50, Batch 177, Loss: 2.0422
Epoch 50, Batch 178, Loss: 1.9510
Epoch 50, Batch 179, Loss: 1.9650
Epoch 50, Batch 180, Loss: 1.8216
[DTW] raw: pos=155.1  neg=1179.6  |  prob: pos_wins=0.995 (goal→1.0)  |  gap=-8.004  loss=1.9968
[LOSS] alignment_loss_type=d3tw_char_pool  d3tw_loss=1.9968  d3tw_cost_pos=155.1090  d3tw_cost_neg=1179.6016  total_loss=1.9970  char_pool_loss=0.0003  effective_char_pool_weight=0.5000  char_pool_acc_top1=1.0000  char_pool_acc_top5=1.0000  char_pool_valid_chars=2080  char_pool_num_chars=2080  window_size=16  stride=16  window_overlap_mode=no_overlap  num_windows=64  sequence_length=128
Epoch 50, Batch 181, Loss: 1.9970
Epoch 50, Batch 182, Loss: 1.8104
Epoch 50, Batch 183, Loss: 1.9445
Epoch 50, Batch 184, Loss: 1.9728
Epoch 50, Batch 185, Loss: 1.9563
Epoch 50, Batch 186, Loss: 1.9374
Epoch 50, Batch 187, Loss: 1.9498
Epoch 50, Batch 188, Loss: 1.9493
Epoch 50 - Train Loss: 1.9299
[DTW] raw: pos=160.1  neg=1185.2  |  prob: pos_wins=0.995 (goal→1.0)  |  gap=-8.009  loss=1.9908
[LOSS] alignment_loss_type=d3tw_char_pool  d3tw_loss=1.9908  d3tw_cost_pos=160.0767  d3tw_cost_neg=1185.2427  total_loss=2.0092  char_pool_loss=0.0369  effective_char_pool_weight=0.5000  char_pool_acc_top1=0.9971  char_pool_acc_top5=0.9976  char_pool_valid_chars=2080  char_pool_num_chars=2080  window_size=16  stride=16  window_overlap_mode=no_overlap  num_windows=64  sequence_length=128
[DTW] raw: pos=159.1  neg=1186.8  |  prob: pos_wins=0.994 (goal→1.0)  |  gap=-8.029  loss=1.9714
[LOSS] alignment_loss_type=d3tw_char_pool  d3tw_loss=1.9714  d3tw_cost_pos=159.1284  d3tw_cost_neg=1186.7803  total_loss=1.9808  char_pool_loss=0.0189  effective_char_pool_weight=0.5000  char_pool_acc_top1=0.9981  char_pool_acc_top5=0.9995  char_pool_valid_chars=2080  char_pool_num_chars=2080  window_size=16  stride=16  window_overlap_mode=no_overlap  num_windows=64  sequence_length=128
[DTW] raw: pos=160.5  neg=1190.1  |  prob: pos_wins=0.995 (goal→1.0)  |  gap=-8.043  loss=1.9582
[LOSS] alignment_loss_type=d3tw_char_pool  d3tw_loss=1.9582  d3tw_cost_pos=160.5416  d3tw_cost_neg=1190.0815  total_loss=1.9634  char_pool_loss=0.0104  effective_char_pool_weight=0.5000  char_pool_acc_top1=0.9981  char_pool_acc_top5=0.9995  char_pool_valid_chars=2080  char_pool_num_chars=2080  window_size=16  stride=16  window_overlap_mode=no_overlap  num_windows=64  sequence_length=128
[DTW] raw: pos=157.0  neg=1194.5  |  prob: pos_wins=0.996 (goal→1.0)  |  gap=-8.106  loss=1.8948
[LOSS] alignment_loss_type=d3tw_char_pool  d3tw_loss=1.8948  d3tw_cost_pos=156.9976  d3tw_cost_neg=1194.5264  total_loss=1.9166  char_pool_loss=0.0437  effective_char_pool_weight=0.5000  char_pool_acc_top1=0.9942  char_pool_acc_top5=0.9981  char_pool_valid_chars=2080  char_pool_num_chars=2080  window_size=16  stride=16  window_overlap_mode=no_overlap  num_windows=64  sequence_length=128
[DTW] raw: pos=156.5  neg=1193.5  |  prob: pos_wins=0.996 (goal→1.0)  |  gap=-8.101  loss=1.8990
[LOSS] alignment_loss_type=d3tw_char_pool  d3tw_loss=1.8990  d3tw_cost_pos=156.5131  d3tw_cost_neg=1193.4545  total_loss=1.9008  char_pool_loss=0.0035  effective_char_pool_weight=0.5000  char_pool_acc_top1=0.9986  char_pool_acc_top5=1.0000  char_pool_valid_chars=2080  char_pool_num_chars=2080  window_size=16  stride=16  window_overlap_mode=no_overlap  num_windows=64  sequence_length=128
[DTW] raw: pos=155.5  neg=1179.4  |  prob: pos_wins=0.994 (goal→1.0)  |  gap=-7.999  loss=2.0013
[LOSS] alignment_loss_type=d3tw_char_pool  d3tw_loss=2.0013  d3tw_cost_pos=155.5186  d3tw_cost_neg=1179.4043  total_loss=2.0081  char_pool_loss=0.0137  effective_char_pool_weight=0.5000  char_pool_acc_top1=0.9990  char_pool_acc_top5=0.9990  char_pool_valid_chars=2080  char_pool_num_chars=2080  window_size=16  stride=16  window_overlap_mode=no_overlap  num_windows=64  sequence_length=128
[DTW] raw: pos=153.9  neg=1188.4  |  prob: pos_wins=0.995 (goal→1.0)  |  gap=-8.082  loss=1.9207
[LOSS] alignment_loss_type=d3tw_char_pool  d3tw_loss=1.9207  d3tw_cost_pos=153.8910  d3tw_cost_neg=1188.3641  total_loss=1.9232  char_pool_loss=0.0049  effective_char_pool_weight=0.5000  char_pool_acc_top1=0.9990  char_pool_acc_top5=1.0000  char_pool_valid_chars=2080  char_pool_num_chars=2080  window_size=16  stride=16  window_overlap_mode=no_overlap  num_windows=64  sequence_length=128
Epoch 50 - Validation Loss: 1.9412
Epoch 50 completed in 13m 51.21s
Epoch 50 - Peak GPU memory: 2267.0 MB
============================================================
wandb: uploading output.log; uploading wandb-summary.json; uploading config.yaml
wandb:                                                                                
wandb: 
wandb: Run history:
wandb: train_loss █▃▃▂▂▂▂▂▂▂▂▂▂▂▁▁▁▁▁▁▁▁▁▁▁▁▁▁▁▁▁▁▁▁▁▁▁▁▁▁
wandb:   val_loss █▅▅▄▄▃▃▃▃▂▂▂▂▂▂▂▂▂▂▁▁▁▁▁▁▁▁▁▁▁▁▁▁▁▁▁▁▁▁▁
wandb: 
wandb: Run summary:
wandb: train_loss 1.92991
wandb:   val_loss 1.94124
wandb: 
wandb: 🚀 View run d3tw_charpool_w16_nooverlap at: https://wandb.ai/ahmedmas-ben-gurion-university-of-the-negev/AlignmentProject/runs/uqvqh8r0
wandb: ⭐️ View project at: https://wandb.ai/ahmedmas-ben-gurion-university-of-the-negev/AlignmentProject
wandb: Synced 5 W&B file(s), 0 media file(s), 0 artifact file(s) and 0 other file(s)
wandb: Find logs at: ./wandb/run-20260622_202445-uqvqh8r0/logs
