------------------------------------
Fri 11 Sep 2026 23:33:16 IDT
SLURM_JOBID:		21190936
SLURM_JOB_NODELIST:	ise-4090-09
SLURM_SCRATCH_DIR:	/scratch/ahmedmas/21190936
Allocated Resouces:	cpu - 16 / mem - 98304 MB / gpu - 2
SLURM_GPU_INDEX:	0,2
Running as ahmedmas from jelsana account with normal QOS
------------------------------------
============================================================
AlignmentProject: restoration + positive letter-DTW
branch       = agent/restoration-positive-dtw-window-encoder
commit       = c8e936e6
job          = vit_restore_dtw_s16
dataset      = /home/ahmedmas/BGU-Lab/AlignmentProject/DataSet/Synthetic63
stride_ratio = 0.50 (0.50 => stride16)
loss         = 1.0*positive_DTW + 0.10*restoration
restoration  = 1.0*pixel + 0.50*edge
negatives    = 0
pair loss    = 0
context loss = 0
text target  = frozen orthogonal Arabic character identities
============================================================
Python syntax preflight: OK
master_addr is only used for static rdzv_backend and when rdzv_endpoint is not specified.
distributed_runtime rank=0 world=2 timeout_seconds=7200
distributed_runtime rank=1 world=2 timeout_seconds=7200
Synthetic dataset-size policy: Parameters.num_samples=6000 args.num_samples=6000 source_cap=10000
Loaded synthetic dataset: samples=6000 data_dir=/home/ahmedmas/BGU-Lab/AlignmentProject/DataSet/Synthetic63
Dataset split sizes: train=3600 valid=1200 test=1200
Loaded synthetic dataset: samples=6000 data_dir=/home/ahmedmas/BGU-Lab/AlignmentProject/DataSet/Synthetic63
Dataset split sizes: train=3600 valid=1200 test=1200
Synthetic train length from Parameters.num_samples: train=3600 valid=1200 test=1200 source_cap=10000
AlignmentProject restoration + positive-DTW trainer
  backend      = vit_restoration_positive_dtw
  mode         = scratch
  dataset      = /home/ahmedmas/BGU-Lab/AlignmentProject/DataSet/Synthetic63
  dataset_type = synthetic
  weights      = <none>
  output       = Weights/vit_restore_dtw_s16
  epochs/lr    = 20/0.0001
  window/stride= 32/16
  objective    = 1.0*positive_letter_DTW + 0.1*stroke_restoration
  negatives    = 0; image_pair_loss=0.0; variance=0.0
  representations= primitive(stroke) -> semantic(letter); no active Transformer context
  batch        = 32 per GPU x 2 GPUs x 2 accumulation
wandb: Currently logged in as: ahmedmas (ahmedmas-ben-gurion-university-of-the-negev). Use `wandb login --relogin` to force relogin
wandb: Using wandb-core as the SDK backend.  Please refer to https://wandb.me/wandb-core for more information.
wandb: Tracking run with wandb version 0.19.2
wandb: Run data is saved locally in /home/ahmedmas/BGU-Lab/AlignmentProject/wandb/run-20260911_233330-mzxoo9a8
wandb: Run `wandb offline` to turn off syncing.
wandb: Syncing run vit_restore_dtw_s16
wandb: ⭐️ View project at https://wandb.ai/ahmedmas-ben-gurion-university-of-the-negev/alignment-vit
wandb: 🚀 View run at https://wandb.ai/ahmedmas-ben-gurion-university-of-the-negev/alignment-vit/runs/mzxoo9a8
epoch=1/20 world_size=2
rank=0 batch=1/57 microbatch=32 effective_global_batch=128 loss=0.5735 norm_pos=0.5228 norm_neg=nan gap=nan throughput=4.85 samples/s time=13.20s gpu=0.04/0.62GB rss=5.92GB
rank=0 batch=2/57 microbatch=32 effective_global_batch=128 loss=0.5775 norm_pos=0.5270 norm_neg=nan gap=nan grad_norm=5.2144 throughput=8.98 samples/s time=7.13s
rank=0 batch=3/57 microbatch=32 effective_global_batch=128 loss=0.4677 norm_pos=0.4172 norm_neg=nan gap=nan throughput=9.15 samples/s time=6.99s
rank=0 batch=4/57 microbatch=32 effective_global_batch=128 loss=0.4715 norm_pos=0.4210 norm_neg=nan gap=nan grad_norm=0.7831 throughput=8.77 samples/s time=7.30s
rank=0 batch=5/57 microbatch=32 effective_global_batch=128 loss=0.4410 norm_pos=0.3904 norm_neg=nan gap=nan throughput=8.65 samples/s time=7.40s
rank=0 batch=6/57 microbatch=32 effective_global_batch=128 loss=0.4416 norm_pos=0.3909 norm_neg=nan gap=nan grad_norm=0.3361 throughput=8.82 samples/s time=7.25s
rank=0 batch=7/57 microbatch=32 effective_global_batch=128 loss=0.4391 norm_pos=0.3886 norm_neg=nan gap=nan throughput=8.95 samples/s time=7.15s
rank=0 batch=8/57 microbatch=32 effective_global_batch=128 loss=0.4378 norm_pos=0.3874 norm_neg=nan gap=nan grad_norm=0.1904 throughput=8.57 samples/s time=7.46s
rank=0 batch=9/57 microbatch=32 effective_global_batch=128 loss=0.4360 norm_pos=0.3855 norm_neg=nan gap=nan throughput=8.84 samples/s time=7.24s
rank=0 batch=10/57 microbatch=32 effective_global_batch=128 loss=0.4349 norm_pos=0.3845 norm_neg=nan gap=nan grad_norm=0.1463 throughput=8.82 samples/s time=7.25s
rank=0 batch=11/57 microbatch=32 effective_global_batch=128 loss=0.4326 norm_pos=0.3821 norm_neg=nan gap=nan throughput=9.10 samples/s time=7.03s
rank=0 batch=12/57 microbatch=32 effective_global_batch=128 loss=0.4332 norm_pos=0.3827 norm_neg=nan gap=nan grad_norm=0.1228 throughput=8.62 samples/s time=7.42s
rank=0 batch=13/57 microbatch=32 effective_global_batch=128 loss=0.4369 norm_pos=0.3865 norm_neg=nan gap=nan throughput=9.03 samples/s time=7.09s
rank=0 batch=14/57 microbatch=32 effective_global_batch=128 loss=0.4342 norm_pos=0.3836 norm_neg=nan gap=nan grad_norm=0.1029 throughput=8.81 samples/s time=7.26s
rank=0 batch=15/57 microbatch=32 effective_global_batch=128 loss=0.4299 norm_pos=0.3794 norm_neg=nan gap=nan throughput=8.88 samples/s time=7.21s
rank=0 batch=16/57 microbatch=32 effective_global_batch=128 loss=0.4333 norm_pos=0.3828 norm_neg=nan gap=nan grad_norm=0.0900 throughput=9.14 samples/s time=7.01s
rank=0 batch=17/57 microbatch=32 effective_global_batch=128 loss=0.4292 norm_pos=0.3787 norm_neg=nan gap=nan throughput=8.60 samples/s time=7.44s
rank=0 batch=18/57 microbatch=32 effective_global_batch=128 loss=0.4320 norm_pos=0.3816 norm_neg=nan gap=nan grad_norm=0.0771 throughput=8.96 samples/s time=7.14s
rank=0 batch=19/57 microbatch=32 effective_global_batch=128 loss=0.4269 norm_pos=0.3765 norm_neg=nan gap=nan throughput=8.99 samples/s time=7.12s
rank=0 batch=20/57 microbatch=32 effective_global_batch=128 loss=0.4274 norm_pos=0.3770 norm_neg=nan gap=nan grad_norm=0.0650 throughput=8.88 samples/s time=7.20s
rank=0 batch=21/57 microbatch=32 effective_global_batch=128 loss=0.4291 norm_pos=0.3786 norm_neg=nan gap=nan throughput=8.92 samples/s time=7.17s
rank=0 batch=22/57 microbatch=32 effective_global_batch=128 loss=0.4289 norm_pos=0.3784 norm_neg=nan gap=nan grad_norm=0.0566 throughput=8.69 samples/s time=7.37s
rank=0 batch=23/57 microbatch=32 effective_global_batch=128 loss=0.4328 norm_pos=0.3825 norm_neg=nan gap=nan throughput=8.99 samples/s time=7.12s
rank=0 batch=24/57 microbatch=32 effective_global_batch=128 loss=0.4330 norm_pos=0.3827 norm_neg=nan gap=nan grad_norm=0.0512 throughput=8.99 samples/s time=7.12s
rank=0 batch=25/57 microbatch=32 effective_global_batch=128 loss=0.4353 norm_pos=0.3851 norm_neg=nan gap=nan throughput=8.89 samples/s time=7.20s gpu=0.06/1.30GB rss=6.09GB
rank=0 batch=26/57 microbatch=32 effective_global_batch=128 loss=0.4312 norm_pos=0.3808 norm_neg=nan gap=nan grad_norm=0.0456 throughput=9.27 samples/s time=6.91s
rank=0 batch=27/57 microbatch=32 effective_global_batch=128 loss=0.4350 norm_pos=0.3847 norm_neg=nan gap=nan throughput=9.47 samples/s time=6.76s
rank=0 batch=28/57 microbatch=32 effective_global_batch=128 loss=0.4289 norm_pos=0.3786 norm_neg=nan gap=nan grad_norm=0.0422 throughput=9.10 samples/s time=7.03s
rank=0 batch=29/57 microbatch=32 effective_global_batch=128 loss=0.4288 norm_pos=0.3784 norm_neg=nan gap=nan throughput=8.93 samples/s time=7.17s
rank=0 batch=30/57 microbatch=32 effective_global_batch=128 loss=0.4315 norm_pos=0.3811 norm_neg=nan gap=nan grad_norm=0.0355 throughput=8.73 samples/s time=7.33s
rank=0 batch=31/57 microbatch=32 effective_global_batch=128 loss=0.4267 norm_pos=0.3763 norm_neg=nan gap=nan throughput=8.86 samples/s time=7.22s
rank=0 batch=32/57 microbatch=32 effective_global_batch=128 loss=0.4305 norm_pos=0.3802 norm_neg=nan gap=nan grad_norm=0.0353 throughput=9.05 samples/s time=7.07s
rank=0 batch=33/57 microbatch=32 effective_global_batch=128 loss=0.4320 norm_pos=0.3818 norm_neg=nan gap=nan throughput=8.98 samples/s time=7.12s
rank=0 batch=34/57 microbatch=32 effective_global_batch=128 loss=0.4283 norm_pos=0.3779 norm_neg=nan gap=nan grad_norm=0.0318 throughput=8.78 samples/s time=7.29s
rank=0 batch=35/57 microbatch=32 effective_global_batch=128 loss=0.4323 norm_pos=0.3821 norm_neg=nan gap=nan throughput=9.20 samples/s time=6.96s
rank=0 batch=36/57 microbatch=32 effective_global_batch=128 loss=0.4302 norm_pos=0.3800 norm_neg=nan gap=nan grad_norm=0.0327 throughput=9.04 samples/s time=7.08s
rank=0 batch=37/57 microbatch=32 effective_global_batch=128 loss=0.4323 norm_pos=0.3821 norm_neg=nan gap=nan throughput=8.97 samples/s time=7.13s
rank=0 batch=38/57 microbatch=32 effective_global_batch=128 loss=0.4287 norm_pos=0.3784 norm_neg=nan gap=nan grad_norm=0.0286 throughput=8.78 samples/s time=7.29s
rank=0 batch=39/57 microbatch=32 effective_global_batch=128 loss=0.4270 norm_pos=0.3767 norm_neg=nan gap=nan throughput=9.23 samples/s time=6.94s
rank=0 batch=40/57 microbatch=32 effective_global_batch=128 loss=0.4290 norm_pos=0.3788 norm_neg=nan gap=nan grad_norm=0.0276 throughput=9.10 samples/s time=7.03s
rank=0 batch=41/57 microbatch=32 effective_global_batch=128 loss=0.4277 norm_pos=0.3774 norm_neg=nan gap=nan throughput=8.89 samples/s time=7.20s
rank=0 batch=42/57 microbatch=32 effective_global_batch=128 loss=0.4268 norm_pos=0.3766 norm_neg=nan gap=nan grad_norm=0.0259 throughput=9.12 samples/s time=7.02s
rank=0 batch=43/57 microbatch=32 effective_global_batch=128 loss=0.4284 norm_pos=0.3781 norm_neg=nan gap=nan throughput=8.92 samples/s time=7.17s
rank=0 batch=44/57 microbatch=32 effective_global_batch=128 loss=0.4250 norm_pos=0.3747 norm_neg=nan gap=nan grad_norm=0.0272 throughput=8.76 samples/s time=7.30s
rank=0 batch=45/57 microbatch=32 effective_global_batch=128 loss=0.4292 norm_pos=0.3790 norm_neg=nan gap=nan throughput=9.12 samples/s time=7.02s
rank=0 batch=46/57 microbatch=32 effective_global_batch=128 loss=0.4302 norm_pos=0.3800 norm_neg=nan gap=nan grad_norm=0.0254 throughput=8.72 samples/s time=7.34s
rank=0 batch=47/57 microbatch=32 effective_global_batch=128 loss=0.4328 norm_pos=0.3826 norm_neg=nan gap=nan throughput=9.02 samples/s time=7.10s
rank=0 batch=48/57 microbatch=32 effective_global_batch=128 loss=0.4330 norm_pos=0.3830 norm_neg=nan gap=nan grad_norm=0.0259 throughput=8.99 samples/s time=7.12s
rank=0 batch=49/57 microbatch=32 effective_global_batch=128 loss=0.4267 norm_pos=0.3765 norm_neg=nan gap=nan throughput=8.95 samples/s time=7.15s
rank=0 batch=50/57 microbatch=32 effective_global_batch=128 loss=0.4285 norm_pos=0.3784 norm_neg=nan gap=nan grad_norm=0.0267 throughput=8.74 samples/s time=7.32s gpu=0.05/1.30GB rss=6.16GB
rank=0 batch=51/57 microbatch=32 effective_global_batch=128 loss=0.4276 norm_pos=0.3774 norm_neg=nan gap=nan throughput=8.80 samples/s time=7.27s
rank=0 batch=52/57 microbatch=32 effective_global_batch=128 loss=0.4290 norm_pos=0.3789 norm_neg=nan gap=nan grad_norm=0.0243 throughput=8.74 samples/s time=7.32s
rank=0 batch=53/57 microbatch=32 effective_global_batch=128 loss=0.4309 norm_pos=0.3807 norm_neg=nan gap=nan throughput=9.06 samples/s time=7.07s
rank=0 batch=54/57 microbatch=32 effective_global_batch=128 loss=0.4285 norm_pos=0.3784 norm_neg=nan gap=nan grad_norm=0.0256 throughput=8.74 samples/s time=7.32s
rank=0 batch=55/57 microbatch=32 effective_global_batch=128 loss=0.4233 norm_pos=0.3730 norm_neg=nan gap=nan throughput=8.56 samples/s time=7.48s
rank=0 batch=56/57 microbatch=32 effective_global_batch=128 loss=0.4306 norm_pos=0.3806 norm_neg=nan gap=nan grad_norm=0.0241 throughput=9.04 samples/s time=7.08s
rank=0 batch=57/57 microbatch=8 effective_global_batch=32 loss=0.4292 norm_pos=0.3792 norm_neg=nan gap=nan grad_norm=0.0181 throughput=7.36 samples/s time=2.17s
epoch=1 train_loss=0.4376 val_loss=0.4280 elapsed=504.5s
epoch=2/20 world_size=2
wandb: WARNING Tried to log to step 1 that is less than the current step 2. Steps must be monotonically increasing, so this data will be ignored. See https://wandb.me/define-metric to log data out of order.
rank=0 batch=1/57 microbatch=32 effective_global_batch=128 loss=0.4292 norm_pos=0.3791 norm_neg=nan gap=nan throughput=9.18 samples/s time=6.97s gpu=0.06/1.31GB rss=6.03GB
rank=0 batch=2/57 microbatch=32 effective_global_batch=128 loss=0.4285 norm_pos=0.3784 norm_neg=nan gap=nan grad_norm=0.0241 throughput=9.13 samples/s time=7.01s
rank=0 batch=3/57 microbatch=32 effective_global_batch=128 loss=0.4288 norm_pos=0.3786 norm_neg=nan gap=nan throughput=9.12 samples/s time=7.02s
rank=0 batch=4/57 microbatch=32 effective_global_batch=128 loss=0.4322 norm_pos=0.3822 norm_neg=nan gap=nan grad_norm=0.0224 throughput=9.03 samples/s time=7.09s
rank=0 batch=5/57 microbatch=32 effective_global_batch=128 loss=0.4313 norm_pos=0.3813 norm_neg=nan gap=nan throughput=9.05 samples/s time=7.07s
rank=0 batch=6/57 microbatch=32 effective_global_batch=128 loss=0.4270 norm_pos=0.3768 norm_neg=nan gap=nan grad_norm=0.0226 throughput=8.91 samples/s time=7.19s
rank=0 batch=7/57 microbatch=32 effective_global_batch=128 loss=0.4277 norm_pos=0.3775 norm_neg=nan gap=nan throughput=9.00 samples/s time=7.11s
rank=0 batch=8/57 microbatch=32 effective_global_batch=128 loss=0.4279 norm_pos=0.3777 norm_neg=nan gap=nan grad_norm=0.0214 throughput=8.88 samples/s time=7.21s
rank=0 batch=9/57 microbatch=32 effective_global_batch=128 loss=0.4264 norm_pos=0.3763 norm_neg=nan gap=nan throughput=9.03 samples/s time=7.09s
rank=0 batch=10/57 microbatch=32 effective_global_batch=128 loss=0.4296 norm_pos=0.3798 norm_neg=nan gap=nan grad_norm=0.0220 throughput=9.18 samples/s time=6.97s
rank=0 batch=11/57 microbatch=32 effective_global_batch=128 loss=0.4258 norm_pos=0.3757 norm_neg=nan gap=nan throughput=9.02 samples/s time=7.09s
rank=0 batch=12/57 microbatch=32 effective_global_batch=128 loss=0.4270 norm_pos=0.3771 norm_neg=nan gap=nan grad_norm=0.0221 throughput=9.21 samples/s time=6.95s
rank=0 batch=13/57 microbatch=32 effective_global_batch=128 loss=0.4304 norm_pos=0.3805 norm_neg=nan gap=nan throughput=9.17 samples/s time=6.98s
rank=0 batch=14/57 microbatch=32 effective_global_batch=128 loss=0.4263 norm_pos=0.3763 norm_neg=nan gap=nan grad_norm=0.0209 throughput=9.13 samples/s time=7.01s
rank=0 batch=15/57 microbatch=32 effective_global_batch=128 loss=0.4319 norm_pos=0.3821 norm_neg=nan gap=nan throughput=9.21 samples/s time=6.95s
rank=0 batch=16/57 microbatch=32 effective_global_batch=128 loss=0.4261 norm_pos=0.3761 norm_neg=nan gap=nan grad_norm=0.0202 throughput=8.85 samples/s time=7.24s
rank=0 batch=17/57 microbatch=32 effective_global_batch=128 loss=0.4271 norm_pos=0.3771 norm_neg=nan gap=nan throughput=9.26 samples/s time=6.91s
rank=0 batch=18/57 microbatch=32 effective_global_batch=128 loss=0.4253 norm_pos=0.3753 norm_neg=nan gap=nan grad_norm=0.0207 throughput=8.93 samples/s time=7.17s
rank=0 batch=19/57 microbatch=32 effective_global_batch=128 loss=0.4222 norm_pos=0.3722 norm_neg=nan gap=nan throughput=9.06 samples/s time=7.07s
rank=0 batch=20/57 microbatch=32 effective_global_batch=128 loss=0.4255 norm_pos=0.3756 norm_neg=nan gap=nan grad_norm=0.0207 throughput=9.09 samples/s time=7.04s
rank=0 batch=21/57 microbatch=32 effective_global_batch=128 loss=0.4284 norm_pos=0.3785 norm_neg=nan gap=nan throughput=9.00 samples/s time=7.11s
rank=0 batch=22/57 microbatch=32 effective_global_batch=128 loss=0.4265 norm_pos=0.3766 norm_neg=nan gap=nan grad_norm=0.0205 throughput=8.93 samples/s time=7.17s
rank=0 batch=23/57 microbatch=32 effective_global_batch=128 loss=0.4268 norm_pos=0.3769 norm_neg=nan gap=nan throughput=8.93 samples/s time=7.17s
rank=0 batch=24/57 microbatch=32 effective_global_batch=128 loss=0.4277 norm_pos=0.3779 norm_neg=nan gap=nan grad_norm=0.0207 throughput=8.76 samples/s time=7.31s
rank=0 batch=25/57 microbatch=32 effective_global_batch=128 loss=0.4272 norm_pos=0.3773 norm_neg=nan gap=nan throughput=8.92 samples/s time=7.17s gpu=0.06/1.34GB rss=6.06GB
rank=0 batch=26/57 microbatch=32 effective_global_batch=128 loss=0.4279 norm_pos=0.3780 norm_neg=nan gap=nan grad_norm=0.0205 throughput=8.94 samples/s time=7.16s
rank=0 batch=27/57 microbatch=32 effective_global_batch=128 loss=0.4259 norm_pos=0.3761 norm_neg=nan gap=nan throughput=9.05 samples/s time=7.07s
rank=0 batch=28/57 microbatch=32 effective_global_batch=128 loss=0.4270 norm_pos=0.3772 norm_neg=nan gap=nan grad_norm=0.0208 throughput=9.00 samples/s time=7.11s
rank=0 batch=29/57 microbatch=32 effective_global_batch=128 loss=0.4297 norm_pos=0.3800 norm_neg=nan gap=nan throughput=9.05 samples/s time=7.07s
rank=0 batch=30/57 microbatch=32 effective_global_batch=128 loss=0.4265 norm_pos=0.3768 norm_neg=nan gap=nan grad_norm=0.0215 throughput=9.05 samples/s time=7.07s
rank=0 batch=31/57 microbatch=32 effective_global_batch=128 loss=0.4277 norm_pos=0.3781 norm_neg=nan gap=nan throughput=9.30 samples/s time=6.88s
rank=0 batch=32/57 microbatch=32 effective_global_batch=128 loss=0.4254 norm_pos=0.3757 norm_neg=nan gap=nan grad_norm=0.0199 throughput=8.94 samples/s time=7.16s
rank=0 batch=33/57 microbatch=32 effective_global_batch=128 loss=0.4296 norm_pos=0.3800 norm_neg=nan gap=nan throughput=9.33 samples/s time=6.86s
rank=0 batch=34/57 microbatch=32 effective_global_batch=128 loss=0.4267 norm_pos=0.3771 norm_neg=nan gap=nan grad_norm=0.0206 throughput=8.92 samples/s time=7.17s
rank=0 batch=35/57 microbatch=32 effective_global_batch=128 loss=0.4261 norm_pos=0.3765 norm_neg=nan gap=nan throughput=9.14 samples/s time=7.00s
rank=0 batch=36/57 microbatch=32 effective_global_batch=128 loss=0.4242 norm_pos=0.3747 norm_neg=nan gap=nan grad_norm=0.0211 throughput=9.08 samples/s time=7.05s
rank=0 batch=37/57 microbatch=32 effective_global_batch=128 loss=0.4219 norm_pos=0.3722 norm_neg=nan gap=nan throughput=8.75 samples/s time=7.32s
rank=0 batch=38/57 microbatch=32 effective_global_batch=128 loss=0.4325 norm_pos=0.3831 norm_neg=nan gap=nan grad_norm=0.0200 throughput=9.16 samples/s time=6.98s
rank=0 batch=39/57 microbatch=32 effective_global_batch=128 loss=0.4264 norm_pos=0.3769 norm_neg=nan gap=nan throughput=9.14 samples/s time=7.00s
rank=0 batch=40/57 microbatch=32 effective_global_batch=128 loss=0.4217 norm_pos=0.3721 norm_neg=nan gap=nan grad_norm=0.0200 throughput=8.71 samples/s time=7.34s
rank=0 batch=41/57 microbatch=32 effective_global_batch=128 loss=0.4239 norm_pos=0.3743 norm_neg=nan gap=nan throughput=9.16 samples/s time=6.99s
rank=0 batch=42/57 microbatch=32 effective_global_batch=128 loss=0.4244 norm_pos=0.3747 norm_neg=nan gap=nan grad_norm=0.0220 throughput=8.82 samples/s time=7.26s
rank=0 batch=43/57 microbatch=32 effective_global_batch=128 loss=0.4275 norm_pos=0.3782 norm_neg=nan gap=nan throughput=9.13 samples/s time=7.01s
rank=0 batch=44/57 microbatch=32 effective_global_batch=128 loss=0.4285 norm_pos=0.3792 norm_neg=nan gap=nan grad_norm=0.0220 throughput=9.05 samples/s time=7.07s
rank=0 batch=45/57 microbatch=32 effective_global_batch=128 loss=0.4255 norm_pos=0.3761 norm_neg=nan gap=nan throughput=8.90 samples/s time=7.19s
rank=0 batch=46/57 microbatch=32 effective_global_batch=128 loss=0.4252 norm_pos=0.3758 norm_neg=nan gap=nan grad_norm=0.0221 throughput=8.90 samples/s time=7.19s
rank=0 batch=47/57 microbatch=32 effective_global_batch=128 loss=0.4284 norm_pos=0.3793 norm_neg=nan gap=nan throughput=9.26 samples/s time=6.91s
rank=0 batch=48/57 microbatch=32 effective_global_batch=128 loss=0.4237 norm_pos=0.3746 norm_neg=nan gap=nan grad_norm=0.0211 throughput=9.04 samples/s time=7.08s
rank=0 batch=49/57 microbatch=32 effective_global_batch=128 loss=0.4272 norm_pos=0.3782 norm_neg=nan gap=nan throughput=9.34 samples/s time=6.85s
rank=0 batch=50/57 microbatch=32 effective_global_batch=128 loss=0.4271 norm_pos=0.3780 norm_neg=nan gap=nan grad_norm=0.0225 throughput=9.06 samples/s time=7.06s gpu=0.05/1.34GB rss=6.05GB
rank=0 batch=51/57 microbatch=32 effective_global_batch=128 loss=0.4221 norm_pos=0.3732 norm_neg=nan gap=nan throughput=9.24 samples/s time=6.93s
rank=0 batch=52/57 microbatch=32 effective_global_batch=128 loss=0.4238 norm_pos=0.3747 norm_neg=nan gap=nan grad_norm=0.0215 throughput=9.18 samples/s time=6.97s
rank=0 batch=53/57 microbatch=32 effective_global_batch=128 loss=0.4244 norm_pos=0.3756 norm_neg=nan gap=nan throughput=9.16 samples/s time=6.99s
rank=0 batch=54/57 microbatch=32 effective_global_batch=128 loss=0.4261 norm_pos=0.3774 norm_neg=nan gap=nan grad_norm=0.0230 throughput=9.00 samples/s time=7.11s
rank=0 batch=55/57 microbatch=32 effective_global_batch=128 loss=0.4261 norm_pos=0.3775 norm_neg=nan gap=nan throughput=9.13 samples/s time=7.01s
rank=0 batch=56/57 microbatch=32 effective_global_batch=128 loss=0.4233 norm_pos=0.3744 norm_neg=nan gap=nan grad_norm=0.0228 throughput=8.91 samples/s time=7.18s
rank=0 batch=57/57 microbatch=8 effective_global_batch=32 loss=0.4160 norm_pos=0.3675 norm_neg=nan gap=nan grad_norm=0.0170 throughput=8.28 samples/s time=1.93s
epoch=2 train_loss=0.4269 val_loss=0.4242 elapsed=464.8s
epoch=3/20 world_size=2
wandb: WARNING Tried to log to step 2 that is less than the current step 3. Steps must be monotonically increasing, so this data will be ignored. See https://wandb.me/define-metric to log data out of order.
rank=0 batch=1/57 microbatch=32 effective_global_batch=128 loss=0.4300 norm_pos=0.3818 norm_neg=nan gap=nan throughput=9.54 samples/s time=6.71s gpu=0.06/1.34GB rss=6.05GB
rank=0 batch=2/57 microbatch=32 effective_global_batch=128 loss=0.4233 norm_pos=0.3747 norm_neg=nan gap=nan grad_norm=0.0226 throughput=9.27 samples/s time=6.91s
rank=0 batch=3/57 microbatch=32 effective_global_batch=128 loss=0.4194 norm_pos=0.3710 norm_neg=nan gap=nan throughput=9.12 samples/s time=7.01s
rank=0 batch=4/57 microbatch=32 effective_global_batch=128 loss=0.4287 norm_pos=0.3805 norm_neg=nan gap=nan grad_norm=0.0218 throughput=8.98 samples/s time=7.13s
rank=0 batch=5/57 microbatch=32 effective_global_batch=128 loss=0.4254 norm_pos=0.3772 norm_neg=nan gap=nan throughput=8.96 samples/s time=7.15s
rank=0 batch=6/57 microbatch=32 effective_global_batch=128 loss=0.4221 norm_pos=0.3738 norm_neg=nan gap=nan grad_norm=0.0230 throughput=8.84 samples/s time=7.24s
rank=0 batch=7/57 microbatch=32 effective_global_batch=128 loss=0.4213 norm_pos=0.3731 norm_neg=nan gap=nan throughput=9.18 samples/s time=6.97s
rank=0 batch=8/57 microbatch=32 effective_global_batch=128 loss=0.4245 norm_pos=0.3766 norm_neg=nan gap=nan grad_norm=0.0235 throughput=9.09 samples/s time=7.04s
rank=0 batch=9/57 microbatch=32 effective_global_batch=128 loss=0.4281 norm_pos=0.3805 norm_neg=nan gap=nan throughput=9.20 samples/s time=6.96s
rank=0 batch=10/57 microbatch=32 effective_global_batch=128 loss=0.4285 norm_pos=0.3812 norm_neg=nan gap=nan grad_norm=0.0238 throughput=9.16 samples/s time=6.99s
rank=0 batch=11/57 microbatch=32 effective_global_batch=128 loss=0.4215 norm_pos=0.3737 norm_neg=nan gap=nan throughput=8.99 samples/s time=7.12s
rank=0 batch=12/57 microbatch=32 effective_global_batch=128 loss=0.4224 norm_pos=0.3748 norm_neg=nan gap=nan grad_norm=0.0248 throughput=8.82 samples/s time=7.26s
rank=0 batch=13/57 microbatch=32 effective_global_batch=128 loss=0.4189 norm_pos=0.3713 norm_neg=nan gap=nan throughput=8.75 samples/s time=7.31s
rank=0 batch=14/57 microbatch=32 effective_global_batch=128 loss=0.4224 norm_pos=0.3752 norm_neg=nan gap=nan grad_norm=0.0249 throughput=8.98 samples/s time=7.13s
rank=0 batch=15/57 microbatch=32 effective_global_batch=128 loss=0.4203 norm_pos=0.3730 norm_neg=nan gap=nan throughput=8.97 samples/s time=7.13s
rank=0 batch=16/57 microbatch=32 effective_global_batch=128 loss=0.4179 norm_pos=0.3706 norm_neg=nan gap=nan grad_norm=0.0258 throughput=9.08 samples/s time=7.05s
rank=0 batch=17/57 microbatch=32 effective_global_batch=128 loss=0.4221 norm_pos=0.3754 norm_neg=nan gap=nan throughput=9.08 samples/s time=7.05s
rank=0 batch=18/57 microbatch=32 effective_global_batch=128 loss=0.4239 norm_pos=0.3775 norm_neg=nan gap=nan grad_norm=0.0268 throughput=9.38 samples/s time=6.83s
rank=0 batch=19/57 microbatch=32 effective_global_batch=128 loss=0.4231 norm_pos=0.3768 norm_neg=nan gap=nan throughput=9.25 samples/s time=6.92s
rank=0 batch=20/57 microbatch=32 effective_global_batch=128 loss=0.4175 norm_pos=0.3710 norm_neg=nan gap=nan grad_norm=0.0278 throughput=9.10 samples/s time=7.03s
rank=0 batch=21/57 microbatch=32 effective_global_batch=128 loss=0.4239 norm_pos=0.3780 norm_neg=nan gap=nan throughput=9.27 samples/s time=6.90s
rank=0 batch=22/57 microbatch=32 effective_global_batch=128 loss=0.4233 norm_pos=0.3774 norm_neg=nan gap=nan grad_norm=0.0296 throughput=9.08 samples/s time=7.05s
rank=0 batch=23/57 microbatch=32 effective_global_batch=128 loss=0.4191 norm_pos=0.3737 norm_neg=nan gap=nan throughput=9.15 samples/s time=6.99s
rank=0 batch=24/57 microbatch=32 effective_global_batch=128 loss=0.4175 norm_pos=0.3719 norm_neg=nan gap=nan grad_norm=0.0304 throughput=8.85 samples/s time=7.23s
rank=0 batch=25/57 microbatch=32 effective_global_batch=128 loss=0.4188 norm_pos=0.3733 norm_neg=nan gap=nan throughput=8.88 samples/s time=7.21s gpu=0.06/1.34GB rss=6.08GB
rank=0 batch=26/57 microbatch=32 effective_global_batch=128 loss=0.4183 norm_pos=0.3729 norm_neg=nan gap=nan grad_norm=0.0306 throughput=9.07 samples/s time=7.06s
rank=0 batch=27/57 microbatch=32 effective_global_batch=128 loss=0.4210 norm_pos=0.3763 norm_neg=nan gap=nan throughput=8.98 samples/s time=7.13s
rank=0 batch=28/57 microbatch=32 effective_global_batch=128 loss=0.4189 norm_pos=0.3738 norm_neg=nan gap=nan grad_norm=0.0323 throughput=8.75 samples/s time=7.32s
rank=0 batch=29/57 microbatch=32 effective_global_batch=128 loss=0.4170 norm_pos=0.3722 norm_neg=nan gap=nan throughput=9.03 samples/s time=7.09s
rank=0 batch=30/57 microbatch=32 effective_global_batch=128 loss=0.4233 norm_pos=0.3794 norm_neg=nan gap=nan grad_norm=0.0337 throughput=9.16 samples/s time=6.99s
rank=0 batch=31/57 microbatch=32 effective_global_batch=128 loss=0.4180 norm_pos=0.3741 norm_neg=nan gap=nan throughput=9.11 samples/s time=7.03s
rank=0 batch=32/57 microbatch=32 effective_global_batch=128 loss=0.4186 norm_pos=0.3747 norm_neg=nan gap=nan grad_norm=0.0348 throughput=9.04 samples/s time=7.08s
rank=0 batch=33/57 microbatch=32 effective_global_batch=128 loss=0.4180 norm_pos=0.3749 norm_neg=nan gap=nan throughput=9.12 samples/s time=7.02s
rank=0 batch=34/57 microbatch=32 effective_global_batch=128 loss=0.4150 norm_pos=0.3715 norm_neg=nan gap=nan grad_norm=0.0370 throughput=9.27 samples/s time=6.90s
rank=0 batch=35/57 microbatch=32 effective_global_batch=128 loss=0.4164 norm_pos=0.3737 norm_neg=nan gap=nan throughput=9.16 samples/s time=6.99s
rank=0 batch=36/57 microbatch=32 effective_global_batch=128 loss=0.4141 norm_pos=0.3715 norm_neg=nan gap=nan grad_norm=0.0388 throughput=8.84 samples/s time=7.24s
rank=0 batch=37/57 microbatch=32 effective_global_batch=128 loss=0.4140 norm_pos=0.3714 norm_neg=nan gap=nan throughput=8.93 samples/s time=7.17s
rank=0 batch=38/57 microbatch=32 effective_global_batch=128 loss=0.4143 norm_pos=0.3719 norm_neg=nan gap=nan grad_norm=0.0395 throughput=8.80 samples/s time=7.27s
rank=0 batch=39/57 microbatch=32 effective_global_batch=128 loss=0.4155 norm_pos=0.3736 norm_neg=nan gap=nan throughput=8.89 samples/s time=7.20s
rank=0 batch=40/57 microbatch=32 effective_global_batch=128 loss=0.4147 norm_pos=0.3735 norm_neg=nan gap=nan grad_norm=0.0408 throughput=9.00 samples/s time=7.11s
rank=0 batch=41/57 microbatch=32 effective_global_batch=128 loss=0.4145 norm_pos=0.3741 norm_neg=nan gap=nan throughput=9.17 samples/s time=6.98s
rank=0 batch=42/57 microbatch=32 effective_global_batch=128 loss=0.4090 norm_pos=0.3675 norm_neg=nan gap=nan grad_norm=0.0431 throughput=9.00 samples/s time=7.11s
rank=0 batch=43/57 microbatch=32 effective_global_batch=128 loss=0.4179 norm_pos=0.3781 norm_neg=nan gap=nan throughput=9.36 samples/s time=6.83s
rank=0 batch=44/57 microbatch=32 effective_global_batch=128 loss=0.4159 norm_pos=0.3759 norm_neg=nan gap=nan grad_norm=0.0444 throughput=8.89 samples/s time=7.20s
rank=0 batch=45/57 microbatch=32 effective_global_batch=128 loss=0.4161 norm_pos=0.3776 norm_neg=nan gap=nan throughput=8.97 samples/s time=7.13s
rank=0 batch=46/57 microbatch=32 effective_global_batch=128 loss=0.4087 norm_pos=0.3683 norm_neg=nan gap=nan grad_norm=0.0457 throughput=8.76 samples/s time=7.31s
rank=0 batch=47/57 microbatch=32 effective_global_batch=128 loss=0.4130 norm_pos=0.3745 norm_neg=nan gap=nan throughput=8.97 samples/s time=7.13s
rank=0 batch=48/57 microbatch=32 effective_global_batch=128 loss=0.4116 norm_pos=0.3731 norm_neg=nan gap=nan grad_norm=0.0468 throughput=9.19 samples/s time=6.96s
rank=0 batch=49/57 microbatch=32 effective_global_batch=128 loss=0.4053 norm_pos=0.3660 norm_neg=nan gap=nan throughput=9.08 samples/s time=7.05s
rank=0 batch=50/57 microbatch=32 effective_global_batch=128 loss=0.4093 norm_pos=0.3711 norm_neg=nan gap=nan grad_norm=0.0477 throughput=9.11 samples/s time=7.02s gpu=0.05/1.34GB rss=6.08GB
rank=0 batch=51/57 microbatch=32 effective_global_batch=128 loss=0.4092 norm_pos=0.3720 norm_neg=nan gap=nan throughput=9.29 samples/s time=6.89s
rank=0 batch=52/57 microbatch=32 effective_global_batch=128 loss=0.4108 norm_pos=0.3738 norm_neg=nan gap=nan grad_norm=0.0483 throughput=9.16 samples/s time=6.99s
rank=0 batch=53/57 microbatch=32 effective_global_batch=128 loss=0.4107 norm_pos=0.3739 norm_neg=nan gap=nan throughput=9.02 samples/s time=7.10s
rank=0 batch=54/57 microbatch=32 effective_global_batch=128 loss=0.4100 norm_pos=0.3740 norm_neg=nan gap=nan grad_norm=0.0494 throughput=8.89 samples/s time=7.20s
rank=0 batch=55/57 microbatch=32 effective_global_batch=128 loss=0.4062 norm_pos=0.3703 norm_neg=nan gap=nan throughput=8.78 samples/s time=7.29s
rank=0 batch=56/57 microbatch=32 effective_global_batch=128 loss=0.4128 norm_pos=0.3783 norm_neg=nan gap=nan grad_norm=0.0521 throughput=9.09 samples/s time=7.04s
rank=0 batch=57/57 microbatch=8 effective_global_batch=32 loss=0.4018 norm_pos=0.3670 norm_neg=nan gap=nan grad_norm=0.0305 throughput=8.30 samples/s time=1.93s
epoch=3 train_loss=0.4175 val_loss=0.4046 elapsed=464.2s
epoch=4/20 world_size=2
wandb: WARNING Tried to log to step 3 that is less than the current step 4. Steps must be monotonically increasing, so this data will be ignored. See https://wandb.me/define-metric to log data out of order.
rank=0 batch=1/57 microbatch=32 effective_global_batch=128 loss=0.4029 norm_pos=0.3682 norm_neg=nan gap=nan throughput=9.24 samples/s time=6.93s gpu=0.06/1.34GB rss=6.05GB
rank=0 batch=2/57 microbatch=32 effective_global_batch=128 loss=0.4056 norm_pos=0.3721 norm_neg=nan gap=nan grad_norm=0.0505 throughput=9.31 samples/s time=6.87s
rank=0 batch=3/57 microbatch=32 effective_global_batch=128 loss=0.4051 norm_pos=0.3722 norm_neg=nan gap=nan throughput=9.18 samples/s time=6.97s
rank=0 batch=4/57 microbatch=32 effective_global_batch=128 loss=0.4071 norm_pos=0.3739 norm_neg=nan gap=nan grad_norm=0.0511 throughput=9.06 samples/s time=7.07s
rank=0 batch=5/57 microbatch=32 effective_global_batch=128 loss=0.4016 norm_pos=0.3676 norm_neg=nan gap=nan throughput=9.06 samples/s time=7.07s
rank=0 batch=6/57 microbatch=32 effective_global_batch=128 loss=0.4031 norm_pos=0.3696 norm_neg=nan gap=nan grad_norm=0.0502 throughput=9.26 samples/s time=6.92s
rank=0 batch=7/57 microbatch=32 effective_global_batch=128 loss=0.3990 norm_pos=0.3665 norm_neg=nan gap=nan throughput=8.92 samples/s time=7.18s
rank=0 batch=8/57 microbatch=32 effective_global_batch=128 loss=0.4087 norm_pos=0.3788 norm_neg=nan gap=nan grad_norm=0.0514 throughput=9.21 samples/s time=6.95s
rank=0 batch=9/57 microbatch=32 effective_global_batch=128 loss=0.4013 norm_pos=0.3692 norm_neg=nan gap=nan throughput=9.01 samples/s time=7.11s
rank=0 batch=10/57 microbatch=32 effective_global_batch=128 loss=0.4005 norm_pos=0.3683 norm_neg=nan gap=nan grad_norm=0.0496 throughput=8.95 samples/s time=7.15s
rank=0 batch=11/57 microbatch=32 effective_global_batch=128 loss=0.3997 norm_pos=0.3683 norm_neg=nan gap=nan throughput=9.20 samples/s time=6.96s
rank=0 batch=12/57 microbatch=32 effective_global_batch=128 loss=0.4012 norm_pos=0.3697 norm_neg=nan gap=nan grad_norm=0.0495 throughput=8.96 samples/s time=7.14s
rank=0 batch=13/57 microbatch=32 effective_global_batch=128 loss=0.3978 norm_pos=0.3664 norm_neg=nan gap=nan throughput=9.07 samples/s time=7.05s
rank=0 batch=14/57 microbatch=32 effective_global_batch=128 loss=0.3931 norm_pos=0.3621 norm_neg=nan gap=nan grad_norm=0.0498 throughput=8.93 samples/s time=7.17s
rank=0 batch=15/57 microbatch=32 effective_global_batch=128 loss=0.3970 norm_pos=0.3662 norm_neg=nan gap=nan throughput=9.33 samples/s time=6.86s
rank=0 batch=16/57 microbatch=32 effective_global_batch=128 loss=0.3964 norm_pos=0.3663 norm_neg=nan gap=nan grad_norm=0.0481 throughput=9.14 samples/s time=7.00s
rank=0 batch=17/57 microbatch=32 effective_global_batch=128 loss=0.3976 norm_pos=0.3679 norm_neg=nan gap=nan throughput=9.04 samples/s time=7.08s
rank=0 batch=18/57 microbatch=32 effective_global_batch=128 loss=0.3954 norm_pos=0.3653 norm_neg=nan gap=nan grad_norm=0.0477 throughput=8.97 samples/s time=7.14s
rank=0 batch=19/57 microbatch=32 effective_global_batch=128 loss=0.3975 norm_pos=0.3668 norm_neg=nan gap=nan throughput=9.15 samples/s time=6.99s
rank=0 batch=20/57 microbatch=32 effective_global_batch=128 loss=0.3955 norm_pos=0.3659 norm_neg=nan gap=nan grad_norm=0.0457 throughput=9.00 samples/s time=7.11s
rank=0 batch=21/57 microbatch=32 effective_global_batch=128 loss=0.3931 norm_pos=0.3638 norm_neg=nan gap=nan throughput=9.02 samples/s time=7.09s
rank=0 batch=22/57 microbatch=32 effective_global_batch=128 loss=0.3945 norm_pos=0.3666 norm_neg=nan gap=nan grad_norm=0.0482 throughput=9.22 samples/s time=6.94s
rank=0 batch=23/57 microbatch=32 effective_global_batch=128 loss=0.3945 norm_pos=0.3665 norm_neg=nan gap=nan throughput=9.14 samples/s time=7.01s
rank=0 batch=24/57 microbatch=32 effective_global_batch=128 loss=0.3920 norm_pos=0.3635 norm_neg=nan gap=nan grad_norm=0.0474 throughput=8.82 samples/s time=7.25s
rank=0 batch=25/57 microbatch=32 effective_global_batch=128 loss=0.3932 norm_pos=0.3654 norm_neg=nan gap=nan throughput=9.22 samples/s time=6.94s gpu=0.06/1.34GB rss=6.08GB
rank=0 batch=26/57 microbatch=32 effective_global_batch=128 loss=0.3934 norm_pos=0.3658 norm_neg=nan gap=nan grad_norm=0.0511 throughput=9.02 samples/s time=7.09s
rank=0 batch=27/57 microbatch=32 effective_global_batch=128 loss=0.3878 norm_pos=0.3584 norm_neg=nan gap=nan throughput=9.17 samples/s time=6.98s
rank=0 batch=28/57 microbatch=32 effective_global_batch=128 loss=0.3906 norm_pos=0.3616 norm_neg=nan gap=nan grad_norm=0.0482 throughput=9.00 samples/s time=7.11s
rank=0 batch=29/57 microbatch=32 effective_global_batch=128 loss=0.3907 norm_pos=0.3638 norm_neg=nan gap=nan throughput=9.09 samples/s time=7.04s
rank=0 batch=30/57 microbatch=32 effective_global_batch=128 loss=0.3919 norm_pos=0.3660 norm_neg=nan gap=nan grad_norm=0.0472 throughput=9.30 samples/s time=6.88s
rank=0 batch=31/57 microbatch=32 effective_global_batch=128 loss=0.3877 norm_pos=0.3592 norm_neg=nan gap=nan throughput=8.75 samples/s time=7.32s
rank=0 batch=32/57 microbatch=32 effective_global_batch=128 loss=0.3876 norm_pos=0.3612 norm_neg=nan gap=nan grad_norm=0.0475 throughput=8.97 samples/s time=7.14s
rank=0 batch=33/57 microbatch=32 effective_global_batch=128 loss=0.3846 norm_pos=0.3571 norm_neg=nan gap=nan throughput=9.04 samples/s time=7.08s
rank=0 batch=34/57 microbatch=32 effective_global_batch=128 loss=0.3842 norm_pos=0.3559 norm_neg=nan gap=nan grad_norm=0.0563 throughput=8.74 samples/s time=7.32s
rank=0 batch=35/57 microbatch=32 effective_global_batch=128 loss=0.3894 norm_pos=0.3644 norm_neg=nan gap=nan throughput=9.14 samples/s time=7.00s
rank=0 batch=36/57 microbatch=32 effective_global_batch=128 loss=0.3868 norm_pos=0.3609 norm_neg=nan gap=nan grad_norm=0.0488 throughput=9.10 samples/s time=7.03s
rank=0 batch=37/57 microbatch=32 effective_global_batch=128 loss=0.3828 norm_pos=0.3561 norm_neg=nan gap=nan throughput=8.99 samples/s time=7.12s
rank=0 batch=38/57 microbatch=32 effective_global_batch=128 loss=0.3844 norm_pos=0.3586 norm_neg=nan gap=nan grad_norm=0.0514 throughput=9.23 samples/s time=6.93s
rank=0 batch=39/57 microbatch=32 effective_global_batch=128 loss=0.3824 norm_pos=0.3556 norm_neg=nan gap=nan throughput=9.21 samples/s time=6.95s
rank=0 batch=40/57 microbatch=32 effective_global_batch=128 loss=0.3826 norm_pos=0.3567 norm_neg=nan gap=nan grad_norm=0.0516 throughput=9.11 samples/s time=7.02s
rank=0 batch=41/57 microbatch=32 effective_global_batch=128 loss=0.3812 norm_pos=0.3559 norm_neg=nan gap=nan throughput=9.22 samples/s time=6.94s
rank=0 batch=42/57 microbatch=32 effective_global_batch=128 loss=0.3841 norm_pos=0.3592 norm_neg=nan gap=nan grad_norm=0.0517 throughput=8.98 samples/s time=7.12s
rank=0 batch=43/57 microbatch=32 effective_global_batch=128 loss=0.3832 norm_pos=0.3579 norm_neg=nan gap=nan throughput=9.09 samples/s time=7.04s
rank=0 batch=44/57 microbatch=32 effective_global_batch=128 loss=0.3796 norm_pos=0.3532 norm_neg=nan gap=nan grad_norm=0.0603 throughput=9.11 samples/s time=7.02s
rank=0 batch=45/57 microbatch=32 effective_global_batch=128 loss=0.3854 norm_pos=0.3617 norm_neg=nan gap=nan throughput=9.24 samples/s time=6.93s
rank=0 batch=46/57 microbatch=32 effective_global_batch=128 loss=0.3824 norm_pos=0.3573 norm_neg=nan gap=nan grad_norm=0.0526 throughput=9.29 samples/s time=6.89s
rank=0 batch=47/57 microbatch=32 effective_global_batch=128 loss=0.3798 norm_pos=0.3554 norm_neg=nan gap=nan throughput=9.28 samples/s time=6.90s
rank=0 batch=48/57 microbatch=32 effective_global_batch=128 loss=0.3773 norm_pos=0.3521 norm_neg=nan gap=nan grad_norm=0.0551 throughput=9.09 samples/s time=7.04s
rank=0 batch=49/57 microbatch=32 effective_global_batch=128 loss=0.3764 norm_pos=0.3500 norm_neg=nan gap=nan throughput=9.07 samples/s time=7.06s
rank=0 batch=50/57 microbatch=32 effective_global_batch=128 loss=0.3771 norm_pos=0.3514 norm_neg=nan gap=nan grad_norm=0.0547 throughput=8.99 samples/s time=7.12s gpu=0.05/1.34GB rss=6.05GB
rank=0 batch=51/57 microbatch=32 effective_global_batch=128 loss=0.3761 norm_pos=0.3514 norm_neg=nan gap=nan throughput=9.09 samples/s time=7.04s
rank=0 batch=52/57 microbatch=32 effective_global_batch=128 loss=0.3780 norm_pos=0.3521 norm_neg=nan gap=nan grad_norm=0.0531 throughput=9.24 samples/s time=6.93s
rank=0 batch=53/57 microbatch=32 effective_global_batch=128 loss=0.3763 norm_pos=0.3527 norm_neg=nan gap=nan throughput=9.22 samples/s time=6.94s
rank=0 batch=54/57 microbatch=32 effective_global_batch=128 loss=0.3763 norm_pos=0.3513 norm_neg=nan gap=nan grad_norm=0.0600 throughput=9.21 samples/s time=6.95s
rank=0 batch=55/57 microbatch=32 effective_global_batch=128 loss=0.3733 norm_pos=0.3484 norm_neg=nan gap=nan throughput=9.08 samples/s time=7.05s
rank=0 batch=56/57 microbatch=32 effective_global_batch=128 loss=0.3778 norm_pos=0.3524 norm_neg=nan gap=nan grad_norm=0.0752 throughput=9.01 samples/s time=7.10s
rank=0 batch=57/57 microbatch=8 effective_global_batch=32 loss=0.3737 norm_pos=0.3451 norm_neg=nan gap=nan grad_norm=0.0587 throughput=8.30 samples/s time=1.93s
epoch=4 train_loss=0.3902 val_loss=0.3727 elapsed=462.4s
epoch=5/20 world_size=2
wandb: WARNING Tried to log to step 4 that is less than the current step 5. Steps must be monotonically increasing, so this data will be ignored. See https://wandb.me/define-metric to log data out of order.
rank=0 batch=1/57 microbatch=32 effective_global_batch=128 loss=0.3732 norm_pos=0.3485 norm_neg=nan gap=nan throughput=8.97 samples/s time=7.13s gpu=0.06/1.34GB rss=6.07GB
rank=0 batch=2/57 microbatch=32 effective_global_batch=128 loss=0.3724 norm_pos=0.3478 norm_neg=nan gap=nan grad_norm=0.0889 throughput=9.12 samples/s time=7.02s
rank=0 batch=3/57 microbatch=32 effective_global_batch=128 loss=0.3711 norm_pos=0.3476 norm_neg=nan gap=nan throughput=9.13 samples/s time=7.01s
rank=0 batch=4/57 microbatch=32 effective_global_batch=128 loss=0.3704 norm_pos=0.3452 norm_neg=nan gap=nan grad_norm=0.0885 throughput=9.16 samples/s time=6.99s
rank=0 batch=5/57 microbatch=32 effective_global_batch=128 loss=0.3692 norm_pos=0.3465 norm_neg=nan gap=nan throughput=9.11 samples/s time=7.03s
rank=0 batch=6/57 microbatch=32 effective_global_batch=128 loss=0.3730 norm_pos=0.3499 norm_neg=nan gap=nan grad_norm=0.1159 throughput=8.94 samples/s time=7.16s
rank=0 batch=7/57 microbatch=32 effective_global_batch=128 loss=0.3716 norm_pos=0.3452 norm_neg=nan gap=nan throughput=9.04 samples/s time=7.08s
rank=0 batch=8/57 microbatch=32 effective_global_batch=128 loss=0.3682 norm_pos=0.3430 norm_neg=nan gap=nan grad_norm=0.1040 throughput=8.93 samples/s time=7.17s
rank=0 batch=9/57 microbatch=32 effective_global_batch=128 loss=0.3706 norm_pos=0.3455 norm_neg=nan gap=nan throughput=8.88 samples/s time=7.21s
rank=0 batch=10/57 microbatch=32 effective_global_batch=128 loss=0.3662 norm_pos=0.3435 norm_neg=nan gap=nan grad_norm=0.1160 throughput=8.87 samples/s time=7.21s
rank=0 batch=11/57 microbatch=32 effective_global_batch=128 loss=0.3694 norm_pos=0.3444 norm_neg=nan gap=nan throughput=8.79 samples/s time=7.28s
rank=0 batch=12/57 microbatch=32 effective_global_batch=128 loss=0.3701 norm_pos=0.3453 norm_neg=nan gap=nan grad_norm=0.1104 throughput=8.88 samples/s time=7.21s
rank=0 batch=13/57 microbatch=32 effective_global_batch=128 loss=0.3672 norm_pos=0.3431 norm_neg=nan gap=nan throughput=8.64 samples/s time=7.41s
rank=0 batch=14/57 microbatch=32 effective_global_batch=128 loss=0.3677 norm_pos=0.3430 norm_neg=nan gap=nan grad_norm=0.1161 throughput=8.84 samples/s time=7.24s
rank=0 batch=15/57 microbatch=32 effective_global_batch=128 loss=0.3644 norm_pos=0.3402 norm_neg=nan gap=nan throughput=9.05 samples/s time=7.07s
rank=0 batch=16/57 microbatch=32 effective_global_batch=128 loss=0.3605 norm_pos=0.3373 norm_neg=nan gap=nan grad_norm=0.1074 throughput=8.91 samples/s time=7.18s
rank=0 batch=17/57 microbatch=32 effective_global_batch=128 loss=0.3681 norm_pos=0.3453 norm_neg=nan gap=nan throughput=9.09 samples/s time=7.04s
rank=0 batch=18/57 microbatch=32 effective_global_batch=128 loss=0.3684 norm_pos=0.3436 norm_neg=nan gap=nan grad_norm=0.1055 throughput=8.95 samples/s time=7.15s
rank=0 batch=19/57 microbatch=32 effective_global_batch=128 loss=0.3677 norm_pos=0.3450 norm_neg=nan gap=nan throughput=8.94 samples/s time=7.16s
rank=0 batch=20/57 microbatch=32 effective_global_batch=128 loss=0.3634 norm_pos=0.3391 norm_neg=nan gap=nan grad_norm=0.1003 throughput=8.95 samples/s time=7.15s
rank=0 batch=21/57 microbatch=32 effective_global_batch=128 loss=0.3602 norm_pos=0.3369 norm_neg=nan gap=nan throughput=9.11 samples/s time=7.03s
rank=0 batch=22/57 microbatch=32 effective_global_batch=128 loss=0.3626 norm_pos=0.3396 norm_neg=nan gap=nan grad_norm=0.1033 throughput=9.00 samples/s time=7.11s
rank=0 batch=23/57 microbatch=32 effective_global_batch=128 loss=0.3668 norm_pos=0.3434 norm_neg=nan gap=nan throughput=9.17 samples/s time=6.98s
rank=0 batch=24/57 microbatch=32 effective_global_batch=128 loss=0.3652 norm_pos=0.3411 norm_neg=nan gap=nan grad_norm=0.1053 throughput=8.98 samples/s time=7.13s
rank=0 batch=25/57 microbatch=32 effective_global_batch=128 loss=0.3597 norm_pos=0.3348 norm_neg=nan gap=nan throughput=8.91 samples/s time=7.18s gpu=0.06/1.34GB rss=6.09GB
rank=0 batch=26/57 microbatch=32 effective_global_batch=128 loss=0.3635 norm_pos=0.3402 norm_neg=nan gap=nan grad_norm=0.0909 throughput=9.11 samples/s time=7.02s
rank=0 batch=27/57 microbatch=32 effective_global_batch=128 loss=0.3625 norm_pos=0.3398 norm_neg=nan gap=nan throughput=9.28 samples/s time=6.90s
rank=0 batch=28/57 microbatch=32 effective_global_batch=128 loss=0.3586 norm_pos=0.3350 norm_neg=nan gap=nan grad_norm=0.0986 throughput=8.91 samples/s time=7.18s
rank=0 batch=29/57 microbatch=32 effective_global_batch=128 loss=0.3588 norm_pos=0.3359 norm_neg=nan gap=nan throughput=8.92 samples/s time=7.17s
rank=0 batch=30/57 microbatch=32 effective_global_batch=128 loss=0.3599 norm_pos=0.3353 norm_neg=nan gap=nan grad_norm=0.0928 throughput=8.77 samples/s time=7.30s
rank=0 batch=31/57 microbatch=32 effective_global_batch=128 loss=0.3617 norm_pos=0.3383 norm_neg=nan gap=nan throughput=9.11 samples/s time=7.03s
rank=0 batch=32/57 microbatch=32 effective_global_batch=128 loss=0.3632 norm_pos=0.3409 norm_neg=nan gap=nan grad_norm=0.0951 throughput=8.85 samples/s time=7.23s
rank=0 batch=33/57 microbatch=32 effective_global_batch=128 loss=0.3625 norm_pos=0.3398 norm_neg=nan gap=nan throughput=8.92 samples/s time=7.18s
rank=0 batch=34/57 microbatch=32 effective_global_batch=128 loss=0.3562 norm_pos=0.3322 norm_neg=nan gap=nan grad_norm=0.1147 throughput=9.00 samples/s time=7.11s
rank=0 batch=35/57 microbatch=32 effective_global_batch=128 loss=0.3567 norm_pos=0.3331 norm_neg=nan gap=nan throughput=8.98 samples/s time=7.13s
rank=0 batch=36/57 microbatch=32 effective_global_batch=128 loss=0.3553 norm_pos=0.3317 norm_neg=nan gap=nan grad_norm=0.0920 throughput=8.75 samples/s time=7.31s
rank=0 batch=37/57 microbatch=32 effective_global_batch=128 loss=0.3595 norm_pos=0.3378 norm_neg=nan gap=nan throughput=9.13 samples/s time=7.01s
rank=0 batch=38/57 microbatch=32 effective_global_batch=128 loss=0.3525 norm_pos=0.3290 norm_neg=nan gap=nan grad_norm=0.0981 throughput=8.75 samples/s time=7.32s
rank=0 batch=39/57 microbatch=32 effective_global_batch=128 loss=0.3610 norm_pos=0.3347 norm_neg=nan gap=nan throughput=8.95 samples/s time=7.15s
rank=0 batch=40/57 microbatch=32 effective_global_batch=128 loss=0.3537 norm_pos=0.3308 norm_neg=nan gap=nan grad_norm=0.0882 throughput=8.89 samples/s time=7.20s
rank=0 batch=41/57 microbatch=32 effective_global_batch=128 loss=0.3597 norm_pos=0.3380 norm_neg=nan gap=nan throughput=8.98 samples/s time=7.13s
rank=0 batch=42/57 microbatch=32 effective_global_batch=128 loss=0.3580 norm_pos=0.3339 norm_neg=nan gap=nan grad_norm=0.1031 throughput=8.78 samples/s time=7.29s
rank=0 batch=43/57 microbatch=32 effective_global_batch=128 loss=0.3582 norm_pos=0.3357 norm_neg=nan gap=nan throughput=9.00 samples/s time=7.11s
rank=0 batch=44/57 microbatch=32 effective_global_batch=128 loss=0.3606 norm_pos=0.3364 norm_neg=nan gap=nan grad_norm=0.0890 throughput=8.63 samples/s time=7.42s
rank=0 batch=45/57 microbatch=32 effective_global_batch=128 loss=0.3619 norm_pos=0.3395 norm_neg=nan gap=nan throughput=9.08 samples/s time=7.05s
rank=0 batch=46/57 microbatch=32 effective_global_batch=128 loss=0.3530 norm_pos=0.3292 norm_neg=nan gap=nan grad_norm=0.1110 throughput=8.86 samples/s time=7.22s
rank=0 batch=47/57 microbatch=32 effective_global_batch=128 loss=0.3529 norm_pos=0.3307 norm_neg=nan gap=nan throughput=9.17 samples/s time=6.98s
rank=0 batch=48/57 microbatch=32 effective_global_batch=128 loss=0.3589 norm_pos=0.3353 norm_neg=nan gap=nan grad_norm=0.1087 throughput=8.66 samples/s time=7.39s
rank=0 batch=49/57 microbatch=32 effective_global_batch=128 loss=0.3596 norm_pos=0.3373 norm_neg=nan gap=nan throughput=8.86 samples/s time=7.22s
rank=0 batch=50/57 microbatch=32 effective_global_batch=128 loss=0.3527 norm_pos=0.3279 norm_neg=nan gap=nan grad_norm=0.1125 throughput=8.92 samples/s time=7.18s gpu=0.05/1.34GB rss=6.09GB
rank=0 batch=51/57 microbatch=32 effective_global_batch=128 loss=0.3557 norm_pos=0.3314 norm_neg=nan gap=nan throughput=8.75 samples/s time=7.32s
rank=0 batch=52/57 microbatch=32 effective_global_batch=128 loss=0.3547 norm_pos=0.3289 norm_neg=nan gap=nan grad_norm=0.1128 throughput=8.64 samples/s time=7.41s
rank=0 batch=53/57 microbatch=32 effective_global_batch=128 loss=0.3529 norm_pos=0.3296 norm_neg=nan gap=nan throughput=9.13 samples/s time=7.01s
rank=0 batch=54/57 microbatch=32 effective_global_batch=128 loss=0.3554 norm_pos=0.3326 norm_neg=nan gap=nan grad_norm=0.1229 throughput=9.00 samples/s time=7.11s
rank=0 batch=55/57 microbatch=32 effective_global_batch=128 loss=0.3492 norm_pos=0.3262 norm_neg=nan gap=nan throughput=9.07 samples/s time=7.06s
rank=0 batch=56/57 microbatch=32 effective_global_batch=128 loss=0.3625 norm_pos=0.3393 norm_neg=nan gap=nan grad_norm=0.1334 throughput=8.99 samples/s time=7.12s
rank=0 batch=57/57 microbatch=8 effective_global_batch=32 loss=0.3438 norm_pos=0.3222 norm_neg=nan gap=nan grad_norm=0.0657 throughput=8.49 samples/s time=1.88s
epoch=5 train_loss=0.3620 val_loss=0.3550 elapsed=467.5s
epoch=6/20 world_size=2
wandb: WARNING Tried to log to step 5 that is less than the current step 6. Steps must be monotonically increasing, so this data will be ignored. See https://wandb.me/define-metric to log data out of order.
rank=0 batch=1/57 microbatch=32 effective_global_batch=128 loss=0.3581 norm_pos=0.3349 norm_neg=nan gap=nan throughput=8.83 samples/s time=7.25s gpu=0.06/1.34GB rss=6.07GB
rank=0 batch=2/57 microbatch=32 effective_global_batch=128 loss=0.3569 norm_pos=0.3340 norm_neg=nan gap=nan grad_norm=0.1597 throughput=9.60 samples/s time=6.67s
rank=0 batch=3/57 microbatch=32 effective_global_batch=128 loss=0.3550 norm_pos=0.3333 norm_neg=nan gap=nan throughput=9.21 samples/s time=6.95s
rank=0 batch=4/57 microbatch=32 effective_global_batch=128 loss=0.3563 norm_pos=0.3357 norm_neg=nan gap=nan grad_norm=0.1056 throughput=9.27 samples/s time=6.90s
rank=0 batch=5/57 microbatch=32 effective_global_batch=128 loss=0.3555 norm_pos=0.3335 norm_neg=nan gap=nan throughput=9.17 samples/s time=6.98s
rank=0 batch=6/57 microbatch=32 effective_global_batch=128 loss=0.3566 norm_pos=0.3333 norm_neg=nan gap=nan grad_norm=0.1379 throughput=8.89 samples/s time=7.20s
rank=0 batch=7/57 microbatch=32 effective_global_batch=128 loss=0.3560 norm_pos=0.3329 norm_neg=nan gap=nan throughput=8.98 samples/s time=7.13s
rank=0 batch=8/57 microbatch=32 effective_global_batch=128 loss=0.3517 norm_pos=0.3290 norm_neg=nan gap=nan grad_norm=0.1136 throughput=9.10 samples/s time=7.03s
rank=0 batch=9/57 microbatch=32 effective_global_batch=128 loss=0.3493 norm_pos=0.3255 norm_neg=nan gap=nan throughput=8.95 samples/s time=7.15s
rank=0 batch=10/57 microbatch=32 effective_global_batch=128 loss=0.3538 norm_pos=0.3309 norm_neg=nan gap=nan grad_norm=0.1212 throughput=8.91 samples/s time=7.18s
rank=0 batch=11/57 microbatch=32 effective_global_batch=128 loss=0.3538 norm_pos=0.3304 norm_neg=nan gap=nan throughput=8.99 samples/s time=7.12s
rank=0 batch=12/57 microbatch=32 effective_global_batch=128 loss=0.3588 norm_pos=0.3361 norm_neg=nan gap=nan grad_norm=0.1378 throughput=8.89 samples/s time=7.20s
rank=0 batch=13/57 microbatch=32 effective_global_batch=128 loss=0.3526 norm_pos=0.3296 norm_neg=nan gap=nan throughput=8.81 samples/s time=7.27s
rank=0 batch=14/57 microbatch=32 effective_global_batch=128 loss=0.3541 norm_pos=0.3322 norm_neg=nan gap=nan grad_norm=0.1252 throughput=8.96 samples/s time=7.14s
rank=0 batch=15/57 microbatch=32 effective_global_batch=128 loss=0.3489 norm_pos=0.3245 norm_neg=nan gap=nan throughput=8.97 samples/s time=7.13s
rank=0 batch=16/57 microbatch=32 effective_global_batch=128 loss=0.3587 norm_pos=0.3360 norm_neg=nan gap=nan grad_norm=0.1454 throughput=8.95 samples/s time=7.15s
rank=0 batch=17/57 microbatch=32 effective_global_batch=128 loss=0.3507 norm_pos=0.3271 norm_neg=nan gap=nan throughput=8.95 samples/s time=7.15s
rank=0 batch=18/57 microbatch=32 effective_global_batch=128 loss=0.3502 norm_pos=0.3284 norm_neg=nan gap=nan grad_norm=0.1366 throughput=9.00 samples/s time=7.11s
rank=0 batch=19/57 microbatch=32 effective_global_batch=128 loss=0.3462 norm_pos=0.3223 norm_neg=nan gap=nan throughput=9.10 samples/s time=7.03s
rank=0 batch=20/57 microbatch=32 effective_global_batch=128 loss=0.3482 norm_pos=0.3240 norm_neg=nan gap=nan grad_norm=0.1446 throughput=8.50 samples/s time=7.53s
rank=0 batch=21/57 microbatch=32 effective_global_batch=128 loss=0.3513 norm_pos=0.3295 norm_neg=nan gap=nan throughput=8.87 samples/s time=7.21s
rank=0 batch=22/57 microbatch=32 effective_global_batch=128 loss=0.3544 norm_pos=0.3331 norm_neg=nan gap=nan grad_norm=0.1511 throughput=8.93 samples/s time=7.17s
rank=0 batch=23/57 microbatch=32 effective_global_batch=128 loss=0.3480 norm_pos=0.3243 norm_neg=nan gap=nan throughput=8.90 samples/s time=7.19s
rank=0 batch=24/57 microbatch=32 effective_global_batch=128 loss=0.3525 norm_pos=0.3316 norm_neg=nan gap=nan grad_norm=0.1559 throughput=9.11 samples/s time=7.02s
rank=0 batch=25/57 microbatch=32 effective_global_batch=128 loss=0.3518 norm_pos=0.3296 norm_neg=nan gap=nan throughput=9.08 samples/s time=7.04s gpu=0.06/1.34GB rss=6.07GB
rank=0 batch=26/57 microbatch=32 effective_global_batch=128 loss=0.3499 norm_pos=0.3289 norm_neg=nan gap=nan grad_norm=0.1451 throughput=8.86 samples/s time=7.22s
rank=0 batch=27/57 microbatch=32 effective_global_batch=128 loss=0.3523 norm_pos=0.3316 norm_neg=nan gap=nan throughput=9.06 samples/s time=7.06s
rank=0 batch=28/57 microbatch=32 effective_global_batch=128 loss=0.3517 norm_pos=0.3292 norm_neg=nan gap=nan grad_norm=0.1435 throughput=8.86 samples/s time=7.22s
rank=0 batch=29/57 microbatch=32 effective_global_batch=128 loss=0.3541 norm_pos=0.3310 norm_neg=nan gap=nan throughput=8.89 samples/s time=7.20s
rank=0 batch=30/57 microbatch=32 effective_global_batch=128 loss=0.3531 norm_pos=0.3309 norm_neg=nan gap=nan grad_norm=0.1488 throughput=9.13 samples/s time=7.01s
rank=0 batch=31/57 microbatch=32 effective_global_batch=128 loss=0.3492 norm_pos=0.3278 norm_neg=nan gap=nan throughput=9.09 samples/s time=7.04s
rank=0 batch=32/57 microbatch=32 effective_global_batch=128 loss=0.3516 norm_pos=0.3310 norm_neg=nan gap=nan grad_norm=0.1476 throughput=9.12 samples/s time=7.02s
rank=0 batch=33/57 microbatch=32 effective_global_batch=128 loss=0.3467 norm_pos=0.3236 norm_neg=nan gap=nan throughput=9.26 samples/s time=6.91s
rank=0 batch=34/57 microbatch=32 effective_global_batch=128 loss=0.3484 norm_pos=0.3240 norm_neg=nan gap=nan grad_norm=0.1559 throughput=8.83 samples/s time=7.25s
rank=0 batch=35/57 microbatch=32 effective_global_batch=128 loss=0.3551 norm_pos=0.3332 norm_neg=nan gap=nan throughput=9.04 samples/s time=7.08s
rank=0 batch=36/57 microbatch=32 effective_global_batch=128 loss=0.3508 norm_pos=0.3301 norm_neg=nan gap=nan grad_norm=0.1525 throughput=8.89 samples/s time=7.20s
rank=0 batch=37/57 microbatch=32 effective_global_batch=128 loss=0.3541 norm_pos=0.3337 norm_neg=nan gap=nan throughput=9.17 samples/s time=6.98s
rank=0 batch=38/57 microbatch=32 effective_global_batch=128 loss=0.3531 norm_pos=0.3309 norm_neg=nan gap=nan grad_norm=0.1578 throughput=8.86 samples/s time=7.23s
rank=0 batch=39/57 microbatch=32 effective_global_batch=128 loss=0.3492 norm_pos=0.3270 norm_neg=nan gap=nan throughput=8.97 samples/s time=7.14s
rank=0 batch=40/57 microbatch=32 effective_global_batch=128 loss=0.3506 norm_pos=0.3284 norm_neg=nan gap=nan grad_norm=0.1515 throughput=9.00 samples/s time=7.11s
rank=0 batch=41/57 microbatch=32 effective_global_batch=128 loss=0.3476 norm_pos=0.3249 norm_neg=nan gap=nan throughput=8.96 samples/s time=7.14s
rank=0 batch=42/57 microbatch=32 effective_global_batch=128 loss=0.3503 norm_pos=0.3268 norm_neg=nan gap=nan grad_norm=0.1366 throughput=8.98 samples/s time=7.12s
rank=0 batch=43/57 microbatch=32 effective_global_batch=128 loss=0.3484 norm_pos=0.3239 norm_neg=nan gap=nan throughput=8.94 samples/s time=7.16s
rank=0 batch=44/57 microbatch=32 effective_global_batch=128 loss=0.3457 norm_pos=0.3214 norm_neg=nan gap=nan grad_norm=0.1606 throughput=8.86 samples/s time=7.22s
rank=0 batch=45/57 microbatch=32 effective_global_batch=128 loss=0.3446 norm_pos=0.3226 norm_neg=nan gap=nan throughput=9.08 samples/s time=7.05s
rank=0 batch=46/57 microbatch=32 effective_global_batch=128 loss=0.3554 norm_pos=0.3337 norm_neg=nan gap=nan grad_norm=0.1410 throughput=9.05 samples/s time=7.07s
rank=0 batch=47/57 microbatch=32 effective_global_batch=128 loss=0.3505 norm_pos=0.3293 norm_neg=nan gap=nan throughput=9.16 samples/s time=6.99s
rank=0 batch=48/57 microbatch=32 effective_global_batch=128 loss=0.3481 norm_pos=0.3251 norm_neg=nan gap=nan grad_norm=0.1489 throughput=9.34 samples/s time=6.85s
rank=0 batch=49/57 microbatch=32 effective_global_batch=128 loss=0.3535 norm_pos=0.3295 norm_neg=nan gap=nan throughput=9.26 samples/s time=6.91s
rank=0 batch=50/57 microbatch=32 effective_global_batch=128 loss=0.3504 norm_pos=0.3276 norm_neg=nan gap=nan grad_norm=0.1493 throughput=8.94 samples/s time=7.16s gpu=0.05/1.34GB rss=6.08GB
rank=0 batch=51/57 microbatch=32 effective_global_batch=128 loss=0.3465 norm_pos=0.3251 norm_neg=nan gap=nan throughput=9.32 samples/s time=6.87s
rank=0 batch=52/57 microbatch=32 effective_global_batch=128 loss=0.3460 norm_pos=0.3240 norm_neg=nan gap=nan grad_norm=0.1536 throughput=9.25 samples/s time=6.92s
rank=0 batch=53/57 microbatch=32 effective_global_batch=128 loss=0.3469 norm_pos=0.3234 norm_neg=nan gap=nan throughput=9.16 samples/s time=6.98s
rank=0 batch=54/57 microbatch=32 effective_global_batch=128 loss=0.3450 norm_pos=0.3235 norm_neg=nan gap=nan grad_norm=0.1331 throughput=9.02 samples/s time=7.09s
rank=0 batch=55/57 microbatch=32 effective_global_batch=128 loss=0.3476 norm_pos=0.3247 norm_neg=nan gap=nan throughput=9.08 samples/s time=7.05s
rank=0 batch=56/57 microbatch=32 effective_global_batch=128 loss=0.3488 norm_pos=0.3268 norm_neg=nan gap=nan grad_norm=0.1582 throughput=9.23 samples/s time=6.93s
rank=0 batch=57/57 microbatch=8 effective_global_batch=32 loss=0.3445 norm_pos=0.3217 norm_neg=nan gap=nan grad_norm=0.0786 throughput=8.52 samples/s time=1.88s
epoch=6 train_loss=0.3513 val_loss=0.3490 elapsed=465.9s
epoch=7/20 world_size=2
wandb: WARNING Tried to log to step 6 that is less than the current step 7. Steps must be monotonically increasing, so this data will be ignored. See https://wandb.me/define-metric to log data out of order.
rank=0 batch=1/57 microbatch=32 effective_global_batch=128 loss=0.3488 norm_pos=0.3267 norm_neg=nan gap=nan throughput=9.27 samples/s time=6.91s gpu=0.06/1.34GB rss=6.08GB
rank=0 batch=2/57 microbatch=32 effective_global_batch=128 loss=0.3510 norm_pos=0.3290 norm_neg=nan gap=nan grad_norm=0.1908 throughput=9.38 samples/s time=6.82s
rank=0 batch=3/57 microbatch=32 effective_global_batch=128 loss=0.3464 norm_pos=0.3238 norm_neg=nan gap=nan throughput=9.17 samples/s time=6.98s
rank=0 batch=4/57 microbatch=32 effective_global_batch=128 loss=0.3496 norm_pos=0.3280 norm_neg=nan gap=nan grad_norm=0.1275 throughput=8.79 samples/s time=7.28s
rank=0 batch=5/57 microbatch=32 effective_global_batch=128 loss=0.3472 norm_pos=0.3250 norm_neg=nan gap=nan throughput=9.13 samples/s time=7.01s
rank=0 batch=6/57 microbatch=32 effective_global_batch=128 loss=0.3501 norm_pos=0.3297 norm_neg=nan gap=nan grad_norm=0.1662 throughput=9.08 samples/s time=7.05s
rank=0 batch=7/57 microbatch=32 effective_global_batch=128 loss=0.3467 norm_pos=0.3250 norm_neg=nan gap=nan throughput=8.92 samples/s time=7.17s
rank=0 batch=8/57 microbatch=32 effective_global_batch=128 loss=0.3458 norm_pos=0.3255 norm_neg=nan gap=nan grad_norm=0.1652 throughput=8.99 samples/s time=7.12s
rank=0 batch=9/57 microbatch=32 effective_global_batch=128 loss=0.3458 norm_pos=0.3240 norm_neg=nan gap=nan throughput=9.03 samples/s time=7.09s
rank=0 batch=10/57 microbatch=32 effective_global_batch=128 loss=0.3450 norm_pos=0.3235 norm_neg=nan gap=nan grad_norm=0.1559 throughput=9.34 samples/s time=6.85s
rank=0 batch=11/57 microbatch=32 effective_global_batch=128 loss=0.3469 norm_pos=0.3251 norm_neg=nan gap=nan throughput=9.06 samples/s time=7.06s
rank=0 batch=12/57 microbatch=32 effective_global_batch=128 loss=0.3414 norm_pos=0.3189 norm_neg=nan gap=nan grad_norm=0.1681 throughput=9.11 samples/s time=7.03s
rank=0 batch=13/57 microbatch=32 effective_global_batch=128 loss=0.3437 norm_pos=0.3215 norm_neg=nan gap=nan throughput=9.14 samples/s time=7.00s
rank=0 batch=14/57 microbatch=32 effective_global_batch=128 loss=0.3443 norm_pos=0.3228 norm_neg=nan gap=nan grad_norm=0.1584 throughput=9.07 samples/s time=7.06s
rank=0 batch=15/57 microbatch=32 effective_global_batch=128 loss=0.3480 norm_pos=0.3279 norm_neg=nan gap=nan throughput=9.17 samples/s time=6.98s
rank=0 batch=16/57 microbatch=32 effective_global_batch=128 loss=0.3462 norm_pos=0.3238 norm_neg=nan gap=nan grad_norm=0.1446 throughput=9.27 samples/s time=6.90s
rank=0 batch=17/57 microbatch=32 effective_global_batch=128 loss=0.3472 norm_pos=0.3256 norm_neg=nan gap=nan throughput=9.07 samples/s time=7.06s
rank=0 batch=18/57 microbatch=32 effective_global_batch=128 loss=0.3434 norm_pos=0.3195 norm_neg=nan gap=nan grad_norm=0.1504 throughput=9.11 samples/s time=7.02s
rank=0 batch=19/57 microbatch=32 effective_global_batch=128 loss=0.3500 norm_pos=0.3286 norm_neg=nan gap=nan throughput=9.08 samples/s time=7.05s
rank=0 batch=20/57 microbatch=32 effective_global_batch=128 loss=0.3475 norm_pos=0.3258 norm_neg=nan gap=nan grad_norm=0.1500 throughput=9.05 samples/s time=7.07s
rank=0 batch=21/57 microbatch=32 effective_global_batch=128 loss=0.3493 norm_pos=0.3289 norm_neg=nan gap=nan throughput=9.18 samples/s time=6.97s
rank=0 batch=22/57 microbatch=32 effective_global_batch=128 loss=0.3477 norm_pos=0.3261 norm_neg=nan gap=nan grad_norm=0.1451 throughput=9.11 samples/s time=7.02s
rank=0 batch=23/57 microbatch=32 effective_global_batch=128 loss=0.3540 norm_pos=0.3359 norm_neg=nan gap=nan throughput=9.04 samples/s time=7.08s
rank=0 batch=24/57 microbatch=32 effective_global_batch=128 loss=0.3504 norm_pos=0.3296 norm_neg=nan gap=nan grad_norm=0.1623 throughput=9.11 samples/s time=7.03s
rank=0 batch=25/57 microbatch=32 effective_global_batch=128 loss=0.3420 norm_pos=0.3212 norm_neg=nan gap=nan throughput=8.92 samples/s time=7.17s gpu=0.06/1.34GB rss=6.09GB
rank=0 batch=26/57 microbatch=32 effective_global_batch=128 loss=0.3460 norm_pos=0.3256 norm_neg=nan gap=nan grad_norm=0.1634 throughput=9.10 samples/s time=7.03s
rank=0 batch=27/57 microbatch=32 effective_global_batch=128 loss=0.3460 norm_pos=0.3257 norm_neg=nan gap=nan throughput=9.02 samples/s time=7.10s
rank=0 batch=28/57 microbatch=32 effective_global_batch=128 loss=0.3486 norm_pos=0.3259 norm_neg=nan gap=nan grad_norm=0.1682 throughput=8.84 samples/s time=7.24s
rank=0 batch=29/57 microbatch=32 effective_global_batch=128 loss=0.3490 norm_pos=0.3260 norm_neg=nan gap=nan throughput=9.09 samples/s time=7.04s
rank=0 batch=30/57 microbatch=32 effective_global_batch=128 loss=0.3435 norm_pos=0.3223 norm_neg=nan gap=nan grad_norm=0.1707 throughput=8.92 samples/s time=7.18s
rank=0 batch=31/57 microbatch=32 effective_global_batch=128 loss=0.3478 norm_pos=0.3258 norm_neg=nan gap=nan throughput=8.87 samples/s time=7.21s
rank=0 batch=32/57 microbatch=32 effective_global_batch=128 loss=0.3441 norm_pos=0.3233 norm_neg=nan gap=nan grad_norm=0.1728 throughput=8.96 samples/s time=7.14s
rank=0 batch=33/57 microbatch=32 effective_global_batch=128 loss=0.3499 norm_pos=0.3287 norm_neg=nan gap=nan throughput=8.95 samples/s time=7.15s
rank=0 batch=34/57 microbatch=32 effective_global_batch=128 loss=0.3460 norm_pos=0.3246 norm_neg=nan gap=nan grad_norm=0.1846 throughput=8.96 samples/s time=7.15s
rank=0 batch=35/57 microbatch=32 effective_global_batch=128 loss=0.3471 norm_pos=0.3251 norm_neg=nan gap=nan throughput=8.82 samples/s time=7.26s
rank=0 batch=36/57 microbatch=32 effective_global_batch=128 loss=0.3511 norm_pos=0.3288 norm_neg=nan gap=nan grad_norm=0.1605 throughput=8.74 samples/s time=7.32s
rank=0 batch=37/57 microbatch=32 effective_global_batch=128 loss=0.3432 norm_pos=0.3221 norm_neg=nan gap=nan throughput=9.20 samples/s time=6.96s
rank=0 batch=38/57 microbatch=32 effective_global_batch=128 loss=0.3413 norm_pos=0.3192 norm_neg=nan gap=nan grad_norm=0.1634 throughput=8.85 samples/s time=7.24s
rank=0 batch=39/57 microbatch=32 effective_global_batch=128 loss=0.3434 norm_pos=0.3211 norm_neg=nan gap=nan throughput=8.94 samples/s time=7.16s
rank=0 batch=40/57 microbatch=32 effective_global_batch=128 loss=0.3433 norm_pos=0.3215 norm_neg=nan gap=nan grad_norm=0.1669 throughput=8.86 samples/s time=7.22s
rank=0 batch=41/57 microbatch=32 effective_global_batch=128 loss=0.3475 norm_pos=0.3281 norm_neg=nan gap=nan throughput=9.16 samples/s time=6.99s
rank=0 batch=42/57 microbatch=32 effective_global_batch=128 loss=0.3461 norm_pos=0.3231 norm_neg=nan gap=nan grad_norm=0.1370 throughput=9.12 samples/s time=7.01s
rank=0 batch=43/57 microbatch=32 effective_global_batch=128 loss=0.3496 norm_pos=0.3296 norm_neg=nan gap=nan throughput=9.15 samples/s time=6.99s
rank=0 batch=44/57 microbatch=32 effective_global_batch=128 loss=0.3473 norm_pos=0.3254 norm_neg=nan gap=nan grad_norm=0.1513 throughput=8.97 samples/s time=7.13s
rank=0 batch=45/57 microbatch=32 effective_global_batch=128 loss=0.3487 norm_pos=0.3291 norm_neg=nan gap=nan throughput=9.27 samples/s time=6.91s
rank=0 batch=46/57 microbatch=32 effective_global_batch=128 loss=0.3471 norm_pos=0.3245 norm_neg=nan gap=nan grad_norm=0.1761 throughput=8.86 samples/s time=7.22s
rank=0 batch=47/57 microbatch=32 effective_global_batch=128 loss=0.3470 norm_pos=0.3273 norm_neg=nan gap=nan throughput=9.25 samples/s time=6.92s
rank=0 batch=48/57 microbatch=32 effective_global_batch=128 loss=0.3434 norm_pos=0.3218 norm_neg=nan gap=nan grad_norm=0.1667 throughput=9.02 samples/s time=7.10s
rank=0 batch=49/57 microbatch=32 effective_global_batch=128 loss=0.3419 norm_pos=0.3204 norm_neg=nan gap=nan throughput=9.19 samples/s time=6.97s
rank=0 batch=50/57 microbatch=32 effective_global_batch=128 loss=0.3415 norm_pos=0.3213 norm_neg=nan gap=nan grad_norm=0.1554 throughput=9.06 samples/s time=7.07s gpu=0.05/1.34GB rss=6.10GB
rank=0 batch=51/57 microbatch=32 effective_global_batch=128 loss=0.3434 norm_pos=0.3201 norm_neg=nan gap=nan throughput=9.11 samples/s time=7.02s
rank=0 batch=52/57 microbatch=32 effective_global_batch=128 loss=0.3479 norm_pos=0.3290 norm_neg=nan gap=nan grad_norm=0.1831 throughput=9.11 samples/s time=7.03s
rank=0 batch=53/57 microbatch=32 effective_global_batch=128 loss=0.3447 norm_pos=0.3226 norm_neg=nan gap=nan throughput=9.11 samples/s time=7.02s
rank=0 batch=54/57 microbatch=32 effective_global_batch=128 loss=0.3416 norm_pos=0.3197 norm_neg=nan gap=nan grad_norm=0.1387 throughput=8.94 samples/s time=7.16s
rank=0 batch=55/57 microbatch=32 effective_global_batch=128 loss=0.3430 norm_pos=0.3230 norm_neg=nan gap=nan throughput=9.13 samples/s time=7.01s
rank=0 batch=56/57 microbatch=32 effective_global_batch=128 loss=0.3462 norm_pos=0.3252 norm_neg=nan gap=nan grad_norm=0.1951 throughput=9.09 samples/s time=7.04s
rank=0 batch=57/57 microbatch=8 effective_global_batch=32 loss=0.3369 norm_pos=0.3145 norm_neg=nan gap=nan grad_norm=0.0836 throughput=8.54 samples/s time=1.87s
epoch=7 train_loss=0.3466 val_loss=0.3457 elapsed=463.1s
epoch=8/20 world_size=2
wandb: WARNING Tried to log to step 7 that is less than the current step 8. Steps must be monotonically increasing, so this data will be ignored. See https://wandb.me/define-metric to log data out of order.
rank=0 batch=1/57 microbatch=32 effective_global_batch=128 loss=0.3421 norm_pos=0.3196 norm_neg=nan gap=nan throughput=8.89 samples/s time=7.20s gpu=0.06/1.34GB rss=6.05GB
rank=0 batch=2/57 microbatch=32 effective_global_batch=128 loss=0.3429 norm_pos=0.3225 norm_neg=nan gap=nan grad_norm=0.2387 throughput=9.10 samples/s time=7.03s
rank=0 batch=3/57 microbatch=32 effective_global_batch=128 loss=0.3412 norm_pos=0.3204 norm_neg=nan gap=nan throughput=9.18 samples/s time=6.97s
rank=0 batch=4/57 microbatch=32 effective_global_batch=128 loss=0.3389 norm_pos=0.3157 norm_neg=nan gap=nan grad_norm=0.1354 throughput=8.76 samples/s time=7.30s
rank=0 batch=5/57 microbatch=32 effective_global_batch=128 loss=0.3418 norm_pos=0.3209 norm_neg=nan gap=nan throughput=9.16 samples/s time=6.99s
rank=0 batch=6/57 microbatch=32 effective_global_batch=128 loss=0.3470 norm_pos=0.3252 norm_neg=nan gap=nan grad_norm=0.2058 throughput=8.92 samples/s time=7.17s
rank=0 batch=7/57 microbatch=32 effective_global_batch=128 loss=0.3431 norm_pos=0.3218 norm_neg=nan gap=nan throughput=8.95 samples/s time=7.15s
rank=0 batch=8/57 microbatch=32 effective_global_batch=128 loss=0.3468 norm_pos=0.3273 norm_neg=nan gap=nan grad_norm=0.1866 throughput=9.09 samples/s time=7.04s
rank=0 batch=9/57 microbatch=32 effective_global_batch=128 loss=0.3467 norm_pos=0.3267 norm_neg=nan gap=nan throughput=9.22 samples/s time=6.94s
rank=0 batch=10/57 microbatch=32 effective_global_batch=128 loss=0.3430 norm_pos=0.3229 norm_neg=nan gap=nan grad_norm=0.1741 throughput=9.03 samples/s time=7.09s
rank=0 batch=11/57 microbatch=32 effective_global_batch=128 loss=0.3467 norm_pos=0.3257 norm_neg=nan gap=nan throughput=9.05 samples/s time=7.07s
rank=0 batch=12/57 microbatch=32 effective_global_batch=128 loss=0.3497 norm_pos=0.3264 norm_neg=nan gap=nan grad_norm=0.2075 throughput=8.99 samples/s time=7.12s
rank=0 batch=13/57 microbatch=32 effective_global_batch=128 loss=0.3467 norm_pos=0.3272 norm_neg=nan gap=nan throughput=9.17 samples/s time=6.98s
rank=0 batch=14/57 microbatch=32 effective_global_batch=128 loss=0.3452 norm_pos=0.3235 norm_neg=nan gap=nan grad_norm=0.1804 throughput=9.04 samples/s time=7.08s
rank=0 batch=15/57 microbatch=32 effective_global_batch=128 loss=0.3430 norm_pos=0.3214 norm_neg=nan gap=nan throughput=9.11 samples/s time=7.02s
rank=0 batch=16/57 microbatch=32 effective_global_batch=128 loss=0.3427 norm_pos=0.3206 norm_neg=nan gap=nan grad_norm=0.1992 throughput=8.86 samples/s time=7.22s
rank=0 batch=17/57 microbatch=32 effective_global_batch=128 loss=0.3428 norm_pos=0.3221 norm_neg=nan gap=nan throughput=9.17 samples/s time=6.98s
rank=0 batch=18/57 microbatch=32 effective_global_batch=128 loss=0.3460 norm_pos=0.3259 norm_neg=nan gap=nan grad_norm=0.1920 throughput=8.98 samples/s time=7.12s
rank=0 batch=19/57 microbatch=32 effective_global_batch=128 loss=0.3429 norm_pos=0.3212 norm_neg=nan gap=nan throughput=9.25 samples/s time=6.92s
rank=0 batch=20/57 microbatch=32 effective_global_batch=128 loss=0.3449 norm_pos=0.3248 norm_neg=nan gap=nan grad_norm=0.1731 throughput=8.99 samples/s time=7.12s
rank=0 batch=21/57 microbatch=32 effective_global_batch=128 loss=0.3458 norm_pos=0.3271 norm_neg=nan gap=nan throughput=9.25 samples/s time=6.92s
rank=0 batch=22/57 microbatch=32 effective_global_batch=128 loss=0.3439 norm_pos=0.3216 norm_neg=nan gap=nan grad_norm=0.2020 throughput=9.28 samples/s time=6.90s
rank=0 batch=23/57 microbatch=32 effective_global_batch=128 loss=0.3490 norm_pos=0.3306 norm_neg=nan gap=nan throughput=9.31 samples/s time=6.87s
rank=0 batch=24/57 microbatch=32 effective_global_batch=128 loss=0.3417 norm_pos=0.3202 norm_neg=nan gap=nan grad_norm=0.1791 throughput=8.90 samples/s time=7.19s
rank=0 batch=25/57 microbatch=32 effective_global_batch=128 loss=0.3411 norm_pos=0.3203 norm_neg=nan gap=nan throughput=9.15 samples/s time=7.00s gpu=0.06/1.34GB rss=6.07GB
rank=0 batch=26/57 microbatch=32 effective_global_batch=128 loss=0.3445 norm_pos=0.3224 norm_neg=nan gap=nan grad_norm=0.1666 throughput=8.73 samples/s time=7.33s
rank=0 batch=27/57 microbatch=32 effective_global_batch=128 loss=0.3469 norm_pos=0.3273 norm_neg=nan gap=nan throughput=9.12 samples/s time=7.02s
rank=0 batch=28/57 microbatch=32 effective_global_batch=128 loss=0.3426 norm_pos=0.3211 norm_neg=nan gap=nan grad_norm=0.1752 throughput=8.73 samples/s time=7.33s
rank=0 batch=29/57 microbatch=32 effective_global_batch=128 loss=0.3466 norm_pos=0.3271 norm_neg=nan gap=nan throughput=9.04 samples/s time=7.08s
rank=0 batch=30/57 microbatch=32 effective_global_batch=128 loss=0.3465 norm_pos=0.3261 norm_neg=nan gap=nan grad_norm=0.1612 throughput=8.97 samples/s time=7.13s
rank=0 batch=31/57 microbatch=32 effective_global_batch=128 loss=0.3422 norm_pos=0.3208 norm_neg=nan gap=nan throughput=8.83 samples/s time=7.25s
rank=0 batch=32/57 microbatch=32 effective_global_batch=128 loss=0.3382 norm_pos=0.3169 norm_neg=nan gap=nan grad_norm=0.1667 throughput=8.99 samples/s time=7.12s
rank=0 batch=33/57 microbatch=32 effective_global_batch=128 loss=0.3429 norm_pos=0.3196 norm_neg=nan gap=nan throughput=8.87 samples/s time=7.22s
rank=0 batch=34/57 microbatch=32 effective_global_batch=128 loss=0.3487 norm_pos=0.3300 norm_neg=nan gap=nan grad_norm=0.1651 throughput=9.00 samples/s time=7.11s
rank=0 batch=35/57 microbatch=32 effective_global_batch=128 loss=0.3479 norm_pos=0.3279 norm_neg=nan gap=nan throughput=9.09 samples/s time=7.04s
rank=0 batch=36/57 microbatch=32 effective_global_batch=128 loss=0.3418 norm_pos=0.3218 norm_neg=nan gap=nan grad_norm=0.1562 throughput=8.92 samples/s time=7.18s
rank=0 batch=37/57 microbatch=32 effective_global_batch=128 loss=0.3449 norm_pos=0.3245 norm_neg=nan gap=nan throughput=8.90 samples/s time=7.19s
rank=0 batch=38/57 microbatch=32 effective_global_batch=128 loss=0.3385 norm_pos=0.3204 norm_neg=nan gap=nan grad_norm=0.1695 throughput=8.90 samples/s time=7.19s
rank=0 batch=39/57 microbatch=32 effective_global_batch=128 loss=0.3448 norm_pos=0.3255 norm_neg=nan gap=nan throughput=8.94 samples/s time=7.16s
rank=0 batch=40/57 microbatch=32 effective_global_batch=128 loss=0.3386 norm_pos=0.3191 norm_neg=nan gap=nan grad_norm=0.1825 throughput=8.78 samples/s time=7.29s
rank=0 batch=41/57 microbatch=32 effective_global_batch=128 loss=0.3422 norm_pos=0.3208 norm_neg=nan gap=nan throughput=8.94 samples/s time=7.16s
rank=0 batch=42/57 microbatch=32 effective_global_batch=128 loss=0.3462 norm_pos=0.3285 norm_neg=nan gap=nan grad_norm=0.1733 throughput=9.17 samples/s time=6.98s
rank=0 batch=43/57 microbatch=32 effective_global_batch=128 loss=0.3440 norm_pos=0.3236 norm_neg=nan gap=nan throughput=8.94 samples/s time=7.16s
rank=0 batch=44/57 microbatch=32 effective_global_batch=128 loss=0.3362 norm_pos=0.3146 norm_neg=nan gap=nan grad_norm=0.1602 throughput=8.83 samples/s time=7.25s
rank=0 batch=45/57 microbatch=32 effective_global_batch=128 loss=0.3476 norm_pos=0.3275 norm_neg=nan gap=nan throughput=9.04 samples/s time=7.08s
rank=0 batch=46/57 microbatch=32 effective_global_batch=128 loss=0.3409 norm_pos=0.3191 norm_neg=nan gap=nan grad_norm=0.1552 throughput=8.97 samples/s time=7.13s
rank=0 batch=47/57 microbatch=32 effective_global_batch=128 loss=0.3459 norm_pos=0.3256 norm_neg=nan gap=nan throughput=9.06 samples/s time=7.07s
rank=0 batch=48/57 microbatch=32 effective_global_batch=128 loss=0.3440 norm_pos=0.3246 norm_neg=nan gap=nan grad_norm=0.1554 throughput=9.03 samples/s time=7.08s
rank=0 batch=49/57 microbatch=32 effective_global_batch=128 loss=0.3445 norm_pos=0.3254 norm_neg=nan gap=nan throughput=9.09 samples/s time=7.04s
rank=0 batch=50/57 microbatch=32 effective_global_batch=128 loss=0.3458 norm_pos=0.3248 norm_neg=nan gap=nan grad_norm=0.1487 throughput=8.89 samples/s time=7.20s gpu=0.05/1.34GB rss=6.06GB
rank=0 batch=51/57 microbatch=32 effective_global_batch=128 loss=0.3424 norm_pos=0.3219 norm_neg=nan gap=nan throughput=9.04 samples/s time=7.08s
rank=0 batch=52/57 microbatch=32 effective_global_batch=128 loss=0.3364 norm_pos=0.3157 norm_neg=nan gap=nan grad_norm=0.1629 throughput=9.16 samples/s time=6.98s
rank=0 batch=53/57 microbatch=32 effective_global_batch=128 loss=0.3400 norm_pos=0.3189 norm_neg=nan gap=nan throughput=9.03 samples/s time=7.09s
rank=0 batch=54/57 microbatch=32 effective_global_batch=128 loss=0.3461 norm_pos=0.3280 norm_neg=nan gap=nan grad_norm=0.1773 throughput=9.29 samples/s time=6.89s
rank=0 batch=55/57 microbatch=32 effective_global_batch=128 loss=0.3389 norm_pos=0.3198 norm_neg=nan gap=nan throughput=9.01 samples/s time=7.11s
rank=0 batch=56/57 microbatch=32 effective_global_batch=128 loss=0.3426 norm_pos=0.3206 norm_neg=nan gap=nan grad_norm=0.1477 throughput=8.80 samples/s time=7.27s
rank=0 batch=57/57 microbatch=8 effective_global_batch=32 loss=0.3454 norm_pos=0.3280 norm_neg=nan gap=nan grad_norm=0.1202 throughput=8.67 samples/s time=1.84s
epoch=8 train_loss=0.3431 val_loss=0.3423 elapsed=464.4s
epoch=9/20 world_size=2
wandb: WARNING Tried to log to step 8 that is less than the current step 9. Steps must be monotonically increasing, so this data will be ignored. See https://wandb.me/define-metric to log data out of order.
rank=0 batch=1/57 microbatch=32 effective_global_batch=128 loss=0.3416 norm_pos=0.3198 norm_neg=nan gap=nan throughput=9.14 samples/s time=7.00s gpu=0.06/1.34GB rss=6.07GB
rank=0 batch=2/57 microbatch=32 effective_global_batch=128 loss=0.3452 norm_pos=0.3240 norm_neg=nan gap=nan grad_norm=0.2095 throughput=9.11 samples/s time=7.02s
rank=0 batch=3/57 microbatch=32 effective_global_batch=128 loss=0.3366 norm_pos=0.3155 norm_neg=nan gap=nan throughput=8.91 samples/s time=7.18s
rank=0 batch=4/57 microbatch=32 effective_global_batch=128 loss=0.3434 norm_pos=0.3219 norm_neg=nan gap=nan grad_norm=0.1619 throughput=8.84 samples/s time=7.24s
rank=0 batch=5/57 microbatch=32 effective_global_batch=128 loss=0.3463 norm_pos=0.3260 norm_neg=nan gap=nan throughput=9.08 samples/s time=7.05s
rank=0 batch=6/57 microbatch=32 effective_global_batch=128 loss=0.3417 norm_pos=0.3215 norm_neg=nan gap=nan grad_norm=0.2164 throughput=8.80 samples/s time=7.27s
rank=0 batch=7/57 microbatch=32 effective_global_batch=128 loss=0.3391 norm_pos=0.3167 norm_neg=nan gap=nan throughput=8.80 samples/s time=7.28s
rank=0 batch=8/57 microbatch=32 effective_global_batch=128 loss=0.3374 norm_pos=0.3156 norm_neg=nan gap=nan grad_norm=0.1683 throughput=8.79 samples/s time=7.28s
rank=0 batch=9/57 microbatch=32 effective_global_batch=128 loss=0.3428 norm_pos=0.3225 norm_neg=nan gap=nan throughput=8.84 samples/s time=7.24s
rank=0 batch=10/57 microbatch=32 effective_global_batch=128 loss=0.3463 norm_pos=0.3275 norm_neg=nan gap=nan grad_norm=0.1895 throughput=9.10 samples/s time=7.03s
rank=0 batch=11/57 microbatch=32 effective_global_batch=128 loss=0.3366 norm_pos=0.3154 norm_neg=nan gap=nan throughput=8.90 samples/s time=7.19s
rank=0 batch=12/57 microbatch=32 effective_global_batch=128 loss=0.3420 norm_pos=0.3222 norm_neg=nan gap=nan grad_norm=0.1720 throughput=8.89 samples/s time=7.20s
rank=0 batch=13/57 microbatch=32 effective_global_batch=128 loss=0.3425 norm_pos=0.3232 norm_neg=nan gap=nan throughput=9.02 samples/s time=7.10s
rank=0 batch=14/57 microbatch=32 effective_global_batch=128 loss=0.3423 norm_pos=0.3221 norm_neg=nan gap=nan grad_norm=0.1794 throughput=9.08 samples/s time=7.05s
rank=0 batch=15/57 microbatch=32 effective_global_batch=128 loss=0.3399 norm_pos=0.3206 norm_neg=nan gap=nan throughput=8.82 samples/s time=7.26s
rank=0 batch=16/57 microbatch=32 effective_global_batch=128 loss=0.3330 norm_pos=0.3105 norm_neg=nan gap=nan grad_norm=0.1619 throughput=9.03 samples/s time=7.09s
rank=0 batch=17/57 microbatch=32 effective_global_batch=128 loss=0.3369 norm_pos=0.3166 norm_neg=nan gap=nan throughput=8.93 samples/s time=7.17s
rank=0 batch=18/57 microbatch=32 effective_global_batch=128 loss=0.3385 norm_pos=0.3178 norm_neg=nan gap=nan grad_norm=0.1770 throughput=9.09 samples/s time=7.04s
rank=0 batch=19/57 microbatch=32 effective_global_batch=128 loss=0.3395 norm_pos=0.3179 norm_neg=nan gap=nan throughput=9.03 samples/s time=7.09s
rank=0 batch=20/57 microbatch=32 effective_global_batch=128 loss=0.3422 norm_pos=0.3218 norm_neg=nan gap=nan grad_norm=0.1650 throughput=8.78 samples/s time=7.29s
rank=0 batch=21/57 microbatch=32 effective_global_batch=128 loss=0.3418 norm_pos=0.3222 norm_neg=nan gap=nan throughput=8.77 samples/s time=7.30s
rank=0 batch=22/57 microbatch=32 effective_global_batch=128 loss=0.3402 norm_pos=0.3193 norm_neg=nan gap=nan grad_norm=0.1834 throughput=8.92 samples/s time=7.18s
rank=0 batch=23/57 microbatch=32 effective_global_batch=128 loss=0.3401 norm_pos=0.3206 norm_neg=nan gap=nan throughput=8.96 samples/s time=7.14s
rank=0 batch=24/57 microbatch=32 effective_global_batch=128 loss=0.3400 norm_pos=0.3195 norm_neg=nan gap=nan grad_norm=0.1617 throughput=8.84 samples/s time=7.24s
rank=0 batch=25/57 microbatch=32 effective_global_batch=128 loss=0.3424 norm_pos=0.3224 norm_neg=nan gap=nan throughput=8.81 samples/s time=7.27s gpu=0.06/1.34GB rss=6.07GB
rank=0 batch=26/57 microbatch=32 effective_global_batch=128 loss=0.3384 norm_pos=0.3184 norm_neg=nan gap=nan grad_norm=0.1792 throughput=8.92 samples/s time=7.18s
rank=0 batch=27/57 microbatch=32 effective_global_batch=128 loss=0.3414 norm_pos=0.3230 norm_neg=nan gap=nan throughput=9.16 samples/s time=6.99s
rank=0 batch=28/57 microbatch=32 effective_global_batch=128 loss=0.3399 norm_pos=0.3211 norm_neg=nan gap=nan grad_norm=0.1538 throughput=9.04 samples/s time=7.08s
rank=0 batch=29/57 microbatch=32 effective_global_batch=128 loss=0.3388 norm_pos=0.3185 norm_neg=nan gap=nan throughput=9.05 samples/s time=7.08s
rank=0 batch=30/57 microbatch=32 effective_global_batch=128 loss=0.3434 norm_pos=0.3235 norm_neg=nan gap=nan grad_norm=0.1580 throughput=8.85 samples/s time=7.23s
rank=0 batch=31/57 microbatch=32 effective_global_batch=128 loss=0.3413 norm_pos=0.3216 norm_neg=nan gap=nan throughput=9.02 samples/s time=7.10s
rank=0 batch=32/57 microbatch=32 effective_global_batch=128 loss=0.3421 norm_pos=0.3221 norm_neg=nan gap=nan grad_norm=0.1725 throughput=8.96 samples/s time=7.14s
rank=0 batch=33/57 microbatch=32 effective_global_batch=128 loss=0.3398 norm_pos=0.3184 norm_neg=nan gap=nan throughput=8.89 samples/s time=7.20s
rank=0 batch=34/57 microbatch=32 effective_global_batch=128 loss=0.3452 norm_pos=0.3250 norm_neg=nan gap=nan grad_norm=0.1498 throughput=8.96 samples/s time=7.14s
rank=0 batch=35/57 microbatch=32 effective_global_batch=128 loss=0.3335 norm_pos=0.3130 norm_neg=nan gap=nan throughput=8.77 samples/s time=7.30s
rank=0 batch=36/57 microbatch=32 effective_global_batch=128 loss=0.3390 norm_pos=0.3178 norm_neg=nan gap=nan grad_norm=0.2100 throughput=8.90 samples/s time=7.19s
rank=0 batch=37/57 microbatch=32 effective_global_batch=128 loss=0.3376 norm_pos=0.3183 norm_neg=nan gap=nan throughput=8.90 samples/s time=7.19s
rank=0 batch=38/57 microbatch=32 effective_global_batch=128 loss=0.3403 norm_pos=0.3206 norm_neg=nan gap=nan grad_norm=0.1752 throughput=8.85 samples/s time=7.23s
rank=0 batch=39/57 microbatch=32 effective_global_batch=128 loss=0.3343 norm_pos=0.3128 norm_neg=nan gap=nan throughput=8.94 samples/s time=7.16s
rank=0 batch=40/57 microbatch=32 effective_global_batch=128 loss=0.3452 norm_pos=0.3272 norm_neg=nan gap=nan grad_norm=0.2162 throughput=8.87 samples/s time=7.22s
rank=0 batch=41/57 microbatch=32 effective_global_batch=128 loss=0.3440 norm_pos=0.3256 norm_neg=nan gap=nan throughput=9.04 samples/s time=7.08s
rank=0 batch=42/57 microbatch=32 effective_global_batch=128 loss=0.3457 norm_pos=0.3266 norm_neg=nan gap=nan grad_norm=0.1981 throughput=8.70 samples/s time=7.35s
rank=0 batch=43/57 microbatch=32 effective_global_batch=128 loss=0.3403 norm_pos=0.3217 norm_neg=nan gap=nan throughput=9.05 samples/s time=7.07s
rank=0 batch=44/57 microbatch=32 effective_global_batch=128 loss=0.3407 norm_pos=0.3213 norm_neg=nan gap=nan grad_norm=0.2036 throughput=8.90 samples/s time=7.19s
rank=0 batch=45/57 microbatch=32 effective_global_batch=128 loss=0.3368 norm_pos=0.3159 norm_neg=nan gap=nan throughput=8.89 samples/s time=7.20s
rank=0 batch=46/57 microbatch=32 effective_global_batch=128 loss=0.3414 norm_pos=0.3211 norm_neg=nan gap=nan grad_norm=0.1883 throughput=8.70 samples/s time=7.36s
rank=0 batch=47/57 microbatch=32 effective_global_batch=128 loss=0.3349 norm_pos=0.3141 norm_neg=nan gap=nan throughput=8.95 samples/s time=7.15s
rank=0 batch=48/57 microbatch=32 effective_global_batch=128 loss=0.3402 norm_pos=0.3192 norm_neg=nan gap=nan grad_norm=0.2172 throughput=9.01 samples/s time=7.10s
rank=0 batch=49/57 microbatch=32 effective_global_batch=128 loss=0.3407 norm_pos=0.3204 norm_neg=nan gap=nan throughput=8.91 samples/s time=7.18s
rank=0 batch=50/57 microbatch=32 effective_global_batch=128 loss=0.3373 norm_pos=0.3171 norm_neg=nan gap=nan grad_norm=0.2004 throughput=9.27 samples/s time=6.90s gpu=0.05/1.34GB rss=6.11GB
rank=0 batch=51/57 microbatch=32 effective_global_batch=128 loss=0.3371 norm_pos=0.3170 norm_neg=nan gap=nan throughput=9.10 samples/s time=7.03s
rank=0 batch=52/57 microbatch=32 effective_global_batch=128 loss=0.3366 norm_pos=0.3174 norm_neg=nan gap=nan grad_norm=0.1842 throughput=8.91 samples/s time=7.18s
rank=0 batch=53/57 microbatch=32 effective_global_batch=128 loss=0.3376 norm_pos=0.3186 norm_neg=nan gap=nan throughput=9.24 samples/s time=6.93s
rank=0 batch=54/57 microbatch=32 effective_global_batch=128 loss=0.3397 norm_pos=0.3204 norm_neg=nan gap=nan grad_norm=0.2026 throughput=9.04 samples/s time=7.08s
rank=0 batch=55/57 microbatch=32 effective_global_batch=128 loss=0.3407 norm_pos=0.3220 norm_neg=nan gap=nan throughput=9.21 samples/s time=6.95s
rank=0 batch=56/57 microbatch=32 effective_global_batch=128 loss=0.3411 norm_pos=0.3209 norm_neg=nan gap=nan grad_norm=0.1842 throughput=8.99 samples/s time=7.12s
rank=0 batch=57/57 microbatch=8 effective_global_batch=32 loss=0.3356 norm_pos=0.3178 norm_neg=nan gap=nan grad_norm=0.1133 throughput=8.42 samples/s time=1.90s
epoch=9 train_loss=0.3401 val_loss=0.3398 elapsed=469.0s
epoch=10/20 world_size=2
wandb: WARNING Tried to log to step 9 that is less than the current step 10. Steps must be monotonically increasing, so this data will be ignored. See https://wandb.me/define-metric to log data out of order.
rank=0 batch=1/57 microbatch=32 effective_global_batch=128 loss=0.3392 norm_pos=0.3201 norm_neg=nan gap=nan throughput=9.19 samples/s time=6.96s gpu=0.06/1.34GB rss=6.06GB
rank=0 batch=2/57 microbatch=32 effective_global_batch=128 loss=0.3369 norm_pos=0.3174 norm_neg=nan gap=nan grad_norm=0.2537 throughput=9.27 samples/s time=6.91s
rank=0 batch=3/57 microbatch=32 effective_global_batch=128 loss=0.3395 norm_pos=0.3180 norm_neg=nan gap=nan throughput=9.05 samples/s time=7.07s
rank=0 batch=4/57 microbatch=32 effective_global_batch=128 loss=0.3392 norm_pos=0.3186 norm_neg=nan gap=nan grad_norm=0.1724 throughput=8.88 samples/s time=7.21s
rank=0 batch=5/57 microbatch=32 effective_global_batch=128 loss=0.3396 norm_pos=0.3183 norm_neg=nan gap=nan throughput=9.24 samples/s time=6.93s
rank=0 batch=6/57 microbatch=32 effective_global_batch=128 loss=0.3365 norm_pos=0.3176 norm_neg=nan gap=nan grad_norm=0.2372 throughput=9.00 samples/s time=7.11s
rank=0 batch=7/57 microbatch=32 effective_global_batch=128 loss=0.3412 norm_pos=0.3226 norm_neg=nan gap=nan throughput=9.06 samples/s time=7.06s
rank=0 batch=8/57 microbatch=32 effective_global_batch=128 loss=0.3425 norm_pos=0.3220 norm_neg=nan gap=nan grad_norm=0.2636 throughput=8.89 samples/s time=7.20s
rank=0 batch=9/57 microbatch=32 effective_global_batch=128 loss=0.3416 norm_pos=0.3233 norm_neg=nan gap=nan throughput=9.05 samples/s time=7.07s
rank=0 batch=10/57 microbatch=32 effective_global_batch=128 loss=0.3390 norm_pos=0.3186 norm_neg=nan gap=nan grad_norm=0.2161 throughput=8.93 samples/s time=7.16s
rank=0 batch=11/57 microbatch=32 effective_global_batch=128 loss=0.3341 norm_pos=0.3129 norm_neg=nan gap=nan throughput=9.01 samples/s time=7.10s
rank=0 batch=12/57 microbatch=32 effective_global_batch=128 loss=0.3381 norm_pos=0.3178 norm_neg=nan gap=nan grad_norm=0.2338 throughput=9.07 samples/s time=7.06s
rank=0 batch=13/57 microbatch=32 effective_global_batch=128 loss=0.3353 norm_pos=0.3155 norm_neg=nan gap=nan throughput=9.38 samples/s time=6.82s
rank=0 batch=14/57 microbatch=32 effective_global_batch=128 loss=0.3371 norm_pos=0.3178 norm_neg=nan gap=nan grad_norm=0.2030 throughput=9.02 samples/s time=7.10s
rank=0 batch=15/57 microbatch=32 effective_global_batch=128 loss=0.3352 norm_pos=0.3156 norm_neg=nan gap=nan throughput=9.08 samples/s time=7.05s
rank=0 batch=16/57 microbatch=32 effective_global_batch=128 loss=0.3367 norm_pos=0.3162 norm_neg=nan gap=nan grad_norm=0.2221 throughput=9.13 samples/s time=7.01s
rank=0 batch=17/57 microbatch=32 effective_global_batch=128 loss=0.3388 norm_pos=0.3189 norm_neg=nan gap=nan throughput=9.17 samples/s time=6.98s
rank=0 batch=18/57 microbatch=32 effective_global_batch=128 loss=0.3423 norm_pos=0.3225 norm_neg=nan gap=nan grad_norm=0.2006 throughput=8.89 samples/s time=7.20s
rank=0 batch=19/57 microbatch=32 effective_global_batch=128 loss=0.3361 norm_pos=0.3149 norm_neg=nan gap=nan throughput=9.05 samples/s time=7.07s
rank=0 batch=20/57 microbatch=32 effective_global_batch=128 loss=0.3375 norm_pos=0.3187 norm_neg=nan gap=nan grad_norm=0.2139 throughput=8.92 samples/s time=7.18s
rank=0 batch=21/57 microbatch=32 effective_global_batch=128 loss=0.3391 norm_pos=0.3203 norm_neg=nan gap=nan throughput=9.26 samples/s time=6.91s
rank=0 batch=22/57 microbatch=32 effective_global_batch=128 loss=0.3353 norm_pos=0.3152 norm_neg=nan gap=nan grad_norm=0.1983 throughput=8.97 samples/s time=7.14s
rank=0 batch=23/57 microbatch=32 effective_global_batch=128 loss=0.3393 norm_pos=0.3188 norm_neg=nan gap=nan throughput=9.03 samples/s time=7.09s
rank=0 batch=24/57 microbatch=32 effective_global_batch=128 loss=0.3437 norm_pos=0.3233 norm_neg=nan gap=nan grad_norm=0.1851 throughput=9.20 samples/s time=6.96s
rank=0 batch=25/57 microbatch=32 effective_global_batch=128 loss=0.3382 norm_pos=0.3167 norm_neg=nan gap=nan throughput=9.06 samples/s time=7.07s gpu=0.06/1.34GB rss=6.14GB
rank=0 batch=26/57 microbatch=32 effective_global_batch=128 loss=0.3353 norm_pos=0.3140 norm_neg=nan gap=nan grad_norm=0.2095 throughput=8.94 samples/s time=7.16s
rank=0 batch=27/57 microbatch=32 effective_global_batch=128 loss=0.3369 norm_pos=0.3169 norm_neg=nan gap=nan throughput=9.06 samples/s time=7.06s
rank=0 batch=28/57 microbatch=32 effective_global_batch=128 loss=0.3346 norm_pos=0.3125 norm_neg=nan gap=nan grad_norm=0.1942 throughput=9.00 samples/s time=7.11s
rank=0 batch=29/57 microbatch=32 effective_global_batch=128 loss=0.3428 norm_pos=0.3226 norm_neg=nan gap=nan throughput=9.10 samples/s time=7.04s
rank=0 batch=30/57 microbatch=32 effective_global_batch=128 loss=0.3378 norm_pos=0.3180 norm_neg=nan gap=nan grad_norm=0.2164 throughput=9.00 samples/s time=7.11s
rank=0 batch=31/57 microbatch=32 effective_global_batch=128 loss=0.3392 norm_pos=0.3198 norm_neg=nan gap=nan throughput=8.95 samples/s time=7.15s
rank=0 batch=32/57 microbatch=32 effective_global_batch=128 loss=0.3375 norm_pos=0.3175 norm_neg=nan gap=nan grad_norm=0.2095 throughput=8.91 samples/s time=7.18s
rank=0 batch=33/57 microbatch=32 effective_global_batch=128 loss=0.3367 norm_pos=0.3174 norm_neg=nan gap=nan throughput=9.05 samples/s time=7.07s
rank=0 batch=34/57 microbatch=32 effective_global_batch=128 loss=0.3388 norm_pos=0.3194 norm_neg=nan gap=nan grad_norm=0.2109 throughput=9.02 samples/s time=7.10s
rank=0 batch=35/57 microbatch=32 effective_global_batch=128 loss=0.3359 norm_pos=0.3150 norm_neg=nan gap=nan throughput=8.66 samples/s time=7.39s
rank=0 batch=36/57 microbatch=32 effective_global_batch=128 loss=0.3346 norm_pos=0.3130 norm_neg=nan gap=nan grad_norm=0.1964 throughput=8.74 samples/s time=7.33s
rank=0 batch=37/57 microbatch=32 effective_global_batch=128 loss=0.3340 norm_pos=0.3148 norm_neg=nan gap=nan throughput=9.11 samples/s time=7.03s
rank=0 batch=38/57 microbatch=32 effective_global_batch=128 loss=0.3384 norm_pos=0.3182 norm_neg=nan gap=nan grad_norm=0.2236 throughput=8.74 samples/s time=7.32s
rank=0 batch=39/57 microbatch=32 effective_global_batch=128 loss=0.3390 norm_pos=0.3190 norm_neg=nan gap=nan throughput=8.87 samples/s time=7.21s
rank=0 batch=40/57 microbatch=32 effective_global_batch=128 loss=0.3356 norm_pos=0.3159 norm_neg=nan gap=nan grad_norm=0.2042 throughput=9.00 samples/s time=7.11s
rank=0 batch=41/57 microbatch=32 effective_global_batch=128 loss=0.3309 norm_pos=0.3097 norm_neg=nan gap=nan throughput=8.73 samples/s time=7.33s
rank=0 batch=42/57 microbatch=32 effective_global_batch=128 loss=0.3368 norm_pos=0.3163 norm_neg=nan gap=nan grad_norm=0.2288 throughput=8.78 samples/s time=7.29s
rank=0 batch=43/57 microbatch=32 effective_global_batch=128 loss=0.3327 norm_pos=0.3121 norm_neg=nan gap=nan throughput=8.89 samples/s time=7.20s
rank=0 batch=44/57 microbatch=32 effective_global_batch=128 loss=0.3384 norm_pos=0.3191 norm_neg=nan gap=nan grad_norm=0.2014 throughput=8.84 samples/s time=7.24s
rank=0 batch=45/57 microbatch=32 effective_global_batch=128 loss=0.3360 norm_pos=0.3156 norm_neg=nan gap=nan throughput=8.98 samples/s time=7.13s
rank=0 batch=46/57 microbatch=32 effective_global_batch=128 loss=0.3389 norm_pos=0.3189 norm_neg=nan gap=nan grad_norm=0.2009 throughput=8.77 samples/s time=7.30s
rank=0 batch=47/57 microbatch=32 effective_global_batch=128 loss=0.3400 norm_pos=0.3209 norm_neg=nan gap=nan throughput=8.86 samples/s time=7.23s
rank=0 batch=48/57 microbatch=32 effective_global_batch=128 loss=0.3372 norm_pos=0.3173 norm_neg=nan gap=nan grad_norm=0.2127 throughput=9.01 samples/s time=7.10s
rank=0 batch=49/57 microbatch=32 effective_global_batch=128 loss=0.3372 norm_pos=0.3173 norm_neg=nan gap=nan throughput=8.88 samples/s time=7.20s
rank=0 batch=50/57 microbatch=32 effective_global_batch=128 loss=0.3383 norm_pos=0.3175 norm_neg=nan gap=nan grad_norm=0.2019 throughput=8.75 samples/s time=7.31s gpu=0.05/1.34GB rss=6.23GB
rank=0 batch=51/57 microbatch=32 effective_global_batch=128 loss=0.3348 norm_pos=0.3143 norm_neg=nan gap=nan throughput=8.97 samples/s time=7.13s
rank=0 batch=52/57 microbatch=32 effective_global_batch=128 loss=0.3304 norm_pos=0.3098 norm_neg=nan gap=nan grad_norm=0.2162 throughput=8.74 samples/s time=7.32s
rank=0 batch=53/57 microbatch=32 effective_global_batch=128 loss=0.3381 norm_pos=0.3184 norm_neg=nan gap=nan throughput=8.76 samples/s time=7.31s
rank=0 batch=54/57 microbatch=32 effective_global_batch=128 loss=0.3344 norm_pos=0.3136 norm_neg=nan gap=nan grad_norm=0.2060 throughput=8.81 samples/s time=7.26s
rank=0 batch=55/57 microbatch=32 effective_global_batch=128 loss=0.3319 norm_pos=0.3107 norm_neg=nan gap=nan throughput=8.79 samples/s time=7.28s
rank=0 batch=56/57 microbatch=32 effective_global_batch=128 loss=0.3411 norm_pos=0.3197 norm_neg=nan gap=nan grad_norm=0.2078 throughput=8.92 samples/s time=7.17s
rank=0 batch=57/57 microbatch=8 effective_global_batch=32 loss=0.3308 norm_pos=0.3121 norm_neg=nan gap=nan grad_norm=0.1200 throughput=8.12 samples/s time=1.97s
epoch=10 train_loss=0.3377 val_loss=0.3375 elapsed=466.5s
epoch=11/20 world_size=2
wandb: WARNING Tried to log to step 10 that is less than the current step 11. Steps must be monotonically increasing, so this data will be ignored. See https://wandb.me/define-metric to log data out of order.
rank=0 batch=1/57 microbatch=32 effective_global_batch=128 loss=0.3403 norm_pos=0.3210 norm_neg=nan gap=nan throughput=9.04 samples/s time=7.08s gpu=0.06/1.34GB rss=6.25GB
rank=0 batch=2/57 microbatch=32 effective_global_batch=128 loss=0.3416 norm_pos=0.3216 norm_neg=nan gap=nan grad_norm=0.2686 throughput=9.24 samples/s time=6.93s
rank=0 batch=3/57 microbatch=32 effective_global_batch=128 loss=0.3394 norm_pos=0.3192 norm_neg=nan gap=nan throughput=9.17 samples/s time=6.98s
rank=0 batch=4/57 microbatch=32 effective_global_batch=128 loss=0.3390 norm_pos=0.3187 norm_neg=nan gap=nan grad_norm=0.1948 throughput=9.14 samples/s time=7.00s
rank=0 batch=5/57 microbatch=32 effective_global_batch=128 loss=0.3338 norm_pos=0.3121 norm_neg=nan gap=nan throughput=9.00 samples/s time=7.11s
rank=0 batch=6/57 microbatch=32 effective_global_batch=128 loss=0.3328 norm_pos=0.3112 norm_neg=nan gap=nan grad_norm=0.2157 throughput=8.80 samples/s time=7.27s
rank=0 batch=7/57 microbatch=32 effective_global_batch=128 loss=0.3355 norm_pos=0.3160 norm_neg=nan gap=nan throughput=8.94 samples/s time=7.16s
rank=0 batch=8/57 microbatch=32 effective_global_batch=128 loss=0.3356 norm_pos=0.3137 norm_neg=nan gap=nan grad_norm=0.2676 throughput=8.97 samples/s time=7.13s
rank=0 batch=9/57 microbatch=32 effective_global_batch=128 loss=0.3379 norm_pos=0.3182 norm_neg=nan gap=nan throughput=9.06 samples/s time=7.06s
rank=0 batch=10/57 microbatch=32 effective_global_batch=128 loss=0.3351 norm_pos=0.3160 norm_neg=nan gap=nan grad_norm=0.2035 throughput=9.10 samples/s time=7.03s
rank=0 batch=11/57 microbatch=32 effective_global_batch=128 loss=0.3389 norm_pos=0.3189 norm_neg=nan gap=nan throughput=9.17 samples/s time=6.98s
rank=0 batch=12/57 microbatch=32 effective_global_batch=128 loss=0.3385 norm_pos=0.3182 norm_neg=nan gap=nan grad_norm=0.2182 throughput=9.27 samples/s time=6.91s
rank=0 batch=13/57 microbatch=32 effective_global_batch=128 loss=0.3330 norm_pos=0.3132 norm_neg=nan gap=nan throughput=9.17 samples/s time=6.98s
rank=0 batch=14/57 microbatch=32 effective_global_batch=128 loss=0.3355 norm_pos=0.3160 norm_neg=nan gap=nan grad_norm=0.1992 throughput=9.17 samples/s time=6.98s
rank=0 batch=15/57 microbatch=32 effective_global_batch=128 loss=0.3385 norm_pos=0.3177 norm_neg=nan gap=nan throughput=9.06 samples/s time=7.07s
rank=0 batch=16/57 microbatch=32 effective_global_batch=128 loss=0.3368 norm_pos=0.3183 norm_neg=nan gap=nan grad_norm=0.1913 throughput=9.09 samples/s time=7.04s
rank=0 batch=17/57 microbatch=32 effective_global_batch=128 loss=0.3339 norm_pos=0.3141 norm_neg=nan gap=nan throughput=9.25 samples/s time=6.92s
rank=0 batch=18/57 microbatch=32 effective_global_batch=128 loss=0.3373 norm_pos=0.3184 norm_neg=nan gap=nan grad_norm=0.1762 throughput=9.02 samples/s time=7.09s
rank=0 batch=19/57 microbatch=32 effective_global_batch=128 loss=0.3334 norm_pos=0.3146 norm_neg=nan gap=nan throughput=9.16 samples/s time=6.99s
rank=0 batch=20/57 microbatch=32 effective_global_batch=128 loss=0.3378 norm_pos=0.3185 norm_neg=nan gap=nan grad_norm=0.1968 throughput=9.10 samples/s time=7.04s
rank=0 batch=21/57 microbatch=32 effective_global_batch=128 loss=0.3350 norm_pos=0.3153 norm_neg=nan gap=nan throughput=9.04 samples/s time=7.08s
rank=0 batch=22/57 microbatch=32 effective_global_batch=128 loss=0.3331 norm_pos=0.3134 norm_neg=nan gap=nan grad_norm=0.1840 throughput=9.00 samples/s time=7.11s
rank=0 batch=23/57 microbatch=32 effective_global_batch=128 loss=0.3345 norm_pos=0.3134 norm_neg=nan gap=nan throughput=9.08 samples/s time=7.05s
rank=0 batch=24/57 microbatch=32 effective_global_batch=128 loss=0.3352 norm_pos=0.3146 norm_neg=nan gap=nan grad_norm=0.1899 throughput=8.88 samples/s time=7.21s
rank=0 batch=25/57 microbatch=32 effective_global_batch=128 loss=0.3369 norm_pos=0.3168 norm_neg=nan gap=nan throughput=9.16 samples/s time=6.98s gpu=0.06/1.34GB rss=6.35GB
rank=0 batch=26/57 microbatch=32 effective_global_batch=128 loss=0.3364 norm_pos=0.3168 norm_neg=nan gap=nan grad_norm=0.1906 throughput=9.02 samples/s time=7.09s
rank=0 batch=27/57 microbatch=32 effective_global_batch=128 loss=0.3368 norm_pos=0.3159 norm_neg=nan gap=nan throughput=9.04 samples/s time=7.08s
rank=0 batch=28/57 microbatch=32 effective_global_batch=128 loss=0.3398 norm_pos=0.3186 norm_neg=nan gap=nan grad_norm=0.2017 throughput=9.03 samples/s time=7.09s
rank=0 batch=29/57 microbatch=32 effective_global_batch=128 loss=0.3333 norm_pos=0.3135 norm_neg=nan gap=nan throughput=8.88 samples/s time=7.21s
rank=0 batch=30/57 microbatch=32 effective_global_batch=128 loss=0.3364 norm_pos=0.3174 norm_neg=nan gap=nan grad_norm=0.1777 throughput=9.15 samples/s time=7.00s
rank=0 batch=31/57 microbatch=32 effective_global_batch=128 loss=0.3333 norm_pos=0.3129 norm_neg=nan gap=nan throughput=9.11 samples/s time=7.02s
rank=0 batch=32/57 microbatch=32 effective_global_batch=128 loss=0.3371 norm_pos=0.3161 norm_neg=nan gap=nan grad_norm=0.1827 throughput=8.97 samples/s time=7.13s
rank=0 batch=33/57 microbatch=32 effective_global_batch=128 loss=0.3352 norm_pos=0.3145 norm_neg=nan gap=nan throughput=9.09 samples/s time=7.04s
rank=0 batch=34/57 microbatch=32 effective_global_batch=128 loss=0.3401 norm_pos=0.3198 norm_neg=nan gap=nan grad_norm=0.1609 throughput=8.86 samples/s time=7.22s
rank=0 batch=35/57 microbatch=32 effective_global_batch=128 loss=0.3362 norm_pos=0.3147 norm_neg=nan gap=nan throughput=9.08 samples/s time=7.05s
rank=0 batch=36/57 microbatch=32 effective_global_batch=128 loss=0.3366 norm_pos=0.3161 norm_neg=nan gap=nan grad_norm=0.1996 throughput=8.88 samples/s time=7.21s
rank=0 batch=37/57 microbatch=32 effective_global_batch=128 loss=0.3305 norm_pos=0.3109 norm_neg=nan gap=nan throughput=9.04 samples/s time=7.08s
rank=0 batch=38/57 microbatch=32 effective_global_batch=128 loss=0.3320 norm_pos=0.3121 norm_neg=nan gap=nan grad_norm=0.1717 throughput=8.74 samples/s time=7.33s
rank=0 batch=39/57 microbatch=32 effective_global_batch=128 loss=0.3295 norm_pos=0.3093 norm_neg=nan gap=nan throughput=9.25 samples/s time=6.92s
rank=0 batch=40/57 microbatch=32 effective_global_batch=128 loss=0.3366 norm_pos=0.3161 norm_neg=nan gap=nan grad_norm=0.1876 throughput=8.92 samples/s time=7.18s
rank=0 batch=41/57 microbatch=32 effective_global_batch=128 loss=0.3322 norm_pos=0.3126 norm_neg=nan gap=nan throughput=8.85 samples/s time=7.23s
rank=0 batch=42/57 microbatch=32 effective_global_batch=128 loss=0.3424 norm_pos=0.3219 norm_neg=nan gap=nan grad_norm=0.1758 throughput=9.05 samples/s time=7.07s
rank=0 batch=43/57 microbatch=32 effective_global_batch=128 loss=0.3319 norm_pos=0.3134 norm_neg=nan gap=nan throughput=9.43 samples/s time=6.79s
rank=0 batch=44/57 microbatch=32 effective_global_batch=128 loss=0.3301 norm_pos=0.3107 norm_neg=nan gap=nan grad_norm=0.2083 throughput=9.10 samples/s time=7.04s
rank=0 batch=45/57 microbatch=32 effective_global_batch=128 loss=0.3364 norm_pos=0.3163 norm_neg=nan gap=nan throughput=9.04 samples/s time=7.08s
rank=0 batch=46/57 microbatch=32 effective_global_batch=128 loss=0.3307 norm_pos=0.3111 norm_neg=nan gap=nan grad_norm=0.1869 throughput=8.91 samples/s time=7.19s
rank=0 batch=47/57 microbatch=32 effective_global_batch=128 loss=0.3309 norm_pos=0.3089 norm_neg=nan gap=nan throughput=8.84 samples/s time=7.24s
rank=0 batch=48/57 microbatch=32 effective_global_batch=128 loss=0.3361 norm_pos=0.3174 norm_neg=nan gap=nan grad_norm=0.1979 throughput=8.81 samples/s time=7.27s
rank=0 batch=49/57 microbatch=32 effective_global_batch=128 loss=0.3332 norm_pos=0.3139 norm_neg=nan gap=nan throughput=8.88 samples/s time=7.21s
rank=0 batch=50/57 microbatch=32 effective_global_batch=128 loss=0.3333 norm_pos=0.3138 norm_neg=nan gap=nan grad_norm=0.2127 throughput=8.89 samples/s time=7.20s gpu=0.05/1.34GB rss=6.44GB
rank=0 batch=51/57 microbatch=32 effective_global_batch=128 loss=0.3340 norm_pos=0.3139 norm_neg=nan gap=nan throughput=8.84 samples/s time=7.24s
rank=0 batch=52/57 microbatch=32 effective_global_batch=128 loss=0.3308 norm_pos=0.3101 norm_neg=nan gap=nan grad_norm=0.1583 throughput=8.75 samples/s time=7.32s
rank=0 batch=53/57 microbatch=32 effective_global_batch=128 loss=0.3368 norm_pos=0.3165 norm_neg=nan gap=nan throughput=8.97 samples/s time=7.14s
rank=0 batch=54/57 microbatch=32 effective_global_batch=128 loss=0.3278 norm_pos=0.3079 norm_neg=nan gap=nan grad_norm=0.1977 throughput=8.88 samples/s time=7.21s
rank=0 batch=55/57 microbatch=32 effective_global_batch=128 loss=0.3393 norm_pos=0.3193 norm_neg=nan gap=nan throughput=9.04 samples/s time=7.08s
rank=0 batch=56/57 microbatch=32 effective_global_batch=128 loss=0.3364 norm_pos=0.3186 norm_neg=nan gap=nan grad_norm=0.1769 throughput=8.89 samples/s time=7.20s
rank=0 batch=57/57 microbatch=8 effective_global_batch=32 loss=0.3305 norm_pos=0.3076 norm_neg=nan gap=nan grad_norm=0.1071 throughput=8.16 samples/s time=1.96s
epoch=11 train_loss=0.3356 val_loss=0.3357 elapsed=464.7s
epoch=12/20 world_size=2
wandb: WARNING Tried to log to step 11 that is less than the current step 12. Steps must be monotonically increasing, so this data will be ignored. See https://wandb.me/define-metric to log data out of order.
rank=0 batch=1/57 microbatch=32 effective_global_batch=128 loss=0.3329 norm_pos=0.3135 norm_neg=nan gap=nan throughput=9.29 samples/s time=6.89s gpu=0.06/1.34GB rss=6.38GB
rank=0 batch=2/57 microbatch=32 effective_global_batch=128 loss=0.3352 norm_pos=0.3152 norm_neg=nan gap=nan grad_norm=0.2845 throughput=9.21 samples/s time=6.95s
rank=0 batch=3/57 microbatch=32 effective_global_batch=128 loss=0.3305 norm_pos=0.3104 norm_neg=nan gap=nan throughput=8.90 samples/s time=7.19s
rank=0 batch=4/57 microbatch=32 effective_global_batch=128 loss=0.3279 norm_pos=0.3083 norm_neg=nan gap=nan grad_norm=0.1757 throughput=9.03 samples/s time=7.09s
rank=0 batch=5/57 microbatch=32 effective_global_batch=128 loss=0.3340 norm_pos=0.3146 norm_neg=nan gap=nan throughput=8.89 samples/s time=7.20s
rank=0 batch=6/57 microbatch=32 effective_global_batch=128 loss=0.3340 norm_pos=0.3140 norm_neg=nan gap=nan grad_norm=0.2404 throughput=8.96 samples/s time=7.14s
rank=0 batch=7/57 microbatch=32 effective_global_batch=128 loss=0.3313 norm_pos=0.3105 norm_neg=nan gap=nan throughput=8.94 samples/s time=7.16s
rank=0 batch=8/57 microbatch=32 effective_global_batch=128 loss=0.3349 norm_pos=0.3152 norm_neg=nan gap=nan grad_norm=0.1742 throughput=9.12 samples/s time=7.02s
rank=0 batch=9/57 microbatch=32 effective_global_batch=128 loss=0.3323 norm_pos=0.3108 norm_neg=nan gap=nan throughput=8.98 samples/s time=7.12s
rank=0 batch=10/57 microbatch=32 effective_global_batch=128 loss=0.3306 norm_pos=0.3115 norm_neg=nan gap=nan grad_norm=0.2239 throughput=9.45 samples/s time=6.77s
rank=0 batch=11/57 microbatch=32 effective_global_batch=128 loss=0.3352 norm_pos=0.3165 norm_neg=nan gap=nan throughput=9.18 samples/s time=6.97s
rank=0 batch=12/57 microbatch=32 effective_global_batch=128 loss=0.3351 norm_pos=0.3146 norm_neg=nan gap=nan grad_norm=0.1860 throughput=8.88 samples/s time=7.20s
rank=0 batch=13/57 microbatch=32 effective_global_batch=128 loss=0.3354 norm_pos=0.3175 norm_neg=nan gap=nan throughput=9.11 samples/s time=7.02s
rank=0 batch=14/57 microbatch=32 effective_global_batch=128 loss=0.3370 norm_pos=0.3187 norm_neg=nan gap=nan grad_norm=0.2363 throughput=8.91 samples/s time=7.19s
rank=0 batch=15/57 microbatch=32 effective_global_batch=128 loss=0.3329 norm_pos=0.3128 norm_neg=nan gap=nan throughput=8.87 samples/s time=7.22s
rank=0 batch=16/57 microbatch=32 effective_global_batch=128 loss=0.3353 norm_pos=0.3158 norm_neg=nan gap=nan grad_norm=0.1788 throughput=8.94 samples/s time=7.15s
rank=0 batch=17/57 microbatch=32 effective_global_batch=128 loss=0.3349 norm_pos=0.3134 norm_neg=nan gap=nan throughput=8.89 samples/s time=7.20s
rank=0 batch=18/57 microbatch=32 effective_global_batch=128 loss=0.3322 norm_pos=0.3113 norm_neg=nan gap=nan grad_norm=0.2120 throughput=8.83 samples/s time=7.25s
rank=0 batch=19/57 microbatch=32 effective_global_batch=128 loss=0.3370 norm_pos=0.3155 norm_neg=nan gap=nan throughput=8.86 samples/s time=7.22s
rank=0 batch=20/57 microbatch=32 effective_global_batch=128 loss=0.3385 norm_pos=0.3194 norm_neg=nan gap=nan grad_norm=0.1713 throughput=8.98 samples/s time=7.13s
rank=0 batch=21/57 microbatch=32 effective_global_batch=128 loss=0.3367 norm_pos=0.3171 norm_neg=nan gap=nan throughput=9.14 samples/s time=7.00s
rank=0 batch=22/57 microbatch=32 effective_global_batch=128 loss=0.3325 norm_pos=0.3138 norm_neg=nan gap=nan grad_norm=0.2032 throughput=8.92 samples/s time=7.17s
rank=0 batch=23/57 microbatch=32 effective_global_batch=128 loss=0.3357 norm_pos=0.3163 norm_neg=nan gap=nan throughput=9.09 samples/s time=7.04s
rank=0 batch=24/57 microbatch=32 effective_global_batch=128 loss=0.3321 norm_pos=0.3135 norm_neg=nan gap=nan grad_norm=0.1870 throughput=9.09 samples/s time=7.04s
rank=0 batch=25/57 microbatch=32 effective_global_batch=128 loss=0.3369 norm_pos=0.3176 norm_neg=nan gap=nan throughput=8.92 samples/s time=7.17s gpu=0.06/1.34GB rss=6.40GB
rank=0 batch=26/57 microbatch=32 effective_global_batch=128 loss=0.3308 norm_pos=0.3117 norm_neg=nan gap=nan grad_norm=0.1937 throughput=8.85 samples/s time=7.23s
rank=0 batch=27/57 microbatch=32 effective_global_batch=128 loss=0.3365 norm_pos=0.3167 norm_neg=nan gap=nan throughput=8.64 samples/s time=7.41s
rank=0 batch=28/57 microbatch=32 effective_global_batch=128 loss=0.3332 norm_pos=0.3144 norm_neg=nan gap=nan grad_norm=0.2072 throughput=8.78 samples/s time=7.29s
rank=0 batch=29/57 microbatch=32 effective_global_batch=128 loss=0.3321 norm_pos=0.3127 norm_neg=nan gap=nan throughput=9.08 samples/s time=7.05s
rank=0 batch=30/57 microbatch=32 effective_global_batch=128 loss=0.3355 norm_pos=0.3156 norm_neg=nan gap=nan grad_norm=0.1930 throughput=8.75 samples/s time=7.31s
rank=0 batch=31/57 microbatch=32 effective_global_batch=128 loss=0.3354 norm_pos=0.3166 norm_neg=nan gap=nan throughput=8.95 samples/s time=7.15s
rank=0 batch=32/57 microbatch=32 effective_global_batch=128 loss=0.3297 norm_pos=0.3090 norm_neg=nan gap=nan grad_norm=0.2361 throughput=9.01 samples/s time=7.10s
rank=0 batch=33/57 microbatch=32 effective_global_batch=128 loss=0.3361 norm_pos=0.3165 norm_neg=nan gap=nan throughput=8.93 samples/s time=7.17s
rank=0 batch=34/57 microbatch=32 effective_global_batch=128 loss=0.3329 norm_pos=0.3119 norm_neg=nan gap=nan grad_norm=0.1834 throughput=8.96 samples/s time=7.14s
rank=0 batch=35/57 microbatch=32 effective_global_batch=128 loss=0.3363 norm_pos=0.3168 norm_neg=nan gap=nan throughput=9.10 samples/s time=7.03s
rank=0 batch=36/57 microbatch=32 effective_global_batch=128 loss=0.3303 norm_pos=0.3101 norm_neg=nan gap=nan grad_norm=0.2136 throughput=8.75 samples/s time=7.31s
rank=0 batch=37/57 microbatch=32 effective_global_batch=128 loss=0.3419 norm_pos=0.3242 norm_neg=nan gap=nan throughput=9.11 samples/s time=7.02s
rank=0 batch=38/57 microbatch=32 effective_global_batch=128 loss=0.3315 norm_pos=0.3121 norm_neg=nan gap=nan grad_norm=0.1962 throughput=9.04 samples/s time=7.08s
rank=0 batch=39/57 microbatch=32 effective_global_batch=128 loss=0.3373 norm_pos=0.3167 norm_neg=nan gap=nan throughput=9.14 samples/s time=7.00s
rank=0 batch=40/57 microbatch=32 effective_global_batch=128 loss=0.3368 norm_pos=0.3169 norm_neg=nan gap=nan grad_norm=0.2163 throughput=9.21 samples/s time=6.95s
rank=0 batch=41/57 microbatch=32 effective_global_batch=128 loss=0.3345 norm_pos=0.3161 norm_neg=nan gap=nan throughput=9.12 samples/s time=7.02s
rank=0 batch=42/57 microbatch=32 effective_global_batch=128 loss=0.3366 norm_pos=0.3175 norm_neg=nan gap=nan grad_norm=0.1741 throughput=9.04 samples/s time=7.08s
rank=0 batch=43/57 microbatch=32 effective_global_batch=128 loss=0.3295 norm_pos=0.3094 norm_neg=nan gap=nan throughput=8.94 samples/s time=7.16s
rank=0 batch=44/57 microbatch=32 effective_global_batch=128 loss=0.3338 norm_pos=0.3148 norm_neg=nan gap=nan grad_norm=0.2240 throughput=9.01 samples/s time=7.10s
rank=0 batch=45/57 microbatch=32 effective_global_batch=128 loss=0.3319 norm_pos=0.3120 norm_neg=nan gap=nan throughput=9.01 samples/s time=7.10s
rank=0 batch=46/57 microbatch=32 effective_global_batch=128 loss=0.3318 norm_pos=0.3131 norm_neg=nan gap=nan grad_norm=0.1930 throughput=8.95 samples/s time=7.15s
rank=0 batch=47/57 microbatch=32 effective_global_batch=128 loss=0.3366 norm_pos=0.3167 norm_neg=nan gap=nan throughput=9.14 samples/s time=7.00s
rank=0 batch=48/57 microbatch=32 effective_global_batch=128 loss=0.3310 norm_pos=0.3105 norm_neg=nan gap=nan grad_norm=0.2509 throughput=8.89 samples/s time=7.20s
rank=0 batch=49/57 microbatch=32 effective_global_batch=128 loss=0.3385 norm_pos=0.3186 norm_neg=nan gap=nan throughput=8.95 samples/s time=7.15s
rank=0 batch=50/57 microbatch=32 effective_global_batch=128 loss=0.3347 norm_pos=0.3165 norm_neg=nan gap=nan grad_norm=0.2323 throughput=9.06 samples/s time=7.06s gpu=0.05/1.34GB rss=6.41GB
rank=0 batch=51/57 microbatch=32 effective_global_batch=128 loss=0.3321 norm_pos=0.3117 norm_neg=nan gap=nan throughput=8.88 samples/s time=7.21s
rank=0 batch=52/57 microbatch=32 effective_global_batch=128 loss=0.3387 norm_pos=0.3188 norm_neg=nan gap=nan grad_norm=0.1871 throughput=8.86 samples/s time=7.22s
rank=0 batch=53/57 microbatch=32 effective_global_batch=128 loss=0.3349 norm_pos=0.3176 norm_neg=nan gap=nan throughput=9.09 samples/s time=7.04s
rank=0 batch=54/57 microbatch=32 effective_global_batch=128 loss=0.3404 norm_pos=0.3218 norm_neg=nan gap=nan grad_norm=0.2035 throughput=9.06 samples/s time=7.07s
rank=0 batch=55/57 microbatch=32 effective_global_batch=128 loss=0.3318 norm_pos=0.3132 norm_neg=nan gap=nan throughput=9.19 samples/s time=6.96s
rank=0 batch=56/57 microbatch=32 effective_global_batch=128 loss=0.3392 norm_pos=0.3203 norm_neg=nan gap=nan grad_norm=0.2087 throughput=9.06 samples/s time=7.07s
rank=0 batch=57/57 microbatch=8 effective_global_batch=32 loss=0.3339 norm_pos=0.3127 norm_neg=nan gap=nan grad_norm=0.1259 throughput=8.24 samples/s time=1.94s
epoch=12 train_loss=0.3341 val_loss=0.3351 elapsed=468.3s
epoch=13/20 world_size=2
wandb: WARNING Tried to log to step 12 that is less than the current step 13. Steps must be monotonically increasing, so this data will be ignored. See https://wandb.me/define-metric to log data out of order.
rank=0 batch=1/57 microbatch=32 effective_global_batch=128 loss=0.3354 norm_pos=0.3147 norm_neg=nan gap=nan throughput=9.14 samples/s time=7.00s gpu=0.06/1.34GB rss=6.37GB
rank=0 batch=2/57 microbatch=32 effective_global_batch=128 loss=0.3347 norm_pos=0.3154 norm_neg=nan gap=nan grad_norm=0.2816 throughput=9.00 samples/s time=7.11s
rank=0 batch=3/57 microbatch=32 effective_global_batch=128 loss=0.3315 norm_pos=0.3114 norm_neg=nan gap=nan throughput=8.99 samples/s time=7.12s
rank=0 batch=4/57 microbatch=32 effective_global_batch=128 loss=0.3335 norm_pos=0.3150 norm_neg=nan gap=nan grad_norm=0.1922 throughput=8.92 samples/s time=7.17s
rank=0 batch=5/57 microbatch=32 effective_global_batch=128 loss=0.3285 norm_pos=0.3058 norm_neg=nan gap=nan throughput=9.17 samples/s time=6.98s
rank=0 batch=6/57 microbatch=32 effective_global_batch=128 loss=0.3303 norm_pos=0.3109 norm_neg=nan gap=nan grad_norm=0.2018 throughput=9.11 samples/s time=7.03s
rank=0 batch=7/57 microbatch=32 effective_global_batch=128 loss=0.3312 norm_pos=0.3119 norm_neg=nan gap=nan throughput=9.00 samples/s time=7.11s
rank=0 batch=8/57 microbatch=32 effective_global_batch=128 loss=0.3303 norm_pos=0.3084 norm_neg=nan gap=nan grad_norm=0.1939 throughput=8.92 samples/s time=7.17s
rank=0 batch=9/57 microbatch=32 effective_global_batch=128 loss=0.3350 norm_pos=0.3166 norm_neg=nan gap=nan throughput=8.97 samples/s time=7.14s
rank=0 batch=10/57 microbatch=32 effective_global_batch=128 loss=0.3309 norm_pos=0.3093 norm_neg=nan gap=nan grad_norm=0.2043 throughput=8.88 samples/s time=7.21s
rank=0 batch=11/57 microbatch=32 effective_global_batch=128 loss=0.3277 norm_pos=0.3084 norm_neg=nan gap=nan throughput=9.02 samples/s time=7.10s
rank=0 batch=12/57 microbatch=32 effective_global_batch=128 loss=0.3343 norm_pos=0.3152 norm_neg=nan gap=nan grad_norm=0.2500 throughput=9.10 samples/s time=7.04s
rank=0 batch=13/57 microbatch=32 effective_global_batch=128 loss=0.3314 norm_pos=0.3123 norm_neg=nan gap=nan throughput=9.05 samples/s time=7.07s
rank=0 batch=14/57 microbatch=32 effective_global_batch=128 loss=0.3326 norm_pos=0.3114 norm_neg=nan gap=nan grad_norm=0.2040 throughput=9.08 samples/s time=7.05s
rank=0 batch=15/57 microbatch=32 effective_global_batch=128 loss=0.3319 norm_pos=0.3124 norm_neg=nan gap=nan throughput=9.28 samples/s time=6.90s
rank=0 batch=16/57 microbatch=32 effective_global_batch=128 loss=0.3367 norm_pos=0.3180 norm_neg=nan gap=nan grad_norm=0.2120 throughput=9.08 samples/s time=7.05s
rank=0 batch=17/57 microbatch=32 effective_global_batch=128 loss=0.3352 norm_pos=0.3172 norm_neg=nan gap=nan throughput=9.18 samples/s time=6.97s
rank=0 batch=18/57 microbatch=32 effective_global_batch=128 loss=0.3346 norm_pos=0.3138 norm_neg=nan gap=nan grad_norm=0.1651 throughput=8.91 samples/s time=7.18s
rank=0 batch=19/57 microbatch=32 effective_global_batch=128 loss=0.3378 norm_pos=0.3182 norm_neg=nan gap=nan throughput=9.10 samples/s time=7.03s
rank=0 batch=20/57 microbatch=32 effective_global_batch=128 loss=0.3314 norm_pos=0.3129 norm_neg=nan gap=nan grad_norm=0.2140 throughput=9.05 samples/s time=7.07s
rank=0 batch=21/57 microbatch=32 effective_global_batch=128 loss=0.3335 norm_pos=0.3157 norm_neg=nan gap=nan throughput=9.02 samples/s time=7.10s
rank=0 batch=22/57 microbatch=32 effective_global_batch=128 loss=0.3377 norm_pos=0.3164 norm_neg=nan gap=nan grad_norm=0.2262 throughput=8.89 samples/s time=7.20s
rank=0 batch=23/57 microbatch=32 effective_global_batch=128 loss=0.3345 norm_pos=0.3147 norm_neg=nan gap=nan throughput=9.02 samples/s time=7.09s
rank=0 batch=24/57 microbatch=32 effective_global_batch=128 loss=0.3337 norm_pos=0.3127 norm_neg=nan gap=nan grad_norm=0.1895 throughput=8.89 samples/s time=7.20s
rank=0 batch=25/57 microbatch=32 effective_global_batch=128 loss=0.3375 norm_pos=0.3207 norm_neg=nan gap=nan throughput=8.99 samples/s time=7.12s gpu=0.06/1.34GB rss=6.41GB
rank=0 batch=26/57 microbatch=32 effective_global_batch=128 loss=0.3284 norm_pos=0.3088 norm_neg=nan gap=nan grad_norm=0.2204 throughput=8.85 samples/s time=7.23s
rank=0 batch=27/57 microbatch=32 effective_global_batch=128 loss=0.3324 norm_pos=0.3124 norm_neg=nan gap=nan throughput=9.09 samples/s time=7.04s
rank=0 batch=28/57 microbatch=32 effective_global_batch=128 loss=0.3318 norm_pos=0.3120 norm_neg=nan gap=nan grad_norm=0.1762 throughput=8.83 samples/s time=7.25s
rank=0 batch=29/57 microbatch=32 effective_global_batch=128 loss=0.3325 norm_pos=0.3126 norm_neg=nan gap=nan throughput=9.12 samples/s time=7.02s
rank=0 batch=30/57 microbatch=32 effective_global_batch=128 loss=0.3296 norm_pos=0.3096 norm_neg=nan gap=nan grad_norm=0.2367 throughput=9.16 samples/s time=6.99s
rank=0 batch=31/57 microbatch=32 effective_global_batch=128 loss=0.3343 norm_pos=0.3157 norm_neg=nan gap=nan throughput=8.89 samples/s time=7.20s
rank=0 batch=32/57 microbatch=32 effective_global_batch=128 loss=0.3333 norm_pos=0.3147 norm_neg=nan gap=nan grad_norm=0.1776 throughput=8.90 samples/s time=7.19s
rank=0 batch=33/57 microbatch=32 effective_global_batch=128 loss=0.3285 norm_pos=0.3102 norm_neg=nan gap=nan throughput=9.16 samples/s time=6.99s
rank=0 batch=34/57 microbatch=32 effective_global_batch=128 loss=0.3308 norm_pos=0.3127 norm_neg=nan gap=nan grad_norm=0.2302 throughput=9.04 samples/s time=7.08s
rank=0 batch=35/57 microbatch=32 effective_global_batch=128 loss=0.3357 norm_pos=0.3163 norm_neg=nan gap=nan throughput=9.21 samples/s time=6.95s
rank=0 batch=36/57 microbatch=32 effective_global_batch=128 loss=0.3379 norm_pos=0.3190 norm_neg=nan gap=nan grad_norm=0.1749 throughput=8.80 samples/s time=7.27s
rank=0 batch=37/57 microbatch=32 effective_global_batch=128 loss=0.3281 norm_pos=0.3062 norm_neg=nan gap=nan throughput=9.06 samples/s time=7.06s
rank=0 batch=38/57 microbatch=32 effective_global_batch=128 loss=0.3344 norm_pos=0.3148 norm_neg=nan gap=nan grad_norm=0.2008 throughput=9.19 samples/s time=6.96s
rank=0 batch=39/57 microbatch=32 effective_global_batch=128 loss=0.3285 norm_pos=0.3072 norm_neg=nan gap=nan throughput=8.97 samples/s time=7.13s
rank=0 batch=40/57 microbatch=32 effective_global_batch=128 loss=0.3315 norm_pos=0.3115 norm_neg=nan gap=nan grad_norm=0.1962 throughput=8.95 samples/s time=7.15s
rank=0 batch=41/57 microbatch=32 effective_global_batch=128 loss=0.3342 norm_pos=0.3145 norm_neg=nan gap=nan throughput=8.99 samples/s time=7.12s
rank=0 batch=42/57 microbatch=32 effective_global_batch=128 loss=0.3313 norm_pos=0.3103 norm_neg=nan gap=nan grad_norm=0.2100 throughput=8.74 samples/s time=7.33s
rank=0 batch=43/57 microbatch=32 effective_global_batch=128 loss=0.3373 norm_pos=0.3191 norm_neg=nan gap=nan throughput=9.14 samples/s time=7.00s
rank=0 batch=44/57 microbatch=32 effective_global_batch=128 loss=0.3356 norm_pos=0.3160 norm_neg=nan gap=nan grad_norm=0.2175 throughput=8.96 samples/s time=7.15s
rank=0 batch=45/57 microbatch=32 effective_global_batch=128 loss=0.3347 norm_pos=0.3141 norm_neg=nan gap=nan throughput=9.04 samples/s time=7.08s
rank=0 batch=46/57 microbatch=32 effective_global_batch=128 loss=0.3348 norm_pos=0.3154 norm_neg=nan gap=nan grad_norm=0.1799 throughput=9.09 samples/s time=7.04s
rank=0 batch=47/57 microbatch=32 effective_global_batch=128 loss=0.3291 norm_pos=0.3097 norm_neg=nan gap=nan throughput=9.14 samples/s time=7.00s
rank=0 batch=48/57 microbatch=32 effective_global_batch=128 loss=0.3367 norm_pos=0.3173 norm_neg=nan gap=nan grad_norm=0.2031 throughput=9.04 samples/s time=7.08s
rank=0 batch=49/57 microbatch=32 effective_global_batch=128 loss=0.3295 norm_pos=0.3083 norm_neg=nan gap=nan throughput=8.73 samples/s time=7.33s
rank=0 batch=50/57 microbatch=32 effective_global_batch=128 loss=0.3384 norm_pos=0.3179 norm_neg=nan gap=nan grad_norm=0.1661 throughput=8.89 samples/s time=7.20s gpu=0.05/1.34GB rss=6.41GB
rank=0 batch=51/57 microbatch=32 effective_global_batch=128 loss=0.3296 norm_pos=0.3108 norm_neg=nan gap=nan throughput=9.10 samples/s time=7.03s
rank=0 batch=52/57 microbatch=32 effective_global_batch=128 loss=0.3313 norm_pos=0.3124 norm_neg=nan gap=nan grad_norm=0.1927 throughput=8.76 samples/s time=7.30s
rank=0 batch=53/57 microbatch=32 effective_global_batch=128 loss=0.3354 norm_pos=0.3172 norm_neg=nan gap=nan throughput=9.05 samples/s time=7.07s
rank=0 batch=54/57 microbatch=32 effective_global_batch=128 loss=0.3318 norm_pos=0.3110 norm_neg=nan gap=nan grad_norm=0.2176 throughput=9.01 samples/s time=7.10s
rank=0 batch=55/57 microbatch=32 effective_global_batch=128 loss=0.3333 norm_pos=0.3143 norm_neg=nan gap=nan throughput=9.11 samples/s time=7.02s
rank=0 batch=56/57 microbatch=32 effective_global_batch=128 loss=0.3330 norm_pos=0.3144 norm_neg=nan gap=nan grad_norm=0.1888 throughput=8.98 samples/s time=7.13s
rank=0 batch=57/57 microbatch=8 effective_global_batch=32 loss=0.3362 norm_pos=0.3134 norm_neg=nan gap=nan grad_norm=0.1601 throughput=8.12 samples/s time=1.97s
epoch=13 train_loss=0.3330 val_loss=0.3336 elapsed=465.6s
epoch=14/20 world_size=2
rank=0 batch=1/57 microbatch=32 effective_global_batch=128 loss=0.3306 norm_pos=0.3092 norm_neg=nan gap=nan throughput=8.80 samples/s time=7.27s gpu=0.06/1.34GB rss=6.41GB
wandb: WARNING Tried to log to step 13 that is less than the current step 14. Steps must be monotonically increasing, so this data will be ignored. See https://wandb.me/define-metric to log data out of order.
rank=0 batch=2/57 microbatch=32 effective_global_batch=128 loss=0.3313 norm_pos=0.3118 norm_neg=nan gap=nan grad_norm=0.3064 throughput=9.05 samples/s time=7.07s
rank=0 batch=3/57 microbatch=32 effective_global_batch=128 loss=0.3328 norm_pos=0.3117 norm_neg=nan gap=nan throughput=9.42 samples/s time=6.80s
rank=0 batch=4/57 microbatch=32 effective_global_batch=128 loss=0.3363 norm_pos=0.3164 norm_neg=nan gap=nan grad_norm=0.1364 throughput=9.07 samples/s time=7.05s
rank=0 batch=5/57 microbatch=32 effective_global_batch=128 loss=0.3368 norm_pos=0.3183 norm_neg=nan gap=nan throughput=9.19 samples/s time=6.96s
rank=0 batch=6/57 microbatch=32 effective_global_batch=128 loss=0.3376 norm_pos=0.3185 norm_neg=nan gap=nan grad_norm=0.2324 throughput=9.13 samples/s time=7.01s
rank=0 batch=7/57 microbatch=32 effective_global_batch=128 loss=0.3333 norm_pos=0.3148 norm_neg=nan gap=nan throughput=9.18 samples/s time=6.97s
rank=0 batch=8/57 microbatch=32 effective_global_batch=128 loss=0.3292 norm_pos=0.3092 norm_neg=nan gap=nan grad_norm=0.2137 throughput=9.07 samples/s time=7.06s
rank=0 batch=9/57 microbatch=32 effective_global_batch=128 loss=0.3341 norm_pos=0.3160 norm_neg=nan gap=nan throughput=9.16 samples/s time=6.99s
rank=0 batch=10/57 microbatch=32 effective_global_batch=128 loss=0.3328 norm_pos=0.3114 norm_neg=nan gap=nan grad_norm=0.1614 throughput=8.93 samples/s time=7.17s
rank=0 batch=11/57 microbatch=32 effective_global_batch=128 loss=0.3303 norm_pos=0.3091 norm_neg=nan gap=nan throughput=9.03 samples/s time=7.08s
rank=0 batch=12/57 microbatch=32 effective_global_batch=128 loss=0.3271 norm_pos=0.3065 norm_neg=nan gap=nan grad_norm=0.1734 throughput=9.13 samples/s time=7.01s
rank=0 batch=13/57 microbatch=32 effective_global_batch=128 loss=0.3326 norm_pos=0.3146 norm_neg=nan gap=nan throughput=9.14 samples/s time=7.00s
rank=0 batch=14/57 microbatch=32 effective_global_batch=128 loss=0.3293 norm_pos=0.3105 norm_neg=nan gap=nan grad_norm=0.1757 throughput=9.10 samples/s time=7.04s
rank=0 batch=15/57 microbatch=32 effective_global_batch=128 loss=0.3314 norm_pos=0.3129 norm_neg=nan gap=nan throughput=8.97 samples/s time=7.14s
rank=0 batch=16/57 microbatch=32 effective_global_batch=128 loss=0.3334 norm_pos=0.3145 norm_neg=nan gap=nan grad_norm=0.1865 throughput=9.01 samples/s time=7.10s
rank=0 batch=17/57 microbatch=32 effective_global_batch=128 loss=0.3327 norm_pos=0.3130 norm_neg=nan gap=nan throughput=8.98 samples/s time=7.13s
rank=0 batch=18/57 microbatch=32 effective_global_batch=128 loss=0.3340 norm_pos=0.3161 norm_neg=nan gap=nan grad_norm=0.1928 throughput=9.07 samples/s time=7.05s
rank=0 batch=19/57 microbatch=32 effective_global_batch=128 loss=0.3314 norm_pos=0.3110 norm_neg=nan gap=nan throughput=9.16 samples/s time=6.99s
rank=0 batch=20/57 microbatch=32 effective_global_batch=128 loss=0.3293 norm_pos=0.3123 norm_neg=nan gap=nan grad_norm=0.1680 throughput=9.00 samples/s time=7.11s
rank=0 batch=21/57 microbatch=32 effective_global_batch=128 loss=0.3274 norm_pos=0.3062 norm_neg=nan gap=nan throughput=9.06 samples/s time=7.07s
rank=0 batch=22/57 microbatch=32 effective_global_batch=128 loss=0.3338 norm_pos=0.3141 norm_neg=nan gap=nan grad_norm=0.1817 throughput=9.18 samples/s time=6.97s
rank=0 batch=23/57 microbatch=32 effective_global_batch=128 loss=0.3305 norm_pos=0.3106 norm_neg=nan gap=nan throughput=9.01 samples/s time=7.10s
rank=0 batch=24/57 microbatch=32 effective_global_batch=128 loss=0.3354 norm_pos=0.3177 norm_neg=nan gap=nan grad_norm=0.1767 throughput=9.08 samples/s time=7.05s
rank=0 batch=25/57 microbatch=32 effective_global_batch=128 loss=0.3301 norm_pos=0.3106 norm_neg=nan gap=nan throughput=8.97 samples/s time=7.14s gpu=0.06/1.34GB rss=6.41GB
rank=0 batch=26/57 microbatch=32 effective_global_batch=128 loss=0.3298 norm_pos=0.3116 norm_neg=nan gap=nan grad_norm=0.1648 throughput=8.75 samples/s time=7.31s
rank=0 batch=27/57 microbatch=32 effective_global_batch=128 loss=0.3345 norm_pos=0.3159 norm_neg=nan gap=nan throughput=9.09 samples/s time=7.04s
rank=0 batch=28/57 microbatch=32 effective_global_batch=128 loss=0.3314 norm_pos=0.3085 norm_neg=nan gap=nan grad_norm=0.1603 throughput=8.77 samples/s time=7.30s
rank=0 batch=29/57 microbatch=32 effective_global_batch=128 loss=0.3290 norm_pos=0.3097 norm_neg=nan gap=nan throughput=8.77 samples/s time=7.30s
rank=0 batch=30/57 microbatch=32 effective_global_batch=128 loss=0.3365 norm_pos=0.3190 norm_neg=nan gap=nan grad_norm=0.2097 throughput=9.20 samples/s time=6.96s
rank=0 batch=31/57 microbatch=32 effective_global_batch=128 loss=0.3393 norm_pos=0.3206 norm_neg=nan gap=nan throughput=8.95 samples/s time=7.15s
rank=0 batch=32/57 microbatch=32 effective_global_batch=128 loss=0.3241 norm_pos=0.3051 norm_neg=nan gap=nan grad_norm=0.1792 throughput=8.83 samples/s time=7.25s
rank=0 batch=33/57 microbatch=32 effective_global_batch=128 loss=0.3268 norm_pos=0.3073 norm_neg=nan gap=nan throughput=9.24 samples/s time=6.93s
rank=0 batch=34/57 microbatch=32 effective_global_batch=128 loss=0.3304 norm_pos=0.3101 norm_neg=nan gap=nan grad_norm=0.1845 throughput=9.29 samples/s time=6.89s
rank=0 batch=35/57 microbatch=32 effective_global_batch=128 loss=0.3292 norm_pos=0.3107 norm_neg=nan gap=nan throughput=9.11 samples/s time=7.03s
rank=0 batch=36/57 microbatch=32 effective_global_batch=128 loss=0.3303 norm_pos=0.3097 norm_neg=nan gap=nan grad_norm=0.1839 throughput=8.97 samples/s time=7.13s
rank=0 batch=37/57 microbatch=32 effective_global_batch=128 loss=0.3321 norm_pos=0.3146 norm_neg=nan gap=nan throughput=8.95 samples/s time=7.15s
rank=0 batch=38/57 microbatch=32 effective_global_batch=128 loss=0.3256 norm_pos=0.3050 norm_neg=nan gap=nan grad_norm=0.1797 throughput=9.04 samples/s time=7.08s
rank=0 batch=39/57 microbatch=32 effective_global_batch=128 loss=0.3324 norm_pos=0.3147 norm_neg=nan gap=nan throughput=8.93 samples/s time=7.16s
rank=0 batch=40/57 microbatch=32 effective_global_batch=128 loss=0.3288 norm_pos=0.3102 norm_neg=nan gap=nan grad_norm=0.1700 throughput=8.71 samples/s time=7.35s
rank=0 batch=41/57 microbatch=32 effective_global_batch=128 loss=0.3306 norm_pos=0.3109 norm_neg=nan gap=nan throughput=9.10 samples/s time=7.04s
rank=0 batch=42/57 microbatch=32 effective_global_batch=128 loss=0.3344 norm_pos=0.3146 norm_neg=nan gap=nan grad_norm=0.1629 throughput=8.91 samples/s time=7.19s
rank=0 batch=43/57 microbatch=32 effective_global_batch=128 loss=0.3276 norm_pos=0.3091 norm_neg=nan gap=nan throughput=9.22 samples/s time=6.94s
rank=0 batch=44/57 microbatch=32 effective_global_batch=128 loss=0.3316 norm_pos=0.3121 norm_neg=nan gap=nan grad_norm=0.1734 throughput=9.04 samples/s time=7.08s
rank=0 batch=45/57 microbatch=32 effective_global_batch=128 loss=0.3329 norm_pos=0.3124 norm_neg=nan gap=nan throughput=9.04 samples/s time=7.08s
rank=0 batch=46/57 microbatch=32 effective_global_batch=128 loss=0.3305 norm_pos=0.3111 norm_neg=nan gap=nan grad_norm=0.1818 throughput=9.11 samples/s time=7.03s
rank=0 batch=47/57 microbatch=32 effective_global_batch=128 loss=0.3267 norm_pos=0.3048 norm_neg=nan gap=nan throughput=9.11 samples/s time=7.03s
rank=0 batch=48/57 microbatch=32 effective_global_batch=128 loss=0.3326 norm_pos=0.3124 norm_neg=nan gap=nan grad_norm=0.1419 throughput=8.89 samples/s time=7.20s
rank=0 batch=49/57 microbatch=32 effective_global_batch=128 loss=0.3278 norm_pos=0.3063 norm_neg=nan gap=nan throughput=9.16 samples/s time=6.99s
rank=0 batch=50/57 microbatch=32 effective_global_batch=128 loss=0.3387 norm_pos=0.3219 norm_neg=nan gap=nan grad_norm=0.1743 throughput=9.17 samples/s time=6.98s gpu=0.05/1.34GB rss=6.41GB
rank=0 batch=51/57 microbatch=32 effective_global_batch=128 loss=0.3269 norm_pos=0.3062 norm_neg=nan gap=nan throughput=9.01 samples/s time=7.11s
rank=0 batch=52/57 microbatch=32 effective_global_batch=128 loss=0.3258 norm_pos=0.3047 norm_neg=nan gap=nan grad_norm=0.1882 throughput=8.99 samples/s time=7.12s
rank=0 batch=53/57 microbatch=32 effective_global_batch=128 loss=0.3366 norm_pos=0.3168 norm_neg=nan gap=nan throughput=8.94 samples/s time=7.16s
rank=0 batch=54/57 microbatch=32 effective_global_batch=128 loss=0.3339 norm_pos=0.3139 norm_neg=nan gap=nan grad_norm=0.1933 throughput=8.96 samples/s time=7.14s
rank=0 batch=55/57 microbatch=32 effective_global_batch=128 loss=0.3336 norm_pos=0.3148 norm_neg=nan gap=nan throughput=8.96 samples/s time=7.14s
rank=0 batch=56/57 microbatch=32 effective_global_batch=128 loss=0.3294 norm_pos=0.3098 norm_neg=nan gap=nan grad_norm=0.1724 throughput=9.09 samples/s time=7.04s
rank=0 batch=57/57 microbatch=8 effective_global_batch=32 loss=0.3338 norm_pos=0.3116 norm_neg=nan gap=nan grad_norm=0.1145 throughput=8.46 samples/s time=1.89s
epoch=14 train_loss=0.3319 val_loss=0.3329 elapsed=464.1s
epoch=15/20 world_size=2
wandb: WARNING Tried to log to step 14 that is less than the current step 15. Steps must be monotonically increasing, so this data will be ignored. See https://wandb.me/define-metric to log data out of order.
rank=0 batch=1/57 microbatch=32 effective_global_batch=128 loss=0.3360 norm_pos=0.3164 norm_neg=nan gap=nan throughput=9.32 samples/s time=6.87s gpu=0.06/1.34GB rss=6.41GB
rank=0 batch=2/57 microbatch=32 effective_global_batch=128 loss=0.3300 norm_pos=0.3094 norm_neg=nan gap=nan grad_norm=0.2540 throughput=9.24 samples/s time=6.92s
rank=0 batch=3/57 microbatch=32 effective_global_batch=128 loss=0.3319 norm_pos=0.3108 norm_neg=nan gap=nan throughput=9.15 samples/s time=6.99s
rank=0 batch=4/57 microbatch=32 effective_global_batch=128 loss=0.3317 norm_pos=0.3132 norm_neg=nan gap=nan grad_norm=0.1874 throughput=8.98 samples/s time=7.12s
rank=0 batch=5/57 microbatch=32 effective_global_batch=128 loss=0.3281 norm_pos=0.3078 norm_neg=nan gap=nan throughput=9.10 samples/s time=7.03s
rank=0 batch=6/57 microbatch=32 effective_global_batch=128 loss=0.3318 norm_pos=0.3121 norm_neg=nan gap=nan grad_norm=0.1521 throughput=8.91 samples/s time=7.18s
rank=0 batch=7/57 microbatch=32 effective_global_batch=128 loss=0.3328 norm_pos=0.3130 norm_neg=nan gap=nan throughput=9.11 samples/s time=7.02s
rank=0 batch=8/57 microbatch=32 effective_global_batch=128 loss=0.3333 norm_pos=0.3170 norm_neg=nan gap=nan grad_norm=0.2498 throughput=9.06 samples/s time=7.06s
rank=0 batch=9/57 microbatch=32 effective_global_batch=128 loss=0.3297 norm_pos=0.3085 norm_neg=nan gap=nan throughput=9.04 samples/s time=7.08s
rank=0 batch=10/57 microbatch=32 effective_global_batch=128 loss=0.3293 norm_pos=0.3105 norm_neg=nan gap=nan grad_norm=0.1696 throughput=8.90 samples/s time=7.19s
rank=0 batch=11/57 microbatch=32 effective_global_batch=128 loss=0.3361 norm_pos=0.3170 norm_neg=nan gap=nan throughput=9.19 samples/s time=6.96s
rank=0 batch=12/57 microbatch=32 effective_global_batch=128 loss=0.3313 norm_pos=0.3127 norm_neg=nan gap=nan grad_norm=0.1937 throughput=8.99 samples/s time=7.12s
rank=0 batch=13/57 microbatch=32 effective_global_batch=128 loss=0.3259 norm_pos=0.3063 norm_neg=nan gap=nan throughput=9.15 samples/s time=7.00s
rank=0 batch=14/57 microbatch=32 effective_global_batch=128 loss=0.3375 norm_pos=0.3181 norm_neg=nan gap=nan grad_norm=0.1990 throughput=9.03 samples/s time=7.09s
rank=0 batch=15/57 microbatch=32 effective_global_batch=128 loss=0.3343 norm_pos=0.3149 norm_neg=nan gap=nan throughput=8.86 samples/s time=7.23s
rank=0 batch=16/57 microbatch=32 effective_global_batch=128 loss=0.3292 norm_pos=0.3103 norm_neg=nan gap=nan grad_norm=0.1815 throughput=8.88 samples/s time=7.21s
rank=0 batch=17/57 microbatch=32 effective_global_batch=128 loss=0.3297 norm_pos=0.3106 norm_neg=nan gap=nan throughput=9.08 samples/s time=7.05s
rank=0 batch=18/57 microbatch=32 effective_global_batch=128 loss=0.3311 norm_pos=0.3113 norm_neg=nan gap=nan grad_norm=0.1889 throughput=8.79 samples/s time=7.28s
rank=0 batch=19/57 microbatch=32 effective_global_batch=128 loss=0.3312 norm_pos=0.3123 norm_neg=nan gap=nan throughput=9.17 samples/s time=6.98s
rank=0 batch=20/57 microbatch=32 effective_global_batch=128 loss=0.3341 norm_pos=0.3155 norm_neg=nan gap=nan grad_norm=0.1866 throughput=8.97 samples/s time=7.14s
rank=0 batch=21/57 microbatch=32 effective_global_batch=128 loss=0.3272 norm_pos=0.3082 norm_neg=nan gap=nan throughput=9.12 samples/s time=7.01s
rank=0 batch=22/57 microbatch=32 effective_global_batch=128 loss=0.3358 norm_pos=0.3170 norm_neg=nan gap=nan grad_norm=0.1491 throughput=8.99 samples/s time=7.12s
rank=0 batch=23/57 microbatch=32 effective_global_batch=128 loss=0.3383 norm_pos=0.3202 norm_neg=nan gap=nan throughput=8.98 samples/s time=7.13s
rank=0 batch=24/57 microbatch=32 effective_global_batch=128 loss=0.3316 norm_pos=0.3129 norm_neg=nan gap=nan grad_norm=0.1761 throughput=9.21 samples/s time=6.95s
rank=0 batch=25/57 microbatch=32 effective_global_batch=128 loss=0.3315 norm_pos=0.3135 norm_neg=nan gap=nan throughput=9.21 samples/s time=6.95s gpu=0.06/1.34GB rss=6.41GB
rank=0 batch=26/57 microbatch=32 effective_global_batch=128 loss=0.3341 norm_pos=0.3156 norm_neg=nan gap=nan grad_norm=0.1773 throughput=9.21 samples/s time=6.95s
rank=0 batch=27/57 microbatch=32 effective_global_batch=128 loss=0.3301 norm_pos=0.3115 norm_neg=nan gap=nan throughput=9.03 samples/s time=7.08s
rank=0 batch=28/57 microbatch=32 effective_global_batch=128 loss=0.3347 norm_pos=0.3148 norm_neg=nan gap=nan grad_norm=0.1513 throughput=8.90 samples/s time=7.19s
rank=0 batch=29/57 microbatch=32 effective_global_batch=128 loss=0.3341 norm_pos=0.3164 norm_neg=nan gap=nan throughput=9.28 samples/s time=6.90s
rank=0 batch=30/57 microbatch=32 effective_global_batch=128 loss=0.3311 norm_pos=0.3122 norm_neg=nan gap=nan grad_norm=0.1893 throughput=9.10 samples/s time=7.04s
rank=0 batch=31/57 microbatch=32 effective_global_batch=128 loss=0.3333 norm_pos=0.3133 norm_neg=nan gap=nan throughput=9.12 samples/s time=7.02s
rank=0 batch=32/57 microbatch=32 effective_global_batch=128 loss=0.3267 norm_pos=0.3082 norm_neg=nan gap=nan grad_norm=0.1552 throughput=9.13 samples/s time=7.01s
rank=0 batch=33/57 microbatch=32 effective_global_batch=128 loss=0.3294 norm_pos=0.3119 norm_neg=nan gap=nan throughput=9.23 samples/s time=6.93s
rank=0 batch=34/57 microbatch=32 effective_global_batch=128 loss=0.3309 norm_pos=0.3121 norm_neg=nan gap=nan grad_norm=0.1543 throughput=9.02 samples/s time=7.09s
rank=0 batch=35/57 microbatch=32 effective_global_batch=128 loss=0.3297 norm_pos=0.3101 norm_neg=nan gap=nan throughput=9.06 samples/s time=7.06s
rank=0 batch=36/57 microbatch=32 effective_global_batch=128 loss=0.3340 norm_pos=0.3145 norm_neg=nan gap=nan grad_norm=0.1602 throughput=9.00 samples/s time=7.11s
rank=0 batch=37/57 microbatch=32 effective_global_batch=128 loss=0.3246 norm_pos=0.3043 norm_neg=nan gap=nan throughput=9.02 samples/s time=7.09s
rank=0 batch=38/57 microbatch=32 effective_global_batch=128 loss=0.3304 norm_pos=0.3098 norm_neg=nan gap=nan grad_norm=0.1500 throughput=8.92 samples/s time=7.18s
rank=0 batch=39/57 microbatch=32 effective_global_batch=128 loss=0.3315 norm_pos=0.3130 norm_neg=nan gap=nan throughput=9.04 samples/s time=7.08s
rank=0 batch=40/57 microbatch=32 effective_global_batch=128 loss=0.3321 norm_pos=0.3130 norm_neg=nan gap=nan grad_norm=0.1643 throughput=8.88 samples/s time=7.21s
rank=0 batch=41/57 microbatch=32 effective_global_batch=128 loss=0.3328 norm_pos=0.3145 norm_neg=nan gap=nan throughput=9.15 samples/s time=7.00s
rank=0 batch=42/57 microbatch=32 effective_global_batch=128 loss=0.3310 norm_pos=0.3125 norm_neg=nan gap=nan grad_norm=0.1498 throughput=8.88 samples/s time=7.21s
rank=0 batch=43/57 microbatch=32 effective_global_batch=128 loss=0.3333 norm_pos=0.3144 norm_neg=nan gap=nan throughput=9.11 samples/s time=7.02s
rank=0 batch=44/57 microbatch=32 effective_global_batch=128 loss=0.3287 norm_pos=0.3087 norm_neg=nan gap=nan grad_norm=0.1606 throughput=8.96 samples/s time=7.14s
rank=0 batch=45/57 microbatch=32 effective_global_batch=128 loss=0.3284 norm_pos=0.3095 norm_neg=nan gap=nan throughput=9.01 samples/s time=7.10s
rank=0 batch=46/57 microbatch=32 effective_global_batch=128 loss=0.3313 norm_pos=0.3116 norm_neg=nan gap=nan grad_norm=0.1940 throughput=8.88 samples/s time=7.21s
rank=0 batch=47/57 microbatch=32 effective_global_batch=128 loss=0.3290 norm_pos=0.3106 norm_neg=nan gap=nan throughput=9.01 samples/s time=7.10s
rank=0 batch=48/57 microbatch=32 effective_global_batch=128 loss=0.3285 norm_pos=0.3086 norm_neg=nan gap=nan grad_norm=0.1717 throughput=8.89 samples/s time=7.20s
rank=0 batch=49/57 microbatch=32 effective_global_batch=128 loss=0.3315 norm_pos=0.3111 norm_neg=nan gap=nan throughput=8.93 samples/s time=7.16s
rank=0 batch=50/57 microbatch=32 effective_global_batch=128 loss=0.3316 norm_pos=0.3100 norm_neg=nan gap=nan grad_norm=0.1511 throughput=9.00 samples/s time=7.11s gpu=0.05/1.34GB rss=6.41GB
rank=0 batch=51/57 microbatch=32 effective_global_batch=128 loss=0.3346 norm_pos=0.3157 norm_neg=nan gap=nan throughput=9.00 samples/s time=7.11s
rank=0 batch=52/57 microbatch=32 effective_global_batch=128 loss=0.3294 norm_pos=0.3098 norm_neg=nan gap=nan grad_norm=0.1844 throughput=8.97 samples/s time=7.13s
rank=0 batch=53/57 microbatch=32 effective_global_batch=128 loss=0.3279 norm_pos=0.3095 norm_neg=nan gap=nan throughput=9.06 samples/s time=7.06s
rank=0 batch=54/57 microbatch=32 effective_global_batch=128 loss=0.3310 norm_pos=0.3120 norm_neg=nan gap=nan grad_norm=0.1640 throughput=9.06 samples/s time=7.07s
rank=0 batch=55/57 microbatch=32 effective_global_batch=128 loss=0.3292 norm_pos=0.3105 norm_neg=nan gap=nan throughput=8.94 samples/s time=7.16s
rank=0 batch=56/57 microbatch=32 effective_global_batch=128 loss=0.3350 norm_pos=0.3167 norm_neg=nan gap=nan grad_norm=0.1551 throughput=8.96 samples/s time=7.15s
rank=0 batch=57/57 microbatch=8 effective_global_batch=32 loss=0.3243 norm_pos=0.3034 norm_neg=nan gap=nan grad_norm=0.1217 throughput=8.39 samples/s time=1.91s
wandb: WARNING Tried to log to step 15 that is less than the current step 16. Steps must be monotonically increasing, so this data will be ignored. See https://wandb.me/define-metric to log data out of order.
epoch=15 train_loss=0.3313 val_loss=0.3321 elapsed=464.1s
epoch=16/20 world_size=2
rank=0 batch=1/57 microbatch=32 effective_global_batch=128 loss=0.3312 norm_pos=0.3102 norm_neg=nan gap=nan throughput=9.19 samples/s time=6.97s gpu=0.06/1.34GB rss=6.41GB
rank=0 batch=2/57 microbatch=32 effective_global_batch=128 loss=0.3253 norm_pos=0.3043 norm_neg=nan gap=nan grad_norm=0.1823 throughput=9.08 samples/s time=7.05s
rank=0 batch=3/57 microbatch=32 effective_global_batch=128 loss=0.3263 norm_pos=0.3080 norm_neg=nan gap=nan throughput=8.95 samples/s time=7.15s
rank=0 batch=4/57 microbatch=32 effective_global_batch=128 loss=0.3295 norm_pos=0.3114 norm_neg=nan gap=nan grad_norm=0.1671 throughput=8.90 samples/s time=7.19s
rank=0 batch=5/57 microbatch=32 effective_global_batch=128 loss=0.3338 norm_pos=0.3146 norm_neg=nan gap=nan throughput=8.94 samples/s time=7.16s
rank=0 batch=6/57 microbatch=32 effective_global_batch=128 loss=0.3299 norm_pos=0.3083 norm_neg=nan gap=nan grad_norm=0.1130 throughput=8.86 samples/s time=7.22s
rank=0 batch=7/57 microbatch=32 effective_global_batch=128 loss=0.3276 norm_pos=0.3081 norm_neg=nan gap=nan throughput=8.97 samples/s time=7.13s
rank=0 batch=8/57 microbatch=32 effective_global_batch=128 loss=0.3336 norm_pos=0.3130 norm_neg=nan gap=nan grad_norm=0.1441 throughput=8.71 samples/s time=7.35s
rank=0 batch=9/57 microbatch=32 effective_global_batch=128 loss=0.3302 norm_pos=0.3112 norm_neg=nan gap=nan throughput=9.04 samples/s time=7.08s
rank=0 batch=10/57 microbatch=32 effective_global_batch=128 loss=0.3329 norm_pos=0.3162 norm_neg=nan gap=nan grad_norm=0.1894 throughput=9.01 samples/s time=7.10s
rank=0 batch=11/57 microbatch=32 effective_global_batch=128 loss=0.3252 norm_pos=0.3059 norm_neg=nan gap=nan throughput=9.06 samples/s time=7.07s
rank=0 batch=12/57 microbatch=32 effective_global_batch=128 loss=0.3300 norm_pos=0.3113 norm_neg=nan gap=nan grad_norm=0.1359 throughput=8.82 samples/s time=7.25s
rank=0 batch=13/57 microbatch=32 effective_global_batch=128 loss=0.3303 norm_pos=0.3120 norm_neg=nan gap=nan throughput=8.97 samples/s time=7.14s
rank=0 batch=14/57 microbatch=32 effective_global_batch=128 loss=0.3296 norm_pos=0.3094 norm_neg=nan gap=nan grad_norm=0.1318 throughput=8.97 samples/s time=7.14s
rank=0 batch=15/57 microbatch=32 effective_global_batch=128 loss=0.3329 norm_pos=0.3143 norm_neg=nan gap=nan throughput=9.04 samples/s time=7.08s
rank=0 batch=16/57 microbatch=32 effective_global_batch=128 loss=0.3287 norm_pos=0.3101 norm_neg=nan gap=nan grad_norm=0.1553 throughput=8.93 samples/s time=7.17s
rank=0 batch=17/57 microbatch=32 effective_global_batch=128 loss=0.3318 norm_pos=0.3123 norm_neg=nan gap=nan throughput=8.99 samples/s time=7.12s
rank=0 batch=18/57 microbatch=32 effective_global_batch=128 loss=0.3303 norm_pos=0.3119 norm_neg=nan gap=nan grad_norm=0.1351 throughput=8.78 samples/s time=7.29s
rank=0 batch=19/57 microbatch=32 effective_global_batch=128 loss=0.3355 norm_pos=0.3179 norm_neg=nan gap=nan throughput=9.33 samples/s time=6.86s
rank=0 batch=20/57 microbatch=32 effective_global_batch=128 loss=0.3351 norm_pos=0.3173 norm_neg=nan gap=nan grad_norm=0.1724 throughput=9.14 samples/s time=7.00s
rank=0 batch=21/57 microbatch=32 effective_global_batch=128 loss=0.3346 norm_pos=0.3168 norm_neg=nan gap=nan throughput=9.02 samples/s time=7.09s
rank=0 batch=22/57 microbatch=32 effective_global_batch=128 loss=0.3242 norm_pos=0.3047 norm_neg=nan gap=nan grad_norm=0.1364 throughput=8.87 samples/s time=7.22s
rank=0 batch=23/57 microbatch=32 effective_global_batch=128 loss=0.3291 norm_pos=0.3102 norm_neg=nan gap=nan throughput=9.14 samples/s time=7.00s
rank=0 batch=24/57 microbatch=32 effective_global_batch=128 loss=0.3364 norm_pos=0.3177 norm_neg=nan gap=nan grad_norm=0.1097 throughput=9.09 samples/s time=7.04s
rank=0 batch=25/57 microbatch=32 effective_global_batch=128 loss=0.3299 norm_pos=0.3101 norm_neg=nan gap=nan throughput=9.15 samples/s time=7.00s gpu=0.06/1.34GB rss=6.39GB
rank=0 batch=26/57 microbatch=32 effective_global_batch=128 loss=0.3304 norm_pos=0.3109 norm_neg=nan gap=nan grad_norm=0.1246 throughput=9.10 samples/s time=7.04s
rank=0 batch=27/57 microbatch=32 effective_global_batch=128 loss=0.3314 norm_pos=0.3104 norm_neg=nan gap=nan throughput=8.92 samples/s time=7.17s
rank=0 batch=28/57 microbatch=32 effective_global_batch=128 loss=0.3296 norm_pos=0.3109 norm_neg=nan gap=nan grad_norm=0.1771 throughput=9.20 samples/s time=6.96s
rank=0 batch=29/57 microbatch=32 effective_global_batch=128 loss=0.3351 norm_pos=0.3176 norm_neg=nan gap=nan throughput=8.97 samples/s time=7.13s
rank=0 batch=30/57 microbatch=32 effective_global_batch=128 loss=0.3306 norm_pos=0.3119 norm_neg=nan gap=nan grad_norm=0.1808 throughput=9.06 samples/s time=7.06s
rank=0 batch=31/57 microbatch=32 effective_global_batch=128 loss=0.3258 norm_pos=0.3058 norm_neg=nan gap=nan throughput=8.88 samples/s time=7.21s
rank=0 batch=32/57 microbatch=32 effective_global_batch=128 loss=0.3349 norm_pos=0.3155 norm_neg=nan gap=nan grad_norm=0.1288 throughput=8.96 samples/s time=7.14s
rank=0 batch=33/57 microbatch=32 effective_global_batch=128 loss=0.3322 norm_pos=0.3138 norm_neg=nan gap=nan throughput=8.93 samples/s time=7.17s
rank=0 batch=34/57 microbatch=32 effective_global_batch=128 loss=0.3288 norm_pos=0.3090 norm_neg=nan gap=nan grad_norm=0.1203 throughput=8.96 samples/s time=7.14s
rank=0 batch=35/57 microbatch=32 effective_global_batch=128 loss=0.3336 norm_pos=0.3147 norm_neg=nan gap=nan throughput=8.85 samples/s time=7.23s
rank=0 batch=36/57 microbatch=32 effective_global_batch=128 loss=0.3308 norm_pos=0.3116 norm_neg=nan gap=nan grad_norm=0.1432 throughput=8.76 samples/s time=7.30s
rank=0 batch=37/57 microbatch=32 effective_global_batch=128 loss=0.3293 norm_pos=0.3075 norm_neg=nan gap=nan throughput=8.97 samples/s time=7.13s
rank=0 batch=38/57 microbatch=32 effective_global_batch=128 loss=0.3272 norm_pos=0.3080 norm_neg=nan gap=nan grad_norm=0.1181 throughput=8.98 samples/s time=7.12s
rank=0 batch=39/57 microbatch=32 effective_global_batch=128 loss=0.3318 norm_pos=0.3147 norm_neg=nan gap=nan throughput=9.04 samples/s time=7.08s
rank=0 batch=40/57 microbatch=32 effective_global_batch=128 loss=0.3317 norm_pos=0.3140 norm_neg=nan gap=nan grad_norm=0.1339 throughput=8.91 samples/s time=7.18s
rank=0 batch=41/57 microbatch=32 effective_global_batch=128 loss=0.3348 norm_pos=0.3146 norm_neg=nan gap=nan throughput=8.78 samples/s time=7.29s
rank=0 batch=42/57 microbatch=32 effective_global_batch=128 loss=0.3280 norm_pos=0.3075 norm_neg=nan gap=nan grad_norm=0.1534 throughput=8.72 samples/s time=7.34s
rank=0 batch=43/57 microbatch=32 effective_global_batch=128 loss=0.3328 norm_pos=0.3143 norm_neg=nan gap=nan throughput=9.08 samples/s time=7.05s
rank=0 batch=44/57 microbatch=32 effective_global_batch=128 loss=0.3310 norm_pos=0.3101 norm_neg=nan gap=nan grad_norm=0.1394 throughput=8.74 samples/s time=7.32s
rank=0 batch=45/57 microbatch=32 effective_global_batch=128 loss=0.3287 norm_pos=0.3095 norm_neg=nan gap=nan throughput=9.00 samples/s time=7.11s
rank=0 batch=46/57 microbatch=32 effective_global_batch=128 loss=0.3292 norm_pos=0.3102 norm_neg=nan gap=nan grad_norm=0.1629 throughput=9.07 samples/s time=7.06s
rank=0 batch=47/57 microbatch=32 effective_global_batch=128 loss=0.3386 norm_pos=0.3218 norm_neg=nan gap=nan throughput=9.06 samples/s time=7.07s
rank=0 batch=48/57 microbatch=32 effective_global_batch=128 loss=0.3331 norm_pos=0.3130 norm_neg=nan gap=nan grad_norm=0.1228 throughput=8.90 samples/s time=7.19s
rank=0 batch=49/57 microbatch=32 effective_global_batch=128 loss=0.3310 norm_pos=0.3124 norm_neg=nan gap=nan throughput=8.88 samples/s time=7.21s
rank=0 batch=50/57 microbatch=32 effective_global_batch=128 loss=0.3336 norm_pos=0.3141 norm_neg=nan gap=nan grad_norm=0.1454 throughput=9.09 samples/s time=7.04s gpu=0.05/1.34GB rss=6.40GB
rank=0 batch=51/57 microbatch=32 effective_global_batch=128 loss=0.3275 norm_pos=0.3080 norm_neg=nan gap=nan throughput=9.05 samples/s time=7.07s
rank=0 batch=52/57 microbatch=32 effective_global_batch=128 loss=0.3316 norm_pos=0.3115 norm_neg=nan gap=nan grad_norm=0.1338 throughput=8.70 samples/s time=7.36s
rank=0 batch=53/57 microbatch=32 effective_global_batch=128 loss=0.3322 norm_pos=0.3127 norm_neg=nan gap=nan throughput=8.98 samples/s time=7.13s
rank=0 batch=54/57 microbatch=32 effective_global_batch=128 loss=0.3303 norm_pos=0.3126 norm_neg=nan gap=nan grad_norm=0.1914 throughput=8.88 samples/s time=7.21s
rank=0 batch=55/57 microbatch=32 effective_global_batch=128 loss=0.3293 norm_pos=0.3102 norm_neg=nan gap=nan throughput=8.88 samples/s time=7.21s
rank=0 batch=56/57 microbatch=32 effective_global_batch=128 loss=0.3302 norm_pos=0.3133 norm_neg=nan gap=nan grad_norm=0.1357 throughput=9.20 samples/s time=6.95s
rank=0 batch=57/57 microbatch=8 effective_global_batch=32 loss=0.3320 norm_pos=0.3161 norm_neg=nan gap=nan grad_norm=0.1283 throughput=8.12 samples/s time=1.97s
epoch=16 train_loss=0.3307 val_loss=0.3317 elapsed=466.8s
epoch=17/20 world_size=2
wandb: WARNING Tried to log to step 16 that is less than the current step 17. Steps must be monotonically increasing, so this data will be ignored. See https://wandb.me/define-metric to log data out of order.
rank=0 batch=1/57 microbatch=32 effective_global_batch=128 loss=0.3320 norm_pos=0.3135 norm_neg=nan gap=nan throughput=9.07 samples/s time=7.06s gpu=0.06/1.34GB rss=6.40GB
rank=0 batch=2/57 microbatch=32 effective_global_batch=128 loss=0.3344 norm_pos=0.3162 norm_neg=nan gap=nan grad_norm=0.1924 throughput=9.26 samples/s time=6.91s
rank=0 batch=3/57 microbatch=32 effective_global_batch=128 loss=0.3283 norm_pos=0.3093 norm_neg=nan gap=nan throughput=9.05 samples/s time=7.07s
rank=0 batch=4/57 microbatch=32 effective_global_batch=128 loss=0.3316 norm_pos=0.3142 norm_neg=nan gap=nan grad_norm=0.1820 throughput=8.87 samples/s time=7.22s
rank=0 batch=5/57 microbatch=32 effective_global_batch=128 loss=0.3322 norm_pos=0.3144 norm_neg=nan gap=nan throughput=9.37 samples/s time=6.83s
rank=0 batch=6/57 microbatch=32 effective_global_batch=128 loss=0.3363 norm_pos=0.3198 norm_neg=nan gap=nan grad_norm=0.1312 throughput=8.93 samples/s time=7.17s
rank=0 batch=7/57 microbatch=32 effective_global_batch=128 loss=0.3372 norm_pos=0.3201 norm_neg=nan gap=nan throughput=9.01 samples/s time=7.10s
rank=0 batch=8/57 microbatch=32 effective_global_batch=128 loss=0.3294 norm_pos=0.3080 norm_neg=nan gap=nan grad_norm=0.1459 throughput=8.95 samples/s time=7.15s
rank=0 batch=9/57 microbatch=32 effective_global_batch=128 loss=0.3329 norm_pos=0.3141 norm_neg=nan gap=nan throughput=8.91 samples/s time=7.18s
rank=0 batch=10/57 microbatch=32 effective_global_batch=128 loss=0.3302 norm_pos=0.3110 norm_neg=nan gap=nan grad_norm=0.1661 throughput=8.98 samples/s time=7.13s
rank=0 batch=11/57 microbatch=32 effective_global_batch=128 loss=0.3357 norm_pos=0.3169 norm_neg=nan gap=nan throughput=9.14 samples/s time=7.00s
rank=0 batch=12/57 microbatch=32 effective_global_batch=128 loss=0.3319 norm_pos=0.3129 norm_neg=nan gap=nan grad_norm=0.1897 throughput=9.02 samples/s time=7.10s
rank=0 batch=13/57 microbatch=32 effective_global_batch=128 loss=0.3323 norm_pos=0.3132 norm_neg=nan gap=nan throughput=9.14 samples/s time=7.00s
rank=0 batch=14/57 microbatch=32 effective_global_batch=128 loss=0.3324 norm_pos=0.3131 norm_neg=nan gap=nan grad_norm=0.1301 throughput=8.89 samples/s time=7.20s
rank=0 batch=15/57 microbatch=32 effective_global_batch=128 loss=0.3309 norm_pos=0.3125 norm_neg=nan gap=nan throughput=8.99 samples/s time=7.12s
rank=0 batch=16/57 microbatch=32 effective_global_batch=128 loss=0.3303 norm_pos=0.3126 norm_neg=nan gap=nan grad_norm=0.1619 throughput=9.08 samples/s time=7.05s
rank=0 batch=17/57 microbatch=32 effective_global_batch=128 loss=0.3289 norm_pos=0.3104 norm_neg=nan gap=nan throughput=8.87 samples/s time=7.22s
rank=0 batch=18/57 microbatch=32 effective_global_batch=128 loss=0.3242 norm_pos=0.3052 norm_neg=nan gap=nan grad_norm=0.1384 throughput=8.89 samples/s time=7.20s
rank=0 batch=19/57 microbatch=32 effective_global_batch=128 loss=0.3322 norm_pos=0.3142 norm_neg=nan gap=nan throughput=9.09 samples/s time=7.04s
rank=0 batch=20/57 microbatch=32 effective_global_batch=128 loss=0.3297 norm_pos=0.3086 norm_neg=nan gap=nan grad_norm=0.1450 throughput=8.66 samples/s time=7.39s
rank=0 batch=21/57 microbatch=32 effective_global_batch=128 loss=0.3317 norm_pos=0.3126 norm_neg=nan gap=nan throughput=8.79 samples/s time=7.28s
rank=0 batch=22/57 microbatch=32 effective_global_batch=128 loss=0.3319 norm_pos=0.3138 norm_neg=nan gap=nan grad_norm=0.1257 throughput=9.21 samples/s time=6.95s
rank=0 batch=23/57 microbatch=32 effective_global_batch=128 loss=0.3242 norm_pos=0.3045 norm_neg=nan gap=nan throughput=8.82 samples/s time=7.26s
rank=0 batch=24/57 microbatch=32 effective_global_batch=128 loss=0.3240 norm_pos=0.3049 norm_neg=nan gap=nan grad_norm=0.1465 throughput=9.16 samples/s time=6.99s
rank=0 batch=25/57 microbatch=32 effective_global_batch=128 loss=0.3307 norm_pos=0.3124 norm_neg=nan gap=nan throughput=8.92 samples/s time=7.18s gpu=0.06/1.34GB rss=6.40GB
rank=0 batch=26/57 microbatch=32 effective_global_batch=128 loss=0.3327 norm_pos=0.3134 norm_neg=nan gap=nan grad_norm=0.1790 throughput=8.85 samples/s time=7.23s
rank=0 batch=27/57 microbatch=32 effective_global_batch=128 loss=0.3344 norm_pos=0.3139 norm_neg=nan gap=nan throughput=8.94 samples/s time=7.16s
rank=0 batch=28/57 microbatch=32 effective_global_batch=128 loss=0.3281 norm_pos=0.3092 norm_neg=nan gap=nan grad_norm=0.1224 throughput=8.74 samples/s time=7.33s
rank=0 batch=29/57 microbatch=32 effective_global_batch=128 loss=0.3307 norm_pos=0.3116 norm_neg=nan gap=nan throughput=8.89 samples/s time=7.20s
rank=0 batch=30/57 microbatch=32 effective_global_batch=128 loss=0.3303 norm_pos=0.3107 norm_neg=nan gap=nan grad_norm=0.1268 throughput=8.77 samples/s time=7.30s
rank=0 batch=31/57 microbatch=32 effective_global_batch=128 loss=0.3313 norm_pos=0.3118 norm_neg=nan gap=nan throughput=8.85 samples/s time=7.23s
rank=0 batch=32/57 microbatch=32 effective_global_batch=128 loss=0.3318 norm_pos=0.3135 norm_neg=nan gap=nan grad_norm=0.1606 throughput=9.09 samples/s time=7.04s
rank=0 batch=33/57 microbatch=32 effective_global_batch=128 loss=0.3333 norm_pos=0.3140 norm_neg=nan gap=nan throughput=8.86 samples/s time=7.22s
rank=0 batch=34/57 microbatch=32 effective_global_batch=128 loss=0.3301 norm_pos=0.3101 norm_neg=nan gap=nan grad_norm=0.1293 throughput=8.76 samples/s time=7.31s
rank=0 batch=35/57 microbatch=32 effective_global_batch=128 loss=0.3287 norm_pos=0.3098 norm_neg=nan gap=nan throughput=9.05 samples/s time=7.07s
rank=0 batch=36/57 microbatch=32 effective_global_batch=128 loss=0.3282 norm_pos=0.3082 norm_neg=nan gap=nan grad_norm=0.1513 throughput=8.82 samples/s time=7.26s
rank=0 batch=37/57 microbatch=32 effective_global_batch=128 loss=0.3255 norm_pos=0.3071 norm_neg=nan gap=nan throughput=8.91 samples/s time=7.18s
rank=0 batch=38/57 microbatch=32 effective_global_batch=128 loss=0.3315 norm_pos=0.3117 norm_neg=nan gap=nan grad_norm=0.1533 throughput=8.87 samples/s time=7.22s
rank=0 batch=39/57 microbatch=32 effective_global_batch=128 loss=0.3294 norm_pos=0.3085 norm_neg=nan gap=nan throughput=8.79 samples/s time=7.28s
rank=0 batch=40/57 microbatch=32 effective_global_batch=128 loss=0.3347 norm_pos=0.3171 norm_neg=nan gap=nan grad_norm=0.1245 throughput=9.04 samples/s time=7.08s
rank=0 batch=41/57 microbatch=32 effective_global_batch=128 loss=0.3280 norm_pos=0.3082 norm_neg=nan gap=nan throughput=8.77 samples/s time=7.30s
rank=0 batch=42/57 microbatch=32 effective_global_batch=128 loss=0.3320 norm_pos=0.3141 norm_neg=nan gap=nan grad_norm=0.1513 throughput=8.87 samples/s time=7.22s
rank=0 batch=43/57 microbatch=32 effective_global_batch=128 loss=0.3295 norm_pos=0.3081 norm_neg=nan gap=nan throughput=8.94 samples/s time=7.16s
rank=0 batch=44/57 microbatch=32 effective_global_batch=128 loss=0.3335 norm_pos=0.3139 norm_neg=nan gap=nan grad_norm=0.1297 throughput=8.66 samples/s time=7.39s
rank=0 batch=45/57 microbatch=32 effective_global_batch=128 loss=0.3310 norm_pos=0.3129 norm_neg=nan gap=nan throughput=8.95 samples/s time=7.15s
rank=0 batch=46/57 microbatch=32 effective_global_batch=128 loss=0.3350 norm_pos=0.3168 norm_neg=nan gap=nan grad_norm=0.1266 throughput=9.20 samples/s time=6.96s
rank=0 batch=47/57 microbatch=32 effective_global_batch=128 loss=0.3276 norm_pos=0.3075 norm_neg=nan gap=nan throughput=9.03 samples/s time=7.09s
rank=0 batch=48/57 microbatch=32 effective_global_batch=128 loss=0.3320 norm_pos=0.3121 norm_neg=nan gap=nan grad_norm=0.1077 throughput=8.99 samples/s time=7.12s
rank=0 batch=49/57 microbatch=32 effective_global_batch=128 loss=0.3327 norm_pos=0.3132 norm_neg=nan gap=nan throughput=9.25 samples/s time=6.92s
rank=0 batch=50/57 microbatch=32 effective_global_batch=128 loss=0.3291 norm_pos=0.3098 norm_neg=nan gap=nan grad_norm=0.1207 throughput=8.81 samples/s time=7.26s gpu=0.05/1.34GB rss=6.41GB
rank=0 batch=51/57 microbatch=32 effective_global_batch=128 loss=0.3275 norm_pos=0.3073 norm_neg=nan gap=nan throughput=8.78 samples/s time=7.29s
rank=0 batch=52/57 microbatch=32 effective_global_batch=128 loss=0.3296 norm_pos=0.3100 norm_neg=nan gap=nan grad_norm=0.1345 throughput=8.97 samples/s time=7.14s
rank=0 batch=53/57 microbatch=32 effective_global_batch=128 loss=0.3285 norm_pos=0.3081 norm_neg=nan gap=nan throughput=8.76 samples/s time=7.31s
rank=0 batch=54/57 microbatch=32 effective_global_batch=128 loss=0.3274 norm_pos=0.3073 norm_neg=nan gap=nan grad_norm=0.1243 throughput=8.97 samples/s time=7.14s
rank=0 batch=55/57 microbatch=32 effective_global_batch=128 loss=0.3288 norm_pos=0.3090 norm_neg=nan gap=nan throughput=8.81 samples/s time=7.27s
rank=0 batch=56/57 microbatch=32 effective_global_batch=128 loss=0.3347 norm_pos=0.3163 norm_neg=nan gap=nan grad_norm=0.1358 throughput=8.88 samples/s time=7.21s
rank=0 batch=57/57 microbatch=8 effective_global_batch=32 loss=0.3260 norm_pos=0.3079 norm_neg=nan gap=nan grad_norm=0.1553 throughput=8.45 samples/s time=1.89s
epoch=17 train_loss=0.3304 val_loss=0.3313 elapsed=468.9s
epoch=18/20 world_size=2
wandb: WARNING Tried to log to step 17 that is less than the current step 18. Steps must be monotonically increasing, so this data will be ignored. See https://wandb.me/define-metric to log data out of order.
rank=0 batch=1/57 microbatch=32 effective_global_batch=128 loss=0.3269 norm_pos=0.3064 norm_neg=nan gap=nan throughput=9.03 samples/s time=7.09s gpu=0.06/1.34GB rss=6.37GB
rank=0 batch=2/57 microbatch=32 effective_global_batch=128 loss=0.3264 norm_pos=0.3055 norm_neg=nan gap=nan grad_norm=0.1510 throughput=9.46 samples/s time=6.76s
rank=0 batch=3/57 microbatch=32 effective_global_batch=128 loss=0.3231 norm_pos=0.3031 norm_neg=nan gap=nan throughput=8.81 samples/s time=7.27s
rank=0 batch=4/57 microbatch=32 effective_global_batch=128 loss=0.3336 norm_pos=0.3144 norm_neg=nan gap=nan grad_norm=0.1433 throughput=8.90 samples/s time=7.19s
rank=0 batch=5/57 microbatch=32 effective_global_batch=128 loss=0.3321 norm_pos=0.3144 norm_neg=nan gap=nan throughput=8.99 samples/s time=7.12s
rank=0 batch=6/57 microbatch=32 effective_global_batch=128 loss=0.3288 norm_pos=0.3094 norm_neg=nan gap=nan grad_norm=0.1511 throughput=8.87 samples/s time=7.22s
rank=0 batch=7/57 microbatch=32 effective_global_batch=128 loss=0.3294 norm_pos=0.3105 norm_neg=nan gap=nan throughput=9.26 samples/s time=6.91s
rank=0 batch=8/57 microbatch=32 effective_global_batch=128 loss=0.3273 norm_pos=0.3078 norm_neg=nan gap=nan grad_norm=0.1087 throughput=9.01 samples/s time=7.11s
rank=0 batch=9/57 microbatch=32 effective_global_batch=128 loss=0.3368 norm_pos=0.3189 norm_neg=nan gap=nan throughput=9.13 samples/s time=7.01s
rank=0 batch=10/57 microbatch=32 effective_global_batch=128 loss=0.3285 norm_pos=0.3090 norm_neg=nan gap=nan grad_norm=0.0955 throughput=8.87 samples/s time=7.22s
rank=0 batch=11/57 microbatch=32 effective_global_batch=128 loss=0.3260 norm_pos=0.3053 norm_neg=nan gap=nan throughput=8.89 samples/s time=7.20s
rank=0 batch=12/57 microbatch=32 effective_global_batch=128 loss=0.3349 norm_pos=0.3175 norm_neg=nan gap=nan grad_norm=0.0957 throughput=9.18 samples/s time=6.97s
rank=0 batch=13/57 microbatch=32 effective_global_batch=128 loss=0.3243 norm_pos=0.3031 norm_neg=nan gap=nan throughput=8.98 samples/s time=7.13s
rank=0 batch=14/57 microbatch=32 effective_global_batch=128 loss=0.3332 norm_pos=0.3131 norm_neg=nan gap=nan grad_norm=0.1246 throughput=8.82 samples/s time=7.25s
rank=0 batch=15/57 microbatch=32 effective_global_batch=128 loss=0.3295 norm_pos=0.3092 norm_neg=nan gap=nan throughput=8.98 samples/s time=7.13s
rank=0 batch=16/57 microbatch=32 effective_global_batch=128 loss=0.3332 norm_pos=0.3145 norm_neg=nan gap=nan grad_norm=0.1070 throughput=9.25 samples/s time=6.92s
rank=0 batch=17/57 microbatch=32 effective_global_batch=128 loss=0.3325 norm_pos=0.3145 norm_neg=nan gap=nan throughput=9.31 samples/s time=6.87s
rank=0 batch=18/57 microbatch=32 effective_global_batch=128 loss=0.3322 norm_pos=0.3123 norm_neg=nan gap=nan grad_norm=0.1017 throughput=9.12 samples/s time=7.02s
rank=0 batch=19/57 microbatch=32 effective_global_batch=128 loss=0.3295 norm_pos=0.3095 norm_neg=nan gap=nan throughput=9.25 samples/s time=6.92s
rank=0 batch=20/57 microbatch=32 effective_global_batch=128 loss=0.3345 norm_pos=0.3165 norm_neg=nan gap=nan grad_norm=0.1386 throughput=9.16 samples/s time=6.98s
rank=0 batch=21/57 microbatch=32 effective_global_batch=128 loss=0.3277 norm_pos=0.3077 norm_neg=nan gap=nan throughput=9.01 samples/s time=7.11s
rank=0 batch=22/57 microbatch=32 effective_global_batch=128 loss=0.3265 norm_pos=0.3069 norm_neg=nan gap=nan grad_norm=0.1089 throughput=8.91 samples/s time=7.18s
rank=0 batch=23/57 microbatch=32 effective_global_batch=128 loss=0.3328 norm_pos=0.3141 norm_neg=nan gap=nan throughput=8.95 samples/s time=7.15s
rank=0 batch=24/57 microbatch=32 effective_global_batch=128 loss=0.3287 norm_pos=0.3092 norm_neg=nan gap=nan grad_norm=0.1092 throughput=8.89 samples/s time=7.20s
rank=0 batch=25/57 microbatch=32 effective_global_batch=128 loss=0.3320 norm_pos=0.3138 norm_neg=nan gap=nan throughput=9.09 samples/s time=7.04s gpu=0.06/1.34GB rss=6.39GB
rank=0 batch=26/57 microbatch=32 effective_global_batch=128 loss=0.3345 norm_pos=0.3160 norm_neg=nan gap=nan grad_norm=0.1353 throughput=8.90 samples/s time=7.19s
rank=0 batch=27/57 microbatch=32 effective_global_batch=128 loss=0.3368 norm_pos=0.3189 norm_neg=nan gap=nan throughput=9.30 samples/s time=6.88s
rank=0 batch=28/57 microbatch=32 effective_global_batch=128 loss=0.3306 norm_pos=0.3107 norm_neg=nan gap=nan grad_norm=0.1320 throughput=8.96 samples/s time=7.15s
rank=0 batch=29/57 microbatch=32 effective_global_batch=128 loss=0.3346 norm_pos=0.3152 norm_neg=nan gap=nan throughput=9.08 samples/s time=7.05s
rank=0 batch=30/57 microbatch=32 effective_global_batch=128 loss=0.3328 norm_pos=0.3141 norm_neg=nan gap=nan grad_norm=0.1242 throughput=9.29 samples/s time=6.89s
rank=0 batch=31/57 microbatch=32 effective_global_batch=128 loss=0.3289 norm_pos=0.3082 norm_neg=nan gap=nan throughput=8.97 samples/s time=7.13s
rank=0 batch=32/57 microbatch=32 effective_global_batch=128 loss=0.3276 norm_pos=0.3096 norm_neg=nan gap=nan grad_norm=0.1184 throughput=9.18 samples/s time=6.97s
rank=0 batch=33/57 microbatch=32 effective_global_batch=128 loss=0.3271 norm_pos=0.3078 norm_neg=nan gap=nan throughput=9.06 samples/s time=7.06s
rank=0 batch=34/57 microbatch=32 effective_global_batch=128 loss=0.3345 norm_pos=0.3161 norm_neg=nan gap=nan grad_norm=0.1143 throughput=9.14 samples/s time=7.00s
rank=0 batch=35/57 microbatch=32 effective_global_batch=128 loss=0.3326 norm_pos=0.3139 norm_neg=nan gap=nan throughput=9.15 samples/s time=7.00s
rank=0 batch=36/57 microbatch=32 effective_global_batch=128 loss=0.3329 norm_pos=0.3129 norm_neg=nan gap=nan grad_norm=0.0996 throughput=8.86 samples/s time=7.22s
rank=0 batch=37/57 microbatch=32 effective_global_batch=128 loss=0.3284 norm_pos=0.3092 norm_neg=nan gap=nan throughput=9.34 samples/s time=6.85s
rank=0 batch=38/57 microbatch=32 effective_global_batch=128 loss=0.3265 norm_pos=0.3063 norm_neg=nan gap=nan grad_norm=0.1168 throughput=8.95 samples/s time=7.15s
rank=0 batch=39/57 microbatch=32 effective_global_batch=128 loss=0.3306 norm_pos=0.3111 norm_neg=nan gap=nan throughput=9.06 samples/s time=7.07s
rank=0 batch=40/57 microbatch=32 effective_global_batch=128 loss=0.3314 norm_pos=0.3116 norm_neg=nan gap=nan grad_norm=0.0946 throughput=8.84 samples/s time=7.24s
rank=0 batch=41/57 microbatch=32 effective_global_batch=128 loss=0.3291 norm_pos=0.3107 norm_neg=nan gap=nan throughput=9.28 samples/s time=6.89s
rank=0 batch=42/57 microbatch=32 effective_global_batch=128 loss=0.3308 norm_pos=0.3125 norm_neg=nan gap=nan grad_norm=0.1467 throughput=9.08 samples/s time=7.04s
rank=0 batch=43/57 microbatch=32 effective_global_batch=128 loss=0.3351 norm_pos=0.3164 norm_neg=nan gap=nan throughput=9.36 samples/s time=6.84s
rank=0 batch=44/57 microbatch=32 effective_global_batch=128 loss=0.3267 norm_pos=0.3092 norm_neg=nan gap=nan grad_norm=0.1125 throughput=8.86 samples/s time=7.23s
rank=0 batch=45/57 microbatch=32 effective_global_batch=128 loss=0.3302 norm_pos=0.3099 norm_neg=nan gap=nan throughput=8.99 samples/s time=7.12s
rank=0 batch=46/57 microbatch=32 effective_global_batch=128 loss=0.3303 norm_pos=0.3101 norm_neg=nan gap=nan grad_norm=0.1018 throughput=9.01 samples/s time=7.10s
rank=0 batch=47/57 microbatch=32 effective_global_batch=128 loss=0.3339 norm_pos=0.3135 norm_neg=nan gap=nan throughput=9.00 samples/s time=7.11s
rank=0 batch=48/57 microbatch=32 effective_global_batch=128 loss=0.3326 norm_pos=0.3134 norm_neg=nan gap=nan grad_norm=0.1066 throughput=8.75 samples/s time=7.31s
rank=0 batch=49/57 microbatch=32 effective_global_batch=128 loss=0.3273 norm_pos=0.3066 norm_neg=nan gap=nan throughput=9.21 samples/s time=6.95s
rank=0 batch=50/57 microbatch=32 effective_global_batch=128 loss=0.3316 norm_pos=0.3141 norm_neg=nan gap=nan grad_norm=0.0873 throughput=9.22 samples/s time=6.94s gpu=0.05/1.34GB rss=6.40GB
rank=0 batch=51/57 microbatch=32 effective_global_batch=128 loss=0.3289 norm_pos=0.3095 norm_neg=nan gap=nan throughput=9.30 samples/s time=6.88s
rank=0 batch=52/57 microbatch=32 effective_global_batch=128 loss=0.3368 norm_pos=0.3185 norm_neg=nan gap=nan grad_norm=0.1099 throughput=8.98 samples/s time=7.13s
rank=0 batch=53/57 microbatch=32 effective_global_batch=128 loss=0.3307 norm_pos=0.3102 norm_neg=nan gap=nan throughput=9.08 samples/s time=7.05s
rank=0 batch=54/57 microbatch=32 effective_global_batch=128 loss=0.3360 norm_pos=0.3173 norm_neg=nan gap=nan grad_norm=0.1340 throughput=9.09 samples/s time=7.04s
rank=0 batch=55/57 microbatch=32 effective_global_batch=128 loss=0.3233 norm_pos=0.3022 norm_neg=nan gap=nan throughput=9.01 samples/s time=7.10s
rank=0 batch=56/57 microbatch=32 effective_global_batch=128 loss=0.3285 norm_pos=0.3090 norm_neg=nan gap=nan grad_norm=0.1200 throughput=9.20 samples/s time=6.96s
rank=0 batch=57/57 microbatch=8 effective_global_batch=32 loss=0.3346 norm_pos=0.3179 norm_neg=nan gap=nan grad_norm=0.1153 throughput=8.24 samples/s time=1.94s
epoch=18 train_loss=0.3301 val_loss=0.3311 elapsed=463.7s
epoch=19/20 world_size=2
wandb: WARNING Tried to log to step 18 that is less than the current step 19. Steps must be monotonically increasing, so this data will be ignored. See https://wandb.me/define-metric to log data out of order.
rank=0 batch=1/57 microbatch=32 effective_global_batch=128 loss=0.3324 norm_pos=0.3143 norm_neg=nan gap=nan throughput=9.21 samples/s time=6.95s gpu=0.06/1.34GB rss=6.40GB
rank=0 batch=2/57 microbatch=32 effective_global_batch=128 loss=0.3243 norm_pos=0.3059 norm_neg=nan gap=nan grad_norm=0.1161 throughput=9.35 samples/s time=6.84s
rank=0 batch=3/57 microbatch=32 effective_global_batch=128 loss=0.3326 norm_pos=0.3138 norm_neg=nan gap=nan throughput=9.16 samples/s time=6.99s
rank=0 batch=4/57 microbatch=32 effective_global_batch=128 loss=0.3276 norm_pos=0.3078 norm_neg=nan gap=nan grad_norm=0.1280 throughput=9.06 samples/s time=7.07s
rank=0 batch=5/57 microbatch=32 effective_global_batch=128 loss=0.3335 norm_pos=0.3150 norm_neg=nan gap=nan throughput=8.95 samples/s time=7.15s
rank=0 batch=6/57 microbatch=32 effective_global_batch=128 loss=0.3321 norm_pos=0.3128 norm_neg=nan gap=nan grad_norm=0.0969 throughput=9.18 samples/s time=6.97s
rank=0 batch=7/57 microbatch=32 effective_global_batch=128 loss=0.3297 norm_pos=0.3108 norm_neg=nan gap=nan throughput=9.16 samples/s time=6.98s
rank=0 batch=8/57 microbatch=32 effective_global_batch=128 loss=0.3285 norm_pos=0.3076 norm_neg=nan gap=nan grad_norm=0.1088 throughput=8.95 samples/s time=7.15s
rank=0 batch=9/57 microbatch=32 effective_global_batch=128 loss=0.3324 norm_pos=0.3116 norm_neg=nan gap=nan throughput=9.08 samples/s time=7.05s
rank=0 batch=10/57 microbatch=32 effective_global_batch=128 loss=0.3306 norm_pos=0.3126 norm_neg=nan gap=nan grad_norm=0.0911 throughput=8.93 samples/s time=7.16s
rank=0 batch=11/57 microbatch=32 effective_global_batch=128 loss=0.3317 norm_pos=0.3142 norm_neg=nan gap=nan throughput=9.22 samples/s time=6.94s
rank=0 batch=12/57 microbatch=32 effective_global_batch=128 loss=0.3245 norm_pos=0.3039 norm_neg=nan gap=nan grad_norm=0.1179 throughput=8.96 samples/s time=7.15s
rank=0 batch=13/57 microbatch=32 effective_global_batch=128 loss=0.3286 norm_pos=0.3091 norm_neg=nan gap=nan throughput=9.07 samples/s time=7.05s
rank=0 batch=14/57 microbatch=32 effective_global_batch=128 loss=0.3375 norm_pos=0.3177 norm_neg=nan gap=nan grad_norm=0.1182 throughput=9.25 samples/s time=6.92s
rank=0 batch=15/57 microbatch=32 effective_global_batch=128 loss=0.3293 norm_pos=0.3090 norm_neg=nan gap=nan throughput=9.20 samples/s time=6.96s
rank=0 batch=16/57 microbatch=32 effective_global_batch=128 loss=0.3298 norm_pos=0.3104 norm_neg=nan gap=nan grad_norm=0.0986 throughput=9.09 samples/s time=7.04s
rank=0 batch=17/57 microbatch=32 effective_global_batch=128 loss=0.3245 norm_pos=0.3066 norm_neg=nan gap=nan throughput=9.21 samples/s time=6.95s
rank=0 batch=18/57 microbatch=32 effective_global_batch=128 loss=0.3355 norm_pos=0.3170 norm_neg=nan gap=nan grad_norm=0.0921 throughput=9.07 samples/s time=7.06s
rank=0 batch=19/57 microbatch=32 effective_global_batch=128 loss=0.3267 norm_pos=0.3068 norm_neg=nan gap=nan throughput=8.94 samples/s time=7.15s
rank=0 batch=20/57 microbatch=32 effective_global_batch=128 loss=0.3240 norm_pos=0.3039 norm_neg=nan gap=nan grad_norm=0.1171 throughput=8.89 samples/s time=7.20s
rank=0 batch=21/57 microbatch=32 effective_global_batch=128 loss=0.3302 norm_pos=0.3111 norm_neg=nan gap=nan throughput=9.05 samples/s time=7.07s
rank=0 batch=22/57 microbatch=32 effective_global_batch=128 loss=0.3352 norm_pos=0.3169 norm_neg=nan gap=nan grad_norm=0.1084 throughput=9.02 samples/s time=7.09s
rank=0 batch=23/57 microbatch=32 effective_global_batch=128 loss=0.3288 norm_pos=0.3084 norm_neg=nan gap=nan throughput=9.00 samples/s time=7.11s
rank=0 batch=24/57 microbatch=32 effective_global_batch=128 loss=0.3336 norm_pos=0.3147 norm_neg=nan gap=nan grad_norm=0.1256 throughput=8.99 samples/s time=7.12s
rank=0 batch=25/57 microbatch=32 effective_global_batch=128 loss=0.3272 norm_pos=0.3068 norm_neg=nan gap=nan throughput=9.32 samples/s time=6.87s gpu=0.06/1.34GB rss=6.40GB
rank=0 batch=26/57 microbatch=32 effective_global_batch=128 loss=0.3286 norm_pos=0.3106 norm_neg=nan gap=nan grad_norm=0.0759 throughput=9.11 samples/s time=7.02s
rank=0 batch=27/57 microbatch=32 effective_global_batch=128 loss=0.3292 norm_pos=0.3092 norm_neg=nan gap=nan throughput=8.96 samples/s time=7.14s
rank=0 batch=28/57 microbatch=32 effective_global_batch=128 loss=0.3339 norm_pos=0.3155 norm_neg=nan gap=nan grad_norm=0.0906 throughput=9.22 samples/s time=6.94s
rank=0 batch=29/57 microbatch=32 effective_global_batch=128 loss=0.3334 norm_pos=0.3153 norm_neg=nan gap=nan throughput=9.22 samples/s time=6.94s
rank=0 batch=30/57 microbatch=32 effective_global_batch=128 loss=0.3292 norm_pos=0.3129 norm_neg=nan gap=nan grad_norm=0.0913 throughput=9.00 samples/s time=7.11s
rank=0 batch=31/57 microbatch=32 effective_global_batch=128 loss=0.3263 norm_pos=0.3094 norm_neg=nan gap=nan throughput=9.25 samples/s time=6.92s
rank=0 batch=32/57 microbatch=32 effective_global_batch=128 loss=0.3247 norm_pos=0.3042 norm_neg=nan gap=nan grad_norm=0.0941 throughput=8.97 samples/s time=7.13s
rank=0 batch=33/57 microbatch=32 effective_global_batch=128 loss=0.3295 norm_pos=0.3081 norm_neg=nan gap=nan throughput=8.93 samples/s time=7.16s
rank=0 batch=34/57 microbatch=32 effective_global_batch=128 loss=0.3330 norm_pos=0.3131 norm_neg=nan gap=nan grad_norm=0.1431 throughput=9.18 samples/s time=6.97s
rank=0 batch=35/57 microbatch=32 effective_global_batch=128 loss=0.3252 norm_pos=0.3046 norm_neg=nan gap=nan throughput=9.02 samples/s time=7.09s
rank=0 batch=36/57 microbatch=32 effective_global_batch=128 loss=0.3298 norm_pos=0.3119 norm_neg=nan gap=nan grad_norm=0.0964 throughput=9.08 samples/s time=7.05s
rank=0 batch=37/57 microbatch=32 effective_global_batch=128 loss=0.3323 norm_pos=0.3136 norm_neg=nan gap=nan throughput=9.34 samples/s time=6.86s
rank=0 batch=38/57 microbatch=32 effective_global_batch=128 loss=0.3313 norm_pos=0.3139 norm_neg=nan gap=nan grad_norm=0.1047 throughput=8.96 samples/s time=7.15s
rank=0 batch=39/57 microbatch=32 effective_global_batch=128 loss=0.3300 norm_pos=0.3107 norm_neg=nan gap=nan throughput=9.27 samples/s time=6.90s
rank=0 batch=40/57 microbatch=32 effective_global_batch=128 loss=0.3261 norm_pos=0.3066 norm_neg=nan gap=nan grad_norm=0.0994 throughput=9.02 samples/s time=7.09s
rank=0 batch=41/57 microbatch=32 effective_global_batch=128 loss=0.3332 norm_pos=0.3145 norm_neg=nan gap=nan throughput=9.18 samples/s time=6.97s
rank=0 batch=42/57 microbatch=32 effective_global_batch=128 loss=0.3305 norm_pos=0.3117 norm_neg=nan gap=nan grad_norm=0.1078 throughput=9.01 samples/s time=7.10s
rank=0 batch=43/57 microbatch=32 effective_global_batch=128 loss=0.3290 norm_pos=0.3080 norm_neg=nan gap=nan throughput=8.75 samples/s time=7.31s
rank=0 batch=44/57 microbatch=32 effective_global_batch=128 loss=0.3322 norm_pos=0.3135 norm_neg=nan gap=nan grad_norm=0.1076 throughput=8.87 samples/s time=7.22s
rank=0 batch=45/57 microbatch=32 effective_global_batch=128 loss=0.3223 norm_pos=0.3016 norm_neg=nan gap=nan throughput=8.86 samples/s time=7.22s
rank=0 batch=46/57 microbatch=32 effective_global_batch=128 loss=0.3274 norm_pos=0.3092 norm_neg=nan gap=nan grad_norm=0.0850 throughput=8.81 samples/s time=7.26s
rank=0 batch=47/57 microbatch=32 effective_global_batch=128 loss=0.3241 norm_pos=0.3029 norm_neg=nan gap=nan throughput=8.67 samples/s time=7.38s
rank=0 batch=48/57 microbatch=32 effective_global_batch=128 loss=0.3255 norm_pos=0.3051 norm_neg=nan gap=nan grad_norm=0.1022 throughput=8.78 samples/s time=7.29s
rank=0 batch=49/57 microbatch=32 effective_global_batch=128 loss=0.3348 norm_pos=0.3172 norm_neg=nan gap=nan throughput=8.88 samples/s time=7.21s
rank=0 batch=50/57 microbatch=32 effective_global_batch=128 loss=0.3349 norm_pos=0.3154 norm_neg=nan gap=nan grad_norm=0.1021 throughput=8.87 samples/s time=7.21s gpu=0.05/1.34GB rss=6.41GB
rank=0 batch=51/57 microbatch=32 effective_global_batch=128 loss=0.3312 norm_pos=0.3125 norm_neg=nan gap=nan throughput=8.80 samples/s time=7.28s
rank=0 batch=52/57 microbatch=32 effective_global_batch=128 loss=0.3215 norm_pos=0.3018 norm_neg=nan gap=nan grad_norm=0.0900 throughput=8.64 samples/s time=7.41s
rank=0 batch=53/57 microbatch=32 effective_global_batch=128 loss=0.3289 norm_pos=0.3107 norm_neg=nan gap=nan throughput=9.01 samples/s time=7.10s
rank=0 batch=54/57 microbatch=32 effective_global_batch=128 loss=0.3235 norm_pos=0.3047 norm_neg=nan gap=nan grad_norm=0.1082 throughput=8.83 samples/s time=7.25s
rank=0 batch=55/57 microbatch=32 effective_global_batch=128 loss=0.3356 norm_pos=0.3165 norm_neg=nan gap=nan throughput=9.07 samples/s time=7.05s
rank=0 batch=56/57 microbatch=32 effective_global_batch=128 loss=0.3312 norm_pos=0.3129 norm_neg=nan gap=nan grad_norm=0.0753 throughput=8.85 samples/s time=7.23s
rank=0 batch=57/57 microbatch=8 effective_global_batch=32 loss=0.3216 norm_pos=0.3011 norm_neg=nan gap=nan grad_norm=0.1015 throughput=8.19 samples/s time=1.95s
epoch=19 train_loss=0.3299 val_loss=0.3310 elapsed=466.5s
epoch=20/20 world_size=2
wandb: WARNING Tried to log to step 19 that is less than the current step 20. Steps must be monotonically increasing, so this data will be ignored. See https://wandb.me/define-metric to log data out of order.
rank=0 batch=1/57 microbatch=32 effective_global_batch=128 loss=0.3295 norm_pos=0.3128 norm_neg=nan gap=nan throughput=9.00 samples/s time=7.11s gpu=0.06/1.34GB rss=6.41GB
rank=0 batch=2/57 microbatch=32 effective_global_batch=128 loss=0.3315 norm_pos=0.3119 norm_neg=nan gap=nan grad_norm=0.0941 throughput=9.28 samples/s time=6.90s
rank=0 batch=3/57 microbatch=32 effective_global_batch=128 loss=0.3300 norm_pos=0.3110 norm_neg=nan gap=nan throughput=9.43 samples/s time=6.78s
rank=0 batch=4/57 microbatch=32 effective_global_batch=128 loss=0.3266 norm_pos=0.3081 norm_neg=nan gap=nan grad_norm=0.0849 throughput=9.06 samples/s time=7.07s
rank=0 batch=5/57 microbatch=32 effective_global_batch=128 loss=0.3297 norm_pos=0.3120 norm_neg=nan gap=nan throughput=9.05 samples/s time=7.07s
rank=0 batch=6/57 microbatch=32 effective_global_batch=128 loss=0.3308 norm_pos=0.3110 norm_neg=nan gap=nan grad_norm=0.0837 throughput=9.07 samples/s time=7.06s
rank=0 batch=7/57 microbatch=32 effective_global_batch=128 loss=0.3320 norm_pos=0.3129 norm_neg=nan gap=nan throughput=9.07 samples/s time=7.06s
rank=0 batch=8/57 microbatch=32 effective_global_batch=128 loss=0.3341 norm_pos=0.3157 norm_neg=nan gap=nan grad_norm=0.1124 throughput=9.31 samples/s time=6.87s
rank=0 batch=9/57 microbatch=32 effective_global_batch=128 loss=0.3285 norm_pos=0.3097 norm_neg=nan gap=nan throughput=9.13 samples/s time=7.01s
rank=0 batch=10/57 microbatch=32 effective_global_batch=128 loss=0.3353 norm_pos=0.3184 norm_neg=nan gap=nan grad_norm=0.0872 throughput=9.24 samples/s time=6.92s
rank=0 batch=11/57 microbatch=32 effective_global_batch=128 loss=0.3331 norm_pos=0.3138 norm_neg=nan gap=nan throughput=9.36 samples/s time=6.84s
rank=0 batch=12/57 microbatch=32 effective_global_batch=128 loss=0.3276 norm_pos=0.3075 norm_neg=nan gap=nan grad_norm=0.0796 throughput=9.03 samples/s time=7.09s
rank=0 batch=13/57 microbatch=32 effective_global_batch=128 loss=0.3307 norm_pos=0.3114 norm_neg=nan gap=nan throughput=9.18 samples/s time=6.97s
rank=0 batch=14/57 microbatch=32 effective_global_batch=128 loss=0.3270 norm_pos=0.3069 norm_neg=nan gap=nan grad_norm=0.0846 throughput=9.01 samples/s time=7.10s
rank=0 batch=15/57 microbatch=32 effective_global_batch=128 loss=0.3283 norm_pos=0.3092 norm_neg=nan gap=nan throughput=9.09 samples/s time=7.04s
rank=0 batch=16/57 microbatch=32 effective_global_batch=128 loss=0.3329 norm_pos=0.3139 norm_neg=nan gap=nan grad_norm=0.0835 throughput=9.06 samples/s time=7.06s
rank=0 batch=17/57 microbatch=32 effective_global_batch=128 loss=0.3280 norm_pos=0.3103 norm_neg=nan gap=nan throughput=9.02 samples/s time=7.09s
rank=0 batch=18/57 microbatch=32 effective_global_batch=128 loss=0.3309 norm_pos=0.3114 norm_neg=nan gap=nan grad_norm=0.0852 throughput=8.88 samples/s time=7.21s
rank=0 batch=19/57 microbatch=32 effective_global_batch=128 loss=0.3288 norm_pos=0.3088 norm_neg=nan gap=nan throughput=9.01 samples/s time=7.10s
rank=0 batch=20/57 microbatch=32 effective_global_batch=128 loss=0.3257 norm_pos=0.3054 norm_neg=nan gap=nan grad_norm=0.0697 throughput=8.80 samples/s time=7.27s
rank=0 batch=21/57 microbatch=32 effective_global_batch=128 loss=0.3277 norm_pos=0.3077 norm_neg=nan gap=nan throughput=8.84 samples/s time=7.24s
rank=0 batch=22/57 microbatch=32 effective_global_batch=128 loss=0.3303 norm_pos=0.3096 norm_neg=nan gap=nan grad_norm=0.0847 throughput=9.01 samples/s time=7.10s
rank=0 batch=23/57 microbatch=32 effective_global_batch=128 loss=0.3325 norm_pos=0.3135 norm_neg=nan gap=nan throughput=8.96 samples/s time=7.15s
rank=0 batch=24/57 microbatch=32 effective_global_batch=128 loss=0.3264 norm_pos=0.3081 norm_neg=nan gap=nan grad_norm=0.1021 throughput=9.03 samples/s time=7.09s
rank=0 batch=25/57 microbatch=32 effective_global_batch=128 loss=0.3267 norm_pos=0.3063 norm_neg=nan gap=nan throughput=8.80 samples/s time=7.27s gpu=0.06/1.34GB rss=6.41GB
rank=0 batch=26/57 microbatch=32 effective_global_batch=128 loss=0.3267 norm_pos=0.3063 norm_neg=nan gap=nan grad_norm=0.0974 throughput=8.74 samples/s time=7.32s
rank=0 batch=27/57 microbatch=32 effective_global_batch=128 loss=0.3315 norm_pos=0.3130 norm_neg=nan gap=nan throughput=9.04 samples/s time=7.08s
rank=0 batch=28/57 microbatch=32 effective_global_batch=128 loss=0.3295 norm_pos=0.3111 norm_neg=nan gap=nan grad_norm=0.1062 throughput=8.92 samples/s time=7.18s
rank=0 batch=29/57 microbatch=32 effective_global_batch=128 loss=0.3367 norm_pos=0.3177 norm_neg=nan gap=nan throughput=8.95 samples/s time=7.15s
rank=0 batch=30/57 microbatch=32 effective_global_batch=128 loss=0.3263 norm_pos=0.3091 norm_neg=nan gap=nan grad_norm=0.0943 throughput=9.19 samples/s time=6.96s
rank=0 batch=31/57 microbatch=32 effective_global_batch=128 loss=0.3282 norm_pos=0.3093 norm_neg=nan gap=nan throughput=8.90 samples/s time=7.19s
rank=0 batch=32/57 microbatch=32 effective_global_batch=128 loss=0.3320 norm_pos=0.3123 norm_neg=nan gap=nan grad_norm=0.0915 throughput=9.13 samples/s time=7.01s
rank=0 batch=33/57 microbatch=32 effective_global_batch=128 loss=0.3323 norm_pos=0.3142 norm_neg=nan gap=nan throughput=9.23 samples/s time=6.93s
rank=0 batch=34/57 microbatch=32 effective_global_batch=128 loss=0.3255 norm_pos=0.3057 norm_neg=nan gap=nan grad_norm=0.0727 throughput=9.03 samples/s time=7.09s
rank=0 batch=35/57 microbatch=32 effective_global_batch=128 loss=0.3317 norm_pos=0.3131 norm_neg=nan gap=nan throughput=9.32 samples/s time=6.87s
rank=0 batch=36/57 microbatch=32 effective_global_batch=128 loss=0.3306 norm_pos=0.3110 norm_neg=nan gap=nan grad_norm=0.1110 throughput=8.81 samples/s time=7.26s
rank=0 batch=37/57 microbatch=32 effective_global_batch=128 loss=0.3259 norm_pos=0.3061 norm_neg=nan gap=nan throughput=8.91 samples/s time=7.18s
rank=0 batch=38/57 microbatch=32 effective_global_batch=128 loss=0.3297 norm_pos=0.3105 norm_neg=nan gap=nan grad_norm=0.0941 throughput=9.19 samples/s time=6.96s
rank=0 batch=39/57 microbatch=32 effective_global_batch=128 loss=0.3287 norm_pos=0.3104 norm_neg=nan gap=nan throughput=9.17 samples/s time=6.98s
rank=0 batch=40/57 microbatch=32 effective_global_batch=128 loss=0.3263 norm_pos=0.3054 norm_neg=nan gap=nan grad_norm=0.1053 throughput=9.03 samples/s time=7.09s
rank=0 batch=41/57 microbatch=32 effective_global_batch=128 loss=0.3276 norm_pos=0.3077 norm_neg=nan gap=nan throughput=9.23 samples/s time=6.93s
rank=0 batch=42/57 microbatch=32 effective_global_batch=128 loss=0.3304 norm_pos=0.3121 norm_neg=nan gap=nan grad_norm=0.0824 throughput=8.98 samples/s time=7.13s
rank=0 batch=43/57 microbatch=32 effective_global_batch=128 loss=0.3279 norm_pos=0.3084 norm_neg=nan gap=nan throughput=9.15 samples/s time=6.99s
rank=0 batch=44/57 microbatch=32 effective_global_batch=128 loss=0.3324 norm_pos=0.3140 norm_neg=nan gap=nan grad_norm=0.0909 throughput=9.11 samples/s time=7.03s
rank=0 batch=45/57 microbatch=32 effective_global_batch=128 loss=0.3324 norm_pos=0.3132 norm_neg=nan gap=nan throughput=8.96 samples/s time=7.14s
rank=0 batch=46/57 microbatch=32 effective_global_batch=128 loss=0.3333 norm_pos=0.3133 norm_neg=nan gap=nan grad_norm=0.1029 throughput=8.95 samples/s time=7.15s
rank=0 batch=47/57 microbatch=32 effective_global_batch=128 loss=0.3276 norm_pos=0.3086 norm_neg=nan gap=nan throughput=8.89 samples/s time=7.20s
rank=0 batch=48/57 microbatch=32 effective_global_batch=128 loss=0.3241 norm_pos=0.3045 norm_neg=nan gap=nan grad_norm=0.0876 throughput=8.76 samples/s time=7.30s
rank=0 batch=49/57 microbatch=32 effective_global_batch=128 loss=0.3225 norm_pos=0.3015 norm_neg=nan gap=nan throughput=8.96 samples/s time=7.14s
rank=0 batch=50/57 microbatch=32 effective_global_batch=128 loss=0.3283 norm_pos=0.3093 norm_neg=nan gap=nan grad_norm=0.0624 throughput=8.95 samples/s time=7.15s gpu=0.05/1.34GB rss=6.42GB
rank=0 batch=51/57 microbatch=32 effective_global_batch=128 loss=0.3287 norm_pos=0.3081 norm_neg=nan gap=nan throughput=9.01 samples/s time=7.10s
rank=0 batch=52/57 microbatch=32 effective_global_batch=128 loss=0.3327 norm_pos=0.3142 norm_neg=nan gap=nan grad_norm=0.0934 throughput=8.97 samples/s time=7.14s
rank=0 batch=53/57 microbatch=32 effective_global_batch=128 loss=0.3313 norm_pos=0.3113 norm_neg=nan gap=nan throughput=8.80 samples/s time=7.27s
rank=0 batch=54/57 microbatch=32 effective_global_batch=128 loss=0.3285 norm_pos=0.3090 norm_neg=nan gap=nan grad_norm=0.0693 throughput=8.91 samples/s time=7.18s
rank=0 batch=55/57 microbatch=32 effective_global_batch=128 loss=0.3268 norm_pos=0.3064 norm_neg=nan gap=nan throughput=8.74 samples/s time=7.32s
rank=0 batch=56/57 microbatch=32 effective_global_batch=128 loss=0.3317 norm_pos=0.3138 norm_neg=nan gap=nan grad_norm=0.1039 throughput=9.06 samples/s time=7.06s
rank=0 batch=57/57 microbatch=8 effective_global_batch=32 loss=0.3263 norm_pos=0.3065 norm_neg=nan gap=nan grad_norm=0.1297 throughput=8.41 samples/s time=1.90s
epoch=20 train_loss=0.3298 val_loss=0.3310 elapsed=464.6s
wandb:                                                                                
wandb: 
wandb: Run history:
wandb:             image_pair_loss ▁▁▁▁▁▁▁▁▁▁▁▁▁▁▁▁▁▁▁▁
wandb:                img_var_loss ▁▁▁▁▁▁▁▁▁▁▁▁▁▁▁▁▁▁▁▁
wandb:              local_hard_neg ▁▁▁▁▁▁▁▁▁▁▁▁▁▁▁▁▁▁▁▁
wandb:               local_neg_sim ▁▁▁▁▁▁▁▁▁▁▁▁▁▁▁▁▁▁▁▁
wandb:               local_pos_sim ▁▁▁▁▁▁▁▁▁▁▁▁▁▁▁▁▁▁▁▁
wandb:                        loss █▇▇▅▃▂▂▂▂▂▁▁▁▁▁▁▁▁▁▁
wandb:         minimal/dtw_letters ▁▁▁▁▁▁▁▁▁▁▁▁▁▁▁▁▁▁▁▁
wandb:         minimal/dtw_windows ▁▁▁▁▁▁▁▁▁▁▁▁▁▁▁▁▁▁▁▁
wandb: minimal/positive_letter_dtw █▇▇▆▄▃▂▂▂▂▁▁▁▁▁▁▁▁▁▁
wandb:         minimal/restoration ██▇▃▂▂▂▁▁▁▁▁▁▁▁▁▁▁▁▁
wandb:    minimal/restoration_edge ▁▁▅█▆▄▃▃▂▂▂▂▂▂▂▂▂▂▂▂
wandb:   minimal/restoration_pixel ██▆▃▂▂▁▁▁▁▁▁▁▁▁▁▁▁▁▁
wandb:                  order_loss ▁▁▁▁▁▁▁▁▁▁▁▁▁▁▁▁▁▁▁▁
wandb:                  pair_terms ▁▁▁▁▁▁▁▁▁▁▁▁▁▁▁▁▁▁▁▁
wandb:                         pos █▇▇▆▄▃▂▂▂▂▁▁▁▁▁▁▁▁▁▁
wandb:                raw_pos_cost █▇▇▆▄▃▂▂▂▂▁▁▁▁▁▁▁▁▁▁
wandb:             validation_loss ██▆▄▃▂▂▂▂▁▁▁▁▁▁▁▁▁▁▁
wandb: 
wandb: Run summary:
wandb:                         gap nan
wandb:             image_pair_loss 0
wandb:                img_var_loss 0
wandb:              local_hard_neg 0
wandb:               local_neg_sim 0
wandb:               local_pos_sim 0
wandb:                        loss 0.32985
wandb:         minimal/dtw_letters 53.57917
wandb:         minimal/dtw_windows 56.89944
wandb: minimal/positive_letter_dtw 0.31077
wandb:         minimal/restoration 0.19077
wandb:    minimal/restoration_edge 0.03017
wandb:   minimal/restoration_pixel 0.17569
wandb:                    negative nan
wandb:                  order_loss 0
wandb:                  pair_terms 0
wandb:                         pos 0.31077
wandb:                    pos_prob nan
wandb:           raw_negative_cost nan
wandb:                raw_pos_cost 0.31077
wandb:             validation_loss 0.33095
wandb: 
wandb: 🚀 View run vit_restore_dtw_s16 at: https://wandb.ai/ahmedmas-ben-gurion-university-of-the-negev/alignment-vit/runs/mzxoo9a8
wandb: ⭐️ View project at: https://wandb.ai/ahmedmas-ben-gurion-university-of-the-negev/alignment-vit
wandb: Synced 5 W&B file(s), 0 media file(s), 0 artifact file(s) and 0 other file(s)
wandb: Find logs at: ./wandb/run-20260911_233330-mzxoo9a8/logs
wandb: WARNING Tried to log to step 20 that is less than the current step 21. Steps must be monotonically increasing, so this data will be ignored. See https://wandb.me/define-metric to log data out of order.
