------------------------------------
Sun 13 Sep 2026 00:50:51 IDT
SLURM_JOBID:		21229622
SLURM_JOB_NODELIST:	cs-4090-05
SLURM_SCRATCH_DIR:	/scratch/ahmedmas/21229622
Allocated Resouces:	cpu - 16 / mem - 98304 MB / gpu - 2
SLURM_GPU_INDEX:	1-2
Running as ahmedmas from jelsana account with normal QOS
------------------------------------
============================================================
AlignmentProject: restoration + positive letter-DTW
branch       = agent/restoration-positive-dtw-window-encoder
commit       = 27c26d92
job          = restore_seq2seq_dtw_s16
dataset      = /home/ahmedmas/BGU-Lab/AlignmentProject/DataSet/Synthetic63
epochs       = 20
samples      = 6000
learning_rate= 1e-4
stage        = align
local_encoder= cnn_seq2seq
stride_ratio = 0.50 (0.50 => stride16)
loss         = branch resolves stage-specific DTW/restoration weights
restoration  = 1.0*pixel + 0.50*edge + 0.50*dice
dtw gamma    = 0.50 -> 0.05 over 10 epochs
dtw moves    = vertical=0.05 horizontal=0.30 disable_horizontal_if_feasible=1
dtw prior    = position=0.15 cost=full_alphabet_nll
negatives    = 0
pair loss    = 0
context loss = 0
text target  = frozen orthogonal Arabic character identities
semantic     = identity (identity => DTW supervises primitive directly)
epoch probe  = 1
============================================================
Python syntax preflight: OK
master_addr is only used for static rdzv_backend and when rdzv_endpoint is not specified.
distributed_runtime rank=0 world=2 timeout_seconds=7200
distributed_runtime rank=1 world=2 timeout_seconds=7200
Synthetic dataset-size policy: Parameters.num_samples=6000 args.num_samples=6000 source_cap=10000
Loaded synthetic dataset: samples=6000 data_dir=/home/ahmedmas/BGU-Lab/AlignmentProject/DataSet/Synthetic63
Loaded synthetic dataset: samples=6000 data_dir=/home/ahmedmas/BGU-Lab/AlignmentProject/DataSet/Synthetic63Dataset split sizes: train=3600 valid=1200 test=1200

Dataset split sizes: train=3600 valid=1200 test=1200
Synthetic train length from Parameters.num_samples: train=3600 valid=1200 test=1200 source_cap=10000
Loaded visual initialization: missing=0 unexpected=0
AlignmentProject restoration + positive-DTW trainer
  backend      = vit_restoration_positive_dtw
  mode         = visual-init
  dataset      = /home/ahmedmas/BGU-Lab/AlignmentProject/DataSet/Synthetic63
  dataset_type = synthetic
  weights      = /home/ahmedmas/BGU-Lab/AlignmentProject/Weights/restore_seq2seq_pretrain_s16/model_latest.pth
  output       = Weights/restore_seq2seq_dtw_s16
  epochs/lr    = 20/0.0001
  window/stride= 32/16
  stage        = align
  local_encoder= cnn_seq2seq
  objective    = 1.0*positive_letter_DTW + 0.05*stroke_restoration
  dtw          = cost=full_alphabet_nll gamma=0.5->0.05 vertical=0.05 horizontal=0.3 no_horizontal_if_feasible=True
  negatives    = 0; image_pair_loss=0.0; variance=0.0
  representations= primitive(stroke) -> identity -> letter-DTW; no active Transformer context
  batch        = 32 per GPU x 2 GPUs x 2 accumulation
wandb: Currently logged in as: ahmedmas (ahmedmas-ben-gurion-university-of-the-negev). Use `wandb login --relogin` to force relogin
wandb: Using wandb-core as the SDK backend.  Please refer to https://wandb.me/wandb-core for more information.
wandb: Tracking run with wandb version 0.19.2
wandb: Run data is saved locally in /home/ahmedmas/BGU-Lab/AlignmentProject/wandb/run-20260913_005107-6d2bdfi9
wandb: Run `wandb offline` to turn off syncing.
wandb: Syncing run restore_seq2seq_dtw_s16
wandb: ⭐️ View project at https://wandb.ai/ahmedmas-ben-gurion-university-of-the-negev/alignment-vit
wandb: 🚀 View run at https://wandb.ai/ahmedmas-ben-gurion-university-of-the-negev/alignment-vit/runs/6d2bdfi9
epoch=1/20 world_size=2
rank=0 batch=1/57 microbatch=32 effective_global_batch=128 loss=1.8930 norm_pos=1.8691 norm_neg=nan gap=nan throughput=3.98 samples/s time=16.07s gpu=0.03/13.16GB rss=5.94GB
rank=0 batch=2/57 microbatch=32 effective_global_batch=128 loss=1.8861 norm_pos=1.8618 norm_neg=nan gap=nan grad_norm=17.5725 throughput=8.63 samples/s time=7.41s
rank=0 batch=3/57 microbatch=32 effective_global_batch=128 loss=1.6543 norm_pos=1.6259 norm_neg=nan gap=nan throughput=8.44 samples/s time=7.59s
rank=0 batch=4/57 microbatch=32 effective_global_batch=128 loss=1.6883 norm_pos=1.6599 norm_neg=nan gap=nan grad_norm=10.3588 throughput=8.34 samples/s time=7.67s
rank=0 batch=5/57 microbatch=32 effective_global_batch=128 loss=1.6107 norm_pos=1.5822 norm_neg=nan gap=nan throughput=8.49 samples/s time=7.54s
rank=0 batch=6/57 microbatch=32 effective_global_batch=128 loss=1.6350 norm_pos=1.6069 norm_neg=nan gap=nan grad_norm=5.9995 throughput=8.41 samples/s time=7.61s
rank=0 batch=7/57 microbatch=32 effective_global_batch=128 loss=1.5929 norm_pos=1.5649 norm_neg=nan gap=nan throughput=8.54 samples/s time=7.49s
rank=0 batch=8/57 microbatch=32 effective_global_batch=128 loss=1.5822 norm_pos=1.5542 norm_neg=nan gap=nan grad_norm=2.9131 throughput=8.33 samples/s time=7.68s
rank=0 batch=9/57 microbatch=32 effective_global_batch=128 loss=1.5644 norm_pos=1.5368 norm_neg=nan gap=nan throughput=8.52 samples/s time=7.51s
rank=0 batch=10/57 microbatch=32 effective_global_batch=128 loss=1.5536 norm_pos=1.5261 norm_neg=nan gap=nan grad_norm=1.8839 throughput=8.47 samples/s time=7.55s
rank=0 batch=11/57 microbatch=32 effective_global_batch=128 loss=1.5505 norm_pos=1.5234 norm_neg=nan gap=nan throughput=8.49 samples/s time=7.54s
rank=0 batch=12/57 microbatch=32 effective_global_batch=128 loss=1.5471 norm_pos=1.5200 norm_neg=nan gap=nan grad_norm=1.3888 throughput=8.37 samples/s time=7.64s
rank=0 batch=13/57 microbatch=32 effective_global_batch=128 loss=1.5570 norm_pos=1.5289 norm_neg=nan gap=nan throughput=8.73 samples/s time=7.33s
rank=0 batch=14/57 microbatch=32 effective_global_batch=128 loss=1.5546 norm_pos=1.5272 norm_neg=nan gap=nan grad_norm=1.0450 throughput=8.24 samples/s time=7.77s
rank=0 batch=15/57 microbatch=32 effective_global_batch=128 loss=1.5372 norm_pos=1.5098 norm_neg=nan gap=nan throughput=8.61 samples/s time=7.43s
rank=0 batch=16/57 microbatch=32 effective_global_batch=128 loss=1.5541 norm_pos=1.5263 norm_neg=nan gap=nan grad_norm=1.0679 throughput=8.55 samples/s time=7.49s
rank=0 batch=17/57 microbatch=32 effective_global_batch=128 loss=1.5244 norm_pos=1.4967 norm_neg=nan gap=nan throughput=8.45 samples/s time=7.57s
rank=0 batch=18/57 microbatch=32 effective_global_batch=128 loss=1.5360 norm_pos=1.5084 norm_neg=nan gap=nan grad_norm=0.9361 throughput=7.92 samples/s time=8.08s
rank=0 batch=19/57 microbatch=32 effective_global_batch=128 loss=1.5125 norm_pos=1.4846 norm_neg=nan gap=nan throughput=8.22 samples/s time=7.78s
rank=0 batch=20/57 microbatch=32 effective_global_batch=128 loss=1.5271 norm_pos=1.4995 norm_neg=nan gap=nan grad_norm=0.9248 throughput=8.41 samples/s time=7.61s
rank=0 batch=21/57 microbatch=32 effective_global_batch=128 loss=1.5265 norm_pos=1.4989 norm_neg=nan gap=nan throughput=8.54 samples/s time=7.50s
rank=0 batch=22/57 microbatch=32 effective_global_batch=128 loss=1.5219 norm_pos=1.4940 norm_neg=nan gap=nan grad_norm=0.7094 throughput=8.38 samples/s time=7.64s
rank=0 batch=23/57 microbatch=32 effective_global_batch=128 loss=1.5338 norm_pos=1.5065 norm_neg=nan gap=nan throughput=8.27 samples/s time=7.74s
rank=0 batch=24/57 microbatch=32 effective_global_batch=128 loss=1.5290 norm_pos=1.5017 norm_neg=nan gap=nan grad_norm=0.7221 throughput=8.59 samples/s time=7.45s
rank=0 batch=25/57 microbatch=32 effective_global_batch=128 loss=1.5267 norm_pos=1.4994 norm_neg=nan gap=nan throughput=8.47 samples/s time=7.56s gpu=0.05/21.07GB rss=6.05GB
rank=0 batch=26/57 microbatch=32 effective_global_batch=128 loss=1.5097 norm_pos=1.4828 norm_neg=nan gap=nan grad_norm=0.9186 throughput=8.35 samples/s time=7.66s
rank=0 batch=27/57 microbatch=32 effective_global_batch=128 loss=1.5274 norm_pos=1.5002 norm_neg=nan gap=nan throughput=8.75 samples/s time=7.31s
rank=0 batch=28/57 microbatch=32 effective_global_batch=128 loss=1.5173 norm_pos=1.4899 norm_neg=nan gap=nan grad_norm=0.7360 throughput=8.03 samples/s time=7.97s
rank=0 batch=29/57 microbatch=32 effective_global_batch=128 loss=1.5017 norm_pos=1.4750 norm_neg=nan gap=nan throughput=8.52 samples/s time=7.52s
rank=0 batch=30/57 microbatch=32 effective_global_batch=128 loss=1.5207 norm_pos=1.4939 norm_neg=nan gap=nan grad_norm=0.9802 throughput=8.52 samples/s time=7.51s
rank=0 batch=31/57 microbatch=32 effective_global_batch=128 loss=1.4977 norm_pos=1.4715 norm_neg=nan gap=nan throughput=8.48 samples/s time=7.55s
rank=0 batch=32/57 microbatch=32 effective_global_batch=128 loss=1.4968 norm_pos=1.4701 norm_neg=nan gap=nan grad_norm=0.8516 throughput=8.38 samples/s time=7.64s
rank=0 batch=33/57 microbatch=32 effective_global_batch=128 loss=1.4954 norm_pos=1.4686 norm_neg=nan gap=nan throughput=8.38 samples/s time=7.63s
rank=0 batch=34/57 microbatch=32 effective_global_batch=128 loss=1.4846 norm_pos=1.4581 norm_neg=nan gap=nan grad_norm=0.8131 throughput=8.27 samples/s time=7.74s
rank=0 batch=35/57 microbatch=32 effective_global_batch=128 loss=1.4948 norm_pos=1.4683 norm_neg=nan gap=nan throughput=8.84 samples/s time=7.24s
rank=0 batch=36/57 microbatch=32 effective_global_batch=128 loss=1.4848 norm_pos=1.4580 norm_neg=nan gap=nan grad_norm=0.7384 throughput=8.23 samples/s time=7.78s
rank=0 batch=37/57 microbatch=32 effective_global_batch=128 loss=1.4806 norm_pos=1.4539 norm_neg=nan gap=nan throughput=8.23 samples/s time=7.78s
rank=0 batch=38/57 microbatch=32 effective_global_batch=128 loss=1.4860 norm_pos=1.4597 norm_neg=nan gap=nan grad_norm=1.2642 throughput=8.52 samples/s time=7.51s
rank=0 batch=39/57 microbatch=32 effective_global_batch=128 loss=1.4475 norm_pos=1.4208 norm_neg=nan gap=nan throughput=8.52 samples/s time=7.51s
rank=0 batch=40/57 microbatch=32 effective_global_batch=128 loss=1.4697 norm_pos=1.4429 norm_neg=nan gap=nan grad_norm=1.1862 throughput=8.52 samples/s time=7.51s
rank=0 batch=41/57 microbatch=32 effective_global_batch=128 loss=1.4746 norm_pos=1.4477 norm_neg=nan gap=nan throughput=8.51 samples/s time=7.52s
rank=0 batch=42/57 microbatch=32 effective_global_batch=128 loss=1.4600 norm_pos=1.4334 norm_neg=nan gap=nan grad_norm=0.7687 throughput=8.15 samples/s time=7.85s
rank=0 batch=43/57 microbatch=32 effective_global_batch=128 loss=1.4623 norm_pos=1.4355 norm_neg=nan gap=nan throughput=8.61 samples/s time=7.43s
rank=0 batch=44/57 microbatch=32 effective_global_batch=128 loss=1.4560 norm_pos=1.4292 norm_neg=nan gap=nan grad_norm=2.5848 throughput=8.39 samples/s time=7.62s
rank=0 batch=45/57 microbatch=32 effective_global_batch=128 loss=1.4569 norm_pos=1.4303 norm_neg=nan gap=nan throughput=8.51 samples/s time=7.52s
rank=0 batch=46/57 microbatch=32 effective_global_batch=128 loss=1.4631 norm_pos=1.4370 norm_neg=nan gap=nan grad_norm=0.8078 throughput=8.26 samples/s time=7.75s
rank=0 batch=47/57 microbatch=32 effective_global_batch=128 loss=1.4426 norm_pos=1.4164 norm_neg=nan gap=nan throughput=8.49 samples/s time=7.53s
rank=0 batch=48/57 microbatch=32 effective_global_batch=128 loss=1.4586 norm_pos=1.4321 norm_neg=nan gap=nan grad_norm=2.1271 throughput=8.64 samples/s time=7.41s
rank=0 batch=49/57 microbatch=32 effective_global_batch=128 loss=1.4306 norm_pos=1.4041 norm_neg=nan gap=nan throughput=8.47 samples/s time=7.56s
rank=0 batch=50/57 microbatch=32 effective_global_batch=128 loss=1.4571 norm_pos=1.4305 norm_neg=nan gap=nan grad_norm=0.9107 throughput=8.40 samples/s time=7.62s gpu=0.04/21.07GB rss=6.06GB
rank=0 batch=51/57 microbatch=32 effective_global_batch=128 loss=1.4196 norm_pos=1.3934 norm_neg=nan gap=nan throughput=8.02 samples/s time=7.98s
rank=0 batch=52/57 microbatch=32 effective_global_batch=128 loss=1.4229 norm_pos=1.3968 norm_neg=nan gap=nan grad_norm=2.1212 throughput=8.33 samples/s time=7.69s
rank=0 batch=53/57 microbatch=32 effective_global_batch=128 loss=1.4287 norm_pos=1.4026 norm_neg=nan gap=nan throughput=8.46 samples/s time=7.57s
rank=0 batch=54/57 microbatch=32 effective_global_batch=128 loss=1.4090 norm_pos=1.3825 norm_neg=nan gap=nan grad_norm=1.1699 throughput=8.38 samples/s time=7.64s
rank=0 batch=55/57 microbatch=32 effective_global_batch=128 loss=1.3910 norm_pos=1.3648 norm_neg=nan gap=nan throughput=8.54 samples/s time=7.49s
rank=0 batch=56/57 microbatch=32 effective_global_batch=128 loss=1.4176 norm_pos=1.3912 norm_neg=nan gap=nan grad_norm=1.6333 throughput=8.54 samples/s time=7.49s
rank=0 batch=57/57 microbatch=8 effective_global_batch=32 loss=1.4134 norm_pos=1.3870 norm_neg=nan gap=nan grad_norm=0.8733 throughput=3.73 samples/s time=4.29s
epoch=1 train_loss=1.5210 val_loss=1.4058 elapsed=538.0s
epoch=2/20 world_size=2
wandb: WARNING Tried to log to step 1 that is less than the current step 2. Steps must be monotonically increasing, so this data will be ignored. See https://wandb.me/define-metric to log data out of order.
rank=0 batch=1/57 microbatch=32 effective_global_batch=128 loss=1.4039 norm_pos=1.3775 norm_neg=nan gap=nan throughput=8.73 samples/s time=7.33s gpu=0.05/20.65GB rss=6.03GB
rank=0 batch=2/57 microbatch=32 effective_global_batch=128 loss=1.4050 norm_pos=1.3783 norm_neg=nan gap=nan grad_norm=1.9174 throughput=8.60 samples/s time=7.44s
rank=0 batch=3/57 microbatch=32 effective_global_batch=128 loss=1.4014 norm_pos=1.3746 norm_neg=nan gap=nan throughput=8.87 samples/s time=7.22s
rank=0 batch=4/57 microbatch=32 effective_global_batch=128 loss=1.3961 norm_pos=1.3696 norm_neg=nan gap=nan grad_norm=1.4083 throughput=8.58 samples/s time=7.46s
rank=0 batch=5/57 microbatch=32 effective_global_batch=128 loss=1.3922 norm_pos=1.3656 norm_neg=nan gap=nan throughput=8.41 samples/s time=7.61s
rank=0 batch=6/57 microbatch=32 effective_global_batch=128 loss=1.4156 norm_pos=1.3893 norm_neg=nan gap=nan grad_norm=2.0485 throughput=8.38 samples/s time=7.64s
rank=0 batch=7/57 microbatch=32 effective_global_batch=128 loss=1.3573 norm_pos=1.3307 norm_neg=nan gap=nan throughput=8.46 samples/s time=7.56s
rank=0 batch=8/57 microbatch=32 effective_global_batch=128 loss=1.4215 norm_pos=1.3952 norm_neg=nan gap=nan grad_norm=1.6493 throughput=8.44 samples/s time=7.58s
rank=0 batch=9/57 microbatch=32 effective_global_batch=128 loss=1.3886 norm_pos=1.3620 norm_neg=nan gap=nan throughput=8.57 samples/s time=7.47s
rank=0 batch=10/57 microbatch=32 effective_global_batch=128 loss=1.4275 norm_pos=1.4009 norm_neg=nan gap=nan grad_norm=3.0408 throughput=8.50 samples/s time=7.53s
rank=0 batch=11/57 microbatch=32 effective_global_batch=128 loss=1.3631 norm_pos=1.3361 norm_neg=nan gap=nan throughput=8.52 samples/s time=7.52s
rank=0 batch=12/57 microbatch=32 effective_global_batch=128 loss=1.3621 norm_pos=1.3353 norm_neg=nan gap=nan grad_norm=2.9165 throughput=8.55 samples/s time=7.48s
rank=0 batch=13/57 microbatch=32 effective_global_batch=128 loss=1.3715 norm_pos=1.3449 norm_neg=nan gap=nan throughput=8.54 samples/s time=7.50s
rank=0 batch=14/57 microbatch=32 effective_global_batch=128 loss=1.3693 norm_pos=1.3426 norm_neg=nan gap=nan grad_norm=2.9131 throughput=8.37 samples/s time=7.65s
rank=0 batch=15/57 microbatch=32 effective_global_batch=128 loss=1.3669 norm_pos=1.3405 norm_neg=nan gap=nan throughput=8.62 samples/s time=7.42s
rank=0 batch=16/57 microbatch=32 effective_global_batch=128 loss=1.3565 norm_pos=1.3299 norm_neg=nan gap=nan grad_norm=3.0489 throughput=8.36 samples/s time=7.65s
rank=0 batch=17/57 microbatch=32 effective_global_batch=128 loss=1.3339 norm_pos=1.3077 norm_neg=nan gap=nan throughput=8.58 samples/s time=7.46s
rank=0 batch=18/57 microbatch=32 effective_global_batch=128 loss=1.3400 norm_pos=1.3136 norm_neg=nan gap=nan grad_norm=3.6152 throughput=8.29 samples/s time=7.72s
rank=0 batch=19/57 microbatch=32 effective_global_batch=128 loss=1.3440 norm_pos=1.3172 norm_neg=nan gap=nan throughput=8.79 samples/s time=7.28s
rank=0 batch=20/57 microbatch=32 effective_global_batch=128 loss=1.3538 norm_pos=1.3270 norm_neg=nan gap=nan grad_norm=1.5690 throughput=8.37 samples/s time=7.64s
rank=0 batch=21/57 microbatch=32 effective_global_batch=128 loss=1.3316 norm_pos=1.3049 norm_neg=nan gap=nan throughput=8.51 samples/s time=7.52s
rank=0 batch=22/57 microbatch=32 effective_global_batch=128 loss=1.3535 norm_pos=1.3275 norm_neg=nan gap=nan grad_norm=2.4663 throughput=8.46 samples/s time=7.56s
rank=0 batch=23/57 microbatch=32 effective_global_batch=128 loss=1.3183 norm_pos=1.2922 norm_neg=nan gap=nan throughput=8.42 samples/s time=7.60s
rank=0 batch=24/57 microbatch=32 effective_global_batch=128 loss=1.3310 norm_pos=1.3046 norm_neg=nan gap=nan grad_norm=2.7581 throughput=8.51 samples/s time=7.52s
rank=0 batch=25/57 microbatch=32 effective_global_batch=128 loss=1.3367 norm_pos=1.3104 norm_neg=nan gap=nan throughput=8.38 samples/s time=7.64s gpu=0.05/21.14GB rss=6.06GB
rank=0 batch=26/57 microbatch=32 effective_global_batch=128 loss=1.3275 norm_pos=1.3009 norm_neg=nan gap=nan grad_norm=2.2107 throughput=8.42 samples/s time=7.60s
rank=0 batch=27/57 microbatch=32 effective_global_batch=128 loss=1.3231 norm_pos=1.2970 norm_neg=nan gap=nan throughput=8.53 samples/s time=7.50s
rank=0 batch=28/57 microbatch=32 effective_global_batch=128 loss=1.3417 norm_pos=1.3155 norm_neg=nan gap=nan grad_norm=3.0722 throughput=8.37 samples/s time=7.65s
rank=0 batch=29/57 microbatch=32 effective_global_batch=128 loss=1.3542 norm_pos=1.3282 norm_neg=nan gap=nan throughput=8.57 samples/s time=7.47s
rank=0 batch=30/57 microbatch=32 effective_global_batch=128 loss=1.3260 norm_pos=1.2997 norm_neg=nan gap=nan grad_norm=2.3650 throughput=8.40 samples/s time=7.62s
rank=0 batch=31/57 microbatch=32 effective_global_batch=128 loss=1.2939 norm_pos=1.2677 norm_neg=nan gap=nan throughput=8.61 samples/s time=7.43s
rank=0 batch=32/57 microbatch=32 effective_global_batch=128 loss=1.3186 norm_pos=1.2924 norm_neg=nan gap=nan grad_norm=4.2656 throughput=8.51 samples/s time=7.52s
rank=0 batch=33/57 microbatch=32 effective_global_batch=128 loss=1.3277 norm_pos=1.3011 norm_neg=nan gap=nan throughput=8.66 samples/s time=7.39s
rank=0 batch=34/57 microbatch=32 effective_global_batch=128 loss=1.3217 norm_pos=1.2951 norm_neg=nan gap=nan grad_norm=2.8395 throughput=8.47 samples/s time=7.56s
rank=0 batch=35/57 microbatch=32 effective_global_batch=128 loss=1.3151 norm_pos=1.2891 norm_neg=nan gap=nan throughput=8.63 samples/s time=7.42s
rank=0 batch=36/57 microbatch=32 effective_global_batch=128 loss=1.3162 norm_pos=1.2899 norm_neg=nan gap=nan grad_norm=4.2712 throughput=8.22 samples/s time=7.79s
rank=0 batch=37/57 microbatch=32 effective_global_batch=128 loss=1.3049 norm_pos=1.2790 norm_neg=nan gap=nan throughput=8.51 samples/s time=7.52s
rank=0 batch=38/57 microbatch=32 effective_global_batch=128 loss=1.3411 norm_pos=1.3150 norm_neg=nan gap=nan grad_norm=4.4167 throughput=8.70 samples/s time=7.36s
rank=0 batch=39/57 microbatch=32 effective_global_batch=128 loss=1.2945 norm_pos=1.2685 norm_neg=nan gap=nan throughput=8.58 samples/s time=7.46s
rank=0 batch=40/57 microbatch=32 effective_global_batch=128 loss=1.3101 norm_pos=1.2843 norm_neg=nan gap=nan grad_norm=2.6024 throughput=8.35 samples/s time=7.67s
rank=0 batch=41/57 microbatch=32 effective_global_batch=128 loss=1.2949 norm_pos=1.2690 norm_neg=nan gap=nan throughput=8.47 samples/s time=7.56s
rank=0 batch=42/57 microbatch=32 effective_global_batch=128 loss=1.2960 norm_pos=1.2702 norm_neg=nan gap=nan grad_norm=3.0410 throughput=8.52 samples/s time=7.51s
rank=0 batch=43/57 microbatch=32 effective_global_batch=128 loss=1.3051 norm_pos=1.2792 norm_neg=nan gap=nan throughput=8.71 samples/s time=7.35s
rank=0 batch=44/57 microbatch=32 effective_global_batch=128 loss=1.2930 norm_pos=1.2671 norm_neg=nan gap=nan grad_norm=3.3411 throughput=8.49 samples/s time=7.54s
rank=0 batch=45/57 microbatch=32 effective_global_batch=128 loss=1.2912 norm_pos=1.2653 norm_neg=nan gap=nan throughput=8.58 samples/s time=7.46s
rank=0 batch=46/57 microbatch=32 effective_global_batch=128 loss=1.2654 norm_pos=1.2399 norm_neg=nan gap=nan grad_norm=2.2791 throughput=8.53 samples/s time=7.50s
rank=0 batch=47/57 microbatch=32 effective_global_batch=128 loss=1.2841 norm_pos=1.2578 norm_neg=nan gap=nan throughput=8.56 samples/s time=7.48s
rank=0 batch=48/57 microbatch=32 effective_global_batch=128 loss=1.3031 norm_pos=1.2770 norm_neg=nan gap=nan grad_norm=2.3325 throughput=8.41 samples/s time=7.61s
rank=0 batch=49/57 microbatch=32 effective_global_batch=128 loss=1.2939 norm_pos=1.2678 norm_neg=nan gap=nan throughput=8.63 samples/s time=7.42s
rank=0 batch=50/57 microbatch=32 effective_global_batch=128 loss=1.2789 norm_pos=1.2531 norm_neg=nan gap=nan grad_norm=2.4080 throughput=8.40 samples/s time=7.62s gpu=0.04/21.14GB rss=6.09GB
rank=0 batch=51/57 microbatch=32 effective_global_batch=128 loss=1.2837 norm_pos=1.2579 norm_neg=nan gap=nan throughput=8.56 samples/s time=7.48s
rank=0 batch=52/57 microbatch=32 effective_global_batch=128 loss=1.2764 norm_pos=1.2506 norm_neg=nan gap=nan grad_norm=4.4513 throughput=8.39 samples/s time=7.63s
rank=0 batch=53/57 microbatch=32 effective_global_batch=128 loss=1.3132 norm_pos=1.2873 norm_neg=nan gap=nan throughput=8.50 samples/s time=7.53s
rank=0 batch=54/57 microbatch=32 effective_global_batch=128 loss=1.3049 norm_pos=1.2788 norm_neg=nan gap=nan grad_norm=4.5335 throughput=8.67 samples/s time=7.38s
rank=0 batch=55/57 microbatch=32 effective_global_batch=128 loss=1.2383 norm_pos=1.2121 norm_neg=nan gap=nan throughput=8.58 samples/s time=7.46s
rank=0 batch=56/57 microbatch=32 effective_global_batch=128 loss=1.2592 norm_pos=1.2337 norm_neg=nan gap=nan grad_norm=2.9237 throughput=8.65 samples/s time=7.40s
rank=0 batch=57/57 microbatch=8 effective_global_batch=32 loss=1.1682 norm_pos=1.1424 norm_neg=nan gap=nan grad_norm=1.4913 throughput=8.22 samples/s time=1.95s
epoch=2 train_loss=1.3307 val_loss=1.2718 elapsed=490.4s
epoch=3/20 world_size=2
wandb: WARNING Tried to log to step 2 that is less than the current step 3. Steps must be monotonically increasing, so this data will be ignored. See https://wandb.me/define-metric to log data out of order.
rank=0 batch=1/57 microbatch=32 effective_global_batch=128 loss=1.2938 norm_pos=1.2678 norm_neg=nan gap=nan throughput=8.30 samples/s time=7.71s gpu=0.05/21.14GB rss=6.03GB
rank=0 batch=2/57 microbatch=32 effective_global_batch=128 loss=1.2387 norm_pos=1.2130 norm_neg=nan gap=nan grad_norm=5.6625 throughput=8.67 samples/s time=7.38s
rank=0 batch=3/57 microbatch=32 effective_global_batch=128 loss=1.2317 norm_pos=1.2059 norm_neg=nan gap=nan throughput=8.56 samples/s time=7.48s
rank=0 batch=4/57 microbatch=32 effective_global_batch=128 loss=1.2424 norm_pos=1.2167 norm_neg=nan gap=nan grad_norm=3.8125 throughput=8.49 samples/s time=7.54s
rank=0 batch=5/57 microbatch=32 effective_global_batch=128 loss=1.2872 norm_pos=1.2617 norm_neg=nan gap=nan throughput=8.44 samples/s time=7.58s
rank=0 batch=6/57 microbatch=32 effective_global_batch=128 loss=1.2408 norm_pos=1.2150 norm_neg=nan gap=nan grad_norm=2.8558 throughput=8.45 samples/s time=7.57s
rank=0 batch=7/57 microbatch=32 effective_global_batch=128 loss=1.2306 norm_pos=1.2049 norm_neg=nan gap=nan throughput=8.44 samples/s time=7.59s
rank=0 batch=8/57 microbatch=32 effective_global_batch=128 loss=1.2428 norm_pos=1.2171 norm_neg=nan gap=nan grad_norm=2.6458 throughput=8.42 samples/s time=7.60s
rank=0 batch=9/57 microbatch=32 effective_global_batch=128 loss=1.2460 norm_pos=1.2202 norm_neg=nan gap=nan throughput=8.68 samples/s time=7.37s
rank=0 batch=10/57 microbatch=32 effective_global_batch=128 loss=1.2502 norm_pos=1.2241 norm_neg=nan gap=nan grad_norm=3.2364 throughput=8.19 samples/s time=7.81s
rank=0 batch=11/57 microbatch=32 effective_global_batch=128 loss=1.2046 norm_pos=1.1789 norm_neg=nan gap=nan throughput=8.54 samples/s time=7.50s
rank=0 batch=12/57 microbatch=32 effective_global_batch=128 loss=1.2556 norm_pos=1.2297 norm_neg=nan gap=nan grad_norm=2.8560 throughput=8.34 samples/s time=7.68s
rank=0 batch=13/57 microbatch=32 effective_global_batch=128 loss=1.2572 norm_pos=1.2311 norm_neg=nan gap=nan throughput=8.41 samples/s time=7.61s
rank=0 batch=14/57 microbatch=32 effective_global_batch=128 loss=1.2284 norm_pos=1.2026 norm_neg=nan gap=nan grad_norm=3.6108 throughput=8.58 samples/s time=7.46s
rank=0 batch=15/57 microbatch=32 effective_global_batch=128 loss=1.2235 norm_pos=1.1979 norm_neg=nan gap=nan throughput=8.36 samples/s time=7.66s
rank=0 batch=16/57 microbatch=32 effective_global_batch=128 loss=1.1911 norm_pos=1.1655 norm_neg=nan gap=nan grad_norm=2.4390 throughput=8.37 samples/s time=7.65s
rank=0 batch=17/57 microbatch=32 effective_global_batch=128 loss=1.2582 norm_pos=1.2322 norm_neg=nan gap=nan throughput=8.50 samples/s time=7.53s
rank=0 batch=18/57 microbatch=32 effective_global_batch=128 loss=1.2372 norm_pos=1.2111 norm_neg=nan gap=nan grad_norm=4.9792 throughput=8.42 samples/s time=7.60s
rank=0 batch=19/57 microbatch=32 effective_global_batch=128 loss=1.2447 norm_pos=1.2187 norm_neg=nan gap=nan throughput=8.60 samples/s time=7.44s
rank=0 batch=20/57 microbatch=32 effective_global_batch=128 loss=1.2395 norm_pos=1.2135 norm_neg=nan gap=nan grad_norm=3.9531 throughput=8.65 samples/s time=7.40s
rank=0 batch=21/57 microbatch=32 effective_global_batch=128 loss=1.2478 norm_pos=1.2221 norm_neg=nan gap=nan throughput=8.61 samples/s time=7.44s
rank=0 batch=22/57 microbatch=32 effective_global_batch=128 loss=1.2149 norm_pos=1.1889 norm_neg=nan gap=nan grad_norm=4.8601 throughput=8.57 samples/s time=7.47s
rank=0 batch=23/57 microbatch=32 effective_global_batch=128 loss=1.2376 norm_pos=1.2113 norm_neg=nan gap=nan throughput=8.48 samples/s time=7.55s
rank=0 batch=24/57 microbatch=32 effective_global_batch=128 loss=1.2185 norm_pos=1.1925 norm_neg=nan gap=nan grad_norm=3.9251 throughput=8.43 samples/s time=7.59s
rank=0 batch=25/57 microbatch=32 effective_global_batch=128 loss=1.2026 norm_pos=1.1768 norm_neg=nan gap=nan throughput=8.47 samples/s time=7.56s gpu=0.05/21.14GB rss=6.06GB
rank=0 batch=26/57 microbatch=32 effective_global_batch=128 loss=1.1857 norm_pos=1.1597 norm_neg=nan gap=nan grad_norm=2.7154 throughput=8.44 samples/s time=7.59s
rank=0 batch=27/57 microbatch=32 effective_global_batch=128 loss=1.2252 norm_pos=1.1993 norm_neg=nan gap=nan throughput=8.50 samples/s time=7.53s
rank=0 batch=28/57 microbatch=32 effective_global_batch=128 loss=1.1820 norm_pos=1.1560 norm_neg=nan gap=nan grad_norm=3.1043 throughput=8.22 samples/s time=7.78s
rank=0 batch=29/57 microbatch=32 effective_global_batch=128 loss=1.1904 norm_pos=1.1649 norm_neg=nan gap=nan throughput=8.50 samples/s time=7.53s
rank=0 batch=30/57 microbatch=32 effective_global_batch=128 loss=1.2030 norm_pos=1.1771 norm_neg=nan gap=nan grad_norm=2.8837 throughput=8.52 samples/s time=7.51s
rank=0 batch=31/57 microbatch=32 effective_global_batch=128 loss=1.2123 norm_pos=1.1863 norm_neg=nan gap=nan throughput=8.54 samples/s time=7.50s
rank=0 batch=32/57 microbatch=32 effective_global_batch=128 loss=1.2037 norm_pos=1.1777 norm_neg=nan gap=nan grad_norm=2.9047 throughput=8.50 samples/s time=7.53s
rank=0 batch=33/57 microbatch=32 effective_global_batch=128 loss=1.1637 norm_pos=1.1378 norm_neg=nan gap=nan throughput=8.61 samples/s time=7.43s
rank=0 batch=34/57 microbatch=32 effective_global_batch=128 loss=1.1182 norm_pos=1.0922 norm_neg=nan gap=nan grad_norm=3.0859 throughput=8.40 samples/s time=7.62s
rank=0 batch=35/57 microbatch=32 effective_global_batch=128 loss=1.1860 norm_pos=1.1597 norm_neg=nan gap=nan throughput=8.58 samples/s time=7.46s
rank=0 batch=36/57 microbatch=32 effective_global_batch=128 loss=1.2213 norm_pos=1.1952 norm_neg=nan gap=nan grad_norm=3.9687 throughput=8.08 samples/s time=7.92s
rank=0 batch=37/57 microbatch=32 effective_global_batch=128 loss=1.1572 norm_pos=1.1310 norm_neg=nan gap=nan throughput=8.48 samples/s time=7.55s
rank=0 batch=38/57 microbatch=32 effective_global_batch=128 loss=1.1597 norm_pos=1.1336 norm_neg=nan gap=nan grad_norm=3.4896 throughput=8.40 samples/s time=7.62s
rank=0 batch=39/57 microbatch=32 effective_global_batch=128 loss=1.2113 norm_pos=1.1853 norm_neg=nan gap=nan throughput=8.58 samples/s time=7.46s
rank=0 batch=40/57 microbatch=32 effective_global_batch=128 loss=1.1896 norm_pos=1.1634 norm_neg=nan gap=nan grad_norm=3.9514 throughput=8.20 samples/s time=7.81s
rank=0 batch=41/57 microbatch=32 effective_global_batch=128 loss=1.1908 norm_pos=1.1647 norm_neg=nan gap=nan throughput=8.68 samples/s time=7.37s
rank=0 batch=42/57 microbatch=32 effective_global_batch=128 loss=1.1708 norm_pos=1.1450 norm_neg=nan gap=nan grad_norm=3.3802 throughput=8.43 samples/s time=7.59s
rank=0 batch=43/57 microbatch=32 effective_global_batch=128 loss=1.1627 norm_pos=1.1370 norm_neg=nan gap=nan throughput=8.75 samples/s time=7.31s
rank=0 batch=44/57 microbatch=32 effective_global_batch=128 loss=1.1582 norm_pos=1.1320 norm_neg=nan gap=nan grad_norm=4.5727 throughput=8.30 samples/s time=7.71s
rank=0 batch=45/57 microbatch=32 effective_global_batch=128 loss=1.1700 norm_pos=1.1438 norm_neg=nan gap=nan throughput=8.51 samples/s time=7.52s
rank=0 batch=46/57 microbatch=32 effective_global_batch=128 loss=1.1617 norm_pos=1.1359 norm_neg=nan gap=nan grad_norm=3.4949 throughput=8.51 samples/s time=7.52s
rank=0 batch=47/57 microbatch=32 effective_global_batch=128 loss=1.1350 norm_pos=1.1089 norm_neg=nan gap=nan throughput=8.66 samples/s time=7.39s
rank=0 batch=48/57 microbatch=32 effective_global_batch=128 loss=1.1646 norm_pos=1.1386 norm_neg=nan gap=nan grad_norm=4.2383 throughput=8.44 samples/s time=7.58s
rank=0 batch=49/57 microbatch=32 effective_global_batch=128 loss=1.0883 norm_pos=1.0623 norm_neg=nan gap=nan throughput=8.33 samples/s time=7.68s
rank=0 batch=50/57 microbatch=32 effective_global_batch=128 loss=1.1622 norm_pos=1.1361 norm_neg=nan gap=nan grad_norm=4.1509 throughput=8.25 samples/s time=7.76s gpu=0.04/21.14GB rss=6.07GB
rank=0 batch=51/57 microbatch=32 effective_global_batch=128 loss=1.1353 norm_pos=1.1091 norm_neg=nan gap=nan throughput=8.54 samples/s time=7.49s
rank=0 batch=52/57 microbatch=32 effective_global_batch=128 loss=1.1277 norm_pos=1.1016 norm_neg=nan gap=nan grad_norm=3.5216 throughput=8.36 samples/s time=7.66s
rank=0 batch=53/57 microbatch=32 effective_global_batch=128 loss=1.1252 norm_pos=1.0995 norm_neg=nan gap=nan throughput=8.60 samples/s time=7.44s
rank=0 batch=54/57 microbatch=32 effective_global_batch=128 loss=1.1713 norm_pos=1.1456 norm_neg=nan gap=nan grad_norm=3.5729 throughput=8.40 samples/s time=7.62s
rank=0 batch=55/57 microbatch=32 effective_global_batch=128 loss=1.1443 norm_pos=1.1182 norm_neg=nan gap=nan throughput=8.63 samples/s time=7.42s
rank=0 batch=56/57 microbatch=32 effective_global_batch=128 loss=1.1504 norm_pos=1.1242 norm_neg=nan gap=nan grad_norm=4.6297 throughput=8.39 samples/s time=7.63s
rank=0 batch=57/57 microbatch=8 effective_global_batch=32 loss=1.1572 norm_pos=1.1298 norm_neg=nan gap=nan grad_norm=3.0376 throughput=8.23 samples/s time=1.94s
epoch=3 train_loss=1.1980 val_loss=1.1411 elapsed=493.3s
epoch=4/20 world_size=2
rank=0 batch=1/57 microbatch=32 effective_global_batch=128 loss=1.1021 norm_pos=1.0762 norm_neg=nan gap=nan throughput=8.29 samples/s time=7.72s gpu=0.05/21.14GB rss=6.03GB
wandb: WARNING Tried to log to step 3 that is less than the current step 4. Steps must be monotonically increasing, so this data will be ignored. See https://wandb.me/define-metric to log data out of order.
rank=0 batch=2/57 microbatch=32 effective_global_batch=128 loss=1.1262 norm_pos=1.1003 norm_neg=nan gap=nan grad_norm=4.5292 throughput=8.64 samples/s time=7.40s
rank=0 batch=3/57 microbatch=32 effective_global_batch=128 loss=1.1125 norm_pos=1.0866 norm_neg=nan gap=nan throughput=8.75 samples/s time=7.32s
rank=0 batch=4/57 microbatch=32 effective_global_batch=128 loss=1.1481 norm_pos=1.1222 norm_neg=nan gap=nan grad_norm=5.0040 throughput=8.59 samples/s time=7.45s
rank=0 batch=5/57 microbatch=32 effective_global_batch=128 loss=1.0916 norm_pos=1.0660 norm_neg=nan gap=nan throughput=8.60 samples/s time=7.44s
rank=0 batch=6/57 microbatch=32 effective_global_batch=128 loss=1.1116 norm_pos=1.0858 norm_neg=nan gap=nan grad_norm=3.7383 throughput=8.29 samples/s time=7.72s
rank=0 batch=7/57 microbatch=32 effective_global_batch=128 loss=1.0810 norm_pos=1.0551 norm_neg=nan gap=nan throughput=8.63 samples/s time=7.42s
rank=0 batch=8/57 microbatch=32 effective_global_batch=128 loss=1.1286 norm_pos=1.1028 norm_neg=nan gap=nan grad_norm=7.3158 throughput=8.62 samples/s time=7.42s
rank=0 batch=9/57 microbatch=32 effective_global_batch=128 loss=1.0774 norm_pos=1.0514 norm_neg=nan gap=nan throughput=8.53 samples/s time=7.50s
rank=0 batch=10/57 microbatch=32 effective_global_batch=128 loss=1.1002 norm_pos=1.0741 norm_neg=nan gap=nan grad_norm=5.5663 throughput=8.40 samples/s time=7.62s
rank=0 batch=11/57 microbatch=32 effective_global_batch=128 loss=1.1159 norm_pos=1.0898 norm_neg=nan gap=nan throughput=8.65 samples/s time=7.40s
rank=0 batch=12/57 microbatch=32 effective_global_batch=128 loss=1.1202 norm_pos=1.0945 norm_neg=nan gap=nan grad_norm=4.9269 throughput=8.57 samples/s time=7.47s
rank=0 batch=13/57 microbatch=32 effective_global_batch=128 loss=1.1070 norm_pos=1.0807 norm_neg=nan gap=nan throughput=8.69 samples/s time=7.36s
rank=0 batch=14/57 microbatch=32 effective_global_batch=128 loss=1.1014 norm_pos=1.0752 norm_neg=nan gap=nan grad_norm=4.5340 throughput=8.46 samples/s time=7.57s
rank=0 batch=15/57 microbatch=32 effective_global_batch=128 loss=1.0892 norm_pos=1.0632 norm_neg=nan gap=nan throughput=8.58 samples/s time=7.46s
rank=0 batch=16/57 microbatch=32 effective_global_batch=128 loss=1.1170 norm_pos=1.0907 norm_neg=nan gap=nan grad_norm=4.6795 throughput=8.31 samples/s time=7.70s
rank=0 batch=17/57 microbatch=32 effective_global_batch=128 loss=1.1125 norm_pos=1.0863 norm_neg=nan gap=nan throughput=8.50 samples/s time=7.53s
rank=0 batch=18/57 microbatch=32 effective_global_batch=128 loss=1.0946 norm_pos=1.0686 norm_neg=nan gap=nan grad_norm=4.7720 throughput=8.39 samples/s time=7.63s
rank=0 batch=19/57 microbatch=32 effective_global_batch=128 loss=1.0743 norm_pos=1.0483 norm_neg=nan gap=nan throughput=8.47 samples/s time=7.55s
rank=0 batch=20/57 microbatch=32 effective_global_batch=128 loss=1.1604 norm_pos=1.1345 norm_neg=nan gap=nan grad_norm=4.1522 throughput=8.37 samples/s time=7.64s
rank=0 batch=21/57 microbatch=32 effective_global_batch=128 loss=1.0449 norm_pos=1.0189 norm_neg=nan gap=nan throughput=8.53 samples/s time=7.51s
rank=0 batch=22/57 microbatch=32 effective_global_batch=128 loss=1.1060 norm_pos=1.0802 norm_neg=nan gap=nan grad_norm=3.9195 throughput=8.50 samples/s time=7.53s
rank=0 batch=23/57 microbatch=32 effective_global_batch=128 loss=1.0950 norm_pos=1.0688 norm_neg=nan gap=nan throughput=8.34 samples/s time=7.67s
rank=0 batch=24/57 microbatch=32 effective_global_batch=128 loss=1.1272 norm_pos=1.1009 norm_neg=nan gap=nan grad_norm=5.2538 throughput=8.33 samples/s time=7.68s
rank=0 batch=25/57 microbatch=32 effective_global_batch=128 loss=1.1150 norm_pos=1.0886 norm_neg=nan gap=nan throughput=8.56 samples/s time=7.47s gpu=0.05/21.14GB rss=6.05GB
rank=0 batch=26/57 microbatch=32 effective_global_batch=128 loss=1.0930 norm_pos=1.0666 norm_neg=nan gap=nan grad_norm=4.9100 throughput=8.45 samples/s time=7.57s
rank=0 batch=27/57 microbatch=32 effective_global_batch=128 loss=1.0493 norm_pos=1.0233 norm_neg=nan gap=nan throughput=8.52 samples/s time=7.51s
rank=0 batch=28/57 microbatch=32 effective_global_batch=128 loss=1.0914 norm_pos=1.0657 norm_neg=nan gap=nan grad_norm=4.2610 throughput=8.29 samples/s time=7.72s
rank=0 batch=29/57 microbatch=32 effective_global_batch=128 loss=1.0863 norm_pos=1.0601 norm_neg=nan gap=nan throughput=8.47 samples/s time=7.55s
rank=0 batch=30/57 microbatch=32 effective_global_batch=128 loss=1.1119 norm_pos=1.0860 norm_neg=nan gap=nan grad_norm=4.6789 throughput=8.60 samples/s time=7.44s
rank=0 batch=31/57 microbatch=32 effective_global_batch=128 loss=1.0978 norm_pos=1.0719 norm_neg=nan gap=nan throughput=8.43 samples/s time=7.59s
rank=0 batch=32/57 microbatch=32 effective_global_batch=128 loss=1.0827 norm_pos=1.0568 norm_neg=nan gap=nan grad_norm=5.6771 throughput=8.64 samples/s time=7.41s
rank=0 batch=33/57 microbatch=32 effective_global_batch=128 loss=1.0720 norm_pos=1.0461 norm_neg=nan gap=nan throughput=8.38 samples/s time=7.64s
rank=0 batch=34/57 microbatch=32 effective_global_batch=128 loss=1.0859 norm_pos=1.0595 norm_neg=nan gap=nan grad_norm=4.0086 throughput=8.19 samples/s time=7.81s
rank=0 batch=35/57 microbatch=32 effective_global_batch=128 loss=1.0976 norm_pos=1.0714 norm_neg=nan gap=nan throughput=8.60 samples/s time=7.44s
rank=0 batch=36/57 microbatch=32 effective_global_batch=128 loss=1.0849 norm_pos=1.0590 norm_neg=nan gap=nan grad_norm=6.2030 throughput=8.38 samples/s time=7.64s
rank=0 batch=37/57 microbatch=32 effective_global_batch=128 loss=1.0502 norm_pos=1.0240 norm_neg=nan gap=nan throughput=8.54 samples/s time=7.49s
rank=0 batch=38/57 microbatch=32 effective_global_batch=128 loss=1.0818 norm_pos=1.0558 norm_neg=nan gap=nan grad_norm=5.6101 throughput=8.53 samples/s time=7.50s
rank=0 batch=39/57 microbatch=32 effective_global_batch=128 loss=1.0809 norm_pos=1.0548 norm_neg=nan gap=nan throughput=8.55 samples/s time=7.48s
rank=0 batch=40/57 microbatch=32 effective_global_batch=128 loss=1.0503 norm_pos=1.0243 norm_neg=nan gap=nan grad_norm=4.3000 throughput=8.61 samples/s time=7.44s
rank=0 batch=41/57 microbatch=32 effective_global_batch=128 loss=1.0428 norm_pos=1.0167 norm_neg=nan gap=nan throughput=8.69 samples/s time=7.36s
rank=0 batch=42/57 microbatch=32 effective_global_batch=128 loss=1.0519 norm_pos=1.0256 norm_neg=nan gap=nan grad_norm=6.0210 throughput=8.40 samples/s time=7.62s
rank=0 batch=43/57 microbatch=32 effective_global_batch=128 loss=1.0999 norm_pos=1.0737 norm_neg=nan gap=nan throughput=8.53 samples/s time=7.50s
rank=0 batch=44/57 microbatch=32 effective_global_batch=128 loss=1.0989 norm_pos=1.0730 norm_neg=nan gap=nan grad_norm=5.4373 throughput=8.46 samples/s time=7.56s
rank=0 batch=45/57 microbatch=32 effective_global_batch=128 loss=1.0672 norm_pos=1.0411 norm_neg=nan gap=nan throughput=8.57 samples/s time=7.47s
rank=0 batch=46/57 microbatch=32 effective_global_batch=128 loss=1.0258 norm_pos=0.9999 norm_neg=nan gap=nan grad_norm=5.8728 throughput=8.46 samples/s time=7.57s
rank=0 batch=47/57 microbatch=32 effective_global_batch=128 loss=1.0810 norm_pos=1.0550 norm_neg=nan gap=nan throughput=8.53 samples/s time=7.50s
rank=0 batch=48/57 microbatch=32 effective_global_batch=128 loss=1.0655 norm_pos=1.0393 norm_neg=nan gap=nan grad_norm=6.1815 throughput=8.33 samples/s time=7.68s
rank=0 batch=49/57 microbatch=32 effective_global_batch=128 loss=1.0334 norm_pos=1.0077 norm_neg=nan gap=nan throughput=8.42 samples/s time=7.60s
rank=0 batch=50/57 microbatch=32 effective_global_batch=128 loss=1.0486 norm_pos=1.0228 norm_neg=nan gap=nan grad_norm=4.0644 throughput=8.39 samples/s time=7.63s gpu=0.04/21.14GB rss=6.05GB
rank=0 batch=51/57 microbatch=32 effective_global_batch=128 loss=1.0640 norm_pos=1.0379 norm_neg=nan gap=nan throughput=8.61 samples/s time=7.43s
rank=0 batch=52/57 microbatch=32 effective_global_batch=128 loss=1.0177 norm_pos=0.9921 norm_neg=nan gap=nan grad_norm=8.9526 throughput=8.56 samples/s time=7.47s
rank=0 batch=53/57 microbatch=32 effective_global_batch=128 loss=1.0969 norm_pos=1.0706 norm_neg=nan gap=nan throughput=8.63 samples/s time=7.42s
rank=0 batch=54/57 microbatch=32 effective_global_batch=128 loss=1.0694 norm_pos=1.0434 norm_neg=nan gap=nan grad_norm=6.5155 throughput=8.48 samples/s time=7.55s
rank=0 batch=55/57 microbatch=32 effective_global_batch=128 loss=1.0276 norm_pos=1.0015 norm_neg=nan gap=nan throughput=8.48 samples/s time=7.55s
rank=0 batch=56/57 microbatch=32 effective_global_batch=128 loss=1.0726 norm_pos=1.0468 norm_neg=nan gap=nan grad_norm=9.8682 throughput=8.37 samples/s time=7.64s
rank=0 batch=57/57 microbatch=8 effective_global_batch=32 loss=1.1075 norm_pos=1.0819 norm_neg=nan gap=nan grad_norm=3.8313 throughput=8.17 samples/s time=1.96s
epoch=4 train_loss=1.0909 val_loss=1.0634 elapsed=491.3s
epoch=5/20 world_size=2
wandb: WARNING Tried to log to step 4 that is less than the current step 5. Steps must be monotonically increasing, so this data will be ignored. See https://wandb.me/define-metric to log data out of order.
rank=0 batch=1/57 microbatch=32 effective_global_batch=128 loss=1.0644 norm_pos=1.0386 norm_neg=nan gap=nan throughput=8.58 samples/s time=7.46s gpu=0.05/21.14GB rss=6.06GB
rank=0 batch=2/57 microbatch=32 effective_global_batch=128 loss=1.0884 norm_pos=1.0625 norm_neg=nan gap=nan grad_norm=8.1035 throughput=8.58 samples/s time=7.46s
rank=0 batch=3/57 microbatch=32 effective_global_batch=128 loss=1.0519 norm_pos=1.0259 norm_neg=nan gap=nan throughput=8.49 samples/s time=7.54s
rank=0 batch=4/57 microbatch=32 effective_global_batch=128 loss=1.0176 norm_pos=0.9920 norm_neg=nan gap=nan grad_norm=6.9529 throughput=8.61 samples/s time=7.43s
rank=0 batch=5/57 microbatch=32 effective_global_batch=128 loss=1.0213 norm_pos=0.9954 norm_neg=nan gap=nan throughput=8.61 samples/s time=7.44s
rank=0 batch=6/57 microbatch=32 effective_global_batch=128 loss=1.0630 norm_pos=1.0370 norm_neg=nan gap=nan grad_norm=6.3549 throughput=8.45 samples/s time=7.57s
rank=0 batch=7/57 microbatch=32 effective_global_batch=128 loss=1.0256 norm_pos=0.9998 norm_neg=nan gap=nan throughput=8.53 samples/s time=7.51s
rank=0 batch=8/57 microbatch=32 effective_global_batch=128 loss=1.0368 norm_pos=1.0111 norm_neg=nan gap=nan grad_norm=5.8069 throughput=8.67 samples/s time=7.38s
rank=0 batch=9/57 microbatch=32 effective_global_batch=128 loss=1.0127 norm_pos=0.9867 norm_neg=nan gap=nan throughput=8.44 samples/s time=7.59s
rank=0 batch=10/57 microbatch=32 effective_global_batch=128 loss=1.0404 norm_pos=1.0146 norm_neg=nan gap=nan grad_norm=5.8845 throughput=8.67 samples/s time=7.38s
rank=0 batch=11/57 microbatch=32 effective_global_batch=128 loss=1.0281 norm_pos=1.0024 norm_neg=nan gap=nan throughput=8.66 samples/s time=7.39s
rank=0 batch=12/57 microbatch=32 effective_global_batch=128 loss=1.0473 norm_pos=1.0217 norm_neg=nan gap=nan grad_norm=4.3956 throughput=8.44 samples/s time=7.58s
rank=0 batch=13/57 microbatch=32 effective_global_batch=128 loss=1.0620 norm_pos=1.0354 norm_neg=nan gap=nan throughput=8.53 samples/s time=7.50s
rank=0 batch=14/57 microbatch=32 effective_global_batch=128 loss=1.0110 norm_pos=0.9852 norm_neg=nan gap=nan grad_norm=9.0725 throughput=8.57 samples/s time=7.47s
rank=0 batch=15/57 microbatch=32 effective_global_batch=128 loss=1.0395 norm_pos=1.0132 norm_neg=nan gap=nan throughput=8.47 samples/s time=7.56s
rank=0 batch=16/57 microbatch=32 effective_global_batch=128 loss=1.0487 norm_pos=1.0226 norm_neg=nan gap=nan grad_norm=7.0997 throughput=8.53 samples/s time=7.50s
rank=0 batch=17/57 microbatch=32 effective_global_batch=128 loss=1.0480 norm_pos=1.0218 norm_neg=nan gap=nan throughput=8.85 samples/s time=7.23s
rank=0 batch=18/57 microbatch=32 effective_global_batch=128 loss=1.0455 norm_pos=1.0196 norm_neg=nan gap=nan grad_norm=7.4944 throughput=8.51 samples/s time=7.52s
rank=0 batch=19/57 microbatch=32 effective_global_batch=128 loss=1.0432 norm_pos=1.0172 norm_neg=nan gap=nan throughput=8.63 samples/s time=7.41s
rank=0 batch=20/57 microbatch=32 effective_global_batch=128 loss=1.0017 norm_pos=0.9757 norm_neg=nan gap=nan grad_norm=7.3921 throughput=8.42 samples/s time=7.60s
rank=0 batch=21/57 microbatch=32 effective_global_batch=128 loss=1.0094 norm_pos=0.9832 norm_neg=nan gap=nan throughput=8.58 samples/s time=7.46s
rank=0 batch=22/57 microbatch=32 effective_global_batch=128 loss=1.0632 norm_pos=1.0372 norm_neg=nan gap=nan grad_norm=5.4025 throughput=8.42 samples/s time=7.60s
rank=0 batch=23/57 microbatch=32 effective_global_batch=128 loss=1.0542 norm_pos=1.0281 norm_neg=nan gap=nan throughput=8.72 samples/s time=7.34s
rank=0 batch=24/57 microbatch=32 effective_global_batch=128 loss=1.0326 norm_pos=1.0066 norm_neg=nan gap=nan grad_norm=5.2135 throughput=8.41 samples/s time=7.61s
rank=0 batch=25/57 microbatch=32 effective_global_batch=128 loss=1.0135 norm_pos=0.9874 norm_neg=nan gap=nan throughput=8.42 samples/s time=7.60s gpu=0.05/21.14GB rss=6.18GB
rank=0 batch=26/57 microbatch=32 effective_global_batch=128 loss=1.0082 norm_pos=0.9823 norm_neg=nan gap=nan grad_norm=7.0570 throughput=8.53 samples/s time=7.50s
rank=0 batch=27/57 microbatch=32 effective_global_batch=128 loss=1.0694 norm_pos=1.0438 norm_neg=nan gap=nan throughput=8.47 samples/s time=7.56s
rank=0 batch=28/57 microbatch=32 effective_global_batch=128 loss=0.9964 norm_pos=0.9707 norm_neg=nan gap=nan grad_norm=6.7916 throughput=8.48 samples/s time=7.54s
rank=0 batch=29/57 microbatch=32 effective_global_batch=128 loss=1.0232 norm_pos=0.9976 norm_neg=nan gap=nan throughput=8.41 samples/s time=7.61s
rank=0 batch=30/57 microbatch=32 effective_global_batch=128 loss=1.0133 norm_pos=0.9872 norm_neg=nan gap=nan grad_norm=7.3676 throughput=8.41 samples/s time=7.61s
rank=0 batch=31/57 microbatch=32 effective_global_batch=128 loss=0.9850 norm_pos=0.9593 norm_neg=nan gap=nan throughput=8.52 samples/s time=7.51s
rank=0 batch=32/57 microbatch=32 effective_global_batch=128 loss=0.9944 norm_pos=0.9687 norm_neg=nan gap=nan grad_norm=6.7252 throughput=8.40 samples/s time=7.62s
rank=0 batch=33/57 microbatch=32 effective_global_batch=128 loss=1.0330 norm_pos=1.0071 norm_neg=nan gap=nan throughput=8.52 samples/s time=7.52s
rank=0 batch=34/57 microbatch=32 effective_global_batch=128 loss=0.9880 norm_pos=0.9623 norm_neg=nan gap=nan grad_norm=5.0922 throughput=8.48 samples/s time=7.54s
rank=0 batch=35/57 microbatch=32 effective_global_batch=128 loss=0.9716 norm_pos=0.9460 norm_neg=nan gap=nan throughput=8.60 samples/s time=7.44s
rank=0 batch=36/57 microbatch=32 effective_global_batch=128 loss=1.0100 norm_pos=0.9841 norm_neg=nan gap=nan grad_norm=6.7329 throughput=8.36 samples/s time=7.66s
rank=0 batch=37/57 microbatch=32 effective_global_batch=128 loss=1.0156 norm_pos=0.9892 norm_neg=nan gap=nan throughput=8.62 samples/s time=7.42s
rank=0 batch=38/57 microbatch=32 effective_global_batch=128 loss=1.0152 norm_pos=0.9890 norm_neg=nan gap=nan grad_norm=5.9071 throughput=8.54 samples/s time=7.50s
rank=0 batch=39/57 microbatch=32 effective_global_batch=128 loss=0.9532 norm_pos=0.9280 norm_neg=nan gap=nan throughput=8.51 samples/s time=7.52s
rank=0 batch=40/57 microbatch=32 effective_global_batch=128 loss=0.9921 norm_pos=0.9662 norm_neg=nan gap=nan grad_norm=4.9795 throughput=8.43 samples/s time=7.59s
rank=0 batch=41/57 microbatch=32 effective_global_batch=128 loss=1.0314 norm_pos=1.0055 norm_neg=nan gap=nan throughput=8.59 samples/s time=7.45s
rank=0 batch=42/57 microbatch=32 effective_global_batch=128 loss=1.0223 norm_pos=0.9963 norm_neg=nan gap=nan grad_norm=7.5330 throughput=8.38 samples/s time=7.63s
rank=0 batch=43/57 microbatch=32 effective_global_batch=128 loss=1.0365 norm_pos=1.0107 norm_neg=nan gap=nan throughput=8.62 samples/s time=7.43s
rank=0 batch=44/57 microbatch=32 effective_global_batch=128 loss=0.9964 norm_pos=0.9703 norm_neg=nan gap=nan grad_norm=5.8235 throughput=8.41 samples/s time=7.61s
rank=0 batch=45/57 microbatch=32 effective_global_batch=128 loss=1.0096 norm_pos=0.9838 norm_neg=nan gap=nan throughput=8.70 samples/s time=7.35s
rank=0 batch=46/57 microbatch=32 effective_global_batch=128 loss=1.0135 norm_pos=0.9877 norm_neg=nan gap=nan grad_norm=5.5345 throughput=8.03 samples/s time=7.97s
rank=0 batch=47/57 microbatch=32 effective_global_batch=128 loss=1.0264 norm_pos=1.0001 norm_neg=nan gap=nan throughput=8.65 samples/s time=7.40s
rank=0 batch=48/57 microbatch=32 effective_global_batch=128 loss=1.0033 norm_pos=0.9773 norm_neg=nan gap=nan grad_norm=5.5527 throughput=8.48 samples/s time=7.55s
rank=0 batch=49/57 microbatch=32 effective_global_batch=128 loss=1.0049 norm_pos=0.9789 norm_neg=nan gap=nan throughput=8.53 samples/s time=7.50s
rank=0 batch=50/57 microbatch=32 effective_global_batch=128 loss=0.9826 norm_pos=0.9565 norm_neg=nan gap=nan grad_norm=7.6136 throughput=8.47 samples/s time=7.55s gpu=0.04/21.14GB rss=6.31GB
rank=0 batch=51/57 microbatch=32 effective_global_batch=128 loss=0.9968 norm_pos=0.9707 norm_neg=nan gap=nan throughput=8.44 samples/s time=7.59s
rank=0 batch=52/57 microbatch=32 effective_global_batch=128 loss=0.9830 norm_pos=0.9570 norm_neg=nan gap=nan grad_norm=6.5549 throughput=8.41 samples/s time=7.61s
rank=0 batch=53/57 microbatch=32 effective_global_batch=128 loss=1.0102 norm_pos=0.9840 norm_neg=nan gap=nan throughput=8.48 samples/s time=7.55s
rank=0 batch=54/57 microbatch=32 effective_global_batch=128 loss=0.9953 norm_pos=0.9694 norm_neg=nan gap=nan grad_norm=7.2781 throughput=8.51 samples/s time=7.52s
rank=0 batch=55/57 microbatch=32 effective_global_batch=128 loss=1.0159 norm_pos=0.9901 norm_neg=nan gap=nan throughput=8.63 samples/s time=7.41s
rank=0 batch=56/57 microbatch=32 effective_global_batch=128 loss=1.0173 norm_pos=0.9917 norm_neg=nan gap=nan grad_norm=6.6434 throughput=8.43 samples/s time=7.60s
rank=0 batch=57/57 microbatch=8 effective_global_batch=32 loss=0.9266 norm_pos=0.9006 norm_neg=nan gap=nan grad_norm=2.9244 throughput=8.20 samples/s time=1.95s
epoch=5 train_loss=1.0184 val_loss=0.9974 elapsed=490.3s
epoch=6/20 world_size=2
wandb: WARNING Tried to log to step 5 that is less than the current step 6. Steps must be monotonically increasing, so this data will be ignored. See https://wandb.me/define-metric to log data out of order.
rank=0 batch=1/57 microbatch=32 effective_global_batch=128 loss=1.0007 norm_pos=0.9747 norm_neg=nan gap=nan throughput=8.72 samples/s time=7.34s gpu=0.05/21.14GB rss=6.31GB
rank=0 batch=2/57 microbatch=32 effective_global_batch=128 loss=0.9373 norm_pos=0.9114 norm_neg=nan gap=nan grad_norm=5.4817 throughput=8.69 samples/s time=7.36s
rank=0 batch=3/57 microbatch=32 effective_global_batch=128 loss=0.9795 norm_pos=0.9538 norm_neg=nan gap=nan throughput=8.73 samples/s time=7.33s
rank=0 batch=4/57 microbatch=32 effective_global_batch=128 loss=0.9730 norm_pos=0.9477 norm_neg=nan gap=nan grad_norm=5.1424 throughput=8.62 samples/s time=7.42s
rank=0 batch=5/57 microbatch=32 effective_global_batch=128 loss=0.9890 norm_pos=0.9629 norm_neg=nan gap=nan throughput=8.70 samples/s time=7.36s
rank=0 batch=6/57 microbatch=32 effective_global_batch=128 loss=0.9655 norm_pos=0.9398 norm_neg=nan gap=nan grad_norm=4.6358 throughput=8.49 samples/s time=7.54s
rank=0 batch=7/57 microbatch=32 effective_global_batch=128 loss=1.0081 norm_pos=0.9822 norm_neg=nan gap=nan throughput=8.77 samples/s time=7.30s
rank=0 batch=8/57 microbatch=32 effective_global_batch=128 loss=0.9473 norm_pos=0.9213 norm_neg=nan gap=nan grad_norm=6.4568 throughput=8.21 samples/s time=7.80s
rank=0 batch=9/57 microbatch=32 effective_global_batch=128 loss=0.9697 norm_pos=0.9440 norm_neg=nan gap=nan throughput=8.60 samples/s time=7.44s
rank=0 batch=10/57 microbatch=32 effective_global_batch=128 loss=0.9680 norm_pos=0.9421 norm_neg=nan gap=nan grad_norm=5.2871 throughput=8.36 samples/s time=7.65s
rank=0 batch=11/57 microbatch=32 effective_global_batch=128 loss=1.0090 norm_pos=0.9831 norm_neg=nan gap=nan throughput=8.42 samples/s time=7.60s
rank=0 batch=12/57 microbatch=32 effective_global_batch=128 loss=1.0047 norm_pos=0.9791 norm_neg=nan gap=nan grad_norm=5.0292 throughput=8.49 samples/s time=7.54s
rank=0 batch=13/57 microbatch=32 effective_global_batch=128 loss=0.9447 norm_pos=0.9189 norm_neg=nan gap=nan throughput=8.69 samples/s time=7.37s
rank=0 batch=14/57 microbatch=32 effective_global_batch=128 loss=0.9898 norm_pos=0.9638 norm_neg=nan gap=nan grad_norm=4.1272 throughput=8.10 samples/s time=7.90s
rank=0 batch=15/57 microbatch=32 effective_global_batch=128 loss=0.9492 norm_pos=0.9235 norm_neg=nan gap=nan throughput=8.65 samples/s time=7.40s
rank=0 batch=16/57 microbatch=32 effective_global_batch=128 loss=0.9993 norm_pos=0.9727 norm_neg=nan gap=nan grad_norm=6.5231 throughput=8.45 samples/s time=7.57s
rank=0 batch=17/57 microbatch=32 effective_global_batch=128 loss=0.9868 norm_pos=0.9608 norm_neg=nan gap=nan throughput=8.47 samples/s time=7.56s
rank=0 batch=18/57 microbatch=32 effective_global_batch=128 loss=0.9655 norm_pos=0.9395 norm_neg=nan gap=nan grad_norm=6.0937 throughput=8.48 samples/s time=7.55s
rank=0 batch=19/57 microbatch=32 effective_global_batch=128 loss=0.9580 norm_pos=0.9325 norm_neg=nan gap=nan throughput=8.60 samples/s time=7.44s
rank=0 batch=20/57 microbatch=32 effective_global_batch=128 loss=0.9338 norm_pos=0.9078 norm_neg=nan gap=nan grad_norm=6.5560 throughput=8.59 samples/s time=7.45s
rank=0 batch=21/57 microbatch=32 effective_global_batch=128 loss=0.9684 norm_pos=0.9423 norm_neg=nan gap=nan throughput=8.61 samples/s time=7.43s
rank=0 batch=22/57 microbatch=32 effective_global_batch=128 loss=0.9998 norm_pos=0.9738 norm_neg=nan gap=nan grad_norm=5.8135 throughput=8.46 samples/s time=7.57s
rank=0 batch=23/57 microbatch=32 effective_global_batch=128 loss=0.9739 norm_pos=0.9480 norm_neg=nan gap=nan throughput=8.39 samples/s time=7.63s
rank=0 batch=24/57 microbatch=32 effective_global_batch=128 loss=0.9906 norm_pos=0.9650 norm_neg=nan gap=nan grad_norm=6.2756 throughput=8.51 samples/s time=7.52s
rank=0 batch=25/57 microbatch=32 effective_global_batch=128 loss=0.9478 norm_pos=0.9223 norm_neg=nan gap=nan throughput=8.65 samples/s time=7.40s gpu=0.05/21.14GB rss=6.42GB
rank=0 batch=26/57 microbatch=32 effective_global_batch=128 loss=0.9757 norm_pos=0.9498 norm_neg=nan gap=nan grad_norm=5.3541 throughput=8.52 samples/s time=7.52s
rank=0 batch=27/57 microbatch=32 effective_global_batch=128 loss=1.0175 norm_pos=0.9915 norm_neg=nan gap=nan throughput=8.51 samples/s time=7.52s
rank=0 batch=28/57 microbatch=32 effective_global_batch=128 loss=0.9629 norm_pos=0.9375 norm_neg=nan gap=nan grad_norm=6.8295 throughput=8.42 samples/s time=7.60s
rank=0 batch=29/57 microbatch=32 effective_global_batch=128 loss=0.9393 norm_pos=0.9137 norm_neg=nan gap=nan throughput=8.60 samples/s time=7.44s
rank=0 batch=30/57 microbatch=32 effective_global_batch=128 loss=0.9983 norm_pos=0.9726 norm_neg=nan gap=nan grad_norm=6.8397 throughput=8.29 samples/s time=7.72s
rank=0 batch=31/57 microbatch=32 effective_global_batch=128 loss=0.9500 norm_pos=0.9240 norm_neg=nan gap=nan throughput=8.54 samples/s time=7.49s
rank=0 batch=32/57 microbatch=32 effective_global_batch=128 loss=0.9203 norm_pos=0.8948 norm_neg=nan gap=nan grad_norm=4.3424 throughput=8.62 samples/s time=7.42s
rank=0 batch=33/57 microbatch=32 effective_global_batch=128 loss=0.9285 norm_pos=0.9028 norm_neg=nan gap=nan throughput=8.43 samples/s time=7.59s
rank=0 batch=34/57 microbatch=32 effective_global_batch=128 loss=0.9560 norm_pos=0.9306 norm_neg=nan gap=nan grad_norm=5.4391 throughput=8.41 samples/s time=7.61s
rank=0 batch=35/57 microbatch=32 effective_global_batch=128 loss=1.0167 norm_pos=0.9908 norm_neg=nan gap=nan throughput=8.43 samples/s time=7.59s
rank=0 batch=36/57 microbatch=32 effective_global_batch=128 loss=0.9217 norm_pos=0.8958 norm_neg=nan gap=nan grad_norm=5.8286 throughput=8.48 samples/s time=7.55s
rank=0 batch=37/57 microbatch=32 effective_global_batch=128 loss=0.9710 norm_pos=0.9448 norm_neg=nan gap=nan throughput=8.58 samples/s time=7.46s
rank=0 batch=38/57 microbatch=32 effective_global_batch=128 loss=0.9467 norm_pos=0.9211 norm_neg=nan gap=nan grad_norm=5.1753 throughput=8.52 samples/s time=7.51s
rank=0 batch=39/57 microbatch=32 effective_global_batch=128 loss=0.9575 norm_pos=0.9317 norm_neg=nan gap=nan throughput=8.70 samples/s time=7.36s
rank=0 batch=40/57 microbatch=32 effective_global_batch=128 loss=0.9432 norm_pos=0.9175 norm_neg=nan gap=nan grad_norm=7.4488 throughput=8.37 samples/s time=7.65s
rank=0 batch=41/57 microbatch=32 effective_global_batch=128 loss=0.9775 norm_pos=0.9518 norm_neg=nan gap=nan throughput=8.44 samples/s time=7.59s
rank=0 batch=42/57 microbatch=32 effective_global_batch=128 loss=0.9137 norm_pos=0.8883 norm_neg=nan gap=nan grad_norm=6.9925 throughput=8.66 samples/s time=7.39s
rank=0 batch=43/57 microbatch=32 effective_global_batch=128 loss=0.9296 norm_pos=0.9041 norm_neg=nan gap=nan throughput=8.46 samples/s time=7.56s
rank=0 batch=44/57 microbatch=32 effective_global_batch=128 loss=0.9155 norm_pos=0.8902 norm_neg=nan gap=nan grad_norm=6.8795 throughput=8.37 samples/s time=7.65s
rank=0 batch=45/57 microbatch=32 effective_global_batch=128 loss=0.9374 norm_pos=0.9115 norm_neg=nan gap=nan throughput=8.47 samples/s time=7.55s
rank=0 batch=46/57 microbatch=32 effective_global_batch=128 loss=0.9355 norm_pos=0.9098 norm_neg=nan gap=nan grad_norm=7.0146 throughput=8.56 samples/s time=7.48s
rank=0 batch=47/57 microbatch=32 effective_global_batch=128 loss=0.9515 norm_pos=0.9253 norm_neg=nan gap=nan throughput=8.72 samples/s time=7.34s
rank=0 batch=48/57 microbatch=32 effective_global_batch=128 loss=0.9194 norm_pos=0.8936 norm_neg=nan gap=nan grad_norm=5.8066 throughput=8.40 samples/s time=7.62s
rank=0 batch=49/57 microbatch=32 effective_global_batch=128 loss=0.9190 norm_pos=0.8935 norm_neg=nan gap=nan throughput=8.36 samples/s time=7.65s
rank=0 batch=50/57 microbatch=32 effective_global_batch=128 loss=0.9268 norm_pos=0.9012 norm_neg=nan gap=nan grad_norm=6.2451 throughput=8.44 samples/s time=7.58s gpu=0.04/21.14GB rss=6.44GB
rank=0 batch=51/57 microbatch=32 effective_global_batch=128 loss=0.9531 norm_pos=0.9275 norm_neg=nan gap=nan throughput=8.56 samples/s time=7.48s
rank=0 batch=52/57 microbatch=32 effective_global_batch=128 loss=0.9368 norm_pos=0.9111 norm_neg=nan gap=nan grad_norm=6.0598 throughput=8.33 samples/s time=7.69s
rank=0 batch=53/57 microbatch=32 effective_global_batch=128 loss=0.9018 norm_pos=0.8760 norm_neg=nan gap=nan throughput=8.51 samples/s time=7.52s
rank=0 batch=54/57 microbatch=32 effective_global_batch=128 loss=0.9517 norm_pos=0.9261 norm_neg=nan gap=nan grad_norm=5.5676 throughput=8.43 samples/s time=7.59s
rank=0 batch=55/57 microbatch=32 effective_global_batch=128 loss=0.8990 norm_pos=0.8735 norm_neg=nan gap=nan throughput=8.52 samples/s time=7.51s
rank=0 batch=56/57 microbatch=32 effective_global_batch=128 loss=0.9613 norm_pos=0.9360 norm_neg=nan gap=nan grad_norm=5.4551 throughput=8.49 samples/s time=7.54s
rank=0 batch=57/57 microbatch=8 effective_global_batch=32 loss=0.8920 norm_pos=0.8660 norm_neg=nan gap=nan grad_norm=3.1913 throughput=8.52 samples/s time=1.88s
epoch=6 train_loss=0.9600 val_loss=0.9429 elapsed=490.6s
epoch=7/20 world_size=2
wandb: WARNING Tried to log to step 6 that is less than the current step 7. Steps must be monotonically increasing, so this data will be ignored. See https://wandb.me/define-metric to log data out of order.
rank=0 batch=1/57 microbatch=32 effective_global_batch=128 loss=0.9831 norm_pos=0.9574 norm_neg=nan gap=nan throughput=8.47 samples/s time=7.56s gpu=0.05/21.14GB rss=6.39GB
rank=0 batch=2/57 microbatch=32 effective_global_batch=128 loss=0.9190 norm_pos=0.8936 norm_neg=nan gap=nan grad_norm=4.7875 throughput=8.61 samples/s time=7.44s
rank=0 batch=3/57 microbatch=32 effective_global_batch=128 loss=0.9428 norm_pos=0.9171 norm_neg=nan gap=nan throughput=8.66 samples/s time=7.39s
rank=0 batch=4/57 microbatch=32 effective_global_batch=128 loss=0.9018 norm_pos=0.8759 norm_neg=nan gap=nan grad_norm=4.7953 throughput=8.46 samples/s time=7.56s
rank=0 batch=5/57 microbatch=32 effective_global_batch=128 loss=0.9303 norm_pos=0.9042 norm_neg=nan gap=nan throughput=8.64 samples/s time=7.41s
rank=0 batch=6/57 microbatch=32 effective_global_batch=128 loss=0.9124 norm_pos=0.8872 norm_neg=nan gap=nan grad_norm=3.5471 throughput=8.54 samples/s time=7.49s
rank=0 batch=7/57 microbatch=32 effective_global_batch=128 loss=0.9188 norm_pos=0.8927 norm_neg=nan gap=nan throughput=8.49 samples/s time=7.54s
rank=0 batch=8/57 microbatch=32 effective_global_batch=128 loss=0.9252 norm_pos=0.8992 norm_neg=nan gap=nan grad_norm=4.8604 throughput=8.51 samples/s time=7.52s
rank=0 batch=9/57 microbatch=32 effective_global_batch=128 loss=0.9169 norm_pos=0.8910 norm_neg=nan gap=nan throughput=8.65 samples/s time=7.40s
rank=0 batch=10/57 microbatch=32 effective_global_batch=128 loss=0.9267 norm_pos=0.9010 norm_neg=nan gap=nan grad_norm=5.2005 throughput=8.29 samples/s time=7.72s
rank=0 batch=11/57 microbatch=32 effective_global_batch=128 loss=0.9266 norm_pos=0.9011 norm_neg=nan gap=nan throughput=8.59 samples/s time=7.45s
rank=0 batch=12/57 microbatch=32 effective_global_batch=128 loss=0.9055 norm_pos=0.8796 norm_neg=nan gap=nan grad_norm=2.9301 throughput=8.48 samples/s time=7.55s
rank=0 batch=13/57 microbatch=32 effective_global_batch=128 loss=0.9575 norm_pos=0.9313 norm_neg=nan gap=nan throughput=8.56 samples/s time=7.48s
rank=0 batch=14/57 microbatch=32 effective_global_batch=128 loss=0.9336 norm_pos=0.9077 norm_neg=nan gap=nan grad_norm=6.9778 throughput=8.42 samples/s time=7.61s
rank=0 batch=15/57 microbatch=32 effective_global_batch=128 loss=0.8975 norm_pos=0.8717 norm_neg=nan gap=nan throughput=8.54 samples/s time=7.50s
rank=0 batch=16/57 microbatch=32 effective_global_batch=128 loss=0.9215 norm_pos=0.8960 norm_neg=nan gap=nan grad_norm=5.4685 throughput=8.53 samples/s time=7.50s
rank=0 batch=17/57 microbatch=32 effective_global_batch=128 loss=0.9320 norm_pos=0.9060 norm_neg=nan gap=nan throughput=8.54 samples/s time=7.49s
rank=0 batch=18/57 microbatch=32 effective_global_batch=128 loss=0.9287 norm_pos=0.9033 norm_neg=nan gap=nan grad_norm=6.8814 throughput=8.31 samples/s time=7.70s
rank=0 batch=19/57 microbatch=32 effective_global_batch=128 loss=0.9279 norm_pos=0.9022 norm_neg=nan gap=nan throughput=8.68 samples/s time=7.37s
rank=0 batch=20/57 microbatch=32 effective_global_batch=128 loss=0.9034 norm_pos=0.8780 norm_neg=nan gap=nan grad_norm=6.0614 throughput=8.50 samples/s time=7.53s
rank=0 batch=21/57 microbatch=32 effective_global_batch=128 loss=0.9284 norm_pos=0.9029 norm_neg=nan gap=nan throughput=8.65 samples/s time=7.40s
rank=0 batch=22/57 microbatch=32 effective_global_batch=128 loss=0.9154 norm_pos=0.8898 norm_neg=nan gap=nan grad_norm=5.8574 throughput=8.28 samples/s time=7.73s
rank=0 batch=23/57 microbatch=32 effective_global_batch=128 loss=0.9570 norm_pos=0.9311 norm_neg=nan gap=nan throughput=8.68 samples/s time=7.37s
rank=0 batch=24/57 microbatch=32 effective_global_batch=128 loss=0.9360 norm_pos=0.9107 norm_neg=nan gap=nan grad_norm=6.5093 throughput=8.46 samples/s time=7.56s
rank=0 batch=25/57 microbatch=32 effective_global_batch=128 loss=0.8769 norm_pos=0.8513 norm_neg=nan gap=nan throughput=8.70 samples/s time=7.35s gpu=0.05/21.14GB rss=6.42GB
rank=0 batch=26/57 microbatch=32 effective_global_batch=128 loss=0.8990 norm_pos=0.8736 norm_neg=nan gap=nan grad_norm=4.0564 throughput=8.50 samples/s time=7.53s
rank=0 batch=27/57 microbatch=32 effective_global_batch=128 loss=0.9289 norm_pos=0.9031 norm_neg=nan gap=nan throughput=8.57 samples/s time=7.47s
rank=0 batch=28/57 microbatch=32 effective_global_batch=128 loss=0.9123 norm_pos=0.8871 norm_neg=nan gap=nan grad_norm=5.5942 throughput=8.38 samples/s time=7.64s
rank=0 batch=29/57 microbatch=32 effective_global_batch=128 loss=0.9023 norm_pos=0.8767 norm_neg=nan gap=nan throughput=8.59 samples/s time=7.45s
rank=0 batch=30/57 microbatch=32 effective_global_batch=128 loss=0.9195 norm_pos=0.8938 norm_neg=nan gap=nan grad_norm=2.8710 throughput=8.39 samples/s time=7.63s
rank=0 batch=31/57 microbatch=32 effective_global_batch=128 loss=0.9276 norm_pos=0.9018 norm_neg=nan gap=nan throughput=8.47 samples/s time=7.55s
rank=0 batch=32/57 microbatch=32 effective_global_batch=128 loss=0.8985 norm_pos=0.8729 norm_neg=nan gap=nan grad_norm=4.3063 throughput=8.49 samples/s time=7.54s
rank=0 batch=33/57 microbatch=32 effective_global_batch=128 loss=0.9248 norm_pos=0.8992 norm_neg=nan gap=nan throughput=8.54 samples/s time=7.50s
rank=0 batch=34/57 microbatch=32 effective_global_batch=128 loss=0.8999 norm_pos=0.8743 norm_neg=nan gap=nan grad_norm=3.9854 throughput=8.42 samples/s time=7.60s
rank=0 batch=35/57 microbatch=32 effective_global_batch=128 loss=0.9130 norm_pos=0.8873 norm_neg=nan gap=nan throughput=8.46 samples/s time=7.56s
rank=0 batch=36/57 microbatch=32 effective_global_batch=128 loss=0.9127 norm_pos=0.8872 norm_neg=nan gap=nan grad_norm=2.2758 throughput=8.29 samples/s time=7.72s
rank=0 batch=37/57 microbatch=32 effective_global_batch=128 loss=0.8667 norm_pos=0.8413 norm_neg=nan gap=nan throughput=8.59 samples/s time=7.45s
rank=0 batch=38/57 microbatch=32 effective_global_batch=128 loss=0.8875 norm_pos=0.8622 norm_neg=nan gap=nan grad_norm=6.7931 throughput=8.69 samples/s time=7.36s
rank=0 batch=39/57 microbatch=32 effective_global_batch=128 loss=0.8940 norm_pos=0.8687 norm_neg=nan gap=nan throughput=8.57 samples/s time=7.47s
rank=0 batch=40/57 microbatch=32 effective_global_batch=128 loss=0.8751 norm_pos=0.8496 norm_neg=nan gap=nan grad_norm=3.5497 throughput=8.41 samples/s time=7.61s
rank=0 batch=41/57 microbatch=32 effective_global_batch=128 loss=0.9148 norm_pos=0.8896 norm_neg=nan gap=nan throughput=8.74 samples/s time=7.33s
rank=0 batch=42/57 microbatch=32 effective_global_batch=128 loss=0.8852 norm_pos=0.8601 norm_neg=nan gap=nan grad_norm=7.0729 throughput=8.28 samples/s time=7.73s
rank=0 batch=43/57 microbatch=32 effective_global_batch=128 loss=0.8639 norm_pos=0.8383 norm_neg=nan gap=nan throughput=8.70 samples/s time=7.36s
rank=0 batch=44/57 microbatch=32 effective_global_batch=128 loss=0.8867 norm_pos=0.8611 norm_neg=nan gap=nan grad_norm=5.9990 throughput=8.42 samples/s time=7.60s
rank=0 batch=45/57 microbatch=32 effective_global_batch=128 loss=0.8712 norm_pos=0.8458 norm_neg=nan gap=nan throughput=8.64 samples/s time=7.41s
rank=0 batch=46/57 microbatch=32 effective_global_batch=128 loss=0.8900 norm_pos=0.8639 norm_neg=nan gap=nan grad_norm=4.4396 throughput=8.32 samples/s time=7.69s
rank=0 batch=47/57 microbatch=32 effective_global_batch=128 loss=0.9529 norm_pos=0.9272 norm_neg=nan gap=nan throughput=8.69 samples/s time=7.36s
rank=0 batch=48/57 microbatch=32 effective_global_batch=128 loss=0.8895 norm_pos=0.8639 norm_neg=nan gap=nan grad_norm=6.0878 throughput=8.53 samples/s time=7.50s
rank=0 batch=49/57 microbatch=32 effective_global_batch=128 loss=0.8789 norm_pos=0.8534 norm_neg=nan gap=nan throughput=8.61 samples/s time=7.43s
rank=0 batch=50/57 microbatch=32 effective_global_batch=128 loss=0.8704 norm_pos=0.8447 norm_neg=nan gap=nan grad_norm=4.0071 throughput=8.59 samples/s time=7.45s gpu=0.04/21.14GB rss=6.45GB
rank=0 batch=51/57 microbatch=32 effective_global_batch=128 loss=0.8707 norm_pos=0.8453 norm_neg=nan gap=nan throughput=8.58 samples/s time=7.45s
rank=0 batch=52/57 microbatch=32 effective_global_batch=128 loss=0.8890 norm_pos=0.8631 norm_neg=nan gap=nan grad_norm=6.1261 throughput=8.73 samples/s time=7.33s
rank=0 batch=53/57 microbatch=32 effective_global_batch=128 loss=0.8212 norm_pos=0.7956 norm_neg=nan gap=nan throughput=8.58 samples/s time=7.46s
rank=0 batch=54/57 microbatch=32 effective_global_batch=128 loss=0.8277 norm_pos=0.8022 norm_neg=nan gap=nan grad_norm=4.9726 throughput=8.64 samples/s time=7.41s
rank=0 batch=55/57 microbatch=32 effective_global_batch=128 loss=0.8870 norm_pos=0.8617 norm_neg=nan gap=nan throughput=8.56 samples/s time=7.48s
rank=0 batch=56/57 microbatch=32 effective_global_batch=128 loss=0.8662 norm_pos=0.8409 norm_neg=nan gap=nan grad_norm=5.9993 throughput=8.15 samples/s time=7.85s
rank=0 batch=57/57 microbatch=8 effective_global_batch=32 loss=0.8818 norm_pos=0.8564 norm_neg=nan gap=nan grad_norm=2.5734 throughput=8.30 samples/s time=1.93s
epoch=7 train_loss=0.9070 val_loss=0.8954 elapsed=490.3s
epoch=8/20 world_size=2
wandb: WARNING Tried to log to step 7 that is less than the current step 8. Steps must be monotonically increasing, so this data will be ignored. See https://wandb.me/define-metric to log data out of order.
rank=0 batch=1/57 microbatch=32 effective_global_batch=128 loss=0.8885 norm_pos=0.8632 norm_neg=nan gap=nan throughput=8.22 samples/s time=7.78s gpu=0.05/21.14GB rss=6.39GB
rank=0 batch=2/57 microbatch=32 effective_global_batch=128 loss=0.8409 norm_pos=0.8154 norm_neg=nan gap=nan grad_norm=5.1666 throughput=8.64 samples/s time=7.40s
rank=0 batch=3/57 microbatch=32 effective_global_batch=128 loss=0.9098 norm_pos=0.8843 norm_neg=nan gap=nan throughput=8.45 samples/s time=7.57s
rank=0 batch=4/57 microbatch=32 effective_global_batch=128 loss=0.8488 norm_pos=0.8232 norm_neg=nan gap=nan grad_norm=6.4825 throughput=8.55 samples/s time=7.49s
rank=0 batch=5/57 microbatch=32 effective_global_batch=128 loss=0.8523 norm_pos=0.8265 norm_neg=nan gap=nan throughput=8.52 samples/s time=7.52s
rank=0 batch=6/57 microbatch=32 effective_global_batch=128 loss=0.8616 norm_pos=0.8359 norm_neg=nan gap=nan grad_norm=4.5670 throughput=8.22 samples/s time=7.79s
rank=0 batch=7/57 microbatch=32 effective_global_batch=128 loss=0.9122 norm_pos=0.8866 norm_neg=nan gap=nan throughput=8.56 samples/s time=7.48s
rank=0 batch=8/57 microbatch=32 effective_global_batch=128 loss=0.8960 norm_pos=0.8704 norm_neg=nan gap=nan grad_norm=7.3642 throughput=8.62 samples/s time=7.43s
rank=0 batch=9/57 microbatch=32 effective_global_batch=128 loss=0.9123 norm_pos=0.8872 norm_neg=nan gap=nan throughput=8.41 samples/s time=7.61s
rank=0 batch=10/57 microbatch=32 effective_global_batch=128 loss=0.8632 norm_pos=0.8375 norm_neg=nan gap=nan grad_norm=6.0131 throughput=8.38 samples/s time=7.64s
rank=0 batch=11/57 microbatch=32 effective_global_batch=128 loss=0.8736 norm_pos=0.8484 norm_neg=nan gap=nan throughput=8.49 samples/s time=7.54s
rank=0 batch=12/57 microbatch=32 effective_global_batch=128 loss=0.8024 norm_pos=0.7775 norm_neg=nan gap=nan grad_norm=7.1052 throughput=8.33 samples/s time=7.68s
rank=0 batch=13/57 microbatch=32 effective_global_batch=128 loss=0.8826 norm_pos=0.8574 norm_neg=nan gap=nan throughput=8.72 samples/s time=7.34s
rank=0 batch=14/57 microbatch=32 effective_global_batch=128 loss=0.8245 norm_pos=0.7992 norm_neg=nan gap=nan grad_norm=5.5220 throughput=8.35 samples/s time=7.67s
rank=0 batch=15/57 microbatch=32 effective_global_batch=128 loss=0.8278 norm_pos=0.8026 norm_neg=nan gap=nan throughput=8.15 samples/s time=7.85s
rank=0 batch=16/57 microbatch=32 effective_global_batch=128 loss=0.8273 norm_pos=0.8018 norm_neg=nan gap=nan grad_norm=7.7547 throughput=7.60 samples/s time=8.42s
rank=0 batch=17/57 microbatch=32 effective_global_batch=128 loss=0.9046 norm_pos=0.8793 norm_neg=nan gap=nan throughput=7.79 samples/s time=8.22s
rank=0 batch=18/57 microbatch=32 effective_global_batch=128 loss=0.8544 norm_pos=0.8291 norm_neg=nan gap=nan grad_norm=5.1789 throughput=7.71 samples/s time=8.30s
rank=0 batch=19/57 microbatch=32 effective_global_batch=128 loss=0.9199 norm_pos=0.8947 norm_neg=nan gap=nan throughput=7.32 samples/s time=8.74s
rank=0 batch=20/57 microbatch=32 effective_global_batch=128 loss=0.9014 norm_pos=0.8760 norm_neg=nan gap=nan grad_norm=9.9378 throughput=7.38 samples/s time=8.68s
rank=0 batch=21/57 microbatch=32 effective_global_batch=128 loss=0.8712 norm_pos=0.8457 norm_neg=nan gap=nan throughput=7.75 samples/s time=8.25s
rank=0 batch=22/57 microbatch=32 effective_global_batch=128 loss=0.9055 norm_pos=0.8804 norm_neg=nan gap=nan grad_norm=7.9770 throughput=8.22 samples/s time=7.78s
rank=0 batch=23/57 microbatch=32 effective_global_batch=128 loss=0.8990 norm_pos=0.8738 norm_neg=nan gap=nan throughput=8.09 samples/s time=7.91s
rank=0 batch=24/57 microbatch=32 effective_global_batch=128 loss=0.8606 norm_pos=0.8351 norm_neg=nan gap=nan grad_norm=7.6566 throughput=8.37 samples/s time=7.65s
rank=0 batch=25/57 microbatch=32 effective_global_batch=128 loss=0.8437 norm_pos=0.8187 norm_neg=nan gap=nan throughput=8.42 samples/s time=7.60s gpu=0.05/21.14GB rss=6.38GB
rank=0 batch=26/57 microbatch=32 effective_global_batch=128 loss=0.8465 norm_pos=0.8216 norm_neg=nan gap=nan grad_norm=7.0417 throughput=8.50 samples/s time=7.53s
rank=0 batch=27/57 microbatch=32 effective_global_batch=128 loss=0.8866 norm_pos=0.8614 norm_neg=nan gap=nan throughput=8.39 samples/s time=7.63s
rank=0 batch=28/57 microbatch=32 effective_global_batch=128 loss=0.8790 norm_pos=0.8538 norm_neg=nan gap=nan grad_norm=5.7459 throughput=7.99 samples/s time=8.01s
rank=0 batch=29/57 microbatch=32 effective_global_batch=128 loss=0.8844 norm_pos=0.8592 norm_neg=nan gap=nan throughput=8.60 samples/s time=7.44s
rank=0 batch=30/57 microbatch=32 effective_global_batch=128 loss=0.8459 norm_pos=0.8207 norm_neg=nan gap=nan grad_norm=4.9609 throughput=8.31 samples/s time=7.70s
rank=0 batch=31/57 microbatch=32 effective_global_batch=128 loss=0.8628 norm_pos=0.8375 norm_neg=nan gap=nan throughput=8.53 samples/s time=7.50s
rank=0 batch=32/57 microbatch=32 effective_global_batch=128 loss=0.8420 norm_pos=0.8165 norm_neg=nan gap=nan grad_norm=8.6896 throughput=7.96 samples/s time=8.04s
rank=0 batch=33/57 microbatch=32 effective_global_batch=128 loss=0.8466 norm_pos=0.8215 norm_neg=nan gap=nan throughput=8.42 samples/s time=7.60s
rank=0 batch=34/57 microbatch=32 effective_global_batch=128 loss=0.8882 norm_pos=0.8626 norm_neg=nan gap=nan grad_norm=6.8212 throughput=8.56 samples/s time=7.48s
rank=0 batch=35/57 microbatch=32 effective_global_batch=128 loss=0.8927 norm_pos=0.8675 norm_neg=nan gap=nan throughput=8.47 samples/s time=7.55s
rank=0 batch=36/57 microbatch=32 effective_global_batch=128 loss=0.8387 norm_pos=0.8133 norm_neg=nan gap=nan grad_norm=7.3008 throughput=8.40 samples/s time=7.62s
rank=0 batch=37/57 microbatch=32 effective_global_batch=128 loss=0.8716 norm_pos=0.8464 norm_neg=nan gap=nan throughput=8.09 samples/s time=7.91s
rank=0 batch=38/57 microbatch=32 effective_global_batch=128 loss=0.9267 norm_pos=0.9011 norm_neg=nan gap=nan grad_norm=6.5985 throughput=8.53 samples/s time=7.50s
rank=0 batch=39/57 microbatch=32 effective_global_batch=128 loss=0.8341 norm_pos=0.8088 norm_neg=nan gap=nan throughput=8.53 samples/s time=7.50s
rank=0 batch=40/57 microbatch=32 effective_global_batch=128 loss=0.8321 norm_pos=0.8066 norm_neg=nan gap=nan grad_norm=7.1300 throughput=8.43 samples/s time=7.59s
rank=0 batch=41/57 microbatch=32 effective_global_batch=128 loss=0.8391 norm_pos=0.8137 norm_neg=nan gap=nan throughput=8.53 samples/s time=7.50s
rank=0 batch=42/57 microbatch=32 effective_global_batch=128 loss=0.8719 norm_pos=0.8467 norm_neg=nan gap=nan grad_norm=6.3494 throughput=8.47 samples/s time=7.56s
rank=0 batch=43/57 microbatch=32 effective_global_batch=128 loss=0.8308 norm_pos=0.8050 norm_neg=nan gap=nan throughput=8.49 samples/s time=7.54s
rank=0 batch=44/57 microbatch=32 effective_global_batch=128 loss=0.8495 norm_pos=0.8241 norm_neg=nan gap=nan grad_norm=9.2899 throughput=8.46 samples/s time=7.56s
rank=0 batch=45/57 microbatch=32 effective_global_batch=128 loss=0.8537 norm_pos=0.8286 norm_neg=nan gap=nan throughput=8.74 samples/s time=7.32s
rank=0 batch=46/57 microbatch=32 effective_global_batch=128 loss=0.8663 norm_pos=0.8412 norm_neg=nan gap=nan grad_norm=8.4092 throughput=8.34 samples/s time=7.67s
rank=0 batch=47/57 microbatch=32 effective_global_batch=128 loss=0.8416 norm_pos=0.8161 norm_neg=nan gap=nan throughput=8.46 samples/s time=7.57s
rank=0 batch=48/57 microbatch=32 effective_global_batch=128 loss=0.8735 norm_pos=0.8479 norm_neg=nan gap=nan grad_norm=5.6337 throughput=8.31 samples/s time=7.70s
rank=0 batch=49/57 microbatch=32 effective_global_batch=128 loss=0.8642 norm_pos=0.8389 norm_neg=nan gap=nan throughput=8.44 samples/s time=7.59s
rank=0 batch=50/57 microbatch=32 effective_global_batch=128 loss=0.8355 norm_pos=0.8100 norm_neg=nan gap=nan grad_norm=5.4601 throughput=8.13 samples/s time=7.87s gpu=0.04/21.14GB rss=6.40GB
rank=0 batch=51/57 microbatch=32 effective_global_batch=128 loss=0.8461 norm_pos=0.8208 norm_neg=nan gap=nan throughput=8.43 samples/s time=7.59s
rank=0 batch=52/57 microbatch=32 effective_global_batch=128 loss=0.8251 norm_pos=0.7996 norm_neg=nan gap=nan grad_norm=7.1908 throughput=8.41 samples/s time=7.61s
rank=0 batch=53/57 microbatch=32 effective_global_batch=128 loss=0.8413 norm_pos=0.8162 norm_neg=nan gap=nan throughput=8.58 samples/s time=7.46s
rank=0 batch=54/57 microbatch=32 effective_global_batch=128 loss=0.8556 norm_pos=0.8303 norm_neg=nan gap=nan grad_norm=5.9299 throughput=8.37 samples/s time=7.64s
rank=0 batch=55/57 microbatch=32 effective_global_batch=128 loss=0.8193 norm_pos=0.7937 norm_neg=nan gap=nan throughput=8.53 samples/s time=7.50s
rank=0 batch=56/57 microbatch=32 effective_global_batch=128 loss=0.7898 norm_pos=0.7649 norm_neg=nan gap=nan grad_norm=7.2064 throughput=8.31 samples/s time=7.71s
rank=0 batch=57/57 microbatch=8 effective_global_batch=32 loss=0.8059 norm_pos=0.7802 norm_neg=nan gap=nan grad_norm=3.0249 throughput=8.42 samples/s time=1.90s
epoch=8 train_loss=0.8632 val_loss=0.8568 elapsed=503.0s
epoch=9/20 world_size=2
wandb: WARNING Tried to log to step 8 that is less than the current step 9. Steps must be monotonically increasing, so this data will be ignored. See https://wandb.me/define-metric to log data out of order.
rank=0 batch=1/57 microbatch=32 effective_global_batch=128 loss=0.8304 norm_pos=0.8054 norm_neg=nan gap=nan throughput=8.41 samples/s time=7.61s gpu=0.05/21.14GB rss=6.40GB
rank=0 batch=2/57 microbatch=32 effective_global_batch=128 loss=0.8289 norm_pos=0.8037 norm_neg=nan gap=nan grad_norm=5.2598 throughput=8.13 samples/s time=7.88s
rank=0 batch=3/57 microbatch=32 effective_global_batch=128 loss=0.8249 norm_pos=0.7996 norm_neg=nan gap=nan throughput=8.71 samples/s time=7.35s
rank=0 batch=4/57 microbatch=32 effective_global_batch=128 loss=0.8286 norm_pos=0.8034 norm_neg=nan gap=nan grad_norm=5.0572 throughput=8.41 samples/s time=7.61s
rank=0 batch=5/57 microbatch=32 effective_global_batch=128 loss=0.8243 norm_pos=0.7994 norm_neg=nan gap=nan throughput=8.66 samples/s time=7.39s
rank=0 batch=6/57 microbatch=32 effective_global_batch=128 loss=0.8402 norm_pos=0.8150 norm_neg=nan gap=nan grad_norm=6.1237 throughput=7.83 samples/s time=8.17s
rank=0 batch=7/57 microbatch=32 effective_global_batch=128 loss=0.8385 norm_pos=0.8130 norm_neg=nan gap=nan throughput=8.46 samples/s time=7.56s
rank=0 batch=8/57 microbatch=32 effective_global_batch=128 loss=0.8449 norm_pos=0.8199 norm_neg=nan gap=nan grad_norm=4.5787 throughput=8.40 samples/s time=7.62s
rank=0 batch=9/57 microbatch=32 effective_global_batch=128 loss=0.8912 norm_pos=0.8656 norm_neg=nan gap=nan throughput=8.57 samples/s time=7.47s
rank=0 batch=10/57 microbatch=32 effective_global_batch=128 loss=0.8607 norm_pos=0.8354 norm_neg=nan gap=nan grad_norm=7.3003 throughput=8.29 samples/s time=7.72s
rank=0 batch=11/57 microbatch=32 effective_global_batch=128 loss=0.8108 norm_pos=0.7859 norm_neg=nan gap=nan throughput=8.08 samples/s time=7.92s
rank=0 batch=12/57 microbatch=32 effective_global_batch=128 loss=0.8468 norm_pos=0.8215 norm_neg=nan gap=nan grad_norm=7.1883 throughput=8.23 samples/s time=7.78s
rank=0 batch=13/57 microbatch=32 effective_global_batch=128 loss=0.8364 norm_pos=0.8112 norm_neg=nan gap=nan throughput=8.65 samples/s time=7.40s
rank=0 batch=14/57 microbatch=32 effective_global_batch=128 loss=0.8624 norm_pos=0.8374 norm_neg=nan gap=nan grad_norm=3.6812 throughput=8.38 samples/s time=7.64s
rank=0 batch=15/57 microbatch=32 effective_global_batch=128 loss=0.8411 norm_pos=0.8158 norm_neg=nan gap=nan throughput=8.42 samples/s time=7.60s
rank=0 batch=16/57 microbatch=32 effective_global_batch=128 loss=0.8051 norm_pos=0.7800 norm_neg=nan gap=nan grad_norm=5.0643 throughput=8.00 samples/s time=8.00s
rank=0 batch=17/57 microbatch=32 effective_global_batch=128 loss=0.8056 norm_pos=0.7804 norm_neg=nan gap=nan throughput=8.59 samples/s time=7.45s
rank=0 batch=18/57 microbatch=32 effective_global_batch=128 loss=0.8181 norm_pos=0.7929 norm_neg=nan gap=nan grad_norm=4.9294 throughput=8.33 samples/s time=7.68s
rank=0 batch=19/57 microbatch=32 effective_global_batch=128 loss=0.8033 norm_pos=0.7784 norm_neg=nan gap=nan throughput=8.51 samples/s time=7.52s
rank=0 batch=20/57 microbatch=32 effective_global_batch=128 loss=0.8797 norm_pos=0.8543 norm_neg=nan gap=nan grad_norm=3.5246 throughput=8.04 samples/s time=7.96s
rank=0 batch=21/57 microbatch=32 effective_global_batch=128 loss=0.8744 norm_pos=0.8491 norm_neg=nan gap=nan throughput=8.52 samples/s time=7.51s
rank=0 batch=22/57 microbatch=32 effective_global_batch=128 loss=0.7998 norm_pos=0.7747 norm_neg=nan gap=nan grad_norm=5.1826 throughput=8.32 samples/s time=7.69s
rank=0 batch=23/57 microbatch=32 effective_global_batch=128 loss=0.8469 norm_pos=0.8217 norm_neg=nan gap=nan throughput=8.43 samples/s time=7.60s
rank=0 batch=24/57 microbatch=32 effective_global_batch=128 loss=0.8021 norm_pos=0.7764 norm_neg=nan gap=nan grad_norm=3.8093 throughput=8.18 samples/s time=7.83s
rank=0 batch=25/57 microbatch=32 effective_global_batch=128 loss=0.7915 norm_pos=0.7664 norm_neg=nan gap=nan throughput=8.13 samples/s time=7.87s gpu=0.05/21.14GB rss=6.42GB
rank=0 batch=26/57 microbatch=32 effective_global_batch=128 loss=0.8593 norm_pos=0.8337 norm_neg=nan gap=nan grad_norm=3.0924 throughput=8.25 samples/s time=7.75s
rank=0 batch=27/57 microbatch=32 effective_global_batch=128 loss=0.8444 norm_pos=0.8192 norm_neg=nan gap=nan throughput=8.43 samples/s time=7.59s
rank=0 batch=28/57 microbatch=32 effective_global_batch=128 loss=0.8317 norm_pos=0.8064 norm_neg=nan gap=nan grad_norm=7.4635 throughput=8.44 samples/s time=7.58s
rank=0 batch=29/57 microbatch=32 effective_global_batch=128 loss=0.7964 norm_pos=0.7709 norm_neg=nan gap=nan throughput=8.34 samples/s time=7.67s
rank=0 batch=30/57 microbatch=32 effective_global_batch=128 loss=0.8029 norm_pos=0.7778 norm_neg=nan gap=nan grad_norm=4.3259 throughput=7.98 samples/s time=8.02s
rank=0 batch=31/57 microbatch=32 effective_global_batch=128 loss=0.8094 norm_pos=0.7839 norm_neg=nan gap=nan throughput=8.69 samples/s time=7.37s
rank=0 batch=32/57 microbatch=32 effective_global_batch=128 loss=0.8498 norm_pos=0.8247 norm_neg=nan gap=nan grad_norm=9.0755 throughput=8.35 samples/s time=7.66s
rank=0 batch=33/57 microbatch=32 effective_global_batch=128 loss=0.8731 norm_pos=0.8478 norm_neg=nan gap=nan throughput=8.67 samples/s time=7.38s
rank=0 batch=34/57 microbatch=32 effective_global_batch=128 loss=0.8126 norm_pos=0.7875 norm_neg=nan gap=nan grad_norm=9.1281 throughput=7.99 samples/s time=8.01s
rank=0 batch=35/57 microbatch=32 effective_global_batch=128 loss=0.8346 norm_pos=0.8092 norm_neg=nan gap=nan throughput=8.53 samples/s time=7.50s
rank=0 batch=36/57 microbatch=32 effective_global_batch=128 loss=0.8145 norm_pos=0.7895 norm_neg=nan gap=nan grad_norm=4.0525 throughput=8.60 samples/s time=7.45s
rank=0 batch=37/57 microbatch=32 effective_global_batch=128 loss=0.8560 norm_pos=0.8308 norm_neg=nan gap=nan throughput=8.56 samples/s time=7.48s
rank=0 batch=38/57 microbatch=32 effective_global_batch=128 loss=0.7992 norm_pos=0.7743 norm_neg=nan gap=nan grad_norm=6.2799 throughput=8.36 samples/s time=7.65s
rank=0 batch=39/57 microbatch=32 effective_global_batch=128 loss=0.8344 norm_pos=0.8094 norm_neg=nan gap=nan throughput=8.15 samples/s time=7.85s
rank=0 batch=40/57 microbatch=32 effective_global_batch=128 loss=0.8168 norm_pos=0.7920 norm_neg=nan gap=nan grad_norm=5.8050 throughput=8.36 samples/s time=7.66s
rank=0 batch=41/57 microbatch=32 effective_global_batch=128 loss=0.8320 norm_pos=0.8068 norm_neg=nan gap=nan throughput=8.79 samples/s time=7.28s
rank=0 batch=42/57 microbatch=32 effective_global_batch=128 loss=0.8536 norm_pos=0.8284 norm_neg=nan gap=nan grad_norm=5.8615 throughput=8.25 samples/s time=7.76s
rank=0 batch=43/57 microbatch=32 effective_global_batch=128 loss=0.8103 norm_pos=0.7853 norm_neg=nan gap=nan throughput=8.64 samples/s time=7.41s
rank=0 batch=44/57 microbatch=32 effective_global_batch=128 loss=0.8323 norm_pos=0.8068 norm_neg=nan gap=nan grad_norm=4.9393 throughput=7.91 samples/s time=8.09s
rank=0 batch=45/57 microbatch=32 effective_global_batch=128 loss=0.8235 norm_pos=0.7986 norm_neg=nan gap=nan throughput=8.46 samples/s time=7.57s
rank=0 batch=46/57 microbatch=32 effective_global_batch=128 loss=0.8242 norm_pos=0.7992 norm_neg=nan gap=nan grad_norm=5.5806 throughput=8.40 samples/s time=7.62s
rank=0 batch=47/57 microbatch=32 effective_global_batch=128 loss=0.7998 norm_pos=0.7748 norm_neg=nan gap=nan throughput=8.53 samples/s time=7.50s
rank=0 batch=48/57 microbatch=32 effective_global_batch=128 loss=0.8212 norm_pos=0.7962 norm_neg=nan gap=nan grad_norm=2.4529 throughput=8.11 samples/s time=7.89s
rank=0 batch=49/57 microbatch=32 effective_global_batch=128 loss=0.8209 norm_pos=0.7954 norm_neg=nan gap=nan throughput=8.36 samples/s time=7.66s
rank=0 batch=50/57 microbatch=32 effective_global_batch=128 loss=0.8188 norm_pos=0.7938 norm_neg=nan gap=nan grad_norm=4.7751 throughput=8.36 samples/s time=7.65s gpu=0.04/21.14GB rss=6.45GB
rank=0 batch=51/57 microbatch=32 effective_global_batch=128 loss=0.8377 norm_pos=0.8127 norm_neg=nan gap=nan throughput=8.44 samples/s time=7.58s
rank=0 batch=52/57 microbatch=32 effective_global_batch=128 loss=0.8077 norm_pos=0.7825 norm_neg=nan gap=nan grad_norm=3.8509 throughput=8.55 samples/s time=7.49s
rank=0 batch=53/57 microbatch=32 effective_global_batch=128 loss=0.8212 norm_pos=0.7959 norm_neg=nan gap=nan throughput=7.97 samples/s time=8.03s
rank=0 batch=54/57 microbatch=32 effective_global_batch=128 loss=0.8184 norm_pos=0.7932 norm_neg=nan gap=nan grad_norm=4.1891 throughput=8.44 samples/s time=7.59s
rank=0 batch=55/57 microbatch=32 effective_global_batch=128 loss=0.7882 norm_pos=0.7628 norm_neg=nan gap=nan throughput=8.54 samples/s time=7.49s
rank=0 batch=56/57 microbatch=32 effective_global_batch=128 loss=0.8068 norm_pos=0.7820 norm_neg=nan gap=nan grad_norm=4.7906 throughput=8.30 samples/s time=7.71s
rank=0 batch=57/57 microbatch=8 effective_global_batch=32 loss=0.7962 norm_pos=0.7709 norm_neg=nan gap=nan grad_norm=2.6597 throughput=8.26 samples/s time=1.94s
epoch=9 train_loss=0.8288 val_loss=0.8263 elapsed=499.0s
epoch=10/20 world_size=2
wandb: WARNING Tried to log to step 9 that is less than the current step 10. Steps must be monotonically increasing, so this data will be ignored. See https://wandb.me/define-metric to log data out of order.
rank=0 batch=1/57 microbatch=32 effective_global_batch=128 loss=0.8110 norm_pos=0.7861 norm_neg=nan gap=nan throughput=8.60 samples/s time=7.44s gpu=0.05/21.14GB rss=6.39GB
rank=0 batch=2/57 microbatch=32 effective_global_batch=128 loss=0.7942 norm_pos=0.7691 norm_neg=nan gap=nan grad_norm=4.5580 throughput=8.22 samples/s time=7.78s
rank=0 batch=3/57 microbatch=32 effective_global_batch=128 loss=0.8113 norm_pos=0.7864 norm_neg=nan gap=nan throughput=8.53 samples/s time=7.50s
rank=0 batch=4/57 microbatch=32 effective_global_batch=128 loss=0.8011 norm_pos=0.7761 norm_neg=nan gap=nan grad_norm=4.6050 throughput=8.58 samples/s time=7.46s
rank=0 batch=5/57 microbatch=32 effective_global_batch=128 loss=0.7659 norm_pos=0.7413 norm_neg=nan gap=nan throughput=8.43 samples/s time=7.60s
rank=0 batch=6/57 microbatch=32 effective_global_batch=128 loss=0.7838 norm_pos=0.7586 norm_neg=nan gap=nan grad_norm=3.6505 throughput=8.33 samples/s time=7.68s
rank=0 batch=7/57 microbatch=32 effective_global_batch=128 loss=0.7898 norm_pos=0.7647 norm_neg=nan gap=nan throughput=8.29 samples/s time=7.72s
rank=0 batch=8/57 microbatch=32 effective_global_batch=128 loss=0.8151 norm_pos=0.7900 norm_neg=nan gap=nan grad_norm=3.8960 throughput=8.43 samples/s time=7.60s
rank=0 batch=9/57 microbatch=32 effective_global_batch=128 loss=0.8259 norm_pos=0.8010 norm_neg=nan gap=nan throughput=8.59 samples/s time=7.45s
rank=0 batch=10/57 microbatch=32 effective_global_batch=128 loss=0.8433 norm_pos=0.8182 norm_neg=nan gap=nan grad_norm=5.9754 throughput=8.59 samples/s time=7.45s
rank=0 batch=11/57 microbatch=32 effective_global_batch=128 loss=0.7666 norm_pos=0.7417 norm_neg=nan gap=nan throughput=7.59 samples/s time=8.44s
rank=0 batch=12/57 microbatch=32 effective_global_batch=128 loss=0.8125 norm_pos=0.7874 norm_neg=nan gap=nan grad_norm=3.7397 throughput=8.13 samples/s time=7.88s
rank=0 batch=13/57 microbatch=32 effective_global_batch=128 loss=0.8095 norm_pos=0.7842 norm_neg=nan gap=nan throughput=8.47 samples/s time=7.56s
rank=0 batch=14/57 microbatch=32 effective_global_batch=128 loss=0.8283 norm_pos=0.8032 norm_neg=nan gap=nan grad_norm=6.6287 throughput=8.38 samples/s time=7.63s
rank=0 batch=15/57 microbatch=32 effective_global_batch=128 loss=0.8191 norm_pos=0.7938 norm_neg=nan gap=nan throughput=8.73 samples/s time=7.33s
rank=0 batch=16/57 microbatch=32 effective_global_batch=128 loss=0.8077 norm_pos=0.7828 norm_neg=nan gap=nan grad_norm=6.1477 throughput=7.85 samples/s time=8.15s
rank=0 batch=17/57 microbatch=32 effective_global_batch=128 loss=0.8066 norm_pos=0.7816 norm_neg=nan gap=nan throughput=8.34 samples/s time=7.67s
rank=0 batch=18/57 microbatch=32 effective_global_batch=128 loss=0.8252 norm_pos=0.8001 norm_neg=nan gap=nan grad_norm=5.1170 throughput=8.38 samples/s time=7.64s
rank=0 batch=19/57 microbatch=32 effective_global_batch=128 loss=0.7966 norm_pos=0.7717 norm_neg=nan gap=nan throughput=8.45 samples/s time=7.57s
rank=0 batch=20/57 microbatch=32 effective_global_batch=128 loss=0.7722 norm_pos=0.7471 norm_neg=nan gap=nan grad_norm=4.8142 throughput=8.34 samples/s time=7.68s
rank=0 batch=21/57 microbatch=32 effective_global_batch=128 loss=0.8417 norm_pos=0.8169 norm_neg=nan gap=nan throughput=8.07 samples/s time=7.93s
rank=0 batch=22/57 microbatch=32 effective_global_batch=128 loss=0.7825 norm_pos=0.7575 norm_neg=nan gap=nan grad_norm=7.2007 throughput=8.29 samples/s time=7.72s
rank=0 batch=23/57 microbatch=32 effective_global_batch=128 loss=0.7744 norm_pos=0.7494 norm_neg=nan gap=nan throughput=8.63 samples/s time=7.41s
rank=0 batch=24/57 microbatch=32 effective_global_batch=128 loss=0.7997 norm_pos=0.7747 norm_neg=nan gap=nan grad_norm=5.1048 throughput=8.28 samples/s time=7.73s
rank=0 batch=25/57 microbatch=32 effective_global_batch=128 loss=0.8144 norm_pos=0.7896 norm_neg=nan gap=nan throughput=8.44 samples/s time=7.59s gpu=0.05/21.14GB rss=6.42GB
rank=0 batch=26/57 microbatch=32 effective_global_batch=128 loss=0.8322 norm_pos=0.8074 norm_neg=nan gap=nan grad_norm=8.0672 throughput=7.87 samples/s time=8.13s
rank=0 batch=27/57 microbatch=32 effective_global_batch=128 loss=0.7899 norm_pos=0.7650 norm_neg=nan gap=nan throughput=8.55 samples/s time=7.49s
rank=0 batch=28/57 microbatch=32 effective_global_batch=128 loss=0.7346 norm_pos=0.7099 norm_neg=nan gap=nan grad_norm=7.1000 throughput=8.29 samples/s time=7.72s
rank=0 batch=29/57 microbatch=32 effective_global_batch=128 loss=0.8611 norm_pos=0.8360 norm_neg=nan gap=nan throughput=8.45 samples/s time=7.58s
rank=0 batch=30/57 microbatch=32 effective_global_batch=128 loss=0.8135 norm_pos=0.7886 norm_neg=nan gap=nan grad_norm=4.2841 throughput=8.10 samples/s time=7.91s
rank=0 batch=31/57 microbatch=32 effective_global_batch=128 loss=0.7955 norm_pos=0.7708 norm_neg=nan gap=nan throughput=8.45 samples/s time=7.57s
rank=0 batch=32/57 microbatch=32 effective_global_batch=128 loss=0.7758 norm_pos=0.7507 norm_neg=nan gap=nan grad_norm=4.6850 throughput=8.22 samples/s time=7.79s
rank=0 batch=33/57 microbatch=32 effective_global_batch=128 loss=0.8719 norm_pos=0.8471 norm_neg=nan gap=nan throughput=8.36 samples/s time=7.65s
rank=0 batch=34/57 microbatch=32 effective_global_batch=128 loss=0.7785 norm_pos=0.7535 norm_neg=nan gap=nan grad_norm=5.6214 throughput=8.33 samples/s time=7.68s
rank=0 batch=35/57 microbatch=32 effective_global_batch=128 loss=0.7925 norm_pos=0.7676 norm_neg=nan gap=nan throughput=7.97 samples/s time=8.03s
rank=0 batch=36/57 microbatch=32 effective_global_batch=128 loss=0.8180 norm_pos=0.7933 norm_neg=nan gap=nan grad_norm=3.6849 throughput=8.40 samples/s time=7.62s
rank=0 batch=37/57 microbatch=32 effective_global_batch=128 loss=0.7955 norm_pos=0.7704 norm_neg=nan gap=nan throughput=8.61 samples/s time=7.43s
rank=0 batch=38/57 microbatch=32 effective_global_batch=128 loss=0.7691 norm_pos=0.7443 norm_neg=nan gap=nan grad_norm=9.0261 throughput=8.37 samples/s time=7.65s
rank=0 batch=39/57 microbatch=32 effective_global_batch=128 loss=0.7911 norm_pos=0.7665 norm_neg=nan gap=nan throughput=8.51 samples/s time=7.52s
rank=0 batch=40/57 microbatch=32 effective_global_batch=128 loss=0.7900 norm_pos=0.7653 norm_neg=nan gap=nan grad_norm=7.0612 throughput=7.90 samples/s time=8.10s
rank=0 batch=41/57 microbatch=32 effective_global_batch=128 loss=0.8072 norm_pos=0.7825 norm_neg=nan gap=nan throughput=8.39 samples/s time=7.62s
rank=0 batch=42/57 microbatch=32 effective_global_batch=128 loss=0.7629 norm_pos=0.7381 norm_neg=nan gap=nan grad_norm=5.2752 throughput=8.43 samples/s time=7.59s
rank=0 batch=43/57 microbatch=32 effective_global_batch=128 loss=0.8318 norm_pos=0.8066 norm_neg=nan gap=nan throughput=8.37 samples/s time=7.65s
rank=0 batch=44/57 microbatch=32 effective_global_batch=128 loss=0.8130 norm_pos=0.7882 norm_neg=nan gap=nan grad_norm=5.7207 throughput=8.08 samples/s time=7.92s
rank=0 batch=45/57 microbatch=32 effective_global_batch=128 loss=0.7585 norm_pos=0.7333 norm_neg=nan gap=nan throughput=8.46 samples/s time=7.56s
rank=0 batch=46/57 microbatch=32 effective_global_batch=128 loss=0.7787 norm_pos=0.7538 norm_neg=nan gap=nan grad_norm=4.2692 throughput=8.31 samples/s time=7.70s
rank=0 batch=47/57 microbatch=32 effective_global_batch=128 loss=0.7479 norm_pos=0.7230 norm_neg=nan gap=nan throughput=8.53 samples/s time=7.50s
rank=0 batch=48/57 microbatch=32 effective_global_batch=128 loss=0.7924 norm_pos=0.7678 norm_neg=nan gap=nan grad_norm=5.1145 throughput=8.46 samples/s time=7.56s
rank=0 batch=49/57 microbatch=32 effective_global_batch=128 loss=0.7738 norm_pos=0.7491 norm_neg=nan gap=nan throughput=8.05 samples/s time=7.95s
rank=0 batch=50/57 microbatch=32 effective_global_batch=128 loss=0.7665 norm_pos=0.7418 norm_neg=nan gap=nan grad_norm=4.7288 throughput=8.65 samples/s time=7.40s gpu=0.04/21.14GB rss=6.44GB
rank=0 batch=51/57 microbatch=32 effective_global_batch=128 loss=0.7831 norm_pos=0.7583 norm_neg=nan gap=nan throughput=8.50 samples/s time=7.53s
rank=0 batch=52/57 microbatch=32 effective_global_batch=128 loss=0.7697 norm_pos=0.7448 norm_neg=nan gap=nan grad_norm=3.8007 throughput=8.40 samples/s time=7.62s
rank=0 batch=53/57 microbatch=32 effective_global_batch=128 loss=0.7845 norm_pos=0.7592 norm_neg=nan gap=nan throughput=8.67 samples/s time=7.38s
rank=0 batch=54/57 microbatch=32 effective_global_batch=128 loss=0.7620 norm_pos=0.7371 norm_neg=nan gap=nan grad_norm=3.7436 throughput=7.86 samples/s time=8.14s
rank=0 batch=55/57 microbatch=32 effective_global_batch=128 loss=0.7667 norm_pos=0.7419 norm_neg=nan gap=nan throughput=8.52 samples/s time=7.51s
rank=0 batch=56/57 microbatch=32 effective_global_batch=128 loss=0.8576 norm_pos=0.8329 norm_neg=nan gap=nan grad_norm=2.7484 throughput=8.32 samples/s time=7.69s
rank=0 batch=57/57 microbatch=8 effective_global_batch=32 loss=0.7512 norm_pos=0.7259 norm_neg=nan gap=nan grad_norm=2.0956 throughput=8.37 samples/s time=1.91s
epoch=10 train_loss=0.7970 val_loss=0.7968 elapsed=501.1s
epoch=11/20 world_size=2
wandb: WARNING Tried to log to step 10 that is less than the current step 11. Steps must be monotonically increasing, so this data will be ignored. See https://wandb.me/define-metric to log data out of order.
rank=0 batch=1/57 microbatch=32 effective_global_batch=128 loss=0.7739 norm_pos=0.7488 norm_neg=nan gap=nan throughput=8.46 samples/s time=7.56s gpu=0.05/21.14GB rss=6.39GB
rank=0 batch=2/57 microbatch=32 effective_global_batch=128 loss=0.8194 norm_pos=0.7945 norm_neg=nan gap=nan grad_norm=3.6395 throughput=8.28 samples/s time=7.73s
rank=0 batch=3/57 microbatch=32 effective_global_batch=128 loss=0.7794 norm_pos=0.7546 norm_neg=nan gap=nan throughput=8.42 samples/s time=7.60s
rank=0 batch=4/57 microbatch=32 effective_global_batch=128 loss=0.7526 norm_pos=0.7278 norm_neg=nan gap=nan grad_norm=2.4724 throughput=8.34 samples/s time=7.67s
rank=0 batch=5/57 microbatch=32 effective_global_batch=128 loss=0.7978 norm_pos=0.7732 norm_neg=nan gap=nan throughput=8.58 samples/s time=7.46s
rank=0 batch=6/57 microbatch=32 effective_global_batch=128 loss=0.7464 norm_pos=0.7214 norm_neg=nan gap=nan grad_norm=3.7228 throughput=8.27 samples/s time=7.74s
rank=0 batch=7/57 microbatch=32 effective_global_batch=128 loss=0.8295 norm_pos=0.8048 norm_neg=nan gap=nan throughput=8.00 samples/s time=8.00s
rank=0 batch=8/57 microbatch=32 effective_global_batch=128 loss=0.7628 norm_pos=0.7381 norm_neg=nan gap=nan grad_norm=3.6840 throughput=8.38 samples/s time=7.63s
rank=0 batch=9/57 microbatch=32 effective_global_batch=128 loss=0.7831 norm_pos=0.7583 norm_neg=nan gap=nan throughput=8.51 samples/s time=7.52s
rank=0 batch=10/57 microbatch=32 effective_global_batch=128 loss=0.7908 norm_pos=0.7656 norm_neg=nan gap=nan grad_norm=2.1434 throughput=8.30 samples/s time=7.71s
rank=0 batch=11/57 microbatch=32 effective_global_batch=128 loss=0.7819 norm_pos=0.7571 norm_neg=nan gap=nan throughput=8.52 samples/s time=7.51s
rank=0 batch=12/57 microbatch=32 effective_global_batch=128 loss=0.7978 norm_pos=0.7728 norm_neg=nan gap=nan grad_norm=3.7731 throughput=8.00 samples/s time=8.00s
rank=0 batch=13/57 microbatch=32 effective_global_batch=128 loss=0.8092 norm_pos=0.7841 norm_neg=nan gap=nan throughput=8.51 samples/s time=7.52s
rank=0 batch=14/57 microbatch=32 effective_global_batch=128 loss=0.7742 norm_pos=0.7495 norm_neg=nan gap=nan grad_norm=2.6500 throughput=8.47 samples/s time=7.56s
rank=0 batch=15/57 microbatch=32 effective_global_batch=128 loss=0.7839 norm_pos=0.7595 norm_neg=nan gap=nan throughput=8.59 samples/s time=7.45s
rank=0 batch=16/57 microbatch=32 effective_global_batch=128 loss=0.8135 norm_pos=0.7882 norm_neg=nan gap=nan grad_norm=4.8741 throughput=8.46 samples/s time=7.57s
rank=0 batch=17/57 microbatch=32 effective_global_batch=128 loss=0.7970 norm_pos=0.7720 norm_neg=nan gap=nan throughput=8.16 samples/s time=7.84s
rank=0 batch=18/57 microbatch=32 effective_global_batch=128 loss=0.7811 norm_pos=0.7562 norm_neg=nan gap=nan grad_norm=4.1264 throughput=8.35 samples/s time=7.67s
rank=0 batch=19/57 microbatch=32 effective_global_batch=128 loss=0.7880 norm_pos=0.7633 norm_neg=nan gap=nan throughput=8.69 samples/s time=7.36s
rank=0 batch=20/57 microbatch=32 effective_global_batch=128 loss=0.7901 norm_pos=0.7648 norm_neg=nan gap=nan grad_norm=2.2402 throughput=8.37 samples/s time=7.65s
rank=0 batch=21/57 microbatch=32 effective_global_batch=128 loss=0.7819 norm_pos=0.7573 norm_neg=nan gap=nan throughput=8.08 samples/s time=7.92s
rank=0 batch=22/57 microbatch=32 effective_global_batch=128 loss=0.7765 norm_pos=0.7519 norm_neg=nan gap=nan grad_norm=3.5394 throughput=8.31 samples/s time=7.70s
rank=0 batch=23/57 microbatch=32 effective_global_batch=128 loss=0.7823 norm_pos=0.7576 norm_neg=nan gap=nan throughput=8.36 samples/s time=7.66s
rank=0 batch=24/57 microbatch=32 effective_global_batch=128 loss=0.7506 norm_pos=0.7259 norm_neg=nan gap=nan grad_norm=2.8641 throughput=8.39 samples/s time=7.63s
rank=0 batch=25/57 microbatch=32 effective_global_batch=128 loss=0.7786 norm_pos=0.7539 norm_neg=nan gap=nan throughput=8.43 samples/s time=7.59s gpu=0.05/21.14GB rss=6.41GB
rank=0 batch=26/57 microbatch=32 effective_global_batch=128 loss=0.8296 norm_pos=0.8049 norm_neg=nan gap=nan grad_norm=3.0591 throughput=7.98 samples/s time=8.02s
rank=0 batch=27/57 microbatch=32 effective_global_batch=128 loss=0.7909 norm_pos=0.7665 norm_neg=nan gap=nan throughput=8.41 samples/s time=7.61s
rank=0 batch=28/57 microbatch=32 effective_global_batch=128 loss=0.8241 norm_pos=0.7993 norm_neg=nan gap=nan grad_norm=3.6555 throughput=8.42 samples/s time=7.60s
rank=0 batch=29/57 microbatch=32 effective_global_batch=128 loss=0.7748 norm_pos=0.7493 norm_neg=nan gap=nan throughput=8.49 samples/s time=7.54s
rank=0 batch=30/57 microbatch=32 effective_global_batch=128 loss=0.7892 norm_pos=0.7643 norm_neg=nan gap=nan grad_norm=2.2492 throughput=8.40 samples/s time=7.62s
rank=0 batch=31/57 microbatch=32 effective_global_batch=128 loss=0.7537 norm_pos=0.7291 norm_neg=nan gap=nan throughput=8.07 samples/s time=7.94s
rank=0 batch=32/57 microbatch=32 effective_global_batch=128 loss=0.7071 norm_pos=0.6825 norm_neg=nan gap=nan grad_norm=5.8138 throughput=8.33 samples/s time=7.68s
rank=0 batch=33/57 microbatch=32 effective_global_batch=128 loss=0.7650 norm_pos=0.7400 norm_neg=nan gap=nan throughput=8.40 samples/s time=7.61s
rank=0 batch=34/57 microbatch=32 effective_global_batch=128 loss=0.7628 norm_pos=0.7377 norm_neg=nan gap=nan grad_norm=3.4397 throughput=8.46 samples/s time=7.57s
rank=0 batch=35/57 microbatch=32 effective_global_batch=128 loss=0.7724 norm_pos=0.7478 norm_neg=nan gap=nan throughput=8.04 samples/s time=7.96s
rank=0 batch=36/57 microbatch=32 effective_global_batch=128 loss=0.7530 norm_pos=0.7283 norm_neg=nan gap=nan grad_norm=6.1043 throughput=8.31 samples/s time=7.70s
rank=0 batch=37/57 microbatch=32 effective_global_batch=128 loss=0.7645 norm_pos=0.7397 norm_neg=nan gap=nan throughput=8.52 samples/s time=7.52s
rank=0 batch=38/57 microbatch=32 effective_global_batch=128 loss=0.7951 norm_pos=0.7707 norm_neg=nan gap=nan grad_norm=5.4390 throughput=8.27 samples/s time=7.74s
rank=0 batch=39/57 microbatch=32 effective_global_batch=128 loss=0.7235 norm_pos=0.6988 norm_neg=nan gap=nan throughput=8.51 samples/s time=7.52s
rank=0 batch=40/57 microbatch=32 effective_global_batch=128 loss=0.7434 norm_pos=0.7190 norm_neg=nan gap=nan grad_norm=3.7357 throughput=8.09 samples/s time=7.92s
rank=0 batch=41/57 microbatch=32 effective_global_batch=128 loss=0.7700 norm_pos=0.7451 norm_neg=nan gap=nan throughput=8.49 samples/s time=7.54s
rank=0 batch=42/57 microbatch=32 effective_global_batch=128 loss=0.7763 norm_pos=0.7518 norm_neg=nan gap=nan grad_norm=5.0965 throughput=8.48 samples/s time=7.55s
rank=0 batch=43/57 microbatch=32 effective_global_batch=128 loss=0.7284 norm_pos=0.7038 norm_neg=nan gap=nan throughput=8.59 samples/s time=7.45s
rank=0 batch=44/57 microbatch=32 effective_global_batch=128 loss=0.7306 norm_pos=0.7061 norm_neg=nan gap=nan grad_norm=3.7302 throughput=8.09 samples/s time=7.91s
rank=0 batch=45/57 microbatch=32 effective_global_batch=128 loss=0.7689 norm_pos=0.7443 norm_neg=nan gap=nan throughput=8.30 samples/s time=7.71s
rank=0 batch=46/57 microbatch=32 effective_global_batch=128 loss=0.7934 norm_pos=0.7684 norm_neg=nan gap=nan grad_norm=5.3274 throughput=8.12 samples/s time=7.88s
rank=0 batch=47/57 microbatch=32 effective_global_batch=128 loss=0.6884 norm_pos=0.6641 norm_neg=nan gap=nan throughput=8.50 samples/s time=7.53s
rank=0 batch=48/57 microbatch=32 effective_global_batch=128 loss=0.7649 norm_pos=0.7402 norm_neg=nan gap=nan grad_norm=3.2009 throughput=8.59 samples/s time=7.45s
rank=0 batch=49/57 microbatch=32 effective_global_batch=128 loss=0.7499 norm_pos=0.7253 norm_neg=nan gap=nan throughput=8.04 samples/s time=7.96s
rank=0 batch=50/57 microbatch=32 effective_global_batch=128 loss=0.7554 norm_pos=0.7307 norm_neg=nan gap=nan grad_norm=3.6982 throughput=8.08 samples/s time=7.93s gpu=0.04/21.14GB rss=6.43GB
rank=0 batch=51/57 microbatch=32 effective_global_batch=128 loss=0.8014 norm_pos=0.7769 norm_neg=nan gap=nan throughput=8.61 samples/s time=7.44s
rank=0 batch=52/57 microbatch=32 effective_global_batch=128 loss=0.7489 norm_pos=0.7243 norm_neg=nan gap=nan grad_norm=3.1920 throughput=8.36 samples/s time=7.65s
rank=0 batch=53/57 microbatch=32 effective_global_batch=128 loss=0.7593 norm_pos=0.7349 norm_neg=nan gap=nan throughput=8.65 samples/s time=7.40s
rank=0 batch=54/57 microbatch=32 effective_global_batch=128 loss=0.7952 norm_pos=0.7708 norm_neg=nan gap=nan grad_norm=3.3909 throughput=8.17 samples/s time=7.83s
rank=0 batch=55/57 microbatch=32 effective_global_batch=128 loss=0.7080 norm_pos=0.6839 norm_neg=nan gap=nan throughput=8.68 samples/s time=7.37s
rank=0 batch=56/57 microbatch=32 effective_global_batch=128 loss=0.7347 norm_pos=0.7102 norm_neg=nan gap=nan grad_norm=3.0004 throughput=8.69 samples/s time=7.37s
rank=0 batch=57/57 microbatch=8 effective_global_batch=32 loss=0.8194 norm_pos=0.7950 norm_neg=nan gap=nan grad_norm=1.7351 throughput=7.92 samples/s time=2.02s
epoch=11 train_loss=0.7680 val_loss=0.7730 elapsed=499.7s
epoch=12/20 world_size=2
wandb: WARNING Tried to log to step 11 that is less than the current step 12. Steps must be monotonically increasing, so this data will be ignored. See https://wandb.me/define-metric to log data out of order.
rank=0 batch=1/57 microbatch=32 effective_global_batch=128 loss=0.7138 norm_pos=0.6891 norm_neg=nan gap=nan throughput=8.64 samples/s time=7.41s gpu=0.05/21.14GB rss=6.43GB
rank=0 batch=2/57 microbatch=32 effective_global_batch=128 loss=0.7398 norm_pos=0.7154 norm_neg=nan gap=nan grad_norm=6.5746 throughput=8.51 samples/s time=7.52s
rank=0 batch=3/57 microbatch=32 effective_global_batch=128 loss=0.7210 norm_pos=0.6964 norm_neg=nan gap=nan throughput=8.20 samples/s time=7.81s
rank=0 batch=4/57 microbatch=32 effective_global_batch=128 loss=0.7642 norm_pos=0.7396 norm_neg=nan gap=nan grad_norm=4.5579 throughput=8.35 samples/s time=7.66s
rank=0 batch=5/57 microbatch=32 effective_global_batch=128 loss=0.7292 norm_pos=0.7046 norm_neg=nan gap=nan throughput=8.65 samples/s time=7.40s
rank=0 batch=6/57 microbatch=32 effective_global_batch=128 loss=0.7745 norm_pos=0.7500 norm_neg=nan gap=nan grad_norm=5.4094 throughput=8.35 samples/s time=7.66s
rank=0 batch=7/57 microbatch=32 effective_global_batch=128 loss=0.7170 norm_pos=0.6925 norm_neg=nan gap=nan throughput=8.42 samples/s time=7.60s
rank=0 batch=8/57 microbatch=32 effective_global_batch=128 loss=0.7664 norm_pos=0.7420 norm_neg=nan gap=nan grad_norm=5.3585 throughput=8.16 samples/s time=7.85s
rank=0 batch=9/57 microbatch=32 effective_global_batch=128 loss=0.7235 norm_pos=0.6988 norm_neg=nan gap=nan throughput=8.60 samples/s time=7.44s
rank=0 batch=10/57 microbatch=32 effective_global_batch=128 loss=0.7856 norm_pos=0.7608 norm_neg=nan gap=nan grad_norm=5.4309 throughput=8.45 samples/s time=7.57s
rank=0 batch=11/57 microbatch=32 effective_global_batch=128 loss=0.7471 norm_pos=0.7225 norm_neg=nan gap=nan throughput=8.68 samples/s time=7.37s
rank=0 batch=12/57 microbatch=32 effective_global_batch=128 loss=0.7913 norm_pos=0.7666 norm_neg=nan gap=nan grad_norm=3.7703 throughput=7.86 samples/s time=8.14s
rank=0 batch=13/57 microbatch=32 effective_global_batch=128 loss=0.7544 norm_pos=0.7297 norm_neg=nan gap=nan throughput=8.64 samples/s time=7.40s
rank=0 batch=14/57 microbatch=32 effective_global_batch=128 loss=0.8072 norm_pos=0.7826 norm_neg=nan gap=nan grad_norm=6.0063 throughput=8.44 samples/s time=7.58s
rank=0 batch=15/57 microbatch=32 effective_global_batch=128 loss=0.7396 norm_pos=0.7151 norm_neg=nan gap=nan throughput=8.52 samples/s time=7.51s
rank=0 batch=16/57 microbatch=32 effective_global_batch=128 loss=0.7535 norm_pos=0.7289 norm_neg=nan gap=nan grad_norm=6.8196 throughput=8.44 samples/s time=7.58s
rank=0 batch=17/57 microbatch=32 effective_global_batch=128 loss=0.6943 norm_pos=0.6698 norm_neg=nan gap=nan throughput=8.07 samples/s time=7.93s
rank=0 batch=18/57 microbatch=32 effective_global_batch=128 loss=0.7532 norm_pos=0.7287 norm_neg=nan gap=nan grad_norm=4.1165 throughput=8.43 samples/s time=7.59s
rank=0 batch=19/57 microbatch=32 effective_global_batch=128 loss=0.7356 norm_pos=0.7111 norm_neg=nan gap=nan throughput=8.48 samples/s time=7.54s
rank=0 batch=20/57 microbatch=32 effective_global_batch=128 loss=0.7481 norm_pos=0.7235 norm_neg=nan gap=nan grad_norm=4.3063 throughput=8.48 samples/s time=7.55s
rank=0 batch=21/57 microbatch=32 effective_global_batch=128 loss=0.7443 norm_pos=0.7197 norm_neg=nan gap=nan throughput=8.48 samples/s time=7.55s
rank=0 batch=22/57 microbatch=32 effective_global_batch=128 loss=0.7144 norm_pos=0.6899 norm_neg=nan gap=nan grad_norm=6.8680 throughput=8.10 samples/s time=7.90s
rank=0 batch=23/57 microbatch=32 effective_global_batch=128 loss=0.7369 norm_pos=0.7126 norm_neg=nan gap=nan throughput=8.64 samples/s time=7.41s
rank=0 batch=24/57 microbatch=32 effective_global_batch=128 loss=0.7393 norm_pos=0.7148 norm_neg=nan gap=nan grad_norm=4.5787 throughput=8.51 samples/s time=7.52s
rank=0 batch=25/57 microbatch=32 effective_global_batch=128 loss=0.7152 norm_pos=0.6908 norm_neg=nan gap=nan throughput=8.59 samples/s time=7.45s gpu=0.05/21.14GB rss=6.41GB
rank=0 batch=26/57 microbatch=32 effective_global_batch=128 loss=0.7426 norm_pos=0.7178 norm_neg=nan gap=nan grad_norm=5.5639 throughput=7.93 samples/s time=8.07s
rank=0 batch=27/57 microbatch=32 effective_global_batch=128 loss=0.7567 norm_pos=0.7317 norm_neg=nan gap=nan throughput=8.40 samples/s time=7.62s
rank=0 batch=28/57 microbatch=32 effective_global_batch=128 loss=0.7516 norm_pos=0.7270 norm_neg=nan gap=nan grad_norm=7.4257 throughput=8.29 samples/s time=7.72s
rank=0 batch=29/57 microbatch=32 effective_global_batch=128 loss=0.7387 norm_pos=0.7143 norm_neg=nan gap=nan throughput=8.56 samples/s time=7.48s
rank=0 batch=30/57 microbatch=32 effective_global_batch=128 loss=0.7437 norm_pos=0.7193 norm_neg=nan gap=nan grad_norm=4.3974 throughput=8.38 samples/s time=7.63s
rank=0 batch=31/57 microbatch=32 effective_global_batch=128 loss=0.7770 norm_pos=0.7524 norm_neg=nan gap=nan throughput=8.01 samples/s time=7.99s
rank=0 batch=32/57 microbatch=32 effective_global_batch=128 loss=0.7401 norm_pos=0.7154 norm_neg=nan gap=nan grad_norm=4.0835 throughput=8.20 samples/s time=7.80s
rank=0 batch=33/57 microbatch=32 effective_global_batch=128 loss=0.7190 norm_pos=0.6949 norm_neg=nan gap=nan throughput=8.53 samples/s time=7.50s
rank=0 batch=34/57 microbatch=32 effective_global_batch=128 loss=0.7341 norm_pos=0.7099 norm_neg=nan gap=nan grad_norm=4.4036 throughput=8.08 samples/s time=7.92s
rank=0 batch=35/57 microbatch=32 effective_global_batch=128 loss=0.7599 norm_pos=0.7355 norm_neg=nan gap=nan throughput=8.46 samples/s time=7.56s
rank=0 batch=36/57 microbatch=32 effective_global_batch=128 loss=0.7085 norm_pos=0.6839 norm_neg=nan gap=nan grad_norm=3.3349 throughput=7.76 samples/s time=8.25s
rank=0 batch=37/57 microbatch=32 effective_global_batch=128 loss=0.7370 norm_pos=0.7126 norm_neg=nan gap=nan throughput=8.61 samples/s time=7.43s
rank=0 batch=38/57 microbatch=32 effective_global_batch=128 loss=0.6787 norm_pos=0.6542 norm_neg=nan gap=nan grad_norm=5.0513 throughput=8.13 samples/s time=7.87s
rank=0 batch=39/57 microbatch=32 effective_global_batch=128 loss=0.7854 norm_pos=0.7610 norm_neg=nan gap=nan throughput=8.57 samples/s time=7.47s
rank=0 batch=40/57 microbatch=32 effective_global_batch=128 loss=0.7926 norm_pos=0.7681 norm_neg=nan gap=nan grad_norm=3.6763 throughput=7.89 samples/s time=8.11s
rank=0 batch=41/57 microbatch=32 effective_global_batch=128 loss=0.7634 norm_pos=0.7389 norm_neg=nan gap=nan throughput=8.78 samples/s time=7.29s
rank=0 batch=42/57 microbatch=32 effective_global_batch=128 loss=0.7539 norm_pos=0.7295 norm_neg=nan gap=nan grad_norm=5.4376 throughput=8.10 samples/s time=7.90s
rank=0 batch=43/57 microbatch=32 effective_global_batch=128 loss=0.7140 norm_pos=0.6895 norm_neg=nan gap=nan throughput=8.63 samples/s time=7.41s
rank=0 batch=44/57 microbatch=32 effective_global_batch=128 loss=0.7578 norm_pos=0.7334 norm_neg=nan gap=nan grad_norm=4.1917 throughput=8.29 samples/s time=7.72s
rank=0 batch=45/57 microbatch=32 effective_global_batch=128 loss=0.6592 norm_pos=0.6345 norm_neg=nan gap=nan throughput=8.10 samples/s time=7.90s
rank=0 batch=46/57 microbatch=32 effective_global_batch=128 loss=0.7508 norm_pos=0.7259 norm_neg=nan gap=nan grad_norm=7.5505 throughput=8.33 samples/s time=7.68s
rank=0 batch=47/57 microbatch=32 effective_global_batch=128 loss=0.7546 norm_pos=0.7305 norm_neg=nan gap=nan throughput=8.53 samples/s time=7.50s
rank=0 batch=48/57 microbatch=32 effective_global_batch=128 loss=0.7135 norm_pos=0.6892 norm_neg=nan gap=nan grad_norm=7.7088 throughput=7.94 samples/s time=8.06s
rank=0 batch=49/57 microbatch=32 effective_global_batch=128 loss=0.7510 norm_pos=0.7267 norm_neg=nan gap=nan throughput=8.47 samples/s time=7.56s
rank=0 batch=50/57 microbatch=32 effective_global_batch=128 loss=0.8063 norm_pos=0.7819 norm_neg=nan gap=nan grad_norm=2.7417 throughput=7.90 samples/s time=8.10s gpu=0.04/21.14GB rss=6.43GB
rank=0 batch=51/57 microbatch=32 effective_global_batch=128 loss=0.7221 norm_pos=0.6978 norm_neg=nan gap=nan throughput=8.53 samples/s time=7.51s
rank=0 batch=52/57 microbatch=32 effective_global_batch=128 loss=0.7466 norm_pos=0.7223 norm_neg=nan gap=nan grad_norm=7.7874 throughput=8.37 samples/s time=7.65s
rank=0 batch=53/57 microbatch=32 effective_global_batch=128 loss=0.7606 norm_pos=0.7361 norm_neg=nan gap=nan throughput=8.47 samples/s time=7.56s
rank=0 batch=54/57 microbatch=32 effective_global_batch=128 loss=0.7790 norm_pos=0.7545 norm_neg=nan gap=nan grad_norm=7.0364 throughput=7.89 samples/s time=8.11s
rank=0 batch=55/57 microbatch=32 effective_global_batch=128 loss=0.7441 norm_pos=0.7194 norm_neg=nan gap=nan throughput=8.58 samples/s time=7.46s
rank=0 batch=56/57 microbatch=32 effective_global_batch=128 loss=0.7185 norm_pos=0.6946 norm_neg=nan gap=nan grad_norm=4.7081 throughput=8.45 samples/s time=7.57s
rank=0 batch=57/57 microbatch=8 effective_global_batch=32 loss=0.7891 norm_pos=0.7645 norm_neg=nan gap=nan grad_norm=3.3363 throughput=8.16 samples/s time=1.96s
epoch=12 train_loss=0.7455 val_loss=0.7531 elapsed=501.4s
epoch=13/20 world_size=2
wandb: WARNING Tried to log to step 12 that is less than the current step 13. Steps must be monotonically increasing, so this data will be ignored. See https://wandb.me/define-metric to log data out of order.
rank=0 batch=1/57 microbatch=32 effective_global_batch=128 loss=0.7407 norm_pos=0.7167 norm_neg=nan gap=nan throughput=8.38 samples/s time=7.64s gpu=0.05/21.14GB rss=6.40GB
rank=0 batch=2/57 microbatch=32 effective_global_batch=128 loss=0.7130 norm_pos=0.6891 norm_neg=nan gap=nan grad_norm=4.6626 throughput=8.52 samples/s time=7.51s
rank=0 batch=3/57 microbatch=32 effective_global_batch=128 loss=0.7510 norm_pos=0.7266 norm_neg=nan gap=nan throughput=8.21 samples/s time=7.80s
rank=0 batch=4/57 microbatch=32 effective_global_batch=128 loss=0.7475 norm_pos=0.7230 norm_neg=nan gap=nan grad_norm=5.1550 throughput=8.61 samples/s time=7.43s
rank=0 batch=5/57 microbatch=32 effective_global_batch=128 loss=0.6555 norm_pos=0.6317 norm_neg=nan gap=nan throughput=8.60 samples/s time=7.45s
rank=0 batch=6/57 microbatch=32 effective_global_batch=128 loss=0.7238 norm_pos=0.6995 norm_neg=nan gap=nan grad_norm=5.0504 throughput=8.35 samples/s time=7.66s
rank=0 batch=7/57 microbatch=32 effective_global_batch=128 loss=0.7411 norm_pos=0.7164 norm_neg=nan gap=nan throughput=8.62 samples/s time=7.43s
rank=0 batch=8/57 microbatch=32 effective_global_batch=128 loss=0.7564 norm_pos=0.7316 norm_neg=nan gap=nan grad_norm=3.6287 throughput=7.97 samples/s time=8.03s
rank=0 batch=9/57 microbatch=32 effective_global_batch=128 loss=0.7706 norm_pos=0.7464 norm_neg=nan gap=nan throughput=8.70 samples/s time=7.36s
rank=0 batch=10/57 microbatch=32 effective_global_batch=128 loss=0.7064 norm_pos=0.6821 norm_neg=nan gap=nan grad_norm=5.0995 throughput=8.33 samples/s time=7.68s
rank=0 batch=11/57 microbatch=32 effective_global_batch=128 loss=0.7410 norm_pos=0.7162 norm_neg=nan gap=nan throughput=8.63 samples/s time=7.41s
rank=0 batch=12/57 microbatch=32 effective_global_batch=128 loss=0.7084 norm_pos=0.6842 norm_neg=nan gap=nan grad_norm=4.8060 throughput=7.97 samples/s time=8.03s
rank=0 batch=13/57 microbatch=32 effective_global_batch=128 loss=0.7910 norm_pos=0.7662 norm_neg=nan gap=nan throughput=8.55 samples/s time=7.48s
rank=0 batch=14/57 microbatch=32 effective_global_batch=128 loss=0.7341 norm_pos=0.7097 norm_neg=nan gap=nan grad_norm=3.8453 throughput=8.29 samples/s time=7.72s
rank=0 batch=15/57 microbatch=32 effective_global_batch=128 loss=0.7137 norm_pos=0.6894 norm_neg=nan gap=nan throughput=8.59 samples/s time=7.45s
rank=0 batch=16/57 microbatch=32 effective_global_batch=128 loss=0.7161 norm_pos=0.6921 norm_neg=nan gap=nan grad_norm=4.9497 throughput=8.39 samples/s time=7.63s
rank=0 batch=17/57 microbatch=32 effective_global_batch=128 loss=0.7377 norm_pos=0.7133 norm_neg=nan gap=nan throughput=8.21 samples/s time=7.79s
rank=0 batch=18/57 microbatch=32 effective_global_batch=128 loss=0.7565 norm_pos=0.7318 norm_neg=nan gap=nan grad_norm=5.6484 throughput=8.44 samples/s time=7.59s
rank=0 batch=19/57 microbatch=32 effective_global_batch=128 loss=0.7312 norm_pos=0.7068 norm_neg=nan gap=nan throughput=8.60 samples/s time=7.44s
rank=0 batch=20/57 microbatch=32 effective_global_batch=128 loss=0.7507 norm_pos=0.7265 norm_neg=nan gap=nan grad_norm=3.4285 throughput=8.39 samples/s time=7.63s
rank=0 batch=21/57 microbatch=32 effective_global_batch=128 loss=0.7233 norm_pos=0.6987 norm_neg=nan gap=nan throughput=8.63 samples/s time=7.42s
rank=0 batch=22/57 microbatch=32 effective_global_batch=128 loss=0.6853 norm_pos=0.6614 norm_neg=nan gap=nan grad_norm=5.5762 throughput=7.77 samples/s time=8.24s
rank=0 batch=23/57 microbatch=32 effective_global_batch=128 loss=0.7487 norm_pos=0.7241 norm_neg=nan gap=nan throughput=8.56 samples/s time=7.47s
rank=0 batch=24/57 microbatch=32 effective_global_batch=128 loss=0.7149 norm_pos=0.6906 norm_neg=nan gap=nan grad_norm=4.2074 throughput=8.35 samples/s time=7.66s
rank=0 batch=25/57 microbatch=32 effective_global_batch=128 loss=0.7533 norm_pos=0.7288 norm_neg=nan gap=nan throughput=8.61 samples/s time=7.44s gpu=0.05/21.14GB rss=6.41GB
rank=0 batch=26/57 microbatch=32 effective_global_batch=128 loss=0.7544 norm_pos=0.7298 norm_neg=nan gap=nan grad_norm=6.6523 throughput=7.98 samples/s time=8.02s
rank=0 batch=27/57 microbatch=32 effective_global_batch=128 loss=0.7728 norm_pos=0.7485 norm_neg=nan gap=nan throughput=8.54 samples/s time=7.49s
rank=0 batch=28/57 microbatch=32 effective_global_batch=128 loss=0.7514 norm_pos=0.7273 norm_neg=nan gap=nan grad_norm=6.8539 throughput=8.36 samples/s time=7.65s
rank=0 batch=29/57 microbatch=32 effective_global_batch=128 loss=0.7435 norm_pos=0.7191 norm_neg=nan gap=nan throughput=8.70 samples/s time=7.36s
rank=0 batch=30/57 microbatch=32 effective_global_batch=128 loss=0.7180 norm_pos=0.6938 norm_neg=nan gap=nan grad_norm=2.4511 throughput=8.41 samples/s time=7.61s
rank=0 batch=31/57 microbatch=32 effective_global_batch=128 loss=0.7565 norm_pos=0.7319 norm_neg=nan gap=nan throughput=8.16 samples/s time=7.84s
rank=0 batch=32/57 microbatch=32 effective_global_batch=128 loss=0.7320 norm_pos=0.7078 norm_neg=nan gap=nan grad_norm=5.6413 throughput=8.35 samples/s time=7.67s
rank=0 batch=33/57 microbatch=32 effective_global_batch=128 loss=0.7209 norm_pos=0.6965 norm_neg=nan gap=nan throughput=8.61 samples/s time=7.43s
rank=0 batch=34/57 microbatch=32 effective_global_batch=128 loss=0.7647 norm_pos=0.7403 norm_neg=nan gap=nan grad_norm=4.7631 throughput=8.41 samples/s time=7.61s
rank=0 batch=35/57 microbatch=32 effective_global_batch=128 loss=0.7159 norm_pos=0.6916 norm_neg=nan gap=nan throughput=8.49 samples/s time=7.54s
rank=0 batch=36/57 microbatch=32 effective_global_batch=128 loss=0.6999 norm_pos=0.6756 norm_neg=nan gap=nan grad_norm=3.8822 throughput=7.94 samples/s time=8.06s
rank=0 batch=37/57 microbatch=32 effective_global_batch=128 loss=0.6958 norm_pos=0.6715 norm_neg=nan gap=nan throughput=8.54 samples/s time=7.49s
rank=0 batch=38/57 microbatch=32 effective_global_batch=128 loss=0.7342 norm_pos=0.7098 norm_neg=nan gap=nan grad_norm=4.6774 throughput=8.43 samples/s time=7.59s
rank=0 batch=39/57 microbatch=32 effective_global_batch=128 loss=0.7489 norm_pos=0.7248 norm_neg=nan gap=nan throughput=8.42 samples/s time=7.60s
rank=0 batch=40/57 microbatch=32 effective_global_batch=128 loss=0.6872 norm_pos=0.6632 norm_neg=nan gap=nan grad_norm=3.1891 throughput=8.13 samples/s time=7.87s
rank=0 batch=41/57 microbatch=32 effective_global_batch=128 loss=0.7091 norm_pos=0.6847 norm_neg=nan gap=nan throughput=8.36 samples/s time=7.66s
rank=0 batch=42/57 microbatch=32 effective_global_batch=128 loss=0.7043 norm_pos=0.6799 norm_neg=nan gap=nan grad_norm=3.6350 throughput=8.30 samples/s time=7.71s
rank=0 batch=43/57 microbatch=32 effective_global_batch=128 loss=0.7360 norm_pos=0.7117 norm_neg=nan gap=nan throughput=8.64 samples/s time=7.41s
rank=0 batch=44/57 microbatch=32 effective_global_batch=128 loss=0.6833 norm_pos=0.6590 norm_neg=nan gap=nan grad_norm=2.6669 throughput=8.20 samples/s time=7.80s
rank=0 batch=45/57 microbatch=32 effective_global_batch=128 loss=0.7327 norm_pos=0.7087 norm_neg=nan gap=nan throughput=8.09 samples/s time=7.92s
rank=0 batch=46/57 microbatch=32 effective_global_batch=128 loss=0.7498 norm_pos=0.7252 norm_neg=nan gap=nan grad_norm=4.7693 throughput=8.26 samples/s time=7.75s
rank=0 batch=47/57 microbatch=32 effective_global_batch=128 loss=0.7041 norm_pos=0.6799 norm_neg=nan gap=nan throughput=8.58 samples/s time=7.46s
rank=0 batch=48/57 microbatch=32 effective_global_batch=128 loss=0.6903 norm_pos=0.6659 norm_neg=nan gap=nan grad_norm=3.6512 throughput=8.30 samples/s time=7.71s
rank=0 batch=49/57 microbatch=32 effective_global_batch=128 loss=0.7656 norm_pos=0.7413 norm_neg=nan gap=nan throughput=8.36 samples/s time=7.66s
rank=0 batch=50/57 microbatch=32 effective_global_batch=128 loss=0.7311 norm_pos=0.7069 norm_neg=nan gap=nan grad_norm=2.8648 throughput=8.06 samples/s time=7.94s gpu=0.04/21.14GB rss=6.41GB
rank=0 batch=51/57 microbatch=32 effective_global_batch=128 loss=0.7298 norm_pos=0.7054 norm_neg=nan gap=nan throughput=8.65 samples/s time=7.40s
rank=0 batch=52/57 microbatch=32 effective_global_batch=128 loss=0.7589 norm_pos=0.7344 norm_neg=nan gap=nan grad_norm=3.3897 throughput=8.15 samples/s time=7.86s
rank=0 batch=53/57 microbatch=32 effective_global_batch=128 loss=0.7155 norm_pos=0.6913 norm_neg=nan gap=nan throughput=8.54 samples/s time=7.49s
rank=0 batch=54/57 microbatch=32 effective_global_batch=128 loss=0.6838 norm_pos=0.6597 norm_neg=nan gap=nan grad_norm=2.9091 throughput=7.86 samples/s time=8.14s
rank=0 batch=55/57 microbatch=32 effective_global_batch=128 loss=0.7195 norm_pos=0.6955 norm_neg=nan gap=nan throughput=8.48 samples/s time=7.54s
rank=0 batch=56/57 microbatch=32 effective_global_batch=128 loss=0.6969 norm_pos=0.6728 norm_neg=nan gap=nan grad_norm=2.6822 throughput=8.26 samples/s time=7.75s
rank=0 batch=57/57 microbatch=8 effective_global_batch=32 loss=0.6864 norm_pos=0.6625 norm_neg=nan gap=nan grad_norm=2.0016 throughput=7.78 samples/s time=2.06s
epoch=13 train_loss=0.7284 val_loss=0.7376 elapsed=499.7s
epoch=14/20 world_size=2
wandb: WARNING Tried to log to step 13 that is less than the current step 14. Steps must be monotonically increasing, so this data will be ignored. See https://wandb.me/define-metric to log data out of order.
rank=0 batch=1/57 microbatch=32 effective_global_batch=128 loss=0.7527 norm_pos=0.7287 norm_neg=nan gap=nan throughput=8.55 samples/s time=7.49s gpu=0.05/21.14GB rss=6.41GB
rank=0 batch=2/57 microbatch=32 effective_global_batch=128 loss=0.7348 norm_pos=0.7108 norm_neg=nan gap=nan grad_norm=3.4662 throughput=8.49 samples/s time=7.54s
rank=0 batch=3/57 microbatch=32 effective_global_batch=128 loss=0.7059 norm_pos=0.6820 norm_neg=nan gap=nan throughput=8.15 samples/s time=7.85s
rank=0 batch=4/57 microbatch=32 effective_global_batch=128 loss=0.6928 norm_pos=0.6689 norm_neg=nan gap=nan grad_norm=2.5243 throughput=8.67 samples/s time=7.38s
rank=0 batch=5/57 microbatch=32 effective_global_batch=128 loss=0.7064 norm_pos=0.6818 norm_neg=nan gap=nan throughput=8.66 samples/s time=7.39s
rank=0 batch=6/57 microbatch=32 effective_global_batch=128 loss=0.7784 norm_pos=0.7542 norm_neg=nan gap=nan grad_norm=4.1125 throughput=8.45 samples/s time=7.58s
rank=0 batch=7/57 microbatch=32 effective_global_batch=128 loss=0.7234 norm_pos=0.6991 norm_neg=nan gap=nan throughput=8.69 samples/s time=7.37s
rank=0 batch=8/57 microbatch=32 effective_global_batch=128 loss=0.7544 norm_pos=0.7301 norm_neg=nan gap=nan grad_norm=4.1397 throughput=7.79 samples/s time=8.22s
rank=0 batch=9/57 microbatch=32 effective_global_batch=128 loss=0.6929 norm_pos=0.6688 norm_neg=nan gap=nan throughput=8.65 samples/s time=7.40s
rank=0 batch=10/57 microbatch=32 effective_global_batch=128 loss=0.7211 norm_pos=0.6968 norm_neg=nan gap=nan grad_norm=2.6073 throughput=8.21 samples/s time=7.79s
rank=0 batch=11/57 microbatch=32 effective_global_batch=128 loss=0.7178 norm_pos=0.6938 norm_neg=nan gap=nan throughput=8.39 samples/s time=7.63s
rank=0 batch=12/57 microbatch=32 effective_global_batch=128 loss=0.6582 norm_pos=0.6339 norm_neg=nan gap=nan grad_norm=4.4350 throughput=8.02 samples/s time=7.98s
rank=0 batch=13/57 microbatch=32 effective_global_batch=128 loss=0.7063 norm_pos=0.6819 norm_neg=nan gap=nan throughput=8.40 samples/s time=7.62s
rank=0 batch=14/57 microbatch=32 effective_global_batch=128 loss=0.7371 norm_pos=0.7126 norm_neg=nan gap=nan grad_norm=3.8079 throughput=8.44 samples/s time=7.58s
rank=0 batch=15/57 microbatch=32 effective_global_batch=128 loss=0.6709 norm_pos=0.6464 norm_neg=nan gap=nan throughput=8.54 samples/s time=7.49s
rank=0 batch=16/57 microbatch=32 effective_global_batch=128 loss=0.7062 norm_pos=0.6818 norm_neg=nan gap=nan grad_norm=4.3952 throughput=8.44 samples/s time=7.59s
rank=0 batch=17/57 microbatch=32 effective_global_batch=128 loss=0.7010 norm_pos=0.6770 norm_neg=nan gap=nan throughput=8.10 samples/s time=7.90s
rank=0 batch=18/57 microbatch=32 effective_global_batch=128 loss=0.7136 norm_pos=0.6892 norm_neg=nan gap=nan grad_norm=4.5217 throughput=8.52 samples/s time=7.51s
rank=0 batch=19/57 microbatch=32 effective_global_batch=128 loss=0.6725 norm_pos=0.6486 norm_neg=nan gap=nan throughput=8.42 samples/s time=7.60s
rank=0 batch=20/57 microbatch=32 effective_global_batch=128 loss=0.7197 norm_pos=0.6953 norm_neg=nan gap=nan grad_norm=3.3747 throughput=8.62 samples/s time=7.42s
rank=0 batch=21/57 microbatch=32 effective_global_batch=128 loss=0.6899 norm_pos=0.6663 norm_neg=nan gap=nan throughput=8.45 samples/s time=7.57s
rank=0 batch=22/57 microbatch=32 effective_global_batch=128 loss=0.7191 norm_pos=0.6951 norm_neg=nan gap=nan grad_norm=3.8008 throughput=8.21 samples/s time=7.79s
rank=0 batch=23/57 microbatch=32 effective_global_batch=128 loss=0.7257 norm_pos=0.7016 norm_neg=nan gap=nan throughput=8.44 samples/s time=7.59s
rank=0 batch=24/57 microbatch=32 effective_global_batch=128 loss=0.6796 norm_pos=0.6551 norm_neg=nan gap=nan grad_norm=3.3295 throughput=8.42 samples/s time=7.60s
rank=0 batch=25/57 microbatch=32 effective_global_batch=128 loss=0.7144 norm_pos=0.6901 norm_neg=nan gap=nan throughput=8.40 samples/s time=7.62s gpu=0.05/21.14GB rss=6.42GB
rank=0 batch=26/57 microbatch=32 effective_global_batch=128 loss=0.7589 norm_pos=0.7347 norm_neg=nan gap=nan grad_norm=3.2013 throughput=8.20 samples/s time=7.80s
rank=0 batch=27/57 microbatch=32 effective_global_batch=128 loss=0.7435 norm_pos=0.7192 norm_neg=nan gap=nan throughput=8.32 samples/s time=7.69s
rank=0 batch=28/57 microbatch=32 effective_global_batch=128 loss=0.6856 norm_pos=0.6619 norm_neg=nan gap=nan grad_norm=3.7367 throughput=8.17 samples/s time=7.83s
rank=0 batch=29/57 microbatch=32 effective_global_batch=128 loss=0.7379 norm_pos=0.7140 norm_neg=nan gap=nan throughput=8.58 samples/s time=7.46s
rank=0 batch=30/57 microbatch=32 effective_global_batch=128 loss=0.7331 norm_pos=0.7088 norm_neg=nan gap=nan grad_norm=3.4172 throughput=8.72 samples/s time=7.34s
rank=0 batch=31/57 microbatch=32 effective_global_batch=128 loss=0.7322 norm_pos=0.7083 norm_neg=nan gap=nan throughput=8.26 samples/s time=7.75s
rank=0 batch=32/57 microbatch=32 effective_global_batch=128 loss=0.7029 norm_pos=0.6790 norm_neg=nan gap=nan grad_norm=3.3311 throughput=8.18 samples/s time=7.82s
rank=0 batch=33/57 microbatch=32 effective_global_batch=128 loss=0.7450 norm_pos=0.7205 norm_neg=nan gap=nan throughput=8.52 samples/s time=7.51s
rank=0 batch=34/57 microbatch=32 effective_global_batch=128 loss=0.6498 norm_pos=0.6257 norm_neg=nan gap=nan grad_norm=2.3717 throughput=8.32 samples/s time=7.69s
rank=0 batch=35/57 microbatch=32 effective_global_batch=128 loss=0.7364 norm_pos=0.7124 norm_neg=nan gap=nan throughput=8.53 samples/s time=7.50s
rank=0 batch=36/57 microbatch=32 effective_global_batch=128 loss=0.6853 norm_pos=0.6613 norm_neg=nan gap=nan grad_norm=3.6555 throughput=7.89 samples/s time=8.11s
rank=0 batch=37/57 microbatch=32 effective_global_batch=128 loss=0.6967 norm_pos=0.6722 norm_neg=nan gap=nan throughput=8.61 samples/s time=7.43s
rank=0 batch=38/57 microbatch=32 effective_global_batch=128 loss=0.6745 norm_pos=0.6504 norm_neg=nan gap=nan grad_norm=3.2722 throughput=8.31 samples/s time=7.70s
rank=0 batch=39/57 microbatch=32 effective_global_batch=128 loss=0.6992 norm_pos=0.6749 norm_neg=nan gap=nan throughput=8.46 samples/s time=7.57s
rank=0 batch=40/57 microbatch=32 effective_global_batch=128 loss=0.7226 norm_pos=0.6987 norm_neg=nan gap=nan grad_norm=3.9491 throughput=7.90 samples/s time=8.10s
rank=0 batch=41/57 microbatch=32 effective_global_batch=128 loss=0.7097 norm_pos=0.6856 norm_neg=nan gap=nan throughput=8.33 samples/s time=7.68s
rank=0 batch=42/57 microbatch=32 effective_global_batch=128 loss=0.7007 norm_pos=0.6764 norm_neg=nan gap=nan grad_norm=3.7775 throughput=8.39 samples/s time=7.63s
rank=0 batch=43/57 microbatch=32 effective_global_batch=128 loss=0.6871 norm_pos=0.6628 norm_neg=nan gap=nan throughput=8.51 samples/s time=7.52s
rank=0 batch=44/57 microbatch=32 effective_global_batch=128 loss=0.7382 norm_pos=0.7142 norm_neg=nan gap=nan grad_norm=1.9198 throughput=8.35 samples/s time=7.66s
rank=0 batch=45/57 microbatch=32 effective_global_batch=128 loss=0.7065 norm_pos=0.6826 norm_neg=nan gap=nan throughput=7.91 samples/s time=8.09s
rank=0 batch=46/57 microbatch=32 effective_global_batch=128 loss=0.7634 norm_pos=0.7393 norm_neg=nan gap=nan grad_norm=3.4276 throughput=8.46 samples/s time=7.56s
rank=0 batch=47/57 microbatch=32 effective_global_batch=128 loss=0.6802 norm_pos=0.6561 norm_neg=nan gap=nan throughput=8.31 samples/s time=7.70s
rank=0 batch=48/57 microbatch=32 effective_global_batch=128 loss=0.6918 norm_pos=0.6677 norm_neg=nan gap=nan grad_norm=3.4025 throughput=8.32 samples/s time=7.69s
rank=0 batch=49/57 microbatch=32 effective_global_batch=128 loss=0.7075 norm_pos=0.6833 norm_neg=nan gap=nan throughput=8.37 samples/s time=7.65s
rank=0 batch=50/57 microbatch=32 effective_global_batch=128 loss=0.7278 norm_pos=0.7032 norm_neg=nan gap=nan grad_norm=2.3241 throughput=8.17 samples/s time=7.83s gpu=0.04/21.14GB rss=6.46GB
rank=0 batch=51/57 microbatch=32 effective_global_batch=128 loss=0.6758 norm_pos=0.6518 norm_neg=nan gap=nan throughput=8.41 samples/s time=7.61s
rank=0 batch=52/57 microbatch=32 effective_global_batch=128 loss=0.6963 norm_pos=0.6723 norm_neg=nan gap=nan grad_norm=2.9274 throughput=8.47 samples/s time=7.56s
rank=0 batch=53/57 microbatch=32 effective_global_batch=128 loss=0.7086 norm_pos=0.6845 norm_neg=nan gap=nan throughput=8.52 samples/s time=7.51s
rank=0 batch=54/57 microbatch=32 effective_global_batch=128 loss=0.6857 norm_pos=0.6616 norm_neg=nan gap=nan grad_norm=2.8143 throughput=7.80 samples/s time=8.21s
rank=0 batch=55/57 microbatch=32 effective_global_batch=128 loss=0.7220 norm_pos=0.6978 norm_neg=nan gap=nan throughput=8.51 samples/s time=7.52s
rank=0 batch=56/57 microbatch=32 effective_global_batch=128 loss=0.7290 norm_pos=0.7050 norm_neg=nan gap=nan grad_norm=2.3456 throughput=8.47 samples/s time=7.56s
rank=0 batch=57/57 microbatch=8 effective_global_batch=32 loss=0.6806 norm_pos=0.6564 norm_neg=nan gap=nan grad_norm=2.2850 throughput=8.41 samples/s time=1.90s
epoch=14 train_loss=0.7141 val_loss=0.7234 elapsed=500.7s
epoch=15/20 world_size=2
wandb: WARNING Tried to log to step 14 that is less than the current step 15. Steps must be monotonically increasing, so this data will be ignored. See https://wandb.me/define-metric to log data out of order.
rank=0 batch=1/57 microbatch=32 effective_global_batch=128 loss=0.6861 norm_pos=0.6618 norm_neg=nan gap=nan throughput=8.49 samples/s time=7.54s gpu=0.05/21.14GB rss=6.39GB
rank=0 batch=2/57 microbatch=32 effective_global_batch=128 loss=0.7063 norm_pos=0.6824 norm_neg=nan gap=nan grad_norm=2.8113 throughput=8.53 samples/s time=7.50s
rank=0 batch=3/57 microbatch=32 effective_global_batch=128 loss=0.7187 norm_pos=0.6948 norm_neg=nan gap=nan throughput=8.12 samples/s time=7.89s
rank=0 batch=4/57 microbatch=32 effective_global_batch=128 loss=0.6528 norm_pos=0.6293 norm_neg=nan gap=nan grad_norm=2.2152 throughput=8.44 samples/s time=7.59s
rank=0 batch=5/57 microbatch=32 effective_global_batch=128 loss=0.6958 norm_pos=0.6717 norm_neg=nan gap=nan throughput=8.56 samples/s time=7.48s
rank=0 batch=6/57 microbatch=32 effective_global_batch=128 loss=0.6828 norm_pos=0.6586 norm_neg=nan gap=nan grad_norm=3.1126 throughput=8.34 samples/s time=7.67s
rank=0 batch=7/57 microbatch=32 effective_global_batch=128 loss=0.7410 norm_pos=0.7166 norm_neg=nan gap=nan throughput=8.19 samples/s time=7.82s
rank=0 batch=8/57 microbatch=32 effective_global_batch=128 loss=0.7170 norm_pos=0.6928 norm_neg=nan gap=nan grad_norm=2.4395 throughput=8.17 samples/s time=7.83s
rank=0 batch=9/57 microbatch=32 effective_global_batch=128 loss=0.6745 norm_pos=0.6507 norm_neg=nan gap=nan throughput=8.43 samples/s time=7.59s
rank=0 batch=10/57 microbatch=32 effective_global_batch=128 loss=0.7236 norm_pos=0.6996 norm_neg=nan gap=nan grad_norm=2.3143 throughput=8.33 samples/s time=7.69s
rank=0 batch=11/57 microbatch=32 effective_global_batch=128 loss=0.7430 norm_pos=0.7193 norm_neg=nan gap=nan throughput=8.53 samples/s time=7.50s
rank=0 batch=12/57 microbatch=32 effective_global_batch=128 loss=0.6982 norm_pos=0.6743 norm_neg=nan gap=nan grad_norm=1.9523 throughput=7.92 samples/s time=8.08s
rank=0 batch=13/57 microbatch=32 effective_global_batch=128 loss=0.6780 norm_pos=0.6540 norm_neg=nan gap=nan throughput=8.43 samples/s time=7.59s
rank=0 batch=14/57 microbatch=32 effective_global_batch=128 loss=0.7403 norm_pos=0.7165 norm_neg=nan gap=nan grad_norm=3.2542 throughput=8.48 samples/s time=7.55s
rank=0 batch=15/57 microbatch=32 effective_global_batch=128 loss=0.6685 norm_pos=0.6444 norm_neg=nan gap=nan throughput=8.46 samples/s time=7.57s
rank=0 batch=16/57 microbatch=32 effective_global_batch=128 loss=0.6510 norm_pos=0.6269 norm_neg=nan gap=nan grad_norm=2.1661 throughput=8.29 samples/s time=7.72s
rank=0 batch=17/57 microbatch=32 effective_global_batch=128 loss=0.6567 norm_pos=0.6327 norm_neg=nan gap=nan throughput=8.09 samples/s time=7.91s
rank=0 batch=18/57 microbatch=32 effective_global_batch=128 loss=0.6707 norm_pos=0.6468 norm_neg=nan gap=nan grad_norm=4.0449 throughput=8.32 samples/s time=7.69s
rank=0 batch=19/57 microbatch=32 effective_global_batch=128 loss=0.6821 norm_pos=0.6577 norm_neg=nan gap=nan throughput=8.64 samples/s time=7.41s
rank=0 batch=20/57 microbatch=32 effective_global_batch=128 loss=0.6693 norm_pos=0.6453 norm_neg=nan gap=nan grad_norm=3.3055 throughput=8.35 samples/s time=7.67s
rank=0 batch=21/57 microbatch=32 effective_global_batch=128 loss=0.7244 norm_pos=0.7001 norm_neg=nan gap=nan throughput=8.16 samples/s time=7.84s
rank=0 batch=22/57 microbatch=32 effective_global_batch=128 loss=0.7315 norm_pos=0.7076 norm_neg=nan gap=nan grad_norm=3.3742 throughput=8.13 samples/s time=7.87s
rank=0 batch=23/57 microbatch=32 effective_global_batch=128 loss=0.6550 norm_pos=0.6311 norm_neg=nan gap=nan throughput=8.65 samples/s time=7.40s
rank=0 batch=24/57 microbatch=32 effective_global_batch=128 loss=0.6590 norm_pos=0.6351 norm_neg=nan gap=nan grad_norm=2.8536 throughput=8.25 samples/s time=7.76s
rank=0 batch=25/57 microbatch=32 effective_global_batch=128 loss=0.7209 norm_pos=0.6967 norm_neg=nan gap=nan throughput=8.63 samples/s time=7.42s gpu=0.05/21.14GB rss=6.43GB
rank=0 batch=26/57 microbatch=32 effective_global_batch=128 loss=0.7371 norm_pos=0.7130 norm_neg=nan gap=nan grad_norm=1.5210 throughput=8.06 samples/s time=7.94s
rank=0 batch=27/57 microbatch=32 effective_global_batch=128 loss=0.7164 norm_pos=0.6922 norm_neg=nan gap=nan throughput=8.51 samples/s time=7.52s
rank=0 batch=28/57 microbatch=32 effective_global_batch=128 loss=0.7319 norm_pos=0.7076 norm_neg=nan gap=nan grad_norm=4.1308 throughput=8.41 samples/s time=7.61s
rank=0 batch=29/57 microbatch=32 effective_global_batch=128 loss=0.8172 norm_pos=0.7932 norm_neg=nan gap=nan throughput=8.65 samples/s time=7.40s
rank=0 batch=30/57 microbatch=32 effective_global_batch=128 loss=0.6905 norm_pos=0.6664 norm_neg=nan gap=nan grad_norm=5.2244 throughput=8.37 samples/s time=7.65s
rank=0 batch=31/57 microbatch=32 effective_global_batch=128 loss=0.6821 norm_pos=0.6581 norm_neg=nan gap=nan throughput=8.18 samples/s time=7.83s
rank=0 batch=32/57 microbatch=32 effective_global_batch=128 loss=0.7295 norm_pos=0.7057 norm_neg=nan gap=nan grad_norm=2.2777 throughput=8.45 samples/s time=7.58s
rank=0 batch=33/57 microbatch=32 effective_global_batch=128 loss=0.6731 norm_pos=0.6489 norm_neg=nan gap=nan throughput=8.57 samples/s time=7.47s
rank=0 batch=34/57 microbatch=32 effective_global_batch=128 loss=0.7226 norm_pos=0.6986 norm_neg=nan gap=nan grad_norm=4.2944 throughput=8.38 samples/s time=7.64s
rank=0 batch=35/57 microbatch=32 effective_global_batch=128 loss=0.6661 norm_pos=0.6422 norm_neg=nan gap=nan throughput=8.29 samples/s time=7.72s
rank=0 batch=36/57 microbatch=32 effective_global_batch=128 loss=0.7339 norm_pos=0.7099 norm_neg=nan gap=nan grad_norm=3.5784 throughput=8.33 samples/s time=7.68s
rank=0 batch=37/57 microbatch=32 effective_global_batch=128 loss=0.6434 norm_pos=0.6190 norm_neg=nan gap=nan throughput=8.41 samples/s time=7.61s
rank=0 batch=38/57 microbatch=32 effective_global_batch=128 loss=0.7384 norm_pos=0.7146 norm_neg=nan gap=nan grad_norm=3.4139 throughput=8.32 samples/s time=7.70s
rank=0 batch=39/57 microbatch=32 effective_global_batch=128 loss=0.6763 norm_pos=0.6523 norm_neg=nan gap=nan throughput=8.66 samples/s time=7.39s
rank=0 batch=40/57 microbatch=32 effective_global_batch=128 loss=0.7031 norm_pos=0.6793 norm_neg=nan gap=nan grad_norm=3.2752 throughput=7.81 samples/s time=8.19s
rank=0 batch=41/57 microbatch=32 effective_global_batch=128 loss=0.7208 norm_pos=0.6969 norm_neg=nan gap=nan throughput=8.62 samples/s time=7.43s
rank=0 batch=42/57 microbatch=32 effective_global_batch=128 loss=0.6711 norm_pos=0.6473 norm_neg=nan gap=nan grad_norm=2.1902 throughput=8.50 samples/s time=7.53s
rank=0 batch=43/57 microbatch=32 effective_global_batch=128 loss=0.6913 norm_pos=0.6671 norm_neg=nan gap=nan throughput=8.56 samples/s time=7.47s
rank=0 batch=44/57 microbatch=32 effective_global_batch=128 loss=0.7340 norm_pos=0.7100 norm_neg=nan gap=nan grad_norm=3.5230 throughput=8.40 samples/s time=7.62s
rank=0 batch=45/57 microbatch=32 effective_global_batch=128 loss=0.7021 norm_pos=0.6778 norm_neg=nan gap=nan throughput=8.13 samples/s time=7.88s
rank=0 batch=46/57 microbatch=32 effective_global_batch=128 loss=0.6328 norm_pos=0.6089 norm_neg=nan gap=nan grad_norm=2.8508 throughput=8.44 samples/s time=7.58s
rank=0 batch=47/57 microbatch=32 effective_global_batch=128 loss=0.7215 norm_pos=0.6973 norm_neg=nan gap=nan throughput=8.65 samples/s time=7.40s
rank=0 batch=48/57 microbatch=32 effective_global_batch=128 loss=0.6982 norm_pos=0.6742 norm_neg=nan gap=nan grad_norm=2.4498 throughput=8.33 samples/s time=7.68s
rank=0 batch=49/57 microbatch=32 effective_global_batch=128 loss=0.7191 norm_pos=0.6957 norm_neg=nan gap=nan throughput=8.03 samples/s time=7.97s
rank=0 batch=50/57 microbatch=32 effective_global_batch=128 loss=0.7266 norm_pos=0.7027 norm_neg=nan gap=nan grad_norm=2.7774 throughput=8.47 samples/s time=7.55s gpu=0.04/21.14GB rss=6.48GB
rank=0 batch=51/57 microbatch=32 effective_global_batch=128 loss=0.7108 norm_pos=0.6870 norm_neg=nan gap=nan throughput=8.55 samples/s time=7.49s
rank=0 batch=52/57 microbatch=32 effective_global_batch=128 loss=0.6740 norm_pos=0.6497 norm_neg=nan gap=nan grad_norm=2.7987 throughput=8.31 samples/s time=7.70s
rank=0 batch=53/57 microbatch=32 effective_global_batch=128 loss=0.6963 norm_pos=0.6723 norm_neg=nan gap=nan throughput=8.57 samples/s time=7.47s
rank=0 batch=54/57 microbatch=32 effective_global_batch=128 loss=0.7004 norm_pos=0.6768 norm_neg=nan gap=nan grad_norm=2.6112 throughput=7.95 samples/s time=8.05s
rank=0 batch=55/57 microbatch=32 effective_global_batch=128 loss=0.6825 norm_pos=0.6587 norm_neg=nan gap=nan throughput=8.45 samples/s time=7.57s
rank=0 batch=56/57 microbatch=32 effective_global_batch=128 loss=0.6843 norm_pos=0.6602 norm_neg=nan gap=nan grad_norm=2.5444 throughput=8.27 samples/s time=7.74s
rank=0 batch=57/57 microbatch=8 effective_global_batch=32 loss=0.7158 norm_pos=0.6912 norm_neg=nan gap=nan grad_norm=1.3141 throughput=8.35 samples/s time=1.92s
epoch=15 train_loss=0.7008 val_loss=0.7122 elapsed=500.9s
epoch=16/20 world_size=2
wandb: WARNING Tried to log to step 15 that is less than the current step 16. Steps must be monotonically increasing, so this data will be ignored. See https://wandb.me/define-metric to log data out of order.
rank=0 batch=1/57 microbatch=32 effective_global_batch=128 loss=0.6987 norm_pos=0.6748 norm_neg=nan gap=nan throughput=8.39 samples/s time=7.63s gpu=0.05/21.14GB rss=6.31GB
rank=0 batch=2/57 microbatch=32 effective_global_batch=128 loss=0.6876 norm_pos=0.6639 norm_neg=nan gap=nan grad_norm=3.3103 throughput=7.96 samples/s time=8.04s
rank=0 batch=3/57 microbatch=32 effective_global_batch=128 loss=0.6723 norm_pos=0.6483 norm_neg=nan gap=nan throughput=8.56 samples/s time=7.47s
rank=0 batch=4/57 microbatch=32 effective_global_batch=128 loss=0.6708 norm_pos=0.6468 norm_neg=nan gap=nan grad_norm=2.4762 throughput=8.48 samples/s time=7.55s
rank=0 batch=5/57 microbatch=32 effective_global_batch=128 loss=0.7258 norm_pos=0.7017 norm_neg=nan gap=nan throughput=8.43 samples/s time=7.59s
rank=0 batch=6/57 microbatch=32 effective_global_batch=128 loss=0.6776 norm_pos=0.6539 norm_neg=nan gap=nan grad_norm=2.4687 throughput=8.36 samples/s time=7.66s
rank=0 batch=7/57 microbatch=32 effective_global_batch=128 loss=0.6932 norm_pos=0.6694 norm_neg=nan gap=nan throughput=8.04 samples/s time=7.96s
rank=0 batch=8/57 microbatch=32 effective_global_batch=128 loss=0.7047 norm_pos=0.6811 norm_neg=nan gap=nan grad_norm=2.2031 throughput=8.29 samples/s time=7.72s
rank=0 batch=9/57 microbatch=32 effective_global_batch=128 loss=0.6663 norm_pos=0.6421 norm_neg=nan gap=nan throughput=8.50 samples/s time=7.53s
rank=0 batch=10/57 microbatch=32 effective_global_batch=128 loss=0.7056 norm_pos=0.6815 norm_neg=nan gap=nan grad_norm=3.1766 throughput=8.52 samples/s time=7.51s
rank=0 batch=11/57 microbatch=32 effective_global_batch=128 loss=0.6693 norm_pos=0.6454 norm_neg=nan gap=nan throughput=8.43 samples/s time=7.59s
rank=0 batch=12/57 microbatch=32 effective_global_batch=128 loss=0.6922 norm_pos=0.6680 norm_neg=nan gap=nan grad_norm=3.0627 throughput=7.86 samples/s time=8.15s
rank=0 batch=13/57 microbatch=32 effective_global_batch=128 loss=0.6439 norm_pos=0.6197 norm_neg=nan gap=nan throughput=8.72 samples/s time=7.34s
rank=0 batch=14/57 microbatch=32 effective_global_batch=128 loss=0.6680 norm_pos=0.6439 norm_neg=nan gap=nan grad_norm=2.5127 throughput=8.09 samples/s time=7.91s
rank=0 batch=15/57 microbatch=32 effective_global_batch=128 loss=0.6764 norm_pos=0.6525 norm_neg=nan gap=nan throughput=8.45 samples/s time=7.58s
rank=0 batch=16/57 microbatch=32 effective_global_batch=128 loss=0.6736 norm_pos=0.6496 norm_neg=nan gap=nan grad_norm=2.5127 throughput=8.02 samples/s time=7.98s
rank=0 batch=17/57 microbatch=32 effective_global_batch=128 loss=0.7138 norm_pos=0.6900 norm_neg=nan gap=nan throughput=8.50 samples/s time=7.53s
rank=0 batch=18/57 microbatch=32 effective_global_batch=128 loss=0.7017 norm_pos=0.6776 norm_neg=nan gap=nan grad_norm=2.3955 throughput=8.34 samples/s time=7.67s
rank=0 batch=19/57 microbatch=32 effective_global_batch=128 loss=0.7083 norm_pos=0.6842 norm_neg=nan gap=nan throughput=8.77 samples/s time=7.30s
rank=0 batch=20/57 microbatch=32 effective_global_batch=128 loss=0.7088 norm_pos=0.6851 norm_neg=nan gap=nan grad_norm=3.9965 throughput=8.44 samples/s time=7.58s
rank=0 batch=21/57 microbatch=32 effective_global_batch=128 loss=0.6442 norm_pos=0.6203 norm_neg=nan gap=nan throughput=8.29 samples/s time=7.72s
rank=0 batch=22/57 microbatch=32 effective_global_batch=128 loss=0.7171 norm_pos=0.6935 norm_neg=nan gap=nan grad_norm=2.8824 throughput=8.39 samples/s time=7.63s
rank=0 batch=23/57 microbatch=32 effective_global_batch=128 loss=0.6741 norm_pos=0.6502 norm_neg=nan gap=nan throughput=8.64 samples/s time=7.41s
rank=0 batch=24/57 microbatch=32 effective_global_batch=128 loss=0.6959 norm_pos=0.6721 norm_neg=nan gap=nan grad_norm=1.5750 throughput=8.48 samples/s time=7.55s
rank=0 batch=25/57 microbatch=32 effective_global_batch=128 loss=0.7043 norm_pos=0.6802 norm_neg=nan gap=nan throughput=8.30 samples/s time=7.71s gpu=0.05/21.14GB rss=6.43GB
rank=0 batch=26/57 microbatch=32 effective_global_batch=128 loss=0.6636 norm_pos=0.6396 norm_neg=nan gap=nan grad_norm=3.2635 throughput=8.11 samples/s time=7.89s
rank=0 batch=27/57 microbatch=32 effective_global_batch=128 loss=0.7029 norm_pos=0.6791 norm_neg=nan gap=nan throughput=8.48 samples/s time=7.55s
rank=0 batch=28/57 microbatch=32 effective_global_batch=128 loss=0.6558 norm_pos=0.6319 norm_neg=nan gap=nan grad_norm=2.6264 throughput=8.50 samples/s time=7.53s
rank=0 batch=29/57 microbatch=32 effective_global_batch=128 loss=0.6462 norm_pos=0.6222 norm_neg=nan gap=nan throughput=8.87 samples/s time=7.21s
rank=0 batch=30/57 microbatch=32 effective_global_batch=128 loss=0.6747 norm_pos=0.6511 norm_neg=nan gap=nan grad_norm=2.3050 throughput=7.88 samples/s time=8.12s
rank=0 batch=31/57 microbatch=32 effective_global_batch=128 loss=0.6734 norm_pos=0.6496 norm_neg=nan gap=nan throughput=8.57 samples/s time=7.47s
rank=0 batch=32/57 microbatch=32 effective_global_batch=128 loss=0.6968 norm_pos=0.6727 norm_neg=nan gap=nan grad_norm=2.1802 throughput=8.59 samples/s time=7.45s
rank=0 batch=33/57 microbatch=32 effective_global_batch=128 loss=0.7347 norm_pos=0.7105 norm_neg=nan gap=nan throughput=8.65 samples/s time=7.39s
rank=0 batch=34/57 microbatch=32 effective_global_batch=128 loss=0.6782 norm_pos=0.6544 norm_neg=nan gap=nan grad_norm=2.3605 throughput=8.38 samples/s time=7.63s
rank=0 batch=35/57 microbatch=32 effective_global_batch=128 loss=0.6991 norm_pos=0.6749 norm_neg=nan gap=nan throughput=8.14 samples/s time=7.86s
rank=0 batch=36/57 microbatch=32 effective_global_batch=128 loss=0.6906 norm_pos=0.6668 norm_neg=nan gap=nan grad_norm=1.7067 throughput=8.28 samples/s time=7.73s
rank=0 batch=37/57 microbatch=32 effective_global_batch=128 loss=0.6391 norm_pos=0.6157 norm_neg=nan gap=nan throughput=8.54 samples/s time=7.49s
rank=0 batch=38/57 microbatch=32 effective_global_batch=128 loss=0.6885 norm_pos=0.6647 norm_neg=nan gap=nan grad_norm=1.4365 throughput=8.21 samples/s time=7.80s
rank=0 batch=39/57 microbatch=32 effective_global_batch=128 loss=0.6838 norm_pos=0.6595 norm_neg=nan gap=nan throughput=8.09 samples/s time=7.91s
rank=0 batch=40/57 microbatch=32 effective_global_batch=128 loss=0.7152 norm_pos=0.6912 norm_neg=nan gap=nan grad_norm=2.5569 throughput=8.28 samples/s time=7.73s
rank=0 batch=41/57 microbatch=32 effective_global_batch=128 loss=0.6729 norm_pos=0.6495 norm_neg=nan gap=nan throughput=8.58 samples/s time=7.46s
rank=0 batch=42/57 microbatch=32 effective_global_batch=128 loss=0.6918 norm_pos=0.6681 norm_neg=nan gap=nan grad_norm=2.5416 throughput=8.40 samples/s time=7.62s
rank=0 batch=43/57 microbatch=32 effective_global_batch=128 loss=0.7107 norm_pos=0.6870 norm_neg=nan gap=nan throughput=8.78 samples/s time=7.29s
rank=0 batch=44/57 microbatch=32 effective_global_batch=128 loss=0.7001 norm_pos=0.6765 norm_neg=nan gap=nan grad_norm=2.1737 throughput=7.94 samples/s time=8.06s
rank=0 batch=45/57 microbatch=32 effective_global_batch=128 loss=0.6834 norm_pos=0.6596 norm_neg=nan gap=nan throughput=8.56 samples/s time=7.48s
rank=0 batch=46/57 microbatch=32 effective_global_batch=128 loss=0.7115 norm_pos=0.6876 norm_neg=nan gap=nan grad_norm=3.4062 throughput=8.36 samples/s time=7.65s
rank=0 batch=47/57 microbatch=32 effective_global_batch=128 loss=0.6950 norm_pos=0.6706 norm_neg=nan gap=nan throughput=8.45 samples/s time=7.57s
rank=0 batch=48/57 microbatch=32 effective_global_batch=128 loss=0.7059 norm_pos=0.6821 norm_neg=nan gap=nan grad_norm=3.3467 throughput=8.46 samples/s time=7.57s
rank=0 batch=49/57 microbatch=32 effective_global_batch=128 loss=0.6835 norm_pos=0.6598 norm_neg=nan gap=nan throughput=8.13 samples/s time=7.87s
rank=0 batch=50/57 microbatch=32 effective_global_batch=128 loss=0.6822 norm_pos=0.6589 norm_neg=nan gap=nan grad_norm=1.9632 throughput=8.46 samples/s time=7.57s gpu=0.04/21.14GB rss=6.47GB
rank=0 batch=51/57 microbatch=32 effective_global_batch=128 loss=0.7058 norm_pos=0.6822 norm_neg=nan gap=nan throughput=8.55 samples/s time=7.49s
rank=0 batch=52/57 microbatch=32 effective_global_batch=128 loss=0.7007 norm_pos=0.6770 norm_neg=nan gap=nan grad_norm=2.6919 throughput=8.37 samples/s time=7.64s
rank=0 batch=53/57 microbatch=32 effective_global_batch=128 loss=0.6748 norm_pos=0.6512 norm_neg=nan gap=nan throughput=8.09 samples/s time=7.91s
rank=0 batch=54/57 microbatch=32 effective_global_batch=128 loss=0.6688 norm_pos=0.6450 norm_neg=nan gap=nan grad_norm=2.7188 throughput=8.35 samples/s time=7.66s
rank=0 batch=55/57 microbatch=32 effective_global_batch=128 loss=0.6957 norm_pos=0.6719 norm_neg=nan gap=nan throughput=8.49 samples/s time=7.54s
rank=0 batch=56/57 microbatch=32 effective_global_batch=128 loss=0.6778 norm_pos=0.6540 norm_neg=nan gap=nan grad_norm=2.1185 throughput=8.70 samples/s time=7.36s
rank=0 batch=57/57 microbatch=8 effective_global_batch=32 loss=0.7472 norm_pos=0.7230 norm_neg=nan gap=nan grad_norm=2.0088 throughput=8.04 samples/s time=1.99s
epoch=16 train_loss=0.6903 val_loss=0.7029 elapsed=498.1s
epoch=17/20 world_size=2
wandb: WARNING Tried to log to step 16 that is less than the current step 17. Steps must be monotonically increasing, so this data will be ignored. See https://wandb.me/define-metric to log data out of order.
rank=0 batch=1/57 microbatch=32 effective_global_batch=128 loss=0.6528 norm_pos=0.6287 norm_neg=nan gap=nan throughput=8.48 samples/s time=7.55s gpu=0.05/21.14GB rss=6.39GB
rank=0 batch=2/57 microbatch=32 effective_global_batch=128 loss=0.6924 norm_pos=0.6684 norm_neg=nan gap=nan grad_norm=3.0102 throughput=8.15 samples/s time=7.85s
rank=0 batch=3/57 microbatch=32 effective_global_batch=128 loss=0.7091 norm_pos=0.6854 norm_neg=nan gap=nan throughput=8.65 samples/s time=7.40s
rank=0 batch=4/57 microbatch=32 effective_global_batch=128 loss=0.6660 norm_pos=0.6417 norm_neg=nan gap=nan grad_norm=1.7963 throughput=8.58 samples/s time=7.46s
rank=0 batch=5/57 microbatch=32 effective_global_batch=128 loss=0.6597 norm_pos=0.6360 norm_neg=nan gap=nan throughput=8.81 samples/s time=7.27s
rank=0 batch=6/57 microbatch=32 effective_global_batch=128 loss=0.6973 norm_pos=0.6733 norm_neg=nan gap=nan grad_norm=3.4023 throughput=8.58 samples/s time=7.46s
rank=0 batch=7/57 microbatch=32 effective_global_batch=128 loss=0.6821 norm_pos=0.6584 norm_neg=nan gap=nan throughput=8.14 samples/s time=7.86s
rank=0 batch=8/57 microbatch=32 effective_global_batch=128 loss=0.6791 norm_pos=0.6559 norm_neg=nan gap=nan grad_norm=3.0592 throughput=8.40 samples/s time=7.62s
rank=0 batch=9/57 microbatch=32 effective_global_batch=128 loss=0.7328 norm_pos=0.7086 norm_neg=nan gap=nan throughput=8.77 samples/s time=7.30s
rank=0 batch=10/57 microbatch=32 effective_global_batch=128 loss=0.6961 norm_pos=0.6722 norm_neg=nan gap=nan grad_norm=2.3442 throughput=8.26 samples/s time=7.75s
rank=0 batch=11/57 microbatch=32 effective_global_batch=128 loss=0.6841 norm_pos=0.6600 norm_neg=nan gap=nan throughput=8.11 samples/s time=7.89s
rank=0 batch=12/57 microbatch=32 effective_global_batch=128 loss=0.6519 norm_pos=0.6285 norm_neg=nan gap=nan grad_norm=1.8373 throughput=8.44 samples/s time=7.59s
rank=0 batch=13/57 microbatch=32 effective_global_batch=128 loss=0.6376 norm_pos=0.6136 norm_neg=nan gap=nan throughput=8.41 samples/s time=7.61s
rank=0 batch=14/57 microbatch=32 effective_global_batch=128 loss=0.7015 norm_pos=0.6779 norm_neg=nan gap=nan grad_norm=1.5989 throughput=8.51 samples/s time=7.52s
rank=0 batch=15/57 microbatch=32 effective_global_batch=128 loss=0.6902 norm_pos=0.6666 norm_neg=nan gap=nan throughput=8.30 samples/s time=7.71s
rank=0 batch=16/57 microbatch=32 effective_global_batch=128 loss=0.7280 norm_pos=0.7040 norm_neg=nan gap=nan grad_norm=1.6645 throughput=7.66 samples/s time=8.35s
rank=0 batch=17/57 microbatch=32 effective_global_batch=128 loss=0.6811 norm_pos=0.6569 norm_neg=nan gap=nan throughput=8.50 samples/s time=7.53s
rank=0 batch=18/57 microbatch=32 effective_global_batch=128 loss=0.6806 norm_pos=0.6564 norm_neg=nan gap=nan grad_norm=1.8063 throughput=8.36 samples/s time=7.66s
rank=0 batch=19/57 microbatch=32 effective_global_batch=128 loss=0.6846 norm_pos=0.6606 norm_neg=nan gap=nan throughput=8.44 samples/s time=7.58s
rank=0 batch=20/57 microbatch=32 effective_global_batch=128 loss=0.7464 norm_pos=0.7230 norm_neg=nan gap=nan grad_norm=1.2853 throughput=8.14 samples/s time=7.86s
rank=0 batch=21/57 microbatch=32 effective_global_batch=128 loss=0.6354 norm_pos=0.6114 norm_neg=nan gap=nan throughput=8.23 samples/s time=7.77s
rank=0 batch=22/57 microbatch=32 effective_global_batch=128 loss=0.6770 norm_pos=0.6530 norm_neg=nan gap=nan grad_norm=1.7135 throughput=8.45 samples/s time=7.57s
rank=0 batch=23/57 microbatch=32 effective_global_batch=128 loss=0.7169 norm_pos=0.6930 norm_neg=nan gap=nan throughput=8.41 samples/s time=7.61s
rank=0 batch=24/57 microbatch=32 effective_global_batch=128 loss=0.6225 norm_pos=0.5987 norm_neg=nan gap=nan grad_norm=1.9125 throughput=8.49 samples/s time=7.54s
rank=0 batch=25/57 microbatch=32 effective_global_batch=128 loss=0.7233 norm_pos=0.6992 norm_neg=nan gap=nan throughput=8.30 samples/s time=7.71s gpu=0.05/21.14GB rss=6.41GB
rank=0 batch=26/57 microbatch=32 effective_global_batch=128 loss=0.7002 norm_pos=0.6765 norm_neg=nan gap=nan grad_norm=2.2869 throughput=8.42 samples/s time=7.60s
rank=0 batch=27/57 microbatch=32 effective_global_batch=128 loss=0.6771 norm_pos=0.6530 norm_neg=nan gap=nan throughput=8.43 samples/s time=7.59s
rank=0 batch=28/57 microbatch=32 effective_global_batch=128 loss=0.7122 norm_pos=0.6885 norm_neg=nan gap=nan grad_norm=1.9292 throughput=8.50 samples/s time=7.53s
rank=0 batch=29/57 microbatch=32 effective_global_batch=128 loss=0.6893 norm_pos=0.6655 norm_neg=nan gap=nan throughput=8.49 samples/s time=7.53s
rank=0 batch=30/57 microbatch=32 effective_global_batch=128 loss=0.6945 norm_pos=0.6707 norm_neg=nan gap=nan grad_norm=1.9868 throughput=7.98 samples/s time=8.02s
rank=0 batch=31/57 microbatch=32 effective_global_batch=128 loss=0.6866 norm_pos=0.6630 norm_neg=nan gap=nan throughput=8.44 samples/s time=7.58s
rank=0 batch=32/57 microbatch=32 effective_global_batch=128 loss=0.6838 norm_pos=0.6601 norm_neg=nan gap=nan grad_norm=1.9900 throughput=8.28 samples/s time=7.73s
rank=0 batch=33/57 microbatch=32 effective_global_batch=128 loss=0.6868 norm_pos=0.6630 norm_neg=nan gap=nan throughput=8.66 samples/s time=7.39s
rank=0 batch=34/57 microbatch=32 effective_global_batch=128 loss=0.6743 norm_pos=0.6506 norm_neg=nan gap=nan grad_norm=2.3527 throughput=7.97 samples/s time=8.03s
rank=0 batch=35/57 microbatch=32 effective_global_batch=128 loss=0.6700 norm_pos=0.6464 norm_neg=nan gap=nan throughput=8.74 samples/s time=7.32s
rank=0 batch=36/57 microbatch=32 effective_global_batch=128 loss=0.6867 norm_pos=0.6629 norm_neg=nan gap=nan grad_norm=3.6039 throughput=8.40 samples/s time=7.62s
rank=0 batch=37/57 microbatch=32 effective_global_batch=128 loss=0.6824 norm_pos=0.6587 norm_neg=nan gap=nan throughput=8.68 samples/s time=7.38s
rank=0 batch=38/57 microbatch=32 effective_global_batch=128 loss=0.6923 norm_pos=0.6684 norm_neg=nan gap=nan grad_norm=1.7360 throughput=8.42 samples/s time=7.60s
rank=0 batch=39/57 microbatch=32 effective_global_batch=128 loss=0.7273 norm_pos=0.7036 norm_neg=nan gap=nan throughput=8.02 samples/s time=7.98s
rank=0 batch=40/57 microbatch=32 effective_global_batch=128 loss=0.6837 norm_pos=0.6602 norm_neg=nan gap=nan grad_norm=2.4729 throughput=8.36 samples/s time=7.66s
rank=0 batch=41/57 microbatch=32 effective_global_batch=128 loss=0.6796 norm_pos=0.6557 norm_neg=nan gap=nan throughput=8.62 samples/s time=7.42s
rank=0 batch=42/57 microbatch=32 effective_global_batch=128 loss=0.6696 norm_pos=0.6455 norm_neg=nan gap=nan grad_norm=3.5024 throughput=8.28 samples/s time=7.73s
rank=0 batch=43/57 microbatch=32 effective_global_batch=128 loss=0.6210 norm_pos=0.5975 norm_neg=nan gap=nan throughput=8.09 samples/s time=7.92s
rank=0 batch=44/57 microbatch=32 effective_global_batch=128 loss=0.7366 norm_pos=0.7127 norm_neg=nan gap=nan grad_norm=2.0159 throughput=7.22 samples/s time=8.86s
rank=0 batch=45/57 microbatch=32 effective_global_batch=128 loss=0.6726 norm_pos=0.6487 norm_neg=nan gap=nan throughput=7.50 samples/s time=8.54s
rank=0 batch=46/57 microbatch=32 effective_global_batch=128 loss=0.6573 norm_pos=0.6337 norm_neg=nan gap=nan grad_norm=2.7379 throughput=7.52 samples/s time=8.51s
rank=0 batch=47/57 microbatch=32 effective_global_batch=128 loss=0.6821 norm_pos=0.6585 norm_neg=nan gap=nan throughput=7.81 samples/s time=8.20s
rank=0 batch=48/57 microbatch=32 effective_global_batch=128 loss=0.6619 norm_pos=0.6383 norm_neg=nan gap=nan grad_norm=3.3414 throughput=7.01 samples/s time=9.13s
rank=0 batch=49/57 microbatch=32 effective_global_batch=128 loss=0.6784 norm_pos=0.6548 norm_neg=nan gap=nan throughput=8.06 samples/s time=7.94s
rank=0 batch=50/57 microbatch=32 effective_global_batch=128 loss=0.6453 norm_pos=0.6219 norm_neg=nan gap=nan grad_norm=2.0281 throughput=7.37 samples/s time=8.68s gpu=0.04/21.14GB rss=6.44GB
rank=0 batch=51/57 microbatch=32 effective_global_batch=128 loss=0.6712 norm_pos=0.6476 norm_neg=nan gap=nan throughput=7.80 samples/s time=8.21s
rank=0 batch=52/57 microbatch=32 effective_global_batch=128 loss=0.6510 norm_pos=0.6272 norm_neg=nan gap=nan grad_norm=2.2305 throughput=7.06 samples/s time=9.06s
rank=0 batch=53/57 microbatch=32 effective_global_batch=128 loss=0.6653 norm_pos=0.6416 norm_neg=nan gap=nan throughput=7.46 samples/s time=8.58s
rank=0 batch=54/57 microbatch=32 effective_global_batch=128 loss=0.6446 norm_pos=0.6212 norm_neg=nan gap=nan grad_norm=3.2544 throughput=8.46 samples/s time=7.57s
rank=0 batch=55/57 microbatch=32 effective_global_batch=128 loss=0.6294 norm_pos=0.6057 norm_neg=nan gap=nan throughput=8.58 samples/s time=7.46s
rank=0 batch=56/57 microbatch=32 effective_global_batch=128 loss=0.7092 norm_pos=0.6857 norm_neg=nan gap=nan grad_norm=2.4170 throughput=8.47 samples/s time=7.55s
rank=0 batch=57/57 microbatch=8 effective_global_batch=32 loss=0.6674 norm_pos=0.6442 norm_neg=nan gap=nan grad_norm=1.4431 throughput=7.28 samples/s time=2.20s
epoch=17 train_loss=0.6821 val_loss=0.6967 elapsed=507.3s
epoch=18/20 world_size=2
wandb: WARNING Tried to log to step 17 that is less than the current step 18. Steps must be monotonically increasing, so this data will be ignored. See https://wandb.me/define-metric to log data out of order.
rank=0 batch=1/57 microbatch=32 effective_global_batch=128 loss=0.6780 norm_pos=0.6544 norm_neg=nan gap=nan throughput=7.85 samples/s time=8.16s gpu=0.05/21.14GB rss=6.39GB
rank=0 batch=2/57 microbatch=32 effective_global_batch=128 loss=0.6707 norm_pos=0.6471 norm_neg=nan gap=nan grad_norm=4.0721 throughput=8.53 samples/s time=7.51s
rank=0 batch=3/57 microbatch=32 effective_global_batch=128 loss=0.6651 norm_pos=0.6414 norm_neg=nan gap=nan throughput=8.65 samples/s time=7.40s
rank=0 batch=4/57 microbatch=32 effective_global_batch=128 loss=0.7225 norm_pos=0.6986 norm_neg=nan gap=nan grad_norm=4.0990 throughput=8.53 samples/s time=7.50s
rank=0 batch=5/57 microbatch=32 effective_global_batch=128 loss=0.6633 norm_pos=0.6393 norm_neg=nan gap=nan throughput=8.56 samples/s time=7.48s
rank=0 batch=6/57 microbatch=32 effective_global_batch=128 loss=0.6328 norm_pos=0.6090 norm_neg=nan gap=nan grad_norm=3.5009 throughput=7.76 samples/s time=8.25s
rank=0 batch=7/57 microbatch=32 effective_global_batch=128 loss=0.6477 norm_pos=0.6240 norm_neg=nan gap=nan throughput=8.67 samples/s time=7.38s
rank=0 batch=8/57 microbatch=32 effective_global_batch=128 loss=0.6767 norm_pos=0.6532 norm_neg=nan gap=nan grad_norm=1.6937 throughput=8.41 samples/s time=7.61s
rank=0 batch=9/57 microbatch=32 effective_global_batch=128 loss=0.6638 norm_pos=0.6399 norm_neg=nan gap=nan throughput=8.81 samples/s time=7.26s
rank=0 batch=10/57 microbatch=32 effective_global_batch=128 loss=0.6378 norm_pos=0.6141 norm_neg=nan gap=nan grad_norm=2.0776 throughput=8.08 samples/s time=7.92s
rank=0 batch=11/57 microbatch=32 effective_global_batch=128 loss=0.6827 norm_pos=0.6589 norm_neg=nan gap=nan throughput=8.16 samples/s time=7.84s
rank=0 batch=12/57 microbatch=32 effective_global_batch=128 loss=0.6966 norm_pos=0.6727 norm_neg=nan gap=nan grad_norm=3.1096 throughput=8.52 samples/s time=7.51s
rank=0 batch=13/57 microbatch=32 effective_global_batch=128 loss=0.6807 norm_pos=0.6568 norm_neg=nan gap=nan throughput=8.28 samples/s time=7.73s
rank=0 batch=14/57 microbatch=32 effective_global_batch=128 loss=0.6935 norm_pos=0.6698 norm_neg=nan gap=nan grad_norm=2.4127 throughput=8.53 samples/s time=7.50s
rank=0 batch=15/57 microbatch=32 effective_global_batch=128 loss=0.6618 norm_pos=0.6381 norm_neg=nan gap=nan throughput=8.04 samples/s time=7.96s
rank=0 batch=16/57 microbatch=32 effective_global_batch=128 loss=0.6993 norm_pos=0.6756 norm_neg=nan gap=nan grad_norm=1.9632 throughput=8.30 samples/s time=7.71s
rank=0 batch=17/57 microbatch=32 effective_global_batch=128 loss=0.7218 norm_pos=0.6978 norm_neg=nan gap=nan throughput=8.79 samples/s time=7.28s
rank=0 batch=18/57 microbatch=32 effective_global_batch=128 loss=0.6591 norm_pos=0.6354 norm_neg=nan gap=nan grad_norm=3.0825 throughput=8.20 samples/s time=7.81s
rank=0 batch=19/57 microbatch=32 effective_global_batch=128 loss=0.6791 norm_pos=0.6554 norm_neg=nan gap=nan throughput=8.49 samples/s time=7.53s
rank=0 batch=20/57 microbatch=32 effective_global_batch=128 loss=0.6749 norm_pos=0.6513 norm_neg=nan gap=nan grad_norm=2.4610 throughput=7.78 samples/s time=8.23s
rank=0 batch=21/57 microbatch=32 effective_global_batch=128 loss=0.6604 norm_pos=0.6366 norm_neg=nan gap=nan throughput=8.40 samples/s time=7.62s
rank=0 batch=22/57 microbatch=32 effective_global_batch=128 loss=0.6661 norm_pos=0.6424 norm_neg=nan gap=nan grad_norm=2.4418 throughput=8.52 samples/s time=7.51s
rank=0 batch=23/57 microbatch=32 effective_global_batch=128 loss=0.6946 norm_pos=0.6708 norm_neg=nan gap=nan throughput=8.43 samples/s time=7.59s
rank=0 batch=24/57 microbatch=32 effective_global_batch=128 loss=0.7096 norm_pos=0.6861 norm_neg=nan gap=nan grad_norm=1.5970 throughput=8.44 samples/s time=7.58s
rank=0 batch=25/57 microbatch=32 effective_global_batch=128 loss=0.6841 norm_pos=0.6605 norm_neg=nan gap=nan throughput=8.02 samples/s time=7.98s gpu=0.05/21.14GB rss=6.43GB
rank=0 batch=26/57 microbatch=32 effective_global_batch=128 loss=0.6510 norm_pos=0.6272 norm_neg=nan gap=nan grad_norm=3.0576 throughput=8.45 samples/s time=7.58s
rank=0 batch=27/57 microbatch=32 effective_global_batch=128 loss=0.6350 norm_pos=0.6111 norm_neg=nan gap=nan throughput=8.60 samples/s time=7.45s
rank=0 batch=28/57 microbatch=32 effective_global_batch=128 loss=0.7209 norm_pos=0.6971 norm_neg=nan gap=nan grad_norm=2.4353 throughput=8.38 samples/s time=7.64s
rank=0 batch=29/57 microbatch=32 effective_global_batch=128 loss=0.6596 norm_pos=0.6361 norm_neg=nan gap=nan throughput=8.34 samples/s time=7.67s
rank=0 batch=30/57 microbatch=32 effective_global_batch=128 loss=0.6765 norm_pos=0.6525 norm_neg=nan gap=nan grad_norm=1.7513 throughput=8.20 samples/s time=7.81s
rank=0 batch=31/57 microbatch=32 effective_global_batch=128 loss=0.7180 norm_pos=0.6944 norm_neg=nan gap=nan throughput=8.52 samples/s time=7.51s
rank=0 batch=32/57 microbatch=32 effective_global_batch=128 loss=0.6690 norm_pos=0.6453 norm_neg=nan gap=nan grad_norm=1.6503 throughput=8.24 samples/s time=7.77s
rank=0 batch=33/57 microbatch=32 effective_global_batch=128 loss=0.6938 norm_pos=0.6700 norm_neg=nan gap=nan throughput=8.51 samples/s time=7.52s
rank=0 batch=34/57 microbatch=32 effective_global_batch=128 loss=0.6993 norm_pos=0.6754 norm_neg=nan gap=nan grad_norm=2.3231 throughput=7.89 samples/s time=8.12s
rank=0 batch=35/57 microbatch=32 effective_global_batch=128 loss=0.6754 norm_pos=0.6515 norm_neg=nan gap=nan throughput=8.44 samples/s time=7.58s
rank=0 batch=36/57 microbatch=32 effective_global_batch=128 loss=0.6822 norm_pos=0.6589 norm_neg=nan gap=nan grad_norm=2.4086 throughput=8.37 samples/s time=7.64s
rank=0 batch=37/57 microbatch=32 effective_global_batch=128 loss=0.7088 norm_pos=0.6850 norm_neg=nan gap=nan throughput=8.59 samples/s time=7.45s
rank=0 batch=38/57 microbatch=32 effective_global_batch=128 loss=0.6728 norm_pos=0.6491 norm_neg=nan gap=nan grad_norm=1.6713 throughput=8.38 samples/s time=7.64s
rank=0 batch=39/57 microbatch=32 effective_global_batch=128 loss=0.7122 norm_pos=0.6887 norm_neg=nan gap=nan throughput=7.85 samples/s time=8.15s
rank=0 batch=40/57 microbatch=32 effective_global_batch=128 loss=0.6570 norm_pos=0.6335 norm_neg=nan gap=nan grad_norm=2.2839 throughput=7.89 samples/s time=8.11s
rank=0 batch=41/57 microbatch=32 effective_global_batch=128 loss=0.6795 norm_pos=0.6556 norm_neg=nan gap=nan throughput=8.58 samples/s time=7.46s
rank=0 batch=42/57 microbatch=32 effective_global_batch=128 loss=0.7002 norm_pos=0.6768 norm_neg=nan gap=nan grad_norm=2.1909 throughput=8.43 samples/s time=7.59s
rank=0 batch=43/57 microbatch=32 effective_global_batch=128 loss=0.7067 norm_pos=0.6825 norm_neg=nan gap=nan throughput=8.42 samples/s time=7.60s
rank=0 batch=44/57 microbatch=32 effective_global_batch=128 loss=0.6741 norm_pos=0.6503 norm_neg=nan gap=nan grad_norm=1.4593 throughput=8.02 samples/s time=7.98s
rank=0 batch=45/57 microbatch=32 effective_global_batch=128 loss=0.6685 norm_pos=0.6453 norm_neg=nan gap=nan throughput=8.27 samples/s time=7.74s
rank=0 batch=46/57 microbatch=32 effective_global_batch=128 loss=0.6699 norm_pos=0.6464 norm_neg=nan gap=nan grad_norm=1.2290 throughput=8.32 samples/s time=7.70s
rank=0 batch=47/57 microbatch=32 effective_global_batch=128 loss=0.7077 norm_pos=0.6843 norm_neg=nan gap=nan throughput=8.46 samples/s time=7.57s
rank=0 batch=48/57 microbatch=32 effective_global_batch=128 loss=0.6726 norm_pos=0.6489 norm_neg=nan gap=nan grad_norm=1.2971 throughput=8.46 samples/s time=7.57s
rank=0 batch=49/57 microbatch=32 effective_global_batch=128 loss=0.6979 norm_pos=0.6742 norm_neg=nan gap=nan throughput=7.96 samples/s time=8.04s
rank=0 batch=50/57 microbatch=32 effective_global_batch=128 loss=0.7037 norm_pos=0.6799 norm_neg=nan gap=nan grad_norm=1.3559 throughput=8.54 samples/s time=7.49s gpu=0.04/21.14GB rss=6.47GB
rank=0 batch=51/57 microbatch=32 effective_global_batch=128 loss=0.6778 norm_pos=0.6538 norm_neg=nan gap=nan throughput=8.38 samples/s time=7.64s
rank=0 batch=52/57 microbatch=32 effective_global_batch=128 loss=0.6982 norm_pos=0.6744 norm_neg=nan gap=nan grad_norm=1.4118 throughput=8.42 samples/s time=7.60s
rank=0 batch=53/57 microbatch=32 effective_global_batch=128 loss=0.6878 norm_pos=0.6640 norm_neg=nan gap=nan throughput=8.50 samples/s time=7.53s
rank=0 batch=54/57 microbatch=32 effective_global_batch=128 loss=0.7448 norm_pos=0.7208 norm_neg=nan gap=nan grad_norm=1.0165 throughput=7.86 samples/s time=8.14s
rank=0 batch=55/57 microbatch=32 effective_global_batch=128 loss=0.6505 norm_pos=0.6269 norm_neg=nan gap=nan throughput=8.43 samples/s time=7.59s
rank=0 batch=56/57 microbatch=32 effective_global_batch=128 loss=0.7450 norm_pos=0.7213 norm_neg=nan gap=nan grad_norm=2.1368 throughput=8.45 samples/s time=7.57s
rank=0 batch=57/57 microbatch=8 effective_global_batch=32 loss=0.5975 norm_pos=0.5736 norm_neg=nan gap=nan grad_norm=1.8571 throughput=8.46 samples/s time=1.89s
epoch=18 train_loss=0.6767 val_loss=0.6920 elapsed=501.5s
epoch=19/20 world_size=2
wandb: WARNING Tried to log to step 18 that is less than the current step 19. Steps must be monotonically increasing, so this data will be ignored. See https://wandb.me/define-metric to log data out of order.
rank=0 batch=1/57 microbatch=32 effective_global_batch=128 loss=0.6492 norm_pos=0.6250 norm_neg=nan gap=nan throughput=8.72 samples/s time=7.34s gpu=0.05/21.14GB rss=6.39GB
rank=0 batch=2/57 microbatch=32 effective_global_batch=128 loss=0.6508 norm_pos=0.6272 norm_neg=nan gap=nan grad_norm=1.7406 throughput=8.47 samples/s time=7.55s
rank=0 batch=3/57 microbatch=32 effective_global_batch=128 loss=0.6809 norm_pos=0.6570 norm_neg=nan gap=nan throughput=8.36 samples/s time=7.65s
rank=0 batch=4/57 microbatch=32 effective_global_batch=128 loss=0.6712 norm_pos=0.6474 norm_neg=nan gap=nan grad_norm=1.6816 throughput=8.14 samples/s time=7.86s
rank=0 batch=5/57 microbatch=32 effective_global_batch=128 loss=0.6961 norm_pos=0.6723 norm_neg=nan gap=nan throughput=8.42 samples/s time=7.60s
rank=0 batch=6/57 microbatch=32 effective_global_batch=128 loss=0.6898 norm_pos=0.6661 norm_neg=nan gap=nan grad_norm=1.3009 throughput=8.50 samples/s time=7.53s
rank=0 batch=7/57 microbatch=32 effective_global_batch=128 loss=0.6594 norm_pos=0.6361 norm_neg=nan gap=nan throughput=8.56 samples/s time=7.48s
rank=0 batch=8/57 microbatch=32 effective_global_batch=128 loss=0.6895 norm_pos=0.6659 norm_neg=nan gap=nan grad_norm=1.2285 throughput=7.90 samples/s time=8.10s
rank=0 batch=9/57 microbatch=32 effective_global_batch=128 loss=0.6003 norm_pos=0.5768 norm_neg=nan gap=nan throughput=8.45 samples/s time=7.57s
rank=0 batch=10/57 microbatch=32 effective_global_batch=128 loss=0.6578 norm_pos=0.6338 norm_neg=nan gap=nan grad_norm=1.4686 throughput=8.55 samples/s time=7.49s
rank=0 batch=11/57 microbatch=32 effective_global_batch=128 loss=0.6698 norm_pos=0.6464 norm_neg=nan gap=nan throughput=8.45 samples/s time=7.58s
rank=0 batch=12/57 microbatch=32 effective_global_batch=128 loss=0.7054 norm_pos=0.6818 norm_neg=nan gap=nan grad_norm=1.3733 throughput=8.34 samples/s time=7.67s
rank=0 batch=13/57 microbatch=32 effective_global_batch=128 loss=0.6320 norm_pos=0.6084 norm_neg=nan gap=nan throughput=7.90 samples/s time=8.10s
rank=0 batch=14/57 microbatch=32 effective_global_batch=128 loss=0.6719 norm_pos=0.6484 norm_neg=nan gap=nan grad_norm=1.6722 throughput=8.43 samples/s time=7.59s
rank=0 batch=15/57 microbatch=32 effective_global_batch=128 loss=0.6716 norm_pos=0.6478 norm_neg=nan gap=nan throughput=8.66 samples/s time=7.39s
rank=0 batch=16/57 microbatch=32 effective_global_batch=128 loss=0.7139 norm_pos=0.6900 norm_neg=nan gap=nan grad_norm=1.5032 throughput=8.46 samples/s time=7.57s
rank=0 batch=17/57 microbatch=32 effective_global_batch=128 loss=0.6690 norm_pos=0.6451 norm_neg=nan gap=nan throughput=8.65 samples/s time=7.40s
rank=0 batch=18/57 microbatch=32 effective_global_batch=128 loss=0.6763 norm_pos=0.6529 norm_neg=nan gap=nan grad_norm=1.1240 throughput=7.88 samples/s time=8.12s
rank=0 batch=19/57 microbatch=32 effective_global_batch=128 loss=0.6579 norm_pos=0.6342 norm_neg=nan gap=nan throughput=8.61 samples/s time=7.43s
rank=0 batch=20/57 microbatch=32 effective_global_batch=128 loss=0.6599 norm_pos=0.6359 norm_neg=nan gap=nan grad_norm=1.3481 throughput=8.28 samples/s time=7.73s
rank=0 batch=21/57 microbatch=32 effective_global_batch=128 loss=0.6985 norm_pos=0.6751 norm_neg=nan gap=nan throughput=8.59 samples/s time=7.45s
rank=0 batch=22/57 microbatch=32 effective_global_batch=128 loss=0.6986 norm_pos=0.6749 norm_neg=nan gap=nan grad_norm=2.5125 throughput=8.26 samples/s time=7.75s
rank=0 batch=23/57 microbatch=32 effective_global_batch=128 loss=0.6294 norm_pos=0.6057 norm_neg=nan gap=nan throughput=8.05 samples/s time=7.95s
rank=0 batch=24/57 microbatch=32 effective_global_batch=128 loss=0.7024 norm_pos=0.6788 norm_neg=nan gap=nan grad_norm=1.5463 throughput=8.43 samples/s time=7.59s
rank=0 batch=25/57 microbatch=32 effective_global_batch=128 loss=0.6515 norm_pos=0.6278 norm_neg=nan gap=nan throughput=8.36 samples/s time=7.66s gpu=0.05/21.14GB rss=6.41GB
rank=0 batch=26/57 microbatch=32 effective_global_batch=128 loss=0.6476 norm_pos=0.6243 norm_neg=nan gap=nan grad_norm=1.4701 throughput=8.53 samples/s time=7.50s
rank=0 batch=27/57 microbatch=32 effective_global_batch=128 loss=0.6789 norm_pos=0.6551 norm_neg=nan gap=nan throughput=8.01 samples/s time=7.99s
rank=0 batch=28/57 microbatch=32 effective_global_batch=128 loss=0.7013 norm_pos=0.6772 norm_neg=nan gap=nan grad_norm=1.4903 throughput=8.25 samples/s time=7.76s
rank=0 batch=29/57 microbatch=32 effective_global_batch=128 loss=0.6754 norm_pos=0.6517 norm_neg=nan gap=nan throughput=8.56 samples/s time=7.48s
rank=0 batch=30/57 microbatch=32 effective_global_batch=128 loss=0.6765 norm_pos=0.6526 norm_neg=nan gap=nan grad_norm=2.1160 throughput=8.54 samples/s time=7.49s
rank=0 batch=31/57 microbatch=32 effective_global_batch=128 loss=0.6870 norm_pos=0.6634 norm_neg=nan gap=nan throughput=8.58 samples/s time=7.46s
rank=0 batch=32/57 microbatch=32 effective_global_batch=128 loss=0.6663 norm_pos=0.6427 norm_neg=nan gap=nan grad_norm=1.9340 throughput=7.85 samples/s time=8.15s
rank=0 batch=33/57 microbatch=32 effective_global_batch=128 loss=0.6467 norm_pos=0.6231 norm_neg=nan gap=nan throughput=8.34 samples/s time=7.67s
rank=0 batch=34/57 microbatch=32 effective_global_batch=128 loss=0.6975 norm_pos=0.6737 norm_neg=nan gap=nan grad_norm=1.2168 throughput=8.40 samples/s time=7.62s
rank=0 batch=35/57 microbatch=32 effective_global_batch=128 loss=0.6653 norm_pos=0.6415 norm_neg=nan gap=nan throughput=8.33 samples/s time=7.69s
rank=0 batch=36/57 microbatch=32 effective_global_batch=128 loss=0.6955 norm_pos=0.6718 norm_neg=nan gap=nan grad_norm=1.6256 throughput=8.42 samples/s time=7.60s
rank=0 batch=37/57 microbatch=32 effective_global_batch=128 loss=0.6211 norm_pos=0.5977 norm_neg=nan gap=nan throughput=8.01 samples/s time=7.99s
rank=0 batch=38/57 microbatch=32 effective_global_batch=128 loss=0.7211 norm_pos=0.6977 norm_neg=nan gap=nan grad_norm=1.1560 throughput=8.48 samples/s time=7.55s
rank=0 batch=39/57 microbatch=32 effective_global_batch=128 loss=0.6956 norm_pos=0.6719 norm_neg=nan gap=nan throughput=8.45 samples/s time=7.57s
rank=0 batch=40/57 microbatch=32 effective_global_batch=128 loss=0.6612 norm_pos=0.6376 norm_neg=nan gap=nan grad_norm=1.6818 throughput=8.43 samples/s time=7.59s
rank=0 batch=41/57 microbatch=32 effective_global_batch=128 loss=0.6459 norm_pos=0.6221 norm_neg=nan gap=nan throughput=8.37 samples/s time=7.64s
rank=0 batch=42/57 microbatch=32 effective_global_batch=128 loss=0.6615 norm_pos=0.6377 norm_neg=nan gap=nan grad_norm=1.2648 throughput=8.13 samples/s time=7.87s
rank=0 batch=43/57 microbatch=32 effective_global_batch=128 loss=0.6934 norm_pos=0.6702 norm_neg=nan gap=nan throughput=8.37 samples/s time=7.64s
rank=0 batch=44/57 microbatch=32 effective_global_batch=128 loss=0.6725 norm_pos=0.6490 norm_neg=nan gap=nan grad_norm=1.4135 throughput=8.50 samples/s time=7.53s
rank=0 batch=45/57 microbatch=32 effective_global_batch=128 loss=0.7121 norm_pos=0.6883 norm_neg=nan gap=nan throughput=8.52 samples/s time=7.52s
rank=0 batch=46/57 microbatch=32 effective_global_batch=128 loss=0.6685 norm_pos=0.6448 norm_neg=nan gap=nan grad_norm=1.1177 throughput=8.01 samples/s time=7.99s
rank=0 batch=47/57 microbatch=32 effective_global_batch=128 loss=0.6161 norm_pos=0.5924 norm_neg=nan gap=nan throughput=8.29 samples/s time=7.72s
rank=0 batch=48/57 microbatch=32 effective_global_batch=128 loss=0.7339 norm_pos=0.7108 norm_neg=nan gap=nan grad_norm=1.7916 throughput=8.55 samples/s time=7.49s
rank=0 batch=49/57 microbatch=32 effective_global_batch=128 loss=0.7138 norm_pos=0.6900 norm_neg=nan gap=nan throughput=8.63 samples/s time=7.41s
rank=0 batch=50/57 microbatch=32 effective_global_batch=128 loss=0.6684 norm_pos=0.6449 norm_neg=nan gap=nan grad_norm=1.1014 throughput=8.59 samples/s time=7.45s gpu=0.04/21.14GB rss=6.41GB
rank=0 batch=51/57 microbatch=32 effective_global_batch=128 loss=0.6526 norm_pos=0.6289 norm_neg=nan gap=nan throughput=7.97 samples/s time=8.03s
rank=0 batch=52/57 microbatch=32 effective_global_batch=128 loss=0.7032 norm_pos=0.6792 norm_neg=nan gap=nan grad_norm=0.8782 throughput=8.31 samples/s time=7.70s
rank=0 batch=53/57 microbatch=32 effective_global_batch=128 loss=0.6504 norm_pos=0.6262 norm_neg=nan gap=nan throughput=8.41 samples/s time=7.61s
rank=0 batch=54/57 microbatch=32 effective_global_batch=128 loss=0.6688 norm_pos=0.6454 norm_neg=nan gap=nan grad_norm=1.5230 throughput=8.49 samples/s time=7.53s
rank=0 batch=55/57 microbatch=32 effective_global_batch=128 loss=0.6883 norm_pos=0.6646 norm_neg=nan gap=nan throughput=8.64 samples/s time=7.41s
rank=0 batch=56/57 microbatch=32 effective_global_batch=128 loss=0.6665 norm_pos=0.6430 norm_neg=nan gap=nan grad_norm=1.2550 throughput=7.82 samples/s time=8.18s
rank=0 batch=57/57 microbatch=8 effective_global_batch=32 loss=0.7671 norm_pos=0.7439 norm_neg=nan gap=nan grad_norm=1.3769 throughput=8.10 samples/s time=1.98s
epoch=19 train_loss=0.6727 val_loss=0.6888 elapsed=500.2s
epoch=20/20 world_size=2
wandb: WARNING Tried to log to step 19 that is less than the current step 20. Steps must be monotonically increasing, so this data will be ignored. See https://wandb.me/define-metric to log data out of order.
rank=0 batch=1/57 microbatch=32 effective_global_batch=128 loss=0.6463 norm_pos=0.6225 norm_neg=nan gap=nan throughput=8.21 samples/s time=7.79s gpu=0.05/21.14GB rss=6.39GB
rank=0 batch=2/57 microbatch=32 effective_global_batch=128 loss=0.7044 norm_pos=0.6809 norm_neg=nan gap=nan grad_norm=1.0629 throughput=8.43 samples/s time=7.59s
rank=0 batch=3/57 microbatch=32 effective_global_batch=128 loss=0.6755 norm_pos=0.6522 norm_neg=nan gap=nan throughput=8.59 samples/s time=7.45s
rank=0 batch=4/57 microbatch=32 effective_global_batch=128 loss=0.6539 norm_pos=0.6302 norm_neg=nan gap=nan grad_norm=1.5177 throughput=8.46 samples/s time=7.57s
rank=0 batch=5/57 microbatch=32 effective_global_batch=128 loss=0.6771 norm_pos=0.6529 norm_neg=nan gap=nan throughput=7.96 samples/s time=8.04s
rank=0 batch=6/57 microbatch=32 effective_global_batch=128 loss=0.6805 norm_pos=0.6568 norm_neg=nan gap=nan grad_norm=1.0874 throughput=8.24 samples/s time=7.76s
rank=0 batch=7/57 microbatch=32 effective_global_batch=128 loss=0.6755 norm_pos=0.6519 norm_neg=nan gap=nan throughput=8.55 samples/s time=7.48s
rank=0 batch=8/57 microbatch=32 effective_global_batch=128 loss=0.6645 norm_pos=0.6409 norm_neg=nan gap=nan grad_norm=1.3428 throughput=8.49 samples/s time=7.54s
rank=0 batch=9/57 microbatch=32 effective_global_batch=128 loss=0.6579 norm_pos=0.6342 norm_neg=nan gap=nan throughput=8.42 samples/s time=7.60s
rank=0 batch=10/57 microbatch=32 effective_global_batch=128 loss=0.6615 norm_pos=0.6378 norm_neg=nan gap=nan grad_norm=1.1100 throughput=8.08 samples/s time=7.93s
rank=0 batch=11/57 microbatch=32 effective_global_batch=128 loss=0.6676 norm_pos=0.6439 norm_neg=nan gap=nan throughput=8.49 samples/s time=7.54s
rank=0 batch=12/57 microbatch=32 effective_global_batch=128 loss=0.6886 norm_pos=0.6652 norm_neg=nan gap=nan grad_norm=1.3454 throughput=8.44 samples/s time=7.58s
rank=0 batch=13/57 microbatch=32 effective_global_batch=128 loss=0.6419 norm_pos=0.6184 norm_neg=nan gap=nan throughput=8.49 samples/s time=7.54s
rank=0 batch=14/57 microbatch=32 effective_global_batch=128 loss=0.6787 norm_pos=0.6551 norm_neg=nan gap=nan grad_norm=1.0153 throughput=7.91 samples/s time=8.09s
rank=0 batch=15/57 microbatch=32 effective_global_batch=128 loss=0.6760 norm_pos=0.6523 norm_neg=nan gap=nan throughput=8.50 samples/s time=7.53s
rank=0 batch=16/57 microbatch=32 effective_global_batch=128 loss=0.6778 norm_pos=0.6545 norm_neg=nan gap=nan grad_norm=1.7550 throughput=8.50 samples/s time=7.53s
rank=0 batch=17/57 microbatch=32 effective_global_batch=128 loss=0.6488 norm_pos=0.6254 norm_neg=nan gap=nan throughput=8.62 samples/s time=7.43s
rank=0 batch=18/57 microbatch=32 effective_global_batch=128 loss=0.6836 norm_pos=0.6601 norm_neg=nan gap=nan grad_norm=1.3231 throughput=8.46 samples/s time=7.56s
rank=0 batch=19/57 microbatch=32 effective_global_batch=128 loss=0.6408 norm_pos=0.6177 norm_neg=nan gap=nan throughput=7.93 samples/s time=8.08s
rank=0 batch=20/57 microbatch=32 effective_global_batch=128 loss=0.6518 norm_pos=0.6283 norm_neg=nan gap=nan grad_norm=1.4553 throughput=8.48 samples/s time=7.55s
rank=0 batch=21/57 microbatch=32 effective_global_batch=128 loss=0.6458 norm_pos=0.6222 norm_neg=nan gap=nan throughput=8.47 samples/s time=7.55s
rank=0 batch=22/57 microbatch=32 effective_global_batch=128 loss=0.6477 norm_pos=0.6242 norm_neg=nan gap=nan grad_norm=1.2756 throughput=8.63 samples/s time=7.41s
rank=0 batch=23/57 microbatch=32 effective_global_batch=128 loss=0.6849 norm_pos=0.6613 norm_neg=nan gap=nan throughput=8.60 samples/s time=7.44s
rank=0 batch=24/57 microbatch=32 effective_global_batch=128 loss=0.6430 norm_pos=0.6198 norm_neg=nan gap=nan grad_norm=1.4019 throughput=8.08 samples/s time=7.92s
rank=0 batch=25/57 microbatch=32 effective_global_batch=128 loss=0.6787 norm_pos=0.6550 norm_neg=nan gap=nan throughput=8.57 samples/s time=7.46s gpu=0.05/21.14GB rss=6.42GB
rank=0 batch=26/57 microbatch=32 effective_global_batch=128 loss=0.6693 norm_pos=0.6455 norm_neg=nan gap=nan grad_norm=0.8545 throughput=8.42 samples/s time=7.61s
rank=0 batch=27/57 microbatch=32 effective_global_batch=128 loss=0.6635 norm_pos=0.6396 norm_neg=nan gap=nan throughput=8.72 samples/s time=7.34s
rank=0 batch=28/57 microbatch=32 effective_global_batch=128 loss=0.6731 norm_pos=0.6494 norm_neg=nan gap=nan grad_norm=1.0212 throughput=8.36 samples/s time=7.65s
rank=0 batch=29/57 microbatch=32 effective_global_batch=128 loss=0.6736 norm_pos=0.6498 norm_neg=nan gap=nan throughput=8.02 samples/s time=7.98s
rank=0 batch=30/57 microbatch=32 effective_global_batch=128 loss=0.6256 norm_pos=0.6019 norm_neg=nan gap=nan grad_norm=1.1910 throughput=8.39 samples/s time=7.63s
rank=0 batch=31/57 microbatch=32 effective_global_batch=128 loss=0.6989 norm_pos=0.6754 norm_neg=nan gap=nan throughput=8.49 samples/s time=7.54s
rank=0 batch=32/57 microbatch=32 effective_global_batch=128 loss=0.6987 norm_pos=0.6747 norm_neg=nan gap=nan grad_norm=1.1162 throughput=8.40 samples/s time=7.62s
rank=0 batch=33/57 microbatch=32 effective_global_batch=128 loss=0.6640 norm_pos=0.6404 norm_neg=nan gap=nan throughput=8.17 samples/s time=7.83s
rank=0 batch=34/57 microbatch=32 effective_global_batch=128 loss=0.7310 norm_pos=0.7072 norm_neg=nan gap=nan grad_norm=1.4640 throughput=8.14 samples/s time=7.87s
rank=0 batch=35/57 microbatch=32 effective_global_batch=128 loss=0.6325 norm_pos=0.6092 norm_neg=nan gap=nan throughput=8.54 samples/s time=7.50s
rank=0 batch=36/57 microbatch=32 effective_global_batch=128 loss=0.6927 norm_pos=0.6695 norm_neg=nan gap=nan grad_norm=1.0601 throughput=8.49 samples/s time=7.53s
rank=0 batch=37/57 microbatch=32 effective_global_batch=128 loss=0.6555 norm_pos=0.6321 norm_neg=nan gap=nan throughput=8.53 samples/s time=7.50s
rank=0 batch=38/57 microbatch=32 effective_global_batch=128 loss=0.6334 norm_pos=0.6097 norm_neg=nan gap=nan grad_norm=1.3942 throughput=7.90 samples/s time=8.10s
rank=0 batch=39/57 microbatch=32 effective_global_batch=128 loss=0.6584 norm_pos=0.6348 norm_neg=nan gap=nan throughput=8.44 samples/s time=7.58s
rank=0 batch=40/57 microbatch=32 effective_global_batch=128 loss=0.7003 norm_pos=0.6768 norm_neg=nan gap=nan grad_norm=1.2155 throughput=8.35 samples/s time=7.66s
rank=0 batch=41/57 microbatch=32 effective_global_batch=128 loss=0.6781 norm_pos=0.6547 norm_neg=nan gap=nan throughput=8.54 samples/s time=7.50s
rank=0 batch=42/57 microbatch=32 effective_global_batch=128 loss=0.6461 norm_pos=0.6225 norm_neg=nan gap=nan grad_norm=1.0259 throughput=8.42 samples/s time=7.60s
rank=0 batch=43/57 microbatch=32 effective_global_batch=128 loss=0.6863 norm_pos=0.6629 norm_neg=nan gap=nan throughput=8.07 samples/s time=7.93s
rank=0 batch=44/57 microbatch=32 effective_global_batch=128 loss=0.6326 norm_pos=0.6092 norm_neg=nan gap=nan grad_norm=1.0887 throughput=8.50 samples/s time=7.53s
rank=0 batch=45/57 microbatch=32 effective_global_batch=128 loss=0.6196 norm_pos=0.5959 norm_neg=nan gap=nan throughput=8.68 samples/s time=7.37s
rank=0 batch=46/57 microbatch=32 effective_global_batch=128 loss=0.6919 norm_pos=0.6687 norm_neg=nan gap=nan grad_norm=1.1244 throughput=8.56 samples/s time=7.48s
rank=0 batch=47/57 microbatch=32 effective_global_batch=128 loss=0.6373 norm_pos=0.6136 norm_neg=nan gap=nan throughput=8.52 samples/s time=7.51s
rank=0 batch=48/57 microbatch=32 effective_global_batch=128 loss=0.6594 norm_pos=0.6360 norm_neg=nan gap=nan grad_norm=1.0785 throughput=7.71 samples/s time=8.30s
rank=0 batch=49/57 microbatch=32 effective_global_batch=128 loss=0.6713 norm_pos=0.6477 norm_neg=nan gap=nan throughput=8.50 samples/s time=7.53s
rank=0 batch=50/57 microbatch=32 effective_global_batch=128 loss=0.6554 norm_pos=0.6317 norm_neg=nan gap=nan grad_norm=1.4281 throughput=8.38 samples/s time=7.64s gpu=0.04/21.14GB rss=6.43GB
rank=0 batch=51/57 microbatch=32 effective_global_batch=128 loss=0.6666 norm_pos=0.6431 norm_neg=nan gap=nan throughput=8.50 samples/s time=7.53s
rank=0 batch=52/57 microbatch=32 effective_global_batch=128 loss=0.6830 norm_pos=0.6593 norm_neg=nan gap=nan grad_norm=1.0542 throughput=8.17 samples/s time=7.84s
rank=0 batch=53/57 microbatch=32 effective_global_batch=128 loss=0.6692 norm_pos=0.6454 norm_neg=nan gap=nan throughput=8.21 samples/s time=7.80s
rank=0 batch=54/57 microbatch=32 effective_global_batch=128 loss=0.6599 norm_pos=0.6362 norm_neg=nan gap=nan grad_norm=1.3619 throughput=8.41 samples/s time=7.61s
rank=0 batch=55/57 microbatch=32 effective_global_batch=128 loss=0.6714 norm_pos=0.6477 norm_neg=nan gap=nan throughput=8.39 samples/s time=7.63s
rank=0 batch=56/57 microbatch=32 effective_global_batch=128 loss=0.7002 norm_pos=0.6764 norm_neg=nan gap=nan grad_norm=1.3541 throughput=8.41 samples/s time=7.61s
rank=0 batch=57/57 microbatch=8 effective_global_batch=32 loss=0.8141 norm_pos=0.7902 norm_neg=nan gap=nan grad_norm=1.3478 throughput=8.28 samples/s time=1.93s
epoch=20 train_loss=0.6702 val_loss=0.6871 elapsed=499.3s
wandb: uploading output.log; uploading wandb-summary.json; uploading config.yaml
wandb:                                                                                
wandb: 
wandb: Run history:
wandb:                image_pair_loss ▁▁▁▁▁▁▁▁▁▁▁▁▁▁▁▁▁▁▁▁
wandb:                   img_var_loss ▁▁▁▁▁▁▁▁▁▁▁▁▁▁▁▁▁▁▁▁
wandb:                 local_hard_neg ▁▁▁▁▁▁▁▁▁▁▁▁▁▁▁▁▁▁▁▁
wandb:                  local_neg_sim ▁▁▁▁▁▁▁▁▁▁▁▁▁▁▁▁▁▁▁▁
wandb:                  local_pos_sim ▁▁▁▁▁▁▁▁▁▁▁▁▁▁▁▁▁▁▁▁
wandb:                           loss █▆▅▄▄▃▃▃▂▂▂▂▁▁▁▁▁▁▁▁
wandb:              minimal/dtw_gamma ▁▁▁▁▁▁▁▁▁▁▁▁▁▁▁▁▁▁▁▁
wandb: minimal/dtw_horizontal_penalty ▁▁▁▁▁▁▁▁▁▁▁▁▁▁▁▁▁▁▁▁
wandb:            minimal/dtw_letters ▁▁▁▁▁▁▁▁▁▁▁▁▁▁▁▁▁▁▁▁
wandb:   minimal/dtw_vertical_penalty ▁▁▁▁▁▁▁▁▁▁▁▁▁▁▁▁▁▁▁▁
wandb:            minimal/dtw_windows ▁▁▁▁▁▁▁▁▁▁▁▁▁▁▁▁▁▁▁▁
wandb:    minimal/positive_letter_dtw █▆▅▄▄▃▃▃▂▂▂▂▁▁▁▁▁▁▁▁
wandb:            minimal/restoration █▇▆▆▆▆▅▅▄▄▃▃▂▂▂▂▁▁▁▁
wandb:       minimal/restoration_dice █▇▆▇▆▆▆▅▅▄▄▃▃▂▂▂▁▁▁▁
wandb:       minimal/restoration_edge █▆▅▄▄▃▃▃▂▂▂▂▂▁▁▁▁▁▁▁
wandb:      minimal/restoration_pixel █▇▆▆▆▆▅▅▄▄▃▃▃▂▂▂▁▁▁▁
wandb:                     order_loss ▁▁▁▁▁▁▁▁▁▁▁▁▁▁▁▁▁▁▁▁
wandb:                     pair_terms ▁▁▁▁▁▁▁▁▁▁▁▁▁▁▁▁▁▁▁▁
wandb:                            pos █▆▅▄▄▃▃▃▂▂▂▂▁▁▁▁▁▁▁▁
wandb:                   raw_pos_cost █▆▅▄▄▃▃▃▂▂▂▂▁▁▁▁▁▁▁▁
wandb:                validation_loss █▇▅▅▄▃▃▃▂▂▂▂▁▁▁▁▁▁▁▁
wandb: 
wandb: Run summary:
wandb:                            gap nan
wandb:                image_pair_loss 0
wandb:                   img_var_loss 0
wandb:                 local_hard_neg 0
wandb:                  local_neg_sim 0
wandb:                  local_pos_sim 0
wandb:                           loss 0.67023
wandb:              minimal/dtw_gamma 0.5
wandb: minimal/dtw_horizontal_penalty 0.3
wandb:            minimal/dtw_letters 53.57917
wandb:   minimal/dtw_vertical_penalty 0.05
wandb:            minimal/dtw_windows 56.89944
wandb:    minimal/positive_letter_dtw 0.64663
wandb:            minimal/restoration 0.47214
wandb:       minimal/restoration_dice 0.61885
wandb:       minimal/restoration_edge 0.0382
wandb:      minimal/restoration_pixel 0.14362
wandb:                       negative nan
wandb:                     order_loss 0
wandb:                     pair_terms 0
wandb:                            pos 0.64663
wandb:                       pos_prob nan
wandb:              raw_negative_cost nan
wandb:                   raw_pos_cost 0.64663
wandb:                validation_loss 0.68715
wandb: 
wandb: 🚀 View run restore_seq2seq_dtw_s16 at: https://wandb.ai/ahmedmas-ben-gurion-university-of-the-negev/alignment-vit/runs/6d2bdfi9
wandb: ⭐️ View project at: https://wandb.ai/ahmedmas-ben-gurion-university-of-the-negev/alignment-vit
wandb: Synced 5 W&B file(s), 0 media file(s), 0 artifact file(s) and 0 other file(s)
wandb: Find logs at: ./wandb/run-20260913_005107-6d2bdfi9/logs
wandb: WARNING Tried to log to step 20 that is less than the current step 21. Steps must be monotonically increasing, so this data will be ignored. See https://wandb.me/define-metric to log data out of order.
